# Laget Cross Section Results at the Averaged Kinematics
# averaged kinematic varibles used as input to calculate the cross section
# kinematics: Ei, Q2, omega, th_pq_cm, phi_pq
#
#\ xb = th_nq
#\ yb = pm
# current header line:
#! i_b[i,0]/ i_x[i,1]/ i_y[i,2]/ xb[f,3]/ yb[f,4]/ pwiaXsec[f,5]/ pwiaGEp[f,6]/ pwiaGMp[f,7]/ pwia_sigMott[f,8]/ pwia_Ksig_cc1[f,9]/ fsiXsec[f,10]/ fsiGEp[f,11]/ fsiGMp[f,12]/ fsi_sigMott[f,13]/ fsi_Ksig_cc1[f,14]/ Ei_avg[f,15]/ th_pq_cm[f,16]/ omega_avg[f,17]/ q_avg[f,18]/ Q2_avg[f,19]/ cphi_pq_avg[f,20]/ pf_avg[f,21]/ pm_avg[f,22]/ kf_avg[f,23]/ the_avg[f,24]/ xbj_avg[f,25]/ 
1 0 0 5.0 0.02 0.001684380430896 0.020895 0.061639 0.339835 2360.320601 0.001638724667917 0.020896 0.061641 0.339848 2360.48174 10540.723501 0.6683552680201053 2120.333756 2937.909151 4135494.94168 -0.11638 2908.229801 31.808553 8420.389729 12.391727 1.039356 
2 0 1 5.0 0.06 0.0003766812774268 0.019806 0.056823 0.30919 2016.820146 0.0003625789809394 0.019808 0.056831 0.309243 2017.390875 10540.274281 1.1060377277205413 2134.875776 2980.614022 4326365.368462 0.036156 2921.955549 61.56201 8405.39849 12.687229 1.079921 
3 0 2 5.0 0.1 6.820885433009e-05 0.01869 0.051828 0.278541 1710.313576 6.480987576003e-05 0.018691 0.05183 0.278557 1710.464146 10540.197391 1.2140402721027013 2145.566308 3025.648935 4551096.69858 -0.025027 2929.970483 97.768624 8394.631068 13.022389 1.130356 
4 0 3 5.0 0.14 1.596505803267e-05 0.017844 0.048126 0.257187 1517.500089 1.510539978305e-05 0.017844 0.048126 0.257185 1517.482023 10539.648041 1.350175044225785 2138.665936 3051.662625 4738752.788429 0.020557 2917.827929 135.59959 8400.98209 13.284641 1.180762 
5 0 4 5.0 0.18 4.467593882579e-06 0.01718 0.045389 0.242488 1405.063799 4.2398993723e-06 0.01718 0.045388 0.242482 1405.016867 10539.325851 1.6469098863240381 2117.708178 3062.025491 4891312.178991 0.002557 2889.078347 174.862839 8421.617658 13.481352 1.230837 
6 0 5 5.0 0.22 1.78048187643e-06 0.016776 0.043829 0.235167 1364.26985 1.692855035113e-06 0.016776 0.043829 0.235165 1364.251419 10539.440295 1.8861197657911568 2087.340526 3056.347137 4984267.352855 0.027663 2850.120336 208.215122 8452.099754 13.584697 1.272475 
7 0 6 5.0 0.26 6.995948239812e-05 nan nan 0.23925 1402.48862 9.901231934981e-05 None None 0.232267 1363.249312 -1.0 -1.0 -1.0 -1.0 -1.0 -1.0 -1.0 -1.0 -1.0 -1.0 -1.0 
8 0 7 5.0 0.3 0.0001381384829198 nan nan 0.243332 1440.707391 0.000309785889639 None None 0.232586 1390.583284 -1.0 -1.0 -1.0 -1.0 -1.0 -1.0 -1.0 -1.0 -1.0 -1.0 -1.0 
9 0 8 5.0 0.34 0.0002063174834415 nan nan 0.247415 1478.926161 0.0006188782931879 None None 0.235779 1442.983709 -1.0 -1.0 -1.0 -1.0 -1.0 -1.0 -1.0 -1.0 -1.0 -1.0 -1.0 
10 0 9 5.0 0.38 0.0002744964839632 nan nan 0.251497 1517.144931 0.001011154257282 None None 0.2415 1517.180964 -1.0 -1.0 -1.0 -1.0 -1.0 -1.0 -1.0 -1.0 -1.0 -1.0 -1.0 
11 0 10 5.0 0.42 0.0003426754844849 nan nan 0.25558 1555.363702 0.001471478509207 None None 0.249407 1609.905421 -1.0 -1.0 -1.0 -1.0 -1.0 -1.0 -1.0 -1.0 -1.0 -1.0 -1.0 
12 0 11 5.0 0.46 0.0004108544850066 nan nan 0.259663 1593.582472 0.001984715776247 None None 0.259156 1717.887457 -1.0 -1.0 -1.0 -1.0 -1.0 -1.0 -1.0 -1.0 -1.0 -1.0 -1.0 
13 0 12 5.0 0.5 0.0004790334855283 nan nan 0.263745 1631.801243 0.002535730785689 None None 0.270403 1837.857447 -1.0 -1.0 -1.0 -1.0 -1.0 -1.0 -1.0 -1.0 -1.0 -1.0 -1.0 
14 0 13 5.0 0.54 0.00054721248605 nan nan 0.267828 1670.020013 0.003109388264818 None None 0.282805 1966.545764 -1.0 -1.0 -1.0 -1.0 -1.0 -1.0 -1.0 -1.0 -1.0 -1.0 -1.0 
15 0 14 5.0 0.58 0.0006153914865717 nan nan 0.27191 1708.238783 0.003690552940918 None None 0.296018 2100.682784 -1.0 -1.0 -1.0 -1.0 -1.0 -1.0 -1.0 -1.0 -1.0 -1.0 -1.0 
16 0 15 5.0 0.62 0.0006835704870934 nan nan 0.275993 1746.457554 0.004264089541276 None None 0.309698 2236.998883 -1.0 -1.0 -1.0 -1.0 -1.0 -1.0 -1.0 -1.0 -1.0 -1.0 -1.0 
17 0 16 5.0 0.66 0.0007517494876151 nan nan 0.280076 1784.676324 0.004814862793177 None None 0.323501 2372.224434 -1.0 -1.0 -1.0 -1.0 -1.0 -1.0 -1.0 -1.0 -1.0 -1.0 -1.0 
18 0 17 5.0 0.7 0.0008199284881368 nan nan 0.284158 1822.895094 0.005327737423906 None None 0.337084 2503.089813 -1.0 -1.0 -1.0 -1.0 -1.0 -1.0 -1.0 -1.0 -1.0 -1.0 -1.0 
19 0 18 5.0 0.74 0.0008881074886585 nan nan 0.288241 1861.113865 0.005787578160748 None None 0.350103 2626.325394 -1.0 -1.0 -1.0 -1.0 -1.0 -1.0 -1.0 -1.0 -1.0 -1.0 -1.0 
20 0 19 5.0 0.78 0.0009562864891801 nan nan 0.292323 1899.332635 0.006179249730989 None None 0.362215 2738.661553 -1.0 -1.0 -1.0 -1.0 -1.0 -1.0 -1.0 -1.0 -1.0 -1.0 -1.0 
21 0 20 5.0 0.82 0.001024465489702 nan nan 0.296406 1937.551405 0.006487616861914 None None 0.373076 2836.828664 -1.0 -1.0 -1.0 -1.0 -1.0 -1.0 -1.0 -1.0 -1.0 -1.0 -1.0 
22 0 21 5.0 0.86 0.001092644490224 nan nan 0.300489 1975.770176 0.006697544280809 None None 0.382341 2917.557102 -1.0 -1.0 -1.0 -1.0 -1.0 -1.0 -1.0 -1.0 -1.0 -1.0 -1.0 
23 0 22 5.0 0.9 0.001160823490745 nan nan 0.304571 2013.988946 0.006793896714959 None None 0.389668 2977.577243 -1.0 -1.0 -1.0 -1.0 -1.0 -1.0 -1.0 -1.0 -1.0 -1.0 -1.0 
24 0 23 5.0 0.94 0.001229002491267 nan nan 0.308654 2052.207716 0.006761538891649 None None 0.394712 3013.61946 -1.0 -1.0 -1.0 -1.0 -1.0 -1.0 -1.0 -1.0 -1.0 -1.0 -1.0 
25 0 24 5.0 0.98 0.001297181491789 nan nan 0.312736 2090.426487 0.006585335538164 None None 0.39713 3022.414129 -1.0 -1.0 -1.0 -1.0 -1.0 -1.0 -1.0 -1.0 -1.0 -1.0 -1.0 
26 0 25 5.0 1.02 0.00136536049231 nan nan 0.316819 2128.645257 0.006250151381791 None None 0.396579 3000.691625 -1.0 -1.0 -1.0 -1.0 -1.0 -1.0 -1.0 -1.0 -1.0 -1.0 -1.0 
27 0 26 5.0 1.06 0.001433539492832 nan nan 0.320902 2166.864028 0.005740851149814 None None 0.392714 2945.182322 -1.0 -1.0 -1.0 -1.0 -1.0 -1.0 -1.0 -1.0 -1.0 -1.0 -1.0 
28 0 27 5.0 1.1 0.001501718493354 nan nan 0.324984 2205.082798 0.005042299569519 None None 0.385192 2852.616596 -1.0 -1.0 -1.0 -1.0 -1.0 -1.0 -1.0 -1.0 -1.0 -1.0 -1.0 
29 0 28 5.0 1.14 0.001569897493875 nan nan 0.329067 2243.301568 0.004139361368191 None None 0.37367 2719.724821 -1.0 -1.0 -1.0 -1.0 -1.0 -1.0 -1.0 -1.0 -1.0 -1.0 -1.0 
30 0 29 5.0 1.18 0.001638076494397 nan nan 0.333149 2281.520339 0.003016901273115 None None 0.357802 2543.237373 -1.0 -1.0 -1.0 -1.0 -1.0 -1.0 -1.0 -1.0 -1.0 -1.0 -1.0 
31 1 0 15.0 0.02 0.001706255494919 0.020835 0.061374 0.337232 2319.739109 0.001659784011578 0.020835 0.061376 0.337247 2319.884625 10540.567883 0.8632755099236114 2132.127863 2948.117336 4145426.603124 -0.038553 2920.640496 31.227909 8408.440004 12.415596 1.036089 
32 1 1 15.0 0.06 0.0003750737012145 0.01986 0.057066 0.310716 2037.282491 0.0003606309746629 0.019862 0.057073 0.310761 2037.765293 10540.44801 1.3818596102965195 2134.350149 2978.532727 4316206.648752 -0.03429 2921.391782 61.732173 8406.097845 12.671629 1.07765 
33 1 2 15.0 0.1 6.978456734117e-05 0.018734 0.052021 0.279332 1715.251306 6.618274093005e-05 0.018735 0.052024 0.279348 1715.39607 10540.098328 1.8704207222045723 2150.759056 3027.802789 4541825.214579 -0.020455 2935.458563 97.436335 8389.339257 13.013242 1.12533 
34 1 3 15.0 0.14 1.604310216707e-05 0.017931 0.048498 0.259224 1537.07408 1.511621934837e-05 0.017931 0.048498 0.259218 1537.011043 10539.94227 2.4980386909908763 2141.23188 3050.222708 4718984.601637 -0.011281 2920.475291 135.918277 8398.710374 13.258393 1.174427 
35 1 4 15.0 0.18 4.591924557955e-06 0.01733 0.045988 0.245946 1439.144508 4.338670042278e-06 0.017329 0.045986 0.245935 1439.037956 10539.61301 3.2360083311193764 2118.364388 3056.852299 4856878.29736 -0.028203 2889.810932 174.641028 8421.248606 13.433707 1.221793 
36 1 5 15.0 0.22 1.624890552115e-06 0.016884 0.044238 0.237475 1386.573149 1.540698560142e-06 0.016884 0.044238 0.237472 1386.538818 10539.509164 4.148500915644726 2088.664238 3053.186622 4959430.25298 0.00677 2850.575742 212.295843 8450.844911 13.551615 1.265332 
37 1 6 15.0 0.26 8.691518857057e-07 0.016593 0.043153 0.232589 1367.691302 8.217391511462e-07 0.016593 0.043153 0.232588 1367.646251 10539.363593 5.24233464232898 2062.902836 3046.575654 5026055.106272 0.004058 2815.601839 243.836467 8476.460742 13.622133 1.298344 
38 1 7 15.0 0.3 6.711554664728e-05 nan nan 0.236828 1405.856018 9.283142136028e-05 None None 0.230701 1374.689031 -1.0 -1.0 -1.0 -1.0 -1.0 -1.0 -1.0 -1.0 -1.0 -1.0 -1.0 
39 1 8 15.0 0.34 0.0001333619414088 nan nan 0.241068 1444.020735 0.0002897901799031 None None 0.231518 1404.236582 -1.0 -1.0 -1.0 -1.0 -1.0 -1.0 -1.0 -1.0 -1.0 -1.0 -1.0 
40 1 9 15.0 0.38 0.0001996083361704 nan nan 0.245307 1482.185451 0.0005770589933565 None None 0.234741 1453.589204 -1.0 -1.0 -1.0 -1.0 -1.0 -1.0 -1.0 -1.0 -1.0 -1.0 -1.0 
41 1 10 15.0 0.42 0.000265854730932 nan nan 0.249546 1520.350168 0.0009399988402972 None None 0.240075 1520.047197 -1.0 -1.0 -1.0 -1.0 -1.0 -1.0 -1.0 -1.0 -1.0 -1.0 -1.0 
42 1 11 15.0 0.46 0.0003321011256936 nan nan 0.253786 1558.514884 0.001363970699302 None None 0.247224 1600.91086 -1.0 -1.0 -1.0 -1.0 -1.0 -1.0 -1.0 -1.0 -1.0 -1.0 -1.0 
43 1 12 15.0 0.5 0.0003983475204551 nan nan 0.258025 1596.679601 0.001834335548948 None None 0.255893 1693.480492 -1.0 -1.0 -1.0 -1.0 -1.0 -1.0 -1.0 -1.0 -1.0 -1.0 -1.0 
44 1 13 15.0 0.54 0.0004645939152167 nan nan 0.262264 1634.844317 0.002336454367812 None None 0.265785 1795.056395 -1.0 -1.0 -1.0 -1.0 -1.0 -1.0 -1.0 -1.0 -1.0 -1.0 -1.0 
45 1 14 15.0 0.58 0.0005308403099783 nan nan 0.266504 1673.009034 0.00285568813447 None None 0.276604 1902.938866 -1.0 -1.0 -1.0 -1.0 -1.0 -1.0 -1.0 -1.0 -1.0 -1.0 -1.0 
46 1 15 15.0 0.62 0.0005970867047398 nan nan 0.270743 1711.17375 0.0033773978275 None None 0.288055 2014.428205 -1.0 -1.0 -1.0 -1.0 -1.0 -1.0 -1.0 -1.0 -1.0 -1.0 -1.0 
47 1 16 15.0 0.66 0.0006633330995014 nan nan 0.274982 1749.338467 0.003886944425478 None None 0.299841 2126.824713 -1.0 -1.0 -1.0 -1.0 -1.0 -1.0 -1.0 -1.0 -1.0 -1.0 -1.0 
48 1 17 15.0 0.7 0.000729579494263 nan nan 0.279222 1787.503183 0.004369688906982 None None 0.311666 2237.428689 -1.0 -1.0 -1.0 -1.0 -1.0 -1.0 -1.0 -1.0 -1.0 -1.0 -1.0 
49 1 18 15.0 0.74 0.0007958258890246 nan nan 0.283461 1825.667899 0.004810992250587 None None 0.323235 2343.540431 -1.0 -1.0 -1.0 -1.0 -1.0 -1.0 -1.0 -1.0 -1.0 -1.0 -1.0 
50 1 19 15.0 0.78 0.0008620722837861 nan nan 0.2877 1863.832616 0.005196215434871 None None 0.334252 2442.460241 -1.0 -1.0 -1.0 -1.0 -1.0 -1.0 -1.0 -1.0 -1.0 -1.0 -1.0 
51 1 20 15.0 0.82 0.0009283186785477 nan nan 0.29194 1901.997332 0.005510719438411 None None 0.344421 2531.488417 -1.0 -1.0 -1.0 -1.0 -1.0 -1.0 -1.0 -1.0 -1.0 -1.0 -1.0 
52 1 21 15.0 0.86 0.0009945650733093 nan nan 0.296179 1940.162049 0.005739865239783 None None 0.353445 2607.925259 -1.0 -1.0 -1.0 -1.0 -1.0 -1.0 -1.0 -1.0 -1.0 -1.0 -1.0 
53 1 22 15.0 0.9 0.001060811468071 nan nan 0.300418 1978.326765 0.005869013817564 None None 0.36103 2669.071067 -1.0 -1.0 -1.0 -1.0 -1.0 -1.0 -1.0 -1.0 -1.0 -1.0 -1.0 
54 1 23 15.0 0.94 0.001127057862832 nan nan 0.304658 2016.491482 0.005883526150332 None None 0.366878 2712.226139 -1.0 -1.0 -1.0 -1.0 -1.0 -1.0 -1.0 -1.0 -1.0 -1.0 -1.0 
55 1 24 15.0 0.98 0.001193304257594 nan nan 0.308897 2054.656198 0.005768763216663 None None 0.370694 2734.690777 -1.0 -1.0 -1.0 -1.0 -1.0 -1.0 -1.0 -1.0 -1.0 -1.0 -1.0 
56 1 25 15.0 1.02 0.001259550652356 nan nan 0.313136 2092.820915 0.005510085995133 None None 0.372183 2733.765279 -1.0 -1.0 -1.0 -1.0 -1.0 -1.0 -1.0 -1.0 -1.0 -1.0 -1.0 
57 1 26 15.0 1.06 0.001325797047117 nan nan 0.317376 2130.985631 0.00509285546432 None None 0.371047 2706.749945 -1.0 -1.0 -1.0 -1.0 -1.0 -1.0 -1.0 -1.0 -1.0 -1.0 -1.0 
58 1 27 15.0 1.1 0.001392043441879 nan nan 0.321615 2169.150348 0.0045024326028 None None 0.366992 2650.945074 -1.0 -1.0 -1.0 -1.0 -1.0 -1.0 -1.0 -1.0 -1.0 -1.0 -1.0 
59 1 28 15.0 1.14 0.00145828983664 nan nan 0.325854 2207.315064 0.003724178389151 None None 0.359721 2563.650966 -1.0 -1.0 -1.0 -1.0 -1.0 -1.0 -1.0 -1.0 -1.0 -1.0 -1.0 
60 1 29 15.0 1.18 0.001524536231402 nan nan 0.330094 2245.479781 0.002743453801948 None None 0.348938 2442.167921 -1.0 -1.0 -1.0 -1.0 -1.0 -1.0 -1.0 -1.0 -1.0 -1.0 -1.0 
61 2 0 25.0 0.02 0.001590782626163 0.020757 0.061035 0.334333 2283.644497 0.00154561981977 0.020758 0.061037 0.334348 2283.796238 10540.912505 1.0493149060025897 2142.578453 2957.852857 4158251.097897 -0.099054 2931.591814 31.891413 8398.334037 12.442166 1.034225 
62 2 1 25.0 0.06 0.0003939802677016 0.019978 0.057591 0.313716 2065.754638 0.000378576837859 0.01998 0.057599 0.31377 2066.339638 10540.307301 1.7904931097838226 2136.66814 2976.521714 4294330.77379 -0.009238 2923.892456 60.763754 8403.639146 12.641286 1.071025 
63 2 2 25.0 0.1 7.053133511564e-05 0.018921 0.052859 0.284492 1767.079052 6.65024657934e-05 0.018922 0.052862 0.284512 1767.252985 10540.21691 2.7126686810468823 2148.005736 3019.297438 4502228.374679 -0.005177 2932.522792 97.85181 8392.211158 12.953847 1.116949 
64 2 3 25.0 0.14 1.614913287185e-05 0.018123 0.049326 0.263898 1580.807884 1.507739834176e-05 0.018122 0.049325 0.263885 1580.661536 10539.928635 3.781693335201973 2143.977984 3045.070116 4675810.413414 -0.012668 2923.267106 136.531414 8395.950636 13.199519 1.162192 
65 2 4 25.0 0.18 4.612141186364e-06 0.017565 0.046953 0.251343 1485.470915 4.310952656045e-06 0.017564 0.04695 0.251322 1485.256621 10539.807359 4.956829773015292 2122.417015 3050.794905 4802695.567592 -0.004393 2893.896659 175.548967 8417.390329 13.361173 1.205856 
66 2 5 25.0 0.22 1.559573728235e-06 0.017093 0.045047 0.24157 1416.992191 1.46786127618e-06 0.017093 0.045044 0.241557 1416.894563 10539.713548 6.316974282876353 2099.528925 3052.773687 4911405.478679 0.016533 2861.412381 214.864626 8440.184607 13.493957 1.246594 
67 2 6 25.0 0.26 6.698830615587e-07 0.016752 0.043741 0.235262 1387.870246 6.331043607162e-07 0.016752 0.04374 0.23526 1387.834508 10539.720421 7.729315247873831 2076.761054 3050.018296 4989675.127552 -0.003506 2828.435406 250.441231 8462.959352 13.583153 1.280345 
68 2 7 25.0 0.3 4.107669108229e-07 0.016557 0.043025 0.231769 1452.518535 3.906783443224e-07 0.016557 0.043025 0.231768 1452.452749 10538.943479 9.77213897063327 2063.840943 3048.525175 5034066.302051 -0.317947 2805.346322 283.330981 8475.102521 13.634408 1.299822 
69 2 8 25.0 0.34 6.863090931853e-05 nan nan 0.236242 1488.327884 9.542836860895e-05 None None 0.230873 1543.32037 -1.0 -1.0 -1.0 -1.0 -1.0 -1.0 -1.0 -1.0 -1.0 -1.0 -1.0 
70 2 9 25.0 0.38 0.0001368510517262 nan nan 0.240716 1524.137233 0.0002987681395991 None None 0.232382 1637.942474 -1.0 -1.0 -1.0 -1.0 -1.0 -1.0 -1.0 -1.0 -1.0 -1.0 -1.0 
71 2 10 25.0 0.42 0.0002050711941339 nan nan 0.245189 1559.946581 0.0005945640140083 None None 0.236023 1735.067748 -1.0 -1.0 -1.0 -1.0 -1.0 -1.0 -1.0 -1.0 -1.0 -1.0 -1.0 
72 2 11 25.0 0.46 0.0002732913365416 nan nan 0.249662 1595.75593 0.0009669700145301 None None 0.241522 1833.444879 -1.0 -1.0 -1.0 -1.0 -1.0 -1.0 -1.0 -1.0 -1.0 -1.0 -1.0 
73 2 12 25.0 0.5 0.0003415114789493 nan nan 0.254136 1631.565279 0.001400140163858 None None 0.248604 1931.822554 -1.0 -1.0 -1.0 -1.0 -1.0 -1.0 -1.0 -1.0 -1.0 -1.0 -1.0 
74 2 13 25.0 0.54 0.000409731621357 nan nan 0.258609 1667.374628 0.001878228484685 None None 0.256995 2028.949459 -1.0 -1.0 -1.0 -1.0 -1.0 -1.0 -1.0 -1.0 -1.0 -1.0 -1.0 
75 2 14 25.0 0.58 0.0004779517637647 nan nan 0.263082 1703.183976 0.002385388999706 None None 0.266423 2123.574281 -1.0 -1.0 -1.0 -1.0 -1.0 -1.0 -1.0 -1.0 -1.0 -1.0 -1.0 
76 2 15 25.0 0.62 0.0005461719061725 nan nan 0.267556 1738.993325 0.002905775731613 None None 0.276612 2214.445708 -1.0 -1.0 -1.0 -1.0 -1.0 -1.0 -1.0 -1.0 -1.0 -1.0 -1.0 
77 2 16 25.0 0.66 0.0006143920485802 nan nan 0.272029 1774.802674 0.0034235427031 None None 0.28729 2300.312426 -1.0 -1.0 -1.0 -1.0 -1.0 -1.0 -1.0 -1.0 -1.0 -1.0 -1.0 
78 2 17 25.0 0.7 0.0006826121909879 nan nan 0.276502 1810.612023 0.003922843936861 None None 0.298181 2379.923122 -1.0 -1.0 -1.0 -1.0 -1.0 -1.0 -1.0 -1.0 -1.0 -1.0 -1.0 
79 2 18 25.0 0.74 0.0007508323333956 nan nan 0.280976 1846.421372 0.004387833455589 None None 0.309013 2452.026483 -1.0 -1.0 -1.0 -1.0 -1.0 -1.0 -1.0 -1.0 -1.0 -1.0 -1.0 
80 2 19 25.0 0.78 0.0008190524758033 nan nan 0.285449 1882.23072 0.004802665281978 None None 0.319512 2515.371196 -1.0 -1.0 -1.0 -1.0 -1.0 -1.0 -1.0 -1.0 -1.0 -1.0 -1.0 
81 2 20 25.0 0.82 0.000887272618211 nan nan 0.289923 1918.040069 0.005151493438721 None None 0.329403 2568.705947 -1.0 -1.0 -1.0 -1.0 -1.0 -1.0 -1.0 -1.0 -1.0 -1.0 -1.0 
82 2 21 25.0 0.86 0.0009554927606187 nan nan 0.294396 1953.849418 0.005418471948511 None None 0.338413 2610.779424 -1.0 -1.0 -1.0 -1.0 -1.0 -1.0 -1.0 -1.0 -1.0 -1.0 -1.0 
83 2 22 25.0 0.9 0.001023712903026 nan nan 0.298869 1989.658767 0.005587754834043 None None 0.346269 2640.340313 -1.0 -1.0 -1.0 -1.0 -1.0 -1.0 -1.0 -1.0 -1.0 -1.0 -1.0 
84 2 23 25.0 0.94 0.001091933045434 nan nan 0.303343 2025.468116 0.005643496118009 None None 0.352695 2656.137302 -1.0 -1.0 -1.0 -1.0 -1.0 -1.0 -1.0 -1.0 -1.0 -1.0 -1.0 
85 2 24 25.0 0.98 0.001160153187842 nan nan 0.307816 2061.277464 0.005569849823104 None None 0.357418 2656.919077 -1.0 -1.0 -1.0 -1.0 -1.0 -1.0 -1.0 -1.0 -1.0 -1.0 -1.0 
86 2 25 25.0 1.02 0.001228373330249 nan nan 0.312289 2097.086813 0.00535096997202 None None 0.360165 2641.434324 -1.0 -1.0 -1.0 -1.0 -1.0 -1.0 -1.0 -1.0 -1.0 -1.0 -1.0 
87 2 26 25.0 1.06 0.001296593472657 nan nan 0.316763 2132.896162 0.004971010587452 None None 0.360661 2608.431732 -1.0 -1.0 -1.0 -1.0 -1.0 -1.0 -1.0 -1.0 -1.0 -1.0 -1.0 
88 2 27 25.0 1.1 0.001364813615065 nan nan 0.321236 2168.705511 0.004414125692092 None None 0.358633 2556.659986 -1.0 -1.0 -1.0 -1.0 -1.0 -1.0 -1.0 -1.0 -1.0 -1.0 -1.0 
89 2 28 25.0 1.14 0.001433033757473 nan nan 0.325709 2204.514859 0.003664469308635 None None 0.353807 2484.867774 -1.0 -1.0 -1.0 -1.0 -1.0 -1.0 -1.0 -1.0 -1.0 -1.0 -1.0 
90 2 29 25.0 1.18 0.00150125389988 nan nan 0.330183 2240.324208 0.002706195459773 None None 0.345908 2391.803782 -1.0 -1.0 -1.0 -1.0 -1.0 -1.0 -1.0 -1.0 -1.0 -1.0 -1.0 
91 3 0 35.0 0.02 0.001569474042288 0.020782 0.061145 0.334656 2276.133557 0.001523458168201 0.020783 0.061147 0.334664 2276.216698 10540.656443 1.2069928912225922 2146.74823 2960.174553 4154105.421022 0.036023 2935.9674 31.954491 8393.908197 12.43938 1.031188 
92 3 1 35.0 0.06 0.0003837551969134 0.020115 0.058201 0.317405 2105.52894 0.0003670243857396 0.020117 0.058208 0.317453 2106.042171 10540.41195 2.2729235732839754 2137.000006 2972.567478 4269388.387777 -0.012354 2924.159829 61.949665 8403.411928 12.60448 1.064639 
93 3 2 35.0 0.1 7.358856589082e-05 0.019139 0.053835 0.290024 1821.742582 6.887880545534e-05 0.01914 0.053839 0.290046 1821.93369 10540.236017 3.504037987681576 2152.050462 3014.717846 4457202.500676 -0.016547 2936.793899 97.624599 8388.18554 12.891728 1.1037 
94 3 3 35.0 0.14 1.672980644665e-05 0.018396 0.050521 0.27049 1638.644547 1.537697231775e-05 0.018395 0.050518 0.270468 1638.382452 10540.060155 4.951673152859113 2150.692864 3039.866462 4615308.308578 0.001319 2930.308668 136.59717 8389.367275 13.118552 1.143572 
95 3 4 35.0 0.18 4.750288042594e-06 0.017889 0.048319 0.258743 1550.70062 4.344957045733e-06 0.017888 0.048312 0.258698 1550.261 10540.012707 6.535901456395839 2132.2168 3045.513826 4728805.986054 -0.004902 2904.044258 176.338211 8407.795892 13.264995 1.181847 
96 3 5 35.0 0.22 1.588784945764e-06 0.017475 0.04658 0.249845 1490.484178 1.467384439244e-06 0.017473 0.046573 0.249804 1490.137276 10540.03731 8.236325600785097 2111.255807 3046.488573 4823691.541247 0.003968 2873.431295 216.224008 8428.781488 13.381241 1.217531 
97 3 6 35.0 0.26 6.30932803887e-07 0.01711 0.045111 0.242189 1441.59746 5.934572368048e-07 0.017109 0.045107 0.242165 1441.379311 10539.912046 10.036215218409064 2095.514387 3049.411105 4907727.540002 0.005492 2846.986496 254.831821 8444.397643 13.485371 1.248047 
98 3 7 35.0 0.3 2.97777095969e-07 0.016822 0.044004 0.236197 1403.073937 2.856300070825e-07 0.016823 0.044005 0.236198 1403.059586 10539.893673 12.059271897236489 2087.578472 3054.757217 4973557.777476 0.010225 2827.753075 291.802661 8452.315185 13.569559 1.269596 
99 3 8 35.0 0.34 1.691128879142e-07 0.016591 0.043147 0.231248 1359.563562 1.666234562933e-07 0.016591 0.043147 0.231246 1359.356009 10539.648388 14.327554512379903 2086.888846 3062.927585 5026420.339618 0.046887 2814.757669 328.924582 8452.759527 13.641621 1.283514 
100 3 9 35.0 0.38 7.27526481555e-05 nan nan 0.23604 1402.163757 9.968694372902e-05 None None 0.228725 1334.603607 -1.0 -1.0 -1.0 -1.0 -1.0 -1.0 -1.0 -1.0 -1.0 -1.0 -1.0 
101 3 10 35.0 0.42 0.0001453361834231 nan nan 0.240832 1444.763951 0.000311821502964 None None 0.228844 1334.322215 -1.0 -1.0 -1.0 -1.0 -1.0 -1.0 -1.0 -1.0 -1.0 -1.0 -1.0 
102 3 11 35.0 0.46 0.0002179197186907 nan nan 0.245624 1487.364146 0.0006192625610248 None None 0.231312 1355.803538 -1.0 -1.0 -1.0 -1.0 -1.0 -1.0 -1.0 -1.0 -1.0 -1.0 -1.0 
103 3 12 35.0 0.5 0.0002905032539582 nan nan 0.250415 1529.964341 0.001004702377775 None None 0.235836 1396.339283 -1.0 -1.0 -1.0 -1.0 -1.0 -1.0 -1.0 -1.0 -1.0 -1.0 -1.0 
104 3 13 35.0 0.54 0.0003630867892258 nan nan 0.255207 1572.564536 0.001450833213077 None None 0.242125 1453.221157 -1.0 -1.0 -1.0 -1.0 -1.0 -1.0 -1.0 -1.0 -1.0 -1.0 -1.0 
105 3 14 35.0 0.58 0.0004356703244934 nan nan 0.259999 1615.16473 0.001940347326796 None None 0.249888 1523.740868 -1.0 -1.0 -1.0 -1.0 -1.0 -1.0 -1.0 -1.0 -1.0 -1.0 -1.0 
106 3 15 35.0 0.62 0.000508253859761 nan nan 0.264791 1657.764925 0.002455936978794 None None 0.258833 1605.190121 -1.0 -1.0 -1.0 -1.0 -1.0 -1.0 -1.0 -1.0 -1.0 -1.0 -1.0 
107 3 16 35.0 0.66 0.0005808373950286 nan nan 0.269583 1700.36512 0.002980294428935 None None 0.268669 1694.860625 -1.0 -1.0 -1.0 -1.0 -1.0 -1.0 -1.0 -1.0 -1.0 -1.0 -1.0 
108 3 17 35.0 0.7 0.0006534209302962 nan nan 0.274375 1742.965315 0.003496111937083 None None 0.279104 1790.044084 -1.0 -1.0 -1.0 -1.0 -1.0 -1.0 -1.0 -1.0 -1.0 -1.0 -1.0 
109 3 18 35.0 0.74 0.0007260044655637 nan nan 0.279167 1785.565509 0.0039860817631 None None 0.289847 1888.032207 -1.0 -1.0 -1.0 -1.0 -1.0 -1.0 -1.0 -1.0 -1.0 -1.0 -1.0 
110 3 19 35.0 0.78 0.0007985880008313 nan nan 0.283959 1828.165704 0.004432896166851 None None 0.300607 1986.1167 -1.0 -1.0 -1.0 -1.0 -1.0 -1.0 -1.0 -1.0 -1.0 -1.0 -1.0 
111 3 20 35.0 0.82 0.0008711715360989 nan nan 0.28875 1870.765899 0.004819247408199 None None 0.311091 2081.58927 -1.0 -1.0 -1.0 -1.0 -1.0 -1.0 -1.0 -1.0 -1.0 -1.0 -1.0 
112 3 21 35.0 0.86 0.0009437550713665 nan nan 0.293542 1913.366093 0.005127827747007 None None 0.321009 2171.741624 -1.0 -1.0 -1.0 -1.0 -1.0 -1.0 -1.0 -1.0 -1.0 -1.0 -1.0 
113 3 22 35.0 0.9 0.001016338606634 nan nan 0.298334 1955.966288 0.005341329443139 None None 0.330068 2253.865469 -1.0 -1.0 -1.0 -1.0 -1.0 -1.0 -1.0 -1.0 -1.0 -1.0 -1.0 
114 3 23 35.0 0.94 0.001088922141902 nan nan 0.303126 1998.566483 0.005442444756458 None None 0.337978 2325.25251 -1.0 -1.0 -1.0 -1.0 -1.0 -1.0 -1.0 -1.0 -1.0 -1.0 -1.0 
115 3 24 35.0 0.98 0.001161505677169 nan nan 0.307918 2041.166678 0.005413865946828 None None 0.344447 2383.194456 -1.0 -1.0 -1.0 -1.0 -1.0 -1.0 -1.0 -1.0 -1.0 -1.0 -1.0 
116 3 25 35.0 1.02 0.001234089212437 nan nan 0.31271 2083.766872 0.005238285274111 None None 0.349184 2424.983013 -1.0 -1.0 -1.0 -1.0 -1.0 -1.0 -1.0 -1.0 -1.0 -1.0 -1.0 
117 3 26 35.0 1.06 0.001306672747704 nan nan 0.317502 2126.367067 0.004898394998173 None None 0.351896 2447.909888 -1.0 -1.0 -1.0 -1.0 -1.0 -1.0 -1.0 -1.0 -1.0 -1.0 -1.0 
118 3 27 35.0 1.1 0.001379256282972 nan nan 0.322293 2168.967262 0.004376887378875 None None 0.352294 2449.266788 -1.0 -1.0 -1.0 -1.0 -1.0 -1.0 -1.0 -1.0 -1.0 -1.0 -1.0 
119 3 28 35.0 1.14 0.00145183981824 nan nan 0.327085 2211.567457 0.003656454676082 None None 0.350084 2426.345419 -1.0 -1.0 -1.0 -1.0 -1.0 -1.0 -1.0 -1.0 -1.0 -1.0 -1.0 
120 3 29 35.0 1.18 0.001524423353507 nan nan 0.331877 2254.167651 0.002719789149656 None None 0.344975 2376.437488 -1.0 -1.0 -1.0 -1.0 -1.0 -1.0 -1.0 -1.0 -1.0 -1.0 -1.0 
121 4 0 45.0 0.02 0.001597006888775 0.020862 0.061495 0.336669 2296.767846 0.001549583059462 0.020863 0.061497 0.336677 2296.834702 10540.795982 1.4158933033272905 2148.588095 2959.279606 4140904.984713 0.032581 2937.877541 32.546906 8392.207871 12.420703 1.027031 
122 4 1 45.0 0.06 0.0004093556866645 0.020305 0.059046 0.322275 2154.094607 0.0003900602140666 0.020307 0.059053 0.322315 2154.496841 10540.398445 2.6630505359885532 2140.621729 2969.459003 4235425.38393 -0.002616 2927.988594 61.580939 8399.7767 12.556779 1.054383 
123 4 2 45.0 0.1 7.312316622693e-05 0.019408 0.055041 0.296868 1889.988837 6.758637314875e-05 0.019409 0.055045 0.296887 1890.099357 10540.2878 4.252893825917561 2157.079299 3009.360893 4403261.882516 -0.021874 2941.968551 98.58023 8383.208485 12.816942 1.087801 
124 4 3 45.0 0.14 1.71096048734e-05 0.018734 0.052023 0.278673 1714.205038 1.536461417595e-05 0.018733 0.052017 0.278623 1713.607551 10540.168015 5.954979547912698 2161.023119 3035.158108 4542163.820931 -0.004524 2941.119609 136.822731 8379.144881 13.021634 1.120069 
125 4 4 45.0 0.18 4.926512288694e-06 0.018275 0.04999 0.267372 1622.102549 4.339811987514e-06 0.018272 0.049976 0.267283 1621.150197 10540.067015 7.822535481141617 2150.769548 3044.391297 4642508.722589 0.002405 2923.536331 176.332229 8389.297451 13.157373 1.150271 
126 4 5 45.0 0.22 1.66094261499e-06 0.017944 0.048556 0.260051 1575.278847 1.467982613857e-06 0.01794 0.048538 0.259948 1574.236477 10540.077854 9.820038242306204 2133.462559 3044.421127 4716837.504411 0.007188 2896.708139 216.540839 8406.615279 13.249016 1.178168 
127 4 6 45.0 0.26 6.465413066052e-07 0.017635 0.047244 0.253092 1530.616601 5.898677102281e-07 0.017631 0.047228 0.252998 1529.751954 10540.062538 11.89890101037937 2121.756962 3047.825743 4787389.156109 0.009544 2874.101865 256.651118 8418.305561 13.338877 1.202387 
128 4 7 45.0 0.3 2.908373074609e-07 0.017364 0.046127 0.246966 1490.001345 2.809434231588e-07 0.017362 0.046121 0.246932 1489.823928 10539.971582 14.069895391909574 2115.095583 3053.333935 4849218.790163 0.016444 2855.252246 296.504268 8424.875983 13.419929 1.221752 
129 4 8 45.0 0.34 1.554445838801e-07 0.017147 0.045259 0.241969 1465.917998 1.605583623139e-07 0.017149 0.045267 0.242009 1466.600052 10539.871796 16.29394566526889 2114.319721 3060.831866 4898343.827031 0.002003 2841.454288 335.203815 8425.552059 13.487568 1.234582 
130 4 9 45.0 0.38 9.160845589143e-08 0.017001 0.044688 0.238293 1433.241248 1.017336314587e-07 0.017004 0.044698 0.238342 1433.613951 10539.513214 18.715494490609803 2120.306703 3070.440045 4931901.553122 0.030277 2832.908271 375.091369 8419.206496 13.539259 1.23953 
131 4 10 45.0 0.42 6.348623035554e-08 0.016874 0.044197 0.235281 1481.490562 7.43180641591e-08 0.016876 0.044206 0.235325 1482.165368 10539.886301 20.948081835116568 2123.783114 3077.631722 4961362.304275 -0.087926 2821.109551 413.037963 8416.103171 13.582101 1.244893 
132 4 11 45.0 0.46 4.364369947319e-08 0.016739 0.043692 0.232085 1424.593631 5.3050405248e-08 0.016741 0.043699 0.232113 1423.010428 10539.339958 23.106241962035842 2128.476385 3085.87674 4992223.53386 -0.005033 2809.543686 450.558362 8410.863558 13.629096 1.249875 
133 4 12 45.0 0.5 3.156391274754e-08 0.016714 0.043597 0.230694 1316.193289 4.07893502542e-08 0.016714 0.043597 0.230694 1316.193289 10538.0732 24.920226341420026 2142.23922 3096.397217 4998486.848909 0.170901 2810.10742 480.359789 8395.833964 13.650766 1.243403 
134 4 13 45.0 0.54 8.944713591253e-05 nan nan 0.236781 1373.108607 0.0001252034134535 None None 0.23218 1245.553568 -1.0 -1.0 -1.0 -1.0 -1.0 -1.0 -1.0 -1.0 -1.0 -1.0 -1.0 
135 4 14 45.0 0.58 0.0001788627079123 nan nan 0.242867 1430.023924 0.0003880488931898 None None 0.236392 1220.562627 -1.0 -1.0 -1.0 -1.0 -1.0 -1.0 -1.0 -1.0 -1.0 -1.0 -1.0 
136 4 15 45.0 0.62 0.0002682782799121 nan nan 0.248954 1486.939242 0.0007619130360921 None None 0.242919 1235.475022 -1.0 -1.0 -1.0 -1.0 -1.0 -1.0 -1.0 -1.0 -1.0 -1.0 -1.0 
137 4 16 45.0 0.66 0.0003576938519119 nan nan 0.25504 1543.854559 0.001220131649694 None None 0.251352 1284.54531 -1.0 -1.0 -1.0 -1.0 -1.0 -1.0 -1.0 -1.0 -1.0 -1.0 -1.0 
138 4 17 45.0 0.7 0.0004471094239116 nan nan 0.261127 1600.769877 0.001736040541528 None None 0.261282 1362.028046 -1.0 -1.0 -1.0 -1.0 -1.0 -1.0 -1.0 -1.0 -1.0 -1.0 -1.0 
139 4 18 45.0 0.74 0.0005365249959114 nan nan 0.267213 1657.685194 0.002282975519128 None None 0.272299 1462.177785 -1.0 -1.0 -1.0 -1.0 -1.0 -1.0 -1.0 -1.0 -1.0 -1.0 -1.0 
140 4 19 45.0 0.78 0.0006259405679112 nan nan 0.2733 1714.600512 0.002834272390027 None None 0.283993 1579.249084 -1.0 -1.0 -1.0 -1.0 -1.0 -1.0 -1.0 -1.0 -1.0 -1.0 -1.0 
141 4 20 45.0 0.82 0.000715356139911 nan nan 0.279386 1771.515829 0.003363266961757 None None 0.295956 1707.496499 -1.0 -1.0 -1.0 -1.0 -1.0 -1.0 -1.0 -1.0 -1.0 -1.0 -1.0 
142 4 21 45.0 0.86 0.0008047717119108 nan nan 0.285473 1828.431147 0.003843295041854 None None 0.307777 1841.174586 -1.0 -1.0 -1.0 -1.0 -1.0 -1.0 -1.0 -1.0 -1.0 -1.0 -1.0 
143 4 22 45.0 0.9 0.0008941872839105 nan nan 0.291559 1885.346465 0.004247692437848 None None 0.319048 1974.537899 -1.0 -1.0 -1.0 -1.0 -1.0 -1.0 -1.0 -1.0 -1.0 -1.0 -1.0 
144 4 23 45.0 0.94 0.0009836028559103 nan nan 0.297646 1942.261782 0.004549794957275 None None 0.329359 2101.840996 -1.0 -1.0 -1.0 -1.0 -1.0 -1.0 -1.0 -1.0 -1.0 -1.0 -1.0 
145 4 24 45.0 0.98 0.00107301842791 nan nan 0.303732 1999.1771 0.004722938407666 None None 0.3383 2217.338432 -1.0 -1.0 -1.0 -1.0 -1.0 -1.0 -1.0 -1.0 -1.0 -1.0 -1.0 
146 4 25 45.0 1.02 0.00116243399991 nan nan 0.309818 2056.092417 0.004740458596555 None None 0.345462 2315.284762 -1.0 -1.0 -1.0 -1.0 -1.0 -1.0 -1.0 -1.0 -1.0 -1.0 -1.0 
147 4 26 45.0 1.06 0.00125184957191 nan nan 0.315905 2113.007735 0.004575691331476 None None 0.350435 2389.934544 -1.0 -1.0 -1.0 -1.0 -1.0 -1.0 -1.0 -1.0 -1.0 -1.0 -1.0 
148 4 27 45.0 1.1 0.001341265143909 nan nan 0.321992 2169.923052 0.004201972419961 None None 0.35281 2435.542332 -1.0 -1.0 -1.0 -1.0 -1.0 -1.0 -1.0 -1.0 -1.0 -1.0 -1.0 
149 4 28 45.0 1.14 0.001430680715909 nan nan 0.328078 2226.83837 0.003592637669544 None None 0.352178 2446.362682 -1.0 -1.0 -1.0 -1.0 -1.0 -1.0 -1.0 -1.0 -1.0 -1.0 -1.0 
150 4 29 45.0 1.18 0.001520096287909 nan nan 0.334165 2283.753687 0.002721022887757 None None 0.348129 2416.650151 -1.0 -1.0 -1.0 -1.0 -1.0 -1.0 -1.0 -1.0 -1.0 -1.0 -1.0 
151 5 0 55.0 0.02 0.001609511859909 0.021002 0.062104 0.340251 2340.669005 0.001560463882135 0.021003 0.062105 0.340254 2340.659294 10540.88168 1.554835568646515 2150.714742 2956.988496 4118207.064096 -0.03926 2940.135433 31.837507 8390.166922 12.387943 1.020391 
152 5 1 55.0 0.06 0.0003955817306905 0.020493 0.059877 0.326816 2199.594728 0.000374876055278 0.020495 0.059882 0.326845 2199.877021 10540.455353 3.030316482667411 2147.51421 2968.928902 4202721.541446 -0.010065 2935.190208 62.092597 8392.941128 12.513091 1.042884 
153 5 2 55.0 0.1 7.846258638908e-05 0.019739 0.056525 0.30525 1971.181423 7.142321298054e-05 0.01974 0.056528 0.305267 1971.311293 10540.222524 4.830721762306997 2164.041211 3003.700068 4339139.738347 -0.014149 2949.243694 98.866788 8376.181297 12.728286 1.068512 
154 5 3 55.0 0.14 1.764673469166e-05 0.019081 0.053575 0.286502 1781.673444 1.525514823013e-05 0.019079 0.053565 0.28643 1780.825068 10540.089861 6.772189251107791 2180.586465 3037.217335 4469731.811509 -0.005422 2961.531501 137.589801 8359.503381 12.932225 1.092319 
155 5 4 55.0 0.18 5.03729059976e-06 0.018677 0.051767 0.27588 1690.279244 4.159757425334e-06 0.018672 0.051744 0.275726 1688.533651 10540.014206 8.830941200571864 2180.217411 3051.002999 4555271.339684 0.00118 2954.301733 177.08898 8359.796779 13.055734 1.113411 
156 5 5 55.0 0.22 1.762972361628e-06 0.018469 0.050846 0.271368 1668.289309 1.410731593162e-06 0.018461 0.050809 0.27115 1666.196577 10540.031443 10.999758342480572 2166.459155 3048.673487 4600864.762662 0.007901 2931.248624 217.067868 8373.572273 13.110338 1.131697 
157 5 6 55.0 0.26 6.951046783791e-07 0.018271 0.049974 0.266775 1650.421351 5.818555211126e-07 0.018262 0.049932 0.266551 1648.601647 10540.039575 13.232288391207824 2158.156597 3049.978849 4644731.081907 -0.0008 2912.140742 257.470063 8381.882962 13.166398 1.146882 
158 5 7 55.0 0.3 3.160470457941e-07 0.018113 0.049285 0.263055 1633.441424 2.910632348192e-07 0.018106 0.049255 0.262899 1632.38289 10540.020926 15.504581710917156 2153.217507 3052.171931 4679407.861542 0.007259 2894.948044 297.780684 8386.803404 13.211791 1.158095 
159 5 8 55.0 0.34 1.67215517764e-07 0.017972 0.048672 0.259465 1629.204774 1.772162210936e-07 0.017972 0.048675 0.259492 1629.617521 10539.960523 17.77418212898937 2153.455829 3057.290869 4709655.450432 -0.009529 2881.744822 337.728285 8386.504678 13.254889 1.165452 
160 5 9 55.0 0.38 9.884781362404e-08 0.017863 0.048209 0.256518 1608.515009 1.221742551646e-07 0.017874 0.048254 0.256769 1611.643606 10539.996334 20.0793059303597 2157.918407 3064.066969 4731894.537724 0.010663 2871.329133 378.088609 8382.077912 13.289789 1.168534 
161 5 10 55.0 0.42 6.600046703587e-08 0.017822 0.048035 0.255025 1618.285394 9.33369890376e-08 0.017842 0.048117 0.255474 1621.830075 10539.898752 22.39136252105111 2165.933498 3070.907021 4739202.012408 0.005892 2863.22593 418.369188 8373.965239 13.306625 1.166008 
162 5 11 55.0 0.46 4.769065998127e-08 0.017816 0.048006 0.254224 1646.658686 7.543496178506e-08 0.017839 0.048107 0.254762 1654.604589 10539.875529 24.585103327048007 2176.555072 3078.494591 4739736.962992 -0.022643 2857.150976 457.191217 8363.320441 13.315898 1.160448 
163 5 12 55.0 0.5 3.419389665417e-08 0.017864 0.048214 0.254601 1627.676464 6.069123100815e-08 0.017888 0.048315 0.25514 1632.859156 10539.782516 26.809611966643427 2189.834244 3086.107048 4728682.692111 0.037722 2852.069152 497.1834 8349.948256 13.311044 1.150721 
164 5 13 55.0 0.54 2.602340977737e-08 0.017927 0.048481 0.25519 1689.388245 5.06879879897e-08 0.017952 0.04859 0.25577 1695.665826 10539.746185 28.97344437573449 2205.290194 3094.742141 4714124.081219 -0.006931 2847.995623 537.261832 8334.455976 13.30287 1.139138 
165 5 14 55.0 0.58 1.94797508812e-08 0.018014 0.048854 0.256321 1702.551456 4.177292506981e-08 0.018033 0.048936 0.256742 1705.671476 10539.3885 31.0069288864333 2221.377448 3103.302589 4695969.197057 0.016642 2844.125121 576.039314 8318.011036 13.290518 1.126534 
166 5 15 55.0 0.62 1.602632943854e-08 0.018151 0.04945 0.258772 1874.419091 3.689981021944e-08 0.018172 0.049539 0.259262 1868.563548 10539.883425 32.89448104671228 2236.942857 3109.452903 4664784.012534 -0.099894 2839.842566 612.763722 8302.940552 13.257873 1.111266 
167 5 16 55.0 0.66 1.241266041276e-08 0.018115 0.049291 0.255789 2029.136467 3.037505216355e-08 0.018134 0.049375 0.25615 2048.502969 10538.218887 34.81217078701515 2269.997322 3134.660738 4673210.098075 -0.281924 2850.391942 653.979889 8268.221548 13.298907 1.097062 
168 5 17 55.0 0.7 0.0001276769262433 nan nan 0.26211 2053.752502 0.0001826751255139 None None 0.255518 2205.780595 -1.0 -1.0 -1.0 -1.0 -1.0 -1.0 -1.0 -1.0 -1.0 -1.0 -1.0 
169 5 18 55.0 0.74 0.0002553414398263 nan nan 0.26843 2078.368537 0.0005572814313032 None None 0.259396 2344.07098 -1.0 -1.0 -1.0 -1.0 -1.0 -1.0 -1.0 -1.0 -1.0 -1.0 -1.0 
170 5 19 55.0 0.78 0.0003830059534092 nan nan 0.274751 2102.984572 0.001073598042381 None None 0.266925 2462.965925 -1.0 -1.0 -1.0 -1.0 -1.0 -1.0 -1.0 -1.0 -1.0 -1.0 -1.0 
171 5 20 55.0 0.82 0.0005106704669921 nan nan 0.281071 2127.600607 0.001681373708707 None None 0.277241 2562.05723 -1.0 -1.0 -1.0 -1.0 -1.0 -1.0 -1.0 -1.0 -1.0 -1.0 -1.0 
172 5 21 55.0 0.86 0.000638334980575 nan nan 0.287392 2152.216642 0.002330357180242 None None 0.289485 2640.936696 -1.0 -1.0 -1.0 -1.0 -1.0 -1.0 -1.0 -1.0 -1.0 -1.0 -1.0 
173 5 22 55.0 0.9 0.0007659994941579 nan nan 0.293712 2176.832677 0.002970297206947 None None 0.302794 2699.196124 -1.0 -1.0 -1.0 -1.0 -1.0 -1.0 -1.0 -1.0 -1.0 -1.0 -1.0 
174 5 23 55.0 0.94 0.0008936640077409 nan nan 0.300033 2201.448712 0.003550942538783 None None 0.316308 2736.427315 -1.0 -1.0 -1.0 -1.0 -1.0 -1.0 -1.0 -1.0 -1.0 -1.0 -1.0 
175 5 24 55.0 0.98 0.001021328521324 nan nan 0.306354 2226.064747 0.00402204192571 None None 0.329166 2752.22207 -1.0 -1.0 -1.0 -1.0 -1.0 -1.0 -1.0 -1.0 -1.0 -1.0 -1.0 
176 5 25 55.0 1.02 0.001148993034907 nan nan 0.312674 2250.680782 0.004333344117688 None None 0.340506 2746.172189 -1.0 -1.0 -1.0 -1.0 -1.0 -1.0 -1.0 -1.0 -1.0 -1.0 -1.0 
177 5 26 55.0 1.06 0.00127665754849 nan nan 0.318995 2275.296817 0.004434597864679 None None 0.349466 2717.869474 -1.0 -1.0 -1.0 -1.0 -1.0 -1.0 -1.0 -1.0 -1.0 -1.0 -1.0 
178 5 27 55.0 1.1 0.001404322062073 nan nan 0.325315 2299.912852 0.004275551916643 None None 0.355187 2666.905724 -1.0 -1.0 -1.0 -1.0 -1.0 -1.0 -1.0 -1.0 -1.0 -1.0 -1.0 
179 5 28 55.0 1.14 0.001531986575655 nan nan 0.331636 2324.528887 0.00380595502354 None None 0.356805 2592.872742 -1.0 -1.0 -1.0 -1.0 -1.0 -1.0 -1.0 -1.0 -1.0 -1.0 -1.0 
180 5 29 55.0 1.18 0.001659651089238 nan nan 0.337956 2349.144922 0.002975555935331 None None 0.353461 2495.362327 -1.0 -1.0 -1.0 -1.0 -1.0 -1.0 -1.0 -1.0 -1.0 -1.0 -1.0 
181 6 0 65.0 0.02 0.001787315602821 0.021158 0.06278 0.344277 2373.760957 0.001734103401976 0.021159 0.062783 0.344293 2373.966281 10541.105112 1.6212986728816905 2152.601719 2954.150138 4093308.876355 0.069327 2942.155954 30.696005 8388.503378 12.35139 1.013333 
182 6 1 65.0 0.06 0.0004152083439856 0.020646 0.060546 0.329833 2226.445161 0.0003927604468305 0.020647 0.060552 0.329869 2226.846866 10540.538954 3.2743965033931417 2161.161599 2974.45602 4176769.15839 -0.03167 2949.51891 62.03156 8379.37734 12.484325 1.029899 
183 6 2 65.0 0.1 8.098311236091e-05 0.020115 0.058199 0.314571 2055.819631 7.253441352036e-05 0.020116 0.058206 0.314608 2056.167638 10540.299165 5.237292613731829 2174.156493 2999.41047 4269506.709435 0.013505 2959.869852 98.747727 8366.142657 12.632882 1.046473 
184 6 3 65.0 0.14 1.866347821273e-05 0.019582 0.055819 0.298805 1898.906038 1.541708543467e-05 0.01958 0.055811 0.298748 1898.095775 10540.150625 7.328817749077386 2194.691492 3030.926072 4369842.110617 -0.005662 2976.308784 137.690871 8345.459117 12.797056 1.061044 
185 6 4 65.0 0.18 5.326187219839e-06 0.019195 0.054087 0.287495 1792.054828 3.99104192019e-06 0.019185 0.054041 0.287192 1788.687307 10540.012724 9.484113087021004 2210.052175 3054.896738 4448063.464339 -0.002677 2985.53623 177.365651 8329.960534 12.923708 1.072531 
186 6 5 65.0 0.22 1.820450001674e-06 0.019023 0.053314 0.282903 1767.295967 1.247421464515e-06 0.019004 0.053229 0.282374 1761.574878 10539.941997 11.701746233074855 2210.716599 3061.450691 4485212.453616 -0.005303 2977.616386 217.355819 8329.225382 12.978413 1.081163 
187 6 6 65.0 0.26 7.299179846266e-07 0.018988 0.053158 0.282434 1790.589193 4.935605678556e-07 0.018966 0.053058 0.281878 1784.97608 10539.987898 14.000166428242153 2203.411764 3057.469289 4493095.048057 -0.005972 2959.491282 258.045327 8336.576118 12.984081 1.086654 
188 6 7 65.0 0.3 3.425023263531e-07 0.018935 0.052919 0.28094 1798.59818 2.701520757181e-07 0.018922 0.052861 0.280691 1797.833736 10540.005386 16.284606453208255 2203.881344 3059.308353 4502274.620029 -0.003487 2947.870953 298.693316 8336.124027 12.997738 1.088642 
189 6 8 65.0 0.34 1.842235760448e-07 0.018925 0.052873 0.280329 1815.12699 1.909970279786e-07 0.01893 0.052899 0.280561 1819.216618 10540.02008 18.550539941391637 2209.093653 3062.777111 4500508.866141 0.001883 2939.695743 339.150438 8330.926411 12.999239 1.085647 
190 6 9 65.0 0.38 1.122988219321e-07 0.018925 0.052875 0.279665 1834.046666 1.571713398719e-07 0.018952 0.052998 0.280444 1843.206208 10539.937031 20.7634175377459 2219.216922 3069.3396 4495921.833262 0.002666 2935.233579 379.40192 8320.720094 13.000636 1.079593 
191 6 10 65.0 0.42 7.586475834339e-08 0.018966 0.05306 0.279905 1866.924997 1.381960073556e-07 0.019013 0.053268 0.281145 1882.680621 10539.996814 22.92043174907491 2232.187778 3076.693228 4483378.941648 -0.003494 2932.418868 419.416276 8307.809021 12.992501 1.070326 
192 6 11 65.0 0.46 5.430600610785e-08 0.019034 0.053361 0.280582 1899.70798 1.230673031702e-07 0.019091 0.053619 0.282054 1918.02258 10539.916636 24.99728916486512 2248.678499 3086.069304 4467268.757366 -0.001149 2932.117696 459.039584 8291.238121 12.982095 1.058659 
193 6 12 65.0 0.5 4.03793622568e-08 0.019146 0.053864 0.282276 1948.635308 1.094169451768e-07 0.019214 0.054172 0.284039 1967.880843 10539.884251 27.030830971343438 2266.518479 3095.035125 4442136.412042 0.000866 2931.875246 498.836236 8273.365756 12.959424 1.044417 
194 6 13 65.0 0.54 3.031632463066e-08 0.019234 0.054261 0.282622 1982.516563 9.39335439518e-08 0.019294 0.054529 0.284151 2000.273975 10539.782431 28.920273892346355 2294.59257 3113.085341 4426145.277655 -0.003454 2941.452413 538.067429 8245.189845 12.958218 1.027925 
195 6 14 65.0 0.58 2.27337621057e-08 0.019339 0.054731 0.283053 2006.478404 7.712490217005e-08 0.01938 0.054914 0.284164 2021.330101 10539.600803 30.71248587551557 2326.133097 3133.673759 4409016.041772 0.002151 2953.717812 576.976137 8213.46769 12.958183 1.010063 
196 6 15 65.0 0.62 1.689418271701e-08 0.019374 0.054889 0.279942 2022.784007 5.794852299114e-08 0.019388 0.054952 0.280535 2030.642129 10539.182213 32.28244752995354 2381.095929 3174.421225 4407332.293953 -0.024054 2989.476358 615.909644 8158.086268 13.000046 0.986371 
197 6 16 65.0 0.66 1.151660099167e-08 0.019338 0.054728 0.272754 1905.710288 3.568338818378e-08 0.019325 0.054668 0.272743 1899.393343 10539.194619 33.58879130285181 2471.484 3244.712663 4419927.104133 0.023576 3060.367987 656.366365 8067.710603 13.091713 0.953012 
198 6 17 65.0 0.7 8.45924817372e-09 0.01939 0.05496 0.268511 1940.796676 2.170446103287e-08 0.019373 0.054885 0.268349 1938.094454 10538.702653 34.80518070191455 2553.271376 3305.976366 4410285.009646 -0.0318 3121.940841 695.529681 7985.43126 13.145167 0.920473 
199 6 18 65.0 0.74 6.123038807358e-09 0.019553 0.05569 0.267963 2010.134917 1.318939667968e-08 0.019535 0.05561 0.267706 2017.167208 10539.05164 36.141833942175246 2620.526495 3353.461821 4378547.07642 -0.071147 3166.189879 736.537544 7918.525128 13.152816 0.890395 
200 6 19 65.0 0.78 4.619891461362e-09 0.01953 0.05559 0.261819 2198.384425 8.251389401585e-09 0.019524 0.05556 0.261755 2210.439003 10539.034666 37.227130597712055 2704.598261 3419.874428 4380689.351119 -0.247241 3228.086724 775.902535 7834.436389 13.226787 0.863139 
201 6 20 65.0 0.82 0.0001568864090617 nan nan 0.26933 2214.596714 4.816573289121e-09 0.019758 0.056609 0.262928 2217.031366 10538.784462 38.53043769429614 2767.520651 3463.365833 4335732.340101 -0.198015 3265.162618 818.114877 7771.263794 13.212209 0.834858 
202 6 21 65.0 0.86 0.0003137681982319 nan nan 0.276842 2230.809003 0.0002460389505225 None None 0.270148 2202.256505 -1.0 -1.0 -1.0 -1.0 -1.0 -1.0 -1.0 -1.0 -1.0 -1.0 -1.0 
203 6 22 65.0 0.9 0.0004706499874022 nan nan 0.284353 2247.021292 0.0007288389124273 None None 0.281043 2225.386802 -1.0 -1.0 -1.0 -1.0 -1.0 -1.0 -1.0 -1.0 -1.0 -1.0 -1.0 
204 6 23 65.0 0.94 0.0006275317765724 nan nan 0.291864 2263.233581 0.001353058664902 None None 0.294312 2274.770688 -1.0 -1.0 -1.0 -1.0 -1.0 -1.0 -1.0 -1.0 -1.0 -1.0 -1.0 
205 6 24 65.0 0.98 0.0007844135657426 nan nan 0.299375 2279.44587 0.00202335217056 None None 0.308655 2338.756595 -1.0 -1.0 -1.0 -1.0 -1.0 -1.0 -1.0 -1.0 -1.0 -1.0 -1.0 
206 6 25 65.0 1.02 0.0009412953549129 nan nan 0.306887 2295.658159 0.002644373392017 None None 0.322772 2405.692953 -1.0 -1.0 -1.0 -1.0 -1.0 -1.0 -1.0 -1.0 -1.0 -1.0 -1.0 
207 6 26 65.0 1.06 0.001098177144083 nan nan 0.314398 2311.870448 0.003120776291886 None None 0.335362 2463.928194 -1.0 -1.0 -1.0 -1.0 -1.0 -1.0 -1.0 -1.0 -1.0 -1.0 -1.0 
208 6 27 65.0 1.1 0.001255058933253 nan nan 0.321909 2328.082737 0.003357214832781 None None 0.345126 2501.810749 -1.0 -1.0 -1.0 -1.0 -1.0 -1.0 -1.0 -1.0 -1.0 -1.0 -1.0 
209 6 28 65.0 1.14 0.001411940722424 nan nan 0.32942 2344.295026 0.003258342977317 None None 0.350762 2507.68905 -1.0 -1.0 -1.0 -1.0 -1.0 -1.0 -1.0 -1.0 -1.0 -1.0 -1.0 
210 6 29 65.0 1.18 0.001568822511594 nan nan 0.336932 2360.507315 0.002728814688108 None None 0.350972 2469.911528 -1.0 -1.0 -1.0 -1.0 -1.0 -1.0 -1.0 -1.0 -1.0 -1.0 -1.0 
211 7 0 75.0 0.02 0.001725704300764 0.021199 0.062955 0.344443 2376.719604 0.001673283927768 0.021199 0.062956 0.344453 2376.826615 10540.767394 1.719732822085166 2163.301931 2960.887289 4086978.293724 -0.025557 2953.373078 31.045894 8377.465448 12.350156 1.006761 
212 7 1 75.0 0.06 0.0004097538221465 0.020784 0.061152 0.33203 2236.125455 0.0003864970374607 0.020785 0.061157 0.332061 2236.463913 10540.574788 3.407036232965927 2179.9424 2984.27155 4153727.816456 -0.025789 2969.253786 61.556052 8360.632372 12.463688 1.015393 
213 7 2 75.0 0.1 8.149517634543e-05 0.020394 0.059437 0.320283 2106.696047 7.209731441838e-05 0.020395 0.059443 0.320325 2107.050774 10540.382996 5.482060183811717 2196.991127 3007.778337 4219960.508305 -0.005832 2983.783843 99.036644 8343.391853 12.576201 1.023579 
214 7 3 75.0 0.14 1.918146198831e-05 0.020012 0.057744 0.308252 1978.552361 1.517339820133e-05 0.020011 0.05774 0.308226 1978.190692 10540.174634 7.625323408057588 2221.879084 3037.315996 4288541.794875 0.000928 3004.760595 137.970523 8318.295535 12.697713 1.028562 
215 7 4 75.0 0.18 5.487864679597e-06 0.019745 0.056552 0.299548 1902.069704 3.663440667659e-06 0.019735 0.056504 0.299234 1898.367295 10540.069926 9.793395704832621 2244.592528 3062.410489 4340162.384899 -0.014292 3021.684119 177.563946 8295.477383 12.791914 1.030409 
216 7 5 75.0 0.22 1.880896406887e-06 0.019627 0.056022 0.295292 1876.079782 1.020918772139e-06 0.019604 0.05592 0.294638 1868.484529 10540.017977 11.986964623490978 2260.749175 3078.329757 4365127.262896 -0.017166 3029.952905 217.695543 8279.268787 12.841442 1.02893 
217 7 6 75.0 0.26 7.574386229117e-07 0.019581 0.055816 0.292959 1862.457065 3.826941588859e-07 0.019559 0.055718 0.292361 1856.139378 10539.972581 14.192221881170004 2276.099398 3091.029313 4373833.743537 -0.000811 3035.552372 258.422628 8263.873166 12.866342 1.024029 
218 7 7 75.0 0.3 3.548370917416e-07 0.019609 0.05594 0.292552 1883.050483 2.339242145133e-07 0.019616 0.055973 0.292815 1887.524282 10539.982486 16.402979533682284 2290.492701 3099.873784 4362860.663235 -0.003591 3038.307595 299.735662 8249.489769 12.861363 1.015041 
219 7 8 75.0 0.34 1.923879895516e-07 0.019681 0.056266 0.293133 1914.099476 2.03441206141e-07 0.019714 0.05641 0.294146 1926.580269 10539.953973 18.52177746007607 2307.304017 3109.309778 4344155.473559 -0.000338 3042.236435 340.244646 8232.649941 12.846838 1.003325 
220 7 9 75.0 0.38 1.184014766768e-07 0.019769 0.056657 0.293813 1943.813043 1.900381188291e-07 0.019806 0.056825 0.29507 1960.587564 10539.93455 20.539620222967805 2327.721431 3121.683659 4326621.808271 0.004914 3048.725534 379.973442 8212.213103 12.836799 0.990511 
221 7 10 75.0 0.42 7.986274046843e-08 0.019868 0.057102 0.294316 1981.422038 1.690598847433e-07 0.019896 0.057225 0.295458 1997.939051 10539.933117 22.483952500744252 2354.190501 3138.80135 4309860.996135 0.0008 3060.126638 419.742241 8185.7426 12.832593 0.97558 
222 7 11 75.0 0.46 5.695125478726e-08 0.019969 0.057552 0.294384 2008.101788 1.391007181696e-07 0.019981 0.057605 0.295328 2022.751676 10539.91247 24.342742179707667 2385.903168 3160.162553 4294093.432395 0.005076 3075.727569 459.379363 8154.009286 12.834016 0.959091 
223 7 12 75.0 0.5 4.241074408123e-08 0.020095 0.058111 0.294653 2059.868268 1.07007970253e-07 0.020088 0.058082 0.295316 2071.337335 10539.918465 26.108598104300867 2423.194162 3185.343121 4274540.847697 -0.00989 3095.928658 498.925572 8116.724286 12.834137 0.940032 
224 7 13 75.0 0.54 3.150723879577e-08 0.020249 0.058795 0.295268 2074.565787 7.672562098728e-08 0.020216 0.05865 0.295399 2076.141253 10539.85821 27.7861612326644 2465.706342 3214.22427 4251529.893372 0.017151 3120.341945 538.532616 8074.151852 12.833278 0.918851 
225 7 14 75.0 0.58 2.393392957654e-08 0.020388 0.059411 0.295115 2136.254226 5.341507617521e-08 0.020327 0.059143 0.29454 2133.147166 10539.816102 29.35532074618919 2514.6695 3248.908027 4231840.672692 -0.008418 3150.448814 577.927942 8025.146586 12.842625 0.896788 
226 7 15 75.0 0.62 1.78759881103e-08 0.020564 0.060187 0.295908 2166.126148 3.597366175353e-08 0.020482 0.059829 0.294721 2150.361433 10539.677434 30.864033212327673 2563.364844 3282.628306 4204809.274188 0.012052 3179.236648 617.239403 7976.312574 12.840747 0.874132 
227 7 16 75.0 0.66 1.340933043198e-08 0.020628 0.060468 0.294178 2224.599161 2.447503659758e-08 0.020545 0.060104 0.292718 2202.039942 10539.560191 32.34959818354287 2610.493545 3317.946163 4194090.194435 -0.013648 3205.419338 656.469198 7929.06663 12.862684 0.856163 
228 7 17 75.0 0.7 9.736314736753e-09 0.020733 0.060928 0.293709 2249.084321 1.629078179624e-08 0.020657 0.060598 0.292249 2229.952011 10539.366825 33.849773578533906 2652.621282 3348.346997 4175027.945209 -0.003895 3225.112599 696.223168 7886.745526 12.867947 0.838736 
229 7 18 75.0 0.74 7.005821927978e-09 0.020843 0.061412 0.293292 2284.393515 1.070687450748e-08 0.020784 0.061151 0.292038 2267.640975 10539.214555 35.30892519539358 2695.099268 3378.980083 4153946.340765 0.002428 3244.202729 736.055018 7844.11527 12.870352 0.821348 
230 7 19 75.0 0.78 5.115566086814e-09 0.020906 0.061683 0.292015 2412.813877 7.23851033396e-09 0.020857 0.061472 0.290999 2402.838201 10539.1562 36.790135687365776 2731.748235 3406.506153 4141835.752011 -0.061992 3256.344936 775.911288 7807.407948 12.881837 0.807967 
231 7 20 75.0 0.82 3.375677096642e-09 0.021204 0.062979 0.296406 2279.525204 4.44576546028e-09 0.02118 0.062873 0.295889 2262.201235 10539.507515 38.15698380342987 2765.695213 3426.234361 4090011.886656 0.106825 3265.845134 814.331175 7773.812286 12.828185 0.788064 
232 7 21 75.0 0.86 2.901567686585e-09 0.021343 0.063575 0.296376 2938.750614 3.457932386691e-09 0.021323 0.063491 0.295921 2957.101122 10538.756766 39.40757878286191 2807.001665 3456.432283 4067665.780077 -0.259283 3283.0839 851.618809 7731.755084 12.828298 0.772225 
233 7 22 75.0 0.9 0.0001928973888313 nan nan 0.301817 2876.597471 0.0002688628137735 None None 0.298071 3606.618829 -1.0 -1.0 -1.0 -1.0 -1.0 -1.0 -1.0 -1.0 -1.0 -1.0 -1.0 
234 7 23 75.0 0.94 0.000385791876095 nan nan 0.307258 2814.444328 0.0007873395168163 None None 0.304091 3935.449197 -1.0 -1.0 -1.0 -1.0 -1.0 -1.0 -1.0 -1.0 -1.0 -1.0 -1.0 
235 7 24 75.0 0.98 0.0005786863633586 nan nan 0.312699 2752.291185 0.001439690956974 None None 0.312679 4004.561904 -1.0 -1.0 -1.0 -1.0 -1.0 -1.0 -1.0 -1.0 -1.0 -1.0 -1.0 
236 7 25 75.0 1.02 0.0007715808506222 nan nan 0.31814 2690.138042 0.002110174524162 None None 0.322536 3874.926629 -1.0 -1.0 -1.0 -1.0 -1.0 -1.0 -1.0 -1.0 -1.0 -1.0 -1.0 
237 7 26 75.0 1.06 0.0009644753378859 nan nan 0.323581 2627.9849 0.002683047608292 None None 0.332361 3607.513047 -1.0 -1.0 -1.0 -1.0 -1.0 -1.0 -1.0 -1.0 -1.0 -1.0 -1.0 
238 7 27 75.0 1.1 0.00115736982515 nan nan 0.329022 2565.831757 0.003042567599279 None None 0.340855 3263.290838 -1.0 -1.0 -1.0 -1.0 -1.0 -1.0 -1.0 -1.0 -1.0 -1.0 -1.0 
239 7 28 75.0 1.14 0.001350264312413 nan nan 0.334463 2503.678614 0.003072991887036 None None 0.346718 2903.229678 -1.0 -1.0 -1.0 -1.0 -1.0 -1.0 -1.0 -1.0 -1.0 -1.0 -1.0 
240 7 29 75.0 1.18 0.001543158799677 nan nan 0.339904 2441.525471 0.002658577861478 None None 0.34865 2588.299246 -1.0 -1.0 -1.0 -1.0 -1.0 -1.0 -1.0 -1.0 -1.0 -1.0 -1.0 
241 8 0 85.0 0.02 0.00173605328694 0.021266 0.063245 0.345345 2379.372328 0.001683582912517 0.021266 0.063246 0.34535 2379.469218 10540.790151 1.720534962998349 2173.975444 2966.931235 4076511.720187 -0.033554 2964.592855 30.389126 8366.814692 12.342136 0.999253 
242 8 1 85.0 0.06 0.0004448604262354 0.020997 0.062082 0.336647 2283.421532 0.0004204279334341 0.020998 0.062086 0.33668 2283.770815 10540.767294 3.426058431764271 2193.102724 2988.077202 4118905.808252 -0.058954 2983.107052 60.756811 8347.664554 12.420689 1.000839 
243 8 2 85.0 0.1 8.421055483443e-05 0.020695 0.060763 0.326338 2157.326512 7.42538548923e-05 0.020697 0.060772 0.326409 2158.163896 10540.584272 5.532079399326637 2221.795418 3017.404615 4168355.732179 -0.013977 3009.810707 98.715376 8318.788838 12.517184 0.999774 
244 8 3 85.0 0.14 1.967717385828e-05 0.020433 0.059611 0.316763 2049.747443 1.531210064047e-05 0.020434 0.059615 0.316797 2050.05023 10540.37466 7.660560312458132 2256.094498 3050.106647 4213188.173178 -0.005212 3040.605352 137.84696 8284.280146 12.611004 0.995164 
245 8 4 85.0 0.18 5.698937305159e-06 0.020264 0.058861 0.309724 1987.612016 3.711472031997e-06 0.020264 0.058861 0.309704 1986.912478 10540.163165 9.789957958061837 2290.468689 3080.475316 4243081.35393 -0.022443 3069.633273 177.845527 8249.69446 12.682583 0.987184 
246 8 5 85.0 0.22 1.947924210317e-06 0.020172 0.058453 0.304716 1942.68905 1.074170574066e-06 0.020176 0.058474 0.304748 1942.511977 10540.139833 11.865153796246165 2326.331269 3109.733449 4258624.949078 -0.018241 3098.488551 217.917406 8213.808548 12.733741 0.975527 
247 8 6 85.0 0.26 7.804173971076e-07 0.020173 0.058459 0.302263 1924.367472 4.449620417735e-07 0.020192 0.058545 0.302603 1927.426187 10540.122546 13.914451942090581 2360.620905 3135.008548 4255747.543532 -0.004299 3123.875703 258.546871 8179.501626 12.756209 0.960707 
248 8 7 85.0 0.3 3.649047930529e-07 0.020247 0.058786 0.30161 1937.79133 2.816310806705e-07 0.020275 0.058911 0.302191 1944.330276 10540.030683 15.915163266907904 2394.282845 3158.108378 4241058.180941 -0.004301 3146.899462 299.329912 8145.747822 12.760605 0.943931 
249 8 8 85.0 0.34 1.990388622791e-07 0.020379 0.059373 0.302349 1975.459488 2.196965388364e-07 0.0204 0.059464 0.30286 1981.941705 10539.978002 17.824029457165754 2427.477736 3179.898585 4219106.851102 -0.009168 3168.092651 339.360349 8112.50025 12.753596 0.926204 
250 8 9 85.0 0.38 1.242437206064e-07 0.020557 0.060155 0.304063 2028.396529 1.769364329026e-07 0.020558 0.060162 0.304212 2031.230735 10539.939984 19.651478344735512 2461.98779 3202.067198 4191850.461845 -0.012445 3189.339748 378.946566 8077.952178 12.739453 0.907321 
251 8 10 85.0 0.42 8.533150254018e-08 0.020763 0.061061 0.306601 2095.482962 1.398593917857e-07 0.020747 0.060993 0.306424 2093.545117 10539.942102 21.432059284663573 2494.547869 3222.222921 4159951.484685 -0.012143 3207.251957 418.311165 8045.394216 12.716445 0.888664 
252 8 11 85.0 0.46 6.194403833474e-08 0.020923 0.06176 0.30817 2157.10099 1.080165695539e-07 0.020901 0.061665 0.30785 2154.104126 10539.885278 23.19940489952411 2525.061422 3241.995144 4134597.327629 -0.013223 3221.695014 457.720237 8014.82384 12.701763 0.872575 
253 8 12 85.0 0.5 4.614662375482e-08 0.021079 0.062436 0.309794 2208.415109 8.149043223534e-08 0.02106 0.062356 0.309516 2204.657977 10539.84409 24.932143863558746 2553.371348 3260.159029 4108931.652614 0.000665 3232.728835 496.840141 7986.472726 12.684688 0.857544 
254 8 13 85.0 0.54 3.491742942086e-08 0.021262 0.063229 0.311537 2263.785378 5.959823921363e-08 0.021248 0.063169 0.3113 2260.688843 10539.839307 26.580944510606713 2588.352568 3283.113569 4079265.690354 0.012279 3249.477316 536.067448 7951.486723 12.666517 0.839846 
255 8 14 85.0 0.58 2.692008604452e-08 0.021466 0.064106 0.31371 2342.081442 4.330643355661e-08 0.021458 0.064071 0.313569 2338.038472 10540.043029 28.14471822085727 2622.925958 3305.562779 4047004.708044 0.014153 3265.216485 574.303313 7917.117055 12.64347 0.822222 
256 8 15 85.0 0.62 2.102419130371e-08 0.021795 0.065506 0.318787 2426.84896 3.138926052846e-08 0.021791 0.065488 0.318712 2429.161293 10539.448229 29.580321272337063 2655.475857 3324.027843 3997609.076096 0.035355 3278.864103 610.734078 7883.972355 12.59261 0.802231 
257 8 16 85.0 0.66 1.591090800519e-08 0.022388 0.067996 0.328851 2461.214395 2.150448625349e-08 0.022388 0.067994 0.328835 2471.217106 10537.479453 30.886550453676314 2697.696723 3345.364975 3913899.204852 0.134408 3301.336355 647.775566 7839.782714 12.495917 0.773139 
258 8 17 85.0 0.7 0.0001238264200361 nan nan 0.329796 2451.824927 0.0001700973322992 None None 0.338561 2497.435327 -1.0 -1.0 -1.0 -1.0 -1.0 -1.0 -1.0 -1.0 -1.0 -1.0 -1.0 
259 8 18 85.0 0.74 0.0002476369291641 nan nan 0.330741 2442.435458 0.0005190482726897 None None 0.346441 2520.539981 -1.0 -1.0 -1.0 -1.0 -1.0 -1.0 -1.0 -1.0 -1.0 -1.0 -1.0 
260 8 19 85.0 0.78 0.0003714474382922 nan nan 0.331686 2433.04599 0.001000233420091 None None 0.352597 2539.912859 -1.0 -1.0 -1.0 -1.0 -1.0 -1.0 -1.0 -1.0 -1.0 -1.0 -1.0 
261 8 20 85.0 0.82 0.0004952579474203 nan nan 0.332631 2423.656522 0.001567011868937 None None 0.357154 2554.935754 -1.0 -1.0 -1.0 -1.0 -1.0 -1.0 -1.0 -1.0 -1.0 -1.0 -1.0 
262 8 21 85.0 0.86 0.0006190684565483 nan nan 0.333576 2414.267053 0.002172742713662 None None 0.360237 2564.990456 -1.0 -1.0 -1.0 -1.0 -1.0 -1.0 -1.0 -1.0 -1.0 -1.0 -1.0 
263 8 22 85.0 0.9 0.0007428789656764 nan nan 0.334521 2404.877585 0.002770785048699 None None 0.361969 2569.458759 -1.0 -1.0 -1.0 -1.0 -1.0 -1.0 -1.0 -1.0 -1.0 -1.0 -1.0 
264 8 23 85.0 0.94 0.0008666894748045 nan nan 0.335466 2395.488116 0.003314497968481 None None 0.362474 2567.722454 -1.0 -1.0 -1.0 -1.0 -1.0 -1.0 -1.0 -1.0 -1.0 -1.0 -1.0 
265 8 24 85.0 0.98 0.0009904999839325 nan nan 0.336411 2386.098648 0.003757240567442 None None 0.361877 2559.163334 -1.0 -1.0 -1.0 -1.0 -1.0 -1.0 -1.0 -1.0 -1.0 -1.0 -1.0 
266 8 25 85.0 1.02 0.001114310493061 nan nan 0.337356 2376.70918 0.004052371940016 None None 0.360302 2543.163189 -1.0 -1.0 -1.0 -1.0 -1.0 -1.0 -1.0 -1.0 -1.0 -1.0 -1.0 
267 8 26 85.0 1.06 0.001238121002189 nan nan 0.338301 2367.319711 0.004153251180636 None None 0.357872 2519.103813 -1.0 -1.0 -1.0 -1.0 -1.0 -1.0 -1.0 -1.0 -1.0 -1.0 -1.0 
268 8 27 85.0 1.1 0.001361931511317 nan nan 0.339246 2357.930243 0.004013237383737 None None 0.354712 2486.366997 -1.0 -1.0 -1.0 -1.0 -1.0 -1.0 -1.0 -1.0 -1.0 -1.0 -1.0 
269 8 28 85.0 1.14 0.001485742020445 nan nan 0.340191 2348.540775 0.003585689643751 None None 0.350946 2444.334533 -1.0 -1.0 -1.0 -1.0 -1.0 -1.0 -1.0 -1.0 -1.0 -1.0 -1.0 
270 8 29 85.0 1.18 0.001609552529573 nan nan 0.341136 2339.151306 0.002823967055112 None None 0.346699 2392.388213 -1.0 -1.0 -1.0 -1.0 -1.0 -1.0 -1.0 -1.0 -1.0 -1.0 -1.0 
271 9 0 95.0 0.02 0.001733363038701 0.021206 0.062986 0.342081 2329.761838 0.001681428712254 0.021206 0.062988 0.342093 2329.90983 10541.046013 1.721910061706663 2194.485822 2983.556811 4085843.222782 -0.051008 2986.089899 30.653746 8346.560175 12.3712 0.992179 
272 9 1 95.0 0.06 0.0004544409773285 0.021089 0.062481 0.337096 2259.316021 0.0004300360355219 0.021089 0.062482 0.337109 2259.439904 10540.969332 3.3189726198543195 2217.656654 3003.713544 4104294.022062 0.000726 3008.917888 59.547717 8323.312663 12.416628 0.986246 
273 9 2 95.0 0.1 8.660282103971e-05 0.020976 0.06199 0.331415 2190.549575 7.687146723943e-05 0.020977 0.061993 0.331444 2191.050264 10540.758543 5.437655954689078 2250.903034 3031.325983 4122372.749307 -0.006307 3040.290732 98.675214 8289.855494 12.469363 0.975959 
274 9 3 95.0 0.14 2.099924212474e-05 0.020875 0.061549 0.3256 2121.862855 1.689428815229e-05 0.020877 0.061559 0.325671 2122.231116 10540.518185 7.485177931368588 2290.452932 3063.453319 4138571.59902 -0.00155 3076.56753 137.692923 8250.065236 12.524292 0.962876 
275 9 4 95.0 0.18 6.087168689137e-06 0.020814 0.061283 0.320477 2069.945569 4.404149350474e-06 0.020817 0.061298 0.320541 2070.168915 10540.510365 9.51172965274631 2335.887625 3099.154419 4148387.113581 -0.008605 3117.106793 177.788195 8204.622724 12.574016 0.946387 
276 9 5 95.0 0.22 2.122546249199e-06 0.020845 0.061417 0.317834 2059.015591 1.475782460005e-06 0.020854 0.061459 0.317995 2060.346848 10540.462385 11.467291903307322 2380.22942 3131.743111 4142322.821065 -0.024631 3154.779407 217.841233 8160.232949 12.59908 0.927398 
277 9 6 95.0 0.26 8.548408237484e-07 0.020952 0.061886 0.317244 2061.842429 6.515398462084e-07 0.020967 0.061949 0.317479 2064.553321 10540.380758 13.377304009155434 2422.790974 3161.315792 4124001.429739 -0.012926 3188.857961 258.101311 8117.589768 12.604232 0.907077 
278 9 7 95.0 0.3 4.079579127531e-07 0.021115 0.062593 0.318274 2103.789079 3.797005439717e-07 0.021128 0.06265 0.318488 2107.077619 10540.364525 15.221712447461067 2460.899113 3186.564014 4098165.772431 -0.021061 3216.882754 297.648326 8079.465396 12.594268 0.887436 
279 9 8 95.0 0.34 2.259473052377e-07 0.021275 0.063283 0.319282 2160.700754 2.561486185589e-07 0.021281 0.063311 0.319391 2162.317368 10540.240675 17.024180375163123 2496.798649 3210.632478 4074157.410049 -0.034772 3241.248375 336.739888 8043.442009 12.58545 0.869552 
280 9 9 95.0 0.38 1.425397162001e-07 0.021505 0.064271 0.322188 2230.032882 1.887172265404e-07 0.021507 0.064278 0.322213 2230.705569 10540.070102 18.73812632351747 2529.743899 3230.989341 4039687.922297 -0.030029 3261.515901 374.791122 8010.326186 12.557967 0.850967 
281 9 10 95.0 0.42 9.838517403256e-08 0.021799 0.065521 0.326553 2281.134201 1.422854816807e-07 0.021798 0.065521 0.326551 2280.292698 10540.398179 20.331808430673853 2562.90781 3250.380263 3996475.410231 0.011794 3281.284682 411.48374 7977.490352 12.515937 0.83097 
282 9 11 95.0 0.46 6.515211987939e-08 0.022288 0.067578 0.336413 2045.931957 1.034069750605e-07 0.022287 0.067576 0.336411 2053.237439 10539.796434 21.735096662508266 2583.166057 3255.805817 3927524.64439 0.342967 3288.272399 444.158963 7956.630361 12.423745 0.810229 
283 9 12 95.0 0.5 0.0001015845083051 nan nan 0.337117 2065.129289 0.0001424866407476 None None 0.346756 1814.755522 -1.0 -1.0 -1.0 -1.0 -1.0 -1.0 -1.0 -1.0 -1.0 -1.0 -1.0 
284 9 13 95.0 0.54 0.0002031038644902 nan nan 0.337821 2084.326621 0.0004427965033088 None None 0.35594 1647.785096 -1.0 -1.0 -1.0 -1.0 -1.0 -1.0 -1.0 -1.0 -1.0 -1.0 -1.0 
285 9 14 95.0 0.58 0.0003046232206754 nan nan 0.338525 2103.523953 0.0008723059829106 None None 0.36398 1544.751691 -1.0 -1.0 -1.0 -1.0 -1.0 -1.0 -1.0 -1.0 -1.0 -1.0 -1.0 
286 9 15 95.0 0.62 0.0004061425768606 nan nan 0.339229 2122.721285 0.001402288067805 None None 0.370891 1498.080837 -1.0 -1.0 -1.0 -1.0 -1.0 -1.0 -1.0 -1.0 -1.0 -1.0 -1.0 
287 9 16 95.0 0.66 0.0005076619330458 nan nan 0.339932 2141.918617 0.002004015746245 None None 0.376688 1500.198065 -1.0 -1.0 -1.0 -1.0 -1.0 -1.0 -1.0 -1.0 -1.0 -1.0 -1.0 
288 9 17 95.0 0.7 0.000609181289231 nan nan 0.340636 2161.115949 0.002648762006482 None None 0.381389 1543.528904 -1.0 -1.0 -1.0 -1.0 -1.0 -1.0 -1.0 -1.0 -1.0 -1.0 -1.0 
289 9 18 95.0 0.74 0.0007107006454161 nan nan 0.34134 2180.313281 0.003307799836768 None None 0.385007 1620.498883 -1.0 -1.0 -1.0 -1.0 -1.0 -1.0 -1.0 -1.0 -1.0 -1.0 -1.0 
290 9 19 95.0 0.78 0.0008122200016013 nan nan 0.342044 2199.510613 0.003952402225356 None None 0.38756 1723.533534 -1.0 -1.0 -1.0 -1.0 -1.0 -1.0 -1.0 -1.0 -1.0 -1.0 -1.0 
291 9 20 95.0 0.82 0.0009137393577865 nan nan 0.342748 2218.707945 0.004553842160497 None None 0.389063 1845.058384 -1.0 -1.0 -1.0 -1.0 -1.0 -1.0 -1.0 -1.0 -1.0 -1.0 -1.0 
292 9 21 95.0 0.86 0.001015258713972 nan nan 0.343452 2237.905277 0.005083392630444 None None 0.389531 1977.498966 -1.0 -1.0 -1.0 -1.0 -1.0 -1.0 -1.0 -1.0 -1.0 -1.0 -1.0 
293 9 22 95.0 0.9 0.001116778070157 nan nan 0.344156 2257.102609 0.00551232662345 None None 0.388981 2113.280808 -1.0 -1.0 -1.0 -1.0 -1.0 -1.0 -1.0 -1.0 -1.0 -1.0 -1.0 
294 9 23 95.0 0.94 0.001218297426342 nan nan 0.34486 2276.299941 0.005811917127765 None None 0.387428 2244.82944 -1.0 -1.0 -1.0 -1.0 -1.0 -1.0 -1.0 -1.0 -1.0 -1.0 -1.0 
295 9 24 95.0 0.98 0.001319816782527 nan nan 0.345564 2295.497273 0.005953437131643 None None 0.384888 2364.570392 -1.0 -1.0 -1.0 -1.0 -1.0 -1.0 -1.0 -1.0 -1.0 -1.0 -1.0 
296 9 25 95.0 1.02 0.001421336138712 nan nan 0.346268 2314.694605 0.005908159623335 None None 0.381377 2464.929194 -1.0 -1.0 -1.0 -1.0 -1.0 -1.0 -1.0 -1.0 -1.0 -1.0 -1.0 
297 9 26 95.0 1.06 0.001522855494898 nan nan 0.346971 2333.891937 0.005647357591094 None None 0.37691 2538.331377 -1.0 -1.0 -1.0 -1.0 -1.0 -1.0 -1.0 -1.0 -1.0 -1.0 -1.0 
298 9 27 95.0 1.1 0.001624374851083 nan nan 0.347675 2353.089269 0.005142304023172 None None 0.371503 2577.202469 -1.0 -1.0 -1.0 -1.0 -1.0 -1.0 -1.0 -1.0 -1.0 -1.0 -1.0 
299 9 28 95.0 1.14 0.001725894207268 nan nan 0.348379 2372.286601 0.00436427190782 None None 0.365173 2573.968001 -1.0 -1.0 -1.0 -1.0 -1.0 -1.0 -1.0 -1.0 -1.0 -1.0 -1.0 
300 9 29 95.0 1.18 0.001827413563453 nan nan 0.349083 2391.483933 0.003284534233292 None None 0.357934 2521.053502 -1.0 -1.0 -1.0 -1.0 -1.0 -1.0 -1.0 -1.0 -1.0 -1.0 -1.0 
301 10 0 105.0 0.02 0.001928932919638 0.021475 0.064142 0.349787 2410.681265 0.001874363987839 0.021475 0.064143 0.349803 2410.884503 10540.905284 1.6157409822689215 2186.866314 2970.998297 4044446.606607 0.051033 2978.138758 29.563352 8354.038954 12.302677 0.985549 
302 10 1 105.0 0.06 0.0004731443595986 0.021318 0.063469 0.342073 2283.523167 0.000448826115196 0.021318 0.06347 0.342089 2283.697723 10541.300072 3.208449061173584 2230.321549 3007.121655 4068446.435445 0.114293 3022.168684 59.743566 8310.978507 12.371083 0.972081 
303 10 2 105.0 0.1 9.187690431082e-05 0.021311 0.063439 0.338266 2266.592172 8.270669171258e-05 0.021312 0.063442 0.338302 2266.941695 10541.110978 5.187846356012039 2273.973984 3039.802606 4069442.201311 -0.064178 3064.481473 98.176071 8267.136978 12.405606 0.953654 
304 10 3 105.0 0.14 2.221042092038e-05 0.021295 0.063371 0.33374 2202.603766 1.872718624313e-05 0.021296 0.063376 0.333783 2203.279521 10541.090802 7.124443703554221 2324.242498 3077.972862 4071813.748304 -0.038831 3111.960698 137.135652 8216.848288 12.447311 0.933572 
305 10 4 105.0 0.18 6.410109364794e-06 0.02131 0.063433 0.329534 2141.626705 5.144795047849e-06 0.021312 0.063444 0.329587 2141.998745 10540.877717 9.029070006128103 2380.449044 3120.240187 4069361.171429 -0.008846 3163.740911 177.136559 8160.428657 12.486786 0.910979 
306 10 5 105.0 0.22 2.275375377199e-06 0.021361 0.063656 0.326231 2118.279381 1.848595004789e-06 0.021365 0.063671 0.326287 2119.025246 10540.97831 10.807531002214178 2437.515921 3162.704932 4061218.623651 -0.024307 3214.934315 215.990834 8103.462373 12.518122 0.887872 
307 10 6 105.0 0.26 9.765025270645e-07 0.02156 0.064507 0.32731 2148.969515 8.631204521821e-07 0.021564 0.064522 0.327361 2149.15139 10540.762653 12.482859595176706 2484.24298 3194.145683 4031103.461369 -0.026857 3254.147419 253.408299 8056.519656 12.507992 0.864711 
308 10 7 105.0 0.3 5.068389922909e-07 0.021856 0.065764 0.331644 2265.750322 5.059087030935e-07 0.021859 0.065778 0.331712 2263.392263 10540.617068 14.04514361515992 2518.388213 3214.026269 3987685.664997 -0.074954 3279.624551 288.281636 8022.228839 12.466933 0.8438 
309 10 8 105.0 0.34 8.306827207368e-05 nan nan 0.332272 2269.593126 0.0001027370754142 None None 0.33583 2380.487174 -1.0 -1.0 -1.0 -1.0 -1.0 -1.0 -1.0 -1.0 -1.0 -1.0 -1.0 
310 10 9 105.0 0.38 0.0001656297051551 nan nan 0.332901 2273.435931 0.0003217041005322 None None 0.338993 2477.748464 -1.0 -1.0 -1.0 -1.0 -1.0 -1.0 -1.0 -1.0 -1.0 -1.0 -1.0 
311 10 10 105.0 0.42 0.0002481911382364 nan nan 0.333529 2277.278735 0.0006404451430432 None None 0.341291 2556.539993 -1.0 -1.0 -1.0 -1.0 -1.0 -1.0 -1.0 -1.0 -1.0 -1.0 -1.0 
312 10 11 105.0 0.46 0.0003307525713178 nan nan 0.334158 2281.12154 0.001041998361933 None None 0.342817 2618.225622 -1.0 -1.0 -1.0 -1.0 -1.0 -1.0 -1.0 -1.0 -1.0 -1.0 -1.0 
313 10 12 105.0 0.5 0.0004133140043992 nan nan 0.334786 2284.964344 0.001509401916187 None None 0.34366 2664.169211 -1.0 -1.0 -1.0 -1.0 -1.0 -1.0 -1.0 -1.0 -1.0 -1.0 -1.0 
314 10 13 105.0 0.54 0.0004958754374806 nan nan 0.335414 2288.807148 0.002025693964793 None None 0.343913 2695.73462 -1.0 -1.0 -1.0 -1.0 -1.0 -1.0 -1.0 -1.0 -1.0 -1.0 -1.0 
315 10 14 105.0 0.58 0.000578436870562 nan nan 0.336043 2292.649953 0.002573912666734 None None 0.343665 2714.285709 -1.0 -1.0 -1.0 -1.0 -1.0 -1.0 -1.0 -1.0 -1.0 -1.0 -1.0 
316 10 15 105.0 0.62 0.0006609983036434 nan nan 0.336671 2296.492757 0.003137096180999 None None 0.34301 2721.186339 -1.0 -1.0 -1.0 -1.0 -1.0 -1.0 -1.0 -1.0 -1.0 -1.0 -1.0 
317 10 16 105.0 0.66 0.0007435597367248 nan nan 0.3373 2300.335562 0.003698282666571 None None 0.342036 2717.80037 -1.0 -1.0 -1.0 -1.0 -1.0 -1.0 -1.0 -1.0 -1.0 -1.0 -1.0 
318 10 17 105.0 0.7 0.0008261211698062 nan nan 0.337928 2304.178366 0.004240510282438 None None 0.340836 2705.491663 -1.0 -1.0 -1.0 -1.0 -1.0 -1.0 -1.0 -1.0 -1.0 -1.0 -1.0 
319 10 18 105.0 0.74 0.0009086826028875 nan nan 0.338556 2308.02117 0.004746817187585 None None 0.339501 2685.624078 -1.0 -1.0 -1.0 -1.0 -1.0 -1.0 -1.0 -1.0 -1.0 -1.0 -1.0 
320 10 19 105.0 0.78 0.0009912440359689 nan nan 0.339185 2311.863975 0.005200241540999 None None 0.338122 2659.561474 -1.0 -1.0 -1.0 -1.0 -1.0 -1.0 -1.0 -1.0 -1.0 -1.0 -1.0 
321 10 20 105.0 0.82 0.00107380546905 nan nan 0.339813 2315.706779 0.005583821501664 None None 0.336789 2628.667713 -1.0 -1.0 -1.0 -1.0 -1.0 -1.0 -1.0 -1.0 -1.0 -1.0 -1.0 
322 10 21 105.0 0.86 0.001156366902132 nan nan 0.340441 2319.549583 0.005880595228568 None None 0.335595 2594.306655 -1.0 -1.0 -1.0 -1.0 -1.0 -1.0 -1.0 -1.0 -1.0 -1.0 -1.0 
323 10 22 105.0 0.9 0.001238928335213 nan nan 0.34107 2323.392388 0.006073600880695 None None 0.334629 2557.84216 -1.0 -1.0 -1.0 -1.0 -1.0 -1.0 -1.0 -1.0 -1.0 -1.0 -1.0 
324 10 23 105.0 0.94 0.001321489768294 nan nan 0.341698 2327.235192 0.006145876617033 None None 0.333984 2520.638088 -1.0 -1.0 -1.0 -1.0 -1.0 -1.0 -1.0 -1.0 -1.0 -1.0 -1.0 
325 10 24 105.0 0.98 0.001404051201376 nan nan 0.342327 2331.077997 0.006080460596566 None None 0.333751 2484.0583 -1.0 -1.0 -1.0 -1.0 -1.0 -1.0 -1.0 -1.0 -1.0 -1.0 -1.0 
326 10 25 105.0 1.02 0.001486612634457 nan nan 0.342955 2334.920801 0.005860390978281 None None 0.334019 2449.466655 -1.0 -1.0 -1.0 -1.0 -1.0 -1.0 -1.0 -1.0 -1.0 -1.0 -1.0 
327 10 26 105.0 1.06 0.001569174067539 nan nan 0.343583 2338.763605 0.005468705921164 None None 0.334882 2418.227015 -1.0 -1.0 -1.0 -1.0 -1.0 -1.0 -1.0 -1.0 -1.0 -1.0 -1.0 
328 10 27 105.0 1.1 0.00165173550062 nan nan 0.344212 2342.60641 0.0048884435842 None None 0.336429 2391.70324 -1.0 -1.0 -1.0 -1.0 -1.0 -1.0 -1.0 -1.0 -1.0 -1.0 -1.0 
329 10 28 105.0 1.14 0.001734296933701 nan nan 0.34484 2346.449214 0.004102642126375 None None 0.338751 2371.25919 -1.0 -1.0 -1.0 -1.0 -1.0 -1.0 -1.0 -1.0 -1.0 -1.0 -1.0 
330 10 29 105.0 1.18 0.001816858366783 nan nan 0.345469 2350.292019 0.003094339706677 None None 0.341941 2358.258725 -1.0 -1.0 -1.0 -1.0 -1.0 -1.0 -1.0 -1.0 -1.0 -1.0 -1.0 
331 11 0 115.0 0.02 0.001899419799864 0.021395 0.063801 0.346097 2354.134823 0.001846574484089 0.021395 0.063799 0.346089 2354.065705 10540.84215 1.399048344150444 2205.91359 2987.092075 4056664.296491 0.073779 2998.173257 27.34744 8334.928544 12.335526 0.97999 
332 11 1 115.0 0.06 0.000607755091198 0.021567 0.064537 0.348564 2355.112293 0.0005812963218605 0.021567 0.064537 0.348576 2355.359528 10541.288051 2.821645253680765 2230.383146 3000.867388 4030596.104117 0.116025 3022.509962 55.422344 8310.904889 12.31324 0.963011 
333 11 2 115.0 0.1 0.0001099499448741 0.021574 0.064566 0.343597 2356.048436 0.0001007986954493 0.021574 0.064566 0.343602 2356.194181 10541.11229 4.717562597768659 2291.482653 3046.384889 4029568.143125 -0.226522 3083.15803 94.706974 8249.62962 12.357583 0.937094 
334 11 3 115.0 0.14 2.745529871844e-05 0.021748 0.065308 0.344083 2312.668738 2.413906713071e-05 0.021748 0.065308 0.344089 2312.689969 10540.268582 6.470756155089465 2337.661649 3077.083085 4003778.328591 -0.0638 3126.780677 131.678941 8202.606917 12.353711 0.912703 
335 11 4 115.0 0.18 8.238506087289e-06 0.021782 0.065452 0.339944 1981.040676 7.099516367498e-06 0.021782 0.065452 0.339939 1980.316567 10541.90007 7.935121687884823 2398.684441 3122.903584 3998839.748345 0.547718 3185.042216 164.89409 8143.215613 12.390213 0.888387 
336 11 5 115.0 0.22 0.0001135910023009 nan nan 0.340458 1998.356616 0.0001286674094938 None None 0.334465 1624.335822 -1.0 -1.0 -1.0 -1.0 -1.0 -1.0 -1.0 -1.0 -1.0 -1.0 -1.0 
337 11 6 115.0 0.26 0.0002189434985146 nan nan 0.340972 2015.672555 0.0004078796367189 None None 0.329548 1329.480703 -1.0 -1.0 -1.0 -1.0 -1.0 -1.0 -1.0 -1.0 -1.0 -1.0 -1.0 
338 11 7 115.0 0.3 0.0003242959947283 nan nan 0.341485 2032.988495 0.000824843615621 None None 0.325178 1091.843734 -1.0 -1.0 -1.0 -1.0 -1.0 -1.0 -1.0 -1.0 -1.0 -1.0 -1.0 
339 11 8 115.0 0.34 0.0004296484909419 nan nan 0.341999 2050.304435 0.001359666763778 None None 0.321345 907.517439 -1.0 -1.0 -1.0 -1.0 -1.0 -1.0 -1.0 -1.0 -1.0 -1.0 -1.0 
340 11 9 115.0 0.38 0.0005350009871556 nan nan 0.342513 2067.620374 0.001992456498769 None None 0.318039 772.594341 -1.0 -1.0 -1.0 -1.0 -1.0 -1.0 -1.0 -1.0 -1.0 -1.0 -1.0 
341 11 10 115.0 0.42 0.0006403534833692 nan nan 0.343027 2084.936314 0.002703320238172 None None 0.315251 683.166965 -1.0 -1.0 -1.0 -1.0 -1.0 -1.0 -1.0 -1.0 -1.0 -1.0 -1.0 
342 11 11 115.0 0.46 0.0007457059795829 nan nan 0.34354 2102.252254 0.003472365399564 None None 0.312971 635.327834 -1.0 -1.0 -1.0 -1.0 -1.0 -1.0 -1.0 -1.0 -1.0 -1.0 -1.0 
343 11 12 115.0 0.5 0.0008510584757965 nan nan 0.344054 2119.568194 0.004279699400524 None None 0.311189 625.169472 -1.0 -1.0 -1.0 -1.0 -1.0 -1.0 -1.0 -1.0 -1.0 -1.0 -1.0 
344 11 13 115.0 0.54 0.0009564109720102 nan nan 0.344568 2136.884133 0.005105429658631 None None 0.309896 648.784403 -1.0 -1.0 -1.0 -1.0 -1.0 -1.0 -1.0 -1.0 -1.0 -1.0 -1.0 
345 11 14 115.0 0.58 0.001061763468224 nan nan 0.345082 2154.200073 0.005929663591463 None None 0.309082 702.265152 -1.0 -1.0 -1.0 -1.0 -1.0 -1.0 -1.0 -1.0 -1.0 -1.0 -1.0 
346 11 15 115.0 0.62 0.001167115964437 nan nan 0.345595 2171.516013 0.006732508616598 None None 0.308737 781.704241 -1.0 -1.0 -1.0 -1.0 -1.0 -1.0 -1.0 -1.0 -1.0 -1.0 -1.0 
347 11 16 115.0 0.66 0.001272468460651 nan nan 0.346109 2188.831952 0.007494072151613 None None 0.308852 883.194194 -1.0 -1.0 -1.0 -1.0 -1.0 -1.0 -1.0 -1.0 -1.0 -1.0 -1.0 
348 11 17 115.0 0.7 0.001377820956865 nan nan 0.346623 2206.147892 0.008194461614088 None None 0.309417 1002.827537 -1.0 -1.0 -1.0 -1.0 -1.0 -1.0 -1.0 -1.0 -1.0 -1.0 -1.0 
349 11 18 115.0 0.74 0.001483173453078 nan nan 0.347137 2223.463832 0.008813784421601 None None 0.310422 1136.696791 -1.0 -1.0 -1.0 -1.0 -1.0 -1.0 -1.0 -1.0 -1.0 -1.0 -1.0 
350 11 19 115.0 0.78 0.001588525949292 nan nan 0.347651 2240.779771 0.009332147991729 None None 0.311858 1280.894482 -1.0 -1.0 -1.0 -1.0 -1.0 -1.0 -1.0 -1.0 -1.0 -1.0 -1.0 
351 11 20 115.0 0.82 0.001693878445506 nan nan 0.348164 2258.095711 0.009729659742052 None None 0.313714 1431.513133 -1.0 -1.0 -1.0 -1.0 -1.0 -1.0 -1.0 -1.0 -1.0 -1.0 -1.0 
352 11 21 115.0 0.86 0.001799230941719 nan nan 0.348678 2275.411651 0.009986427090146 None None 0.315982 1584.645268 -1.0 -1.0 -1.0 -1.0 -1.0 -1.0 -1.0 -1.0 -1.0 -1.0 -1.0 
353 11 22 115.0 0.9 0.001904583437933 nan nan 0.349192 2292.72759 0.01008255745359 None None 0.318651 1736.38341 -1.0 -1.0 -1.0 -1.0 -1.0 -1.0 -1.0 -1.0 -1.0 -1.0 -1.0 
354 11 23 115.0 0.94 0.002009935934147 nan nan 0.349706 2310.04353 0.009998158249965 None None 0.321713 1882.820085 -1.0 -1.0 -1.0 -1.0 -1.0 -1.0 -1.0 -1.0 -1.0 -1.0 -1.0 
355 11 24 115.0 0.98 0.00211528843036 nan nan 0.350219 2327.35947 0.009713336896846 None None 0.325156 2020.047815 -1.0 -1.0 -1.0 -1.0 -1.0 -1.0 -1.0 -1.0 -1.0 -1.0 -1.0 
356 11 25 115.0 1.02 0.002220640926574 nan nan 0.350733 2344.67541 0.009208200811813 None None 0.328972 2144.159124 -1.0 -1.0 -1.0 -1.0 -1.0 -1.0 -1.0 -1.0 -1.0 -1.0 -1.0 
357 11 26 115.0 1.06 0.002325993422788 nan nan 0.351247 2361.991349 0.008462857412442 None None 0.333151 2251.246536 -1.0 -1.0 -1.0 -1.0 -1.0 -1.0 -1.0 -1.0 -1.0 -1.0 -1.0 
358 11 27 115.0 1.1 0.002431345919001 nan nan 0.351761 2379.307289 0.007457414116314 None None 0.337683 2337.402576 -1.0 -1.0 -1.0 -1.0 -1.0 -1.0 -1.0 -1.0 -1.0 -1.0 -1.0 
359 11 28 115.0 1.14 0.002536698415215 nan nan 0.352274 2396.623229 0.006171978341005 None None 0.342558 2398.719766 -1.0 -1.0 -1.0 -1.0 -1.0 -1.0 -1.0 -1.0 -1.0 -1.0 -1.0 
360 11 29 115.0 1.18 0.002642050911429 nan nan 0.352788 2413.939168 0.004586657504095 None None 0.347767 2431.290632 -1.0 -1.0 -1.0 -1.0 -1.0 -1.0 -1.0 -1.0 -1.0 -1.0 -1.0 
361 12 0 125.0 0.02 0.002747403407642 0.021606 0.064703 0.353302 2431.255108 0.002681559023161 0.021606 0.064702 0.3533 2431.207696 10541.570925 0.8952465548919113 2186.912575 2967.723687 4024797.272754 0.407196 2978.468886 19.210835 8354.658335 12.271794 0.98074 
362 12 1 125.0 0.06 0.0005651582596241 0.021964 0.066219 0.35898 2402.116716 0.0005400930477615 0.021963 0.066218 0.358978 2401.946736 10540.695658 2.6446012949853404 2228.46183 2989.779837 3972741.345553 0.544299 3020.401957 56.960976 8312.233812 12.223574 0.950006 
363 12 2 125.0 0.1 0.0006489230362394 nan nan 0.358646 2402.274521 -0.00144298539892 None None 0.36412 2369.759199 -1.0 -1.0 -1.0 -1.0 -1.0 -1.0 -1.0 -1.0 -1.0 -1.0 -1.0 
364 12 3 125.0 0.14 0.0007326878128547 nan nan 0.358312 2402.432326 -0.003177082778906 None None 0.368582 2341.250411 -1.0 -1.0 -1.0 -1.0 -1.0 -1.0 -1.0 -1.0 -1.0 -1.0 -1.0 
365 12 4 125.0 0.18 0.00081645258947 nan nan 0.357978 2402.590131 -0.004673471608515 None None 0.372395 2316.268356 -1.0 -1.0 -1.0 -1.0 -1.0 -1.0 -1.0 -1.0 -1.0 -1.0 -1.0 
366 12 5 125.0 0.22 0.0009002173660852 nan nan 0.357644 2402.747936 -0.005943424404065 None None 0.375593 2294.661016 -1.0 -1.0 -1.0 -1.0 -1.0 -1.0 -1.0 -1.0 -1.0 -1.0 -1.0 
367 12 6 125.0 0.26 0.0009839821427005 nan nan 0.35731 2402.905741 -0.006998213681874 None None 0.378206 2276.276374 -1.0 -1.0 -1.0 -1.0 -1.0 -1.0 -1.0 -1.0 -1.0 -1.0 -1.0 
368 12 7 125.0 0.3 0.001067746919316 nan nan 0.356976 2403.063546 -0.007849111958261 None None 0.380268 2260.962413 -1.0 -1.0 -1.0 -1.0 -1.0 -1.0 -1.0 -1.0 -1.0 -1.0 -1.0 
369 12 8 125.0 0.34 0.001151511695931 nan nan 0.356642 2403.221351 -0.008507391749543 None None 0.38181 2248.567116 -1.0 -1.0 -1.0 -1.0 -1.0 -1.0 -1.0 -1.0 -1.0 -1.0 -1.0 
370 12 9 125.0 0.38 0.001235276472546 nan nan 0.356308 2403.379156 -0.00898432557204 None None 0.382865 2238.938466 -1.0 -1.0 -1.0 -1.0 -1.0 -1.0 -1.0 -1.0 -1.0 -1.0 -1.0 
371 12 10 125.0 0.42 0.001319041249162 nan nan 0.355974 2403.536961 -0.009291185942069 None None 0.383464 2231.924445 -1.0 -1.0 -1.0 -1.0 -1.0 -1.0 -1.0 -1.0 -1.0 -1.0 -1.0 
372 12 11 125.0 0.46 0.001402806025777 nan nan 0.35564 2403.694766 -0.009439245375948 None None 0.38364 2227.373038 -1.0 -1.0 -1.0 -1.0 -1.0 -1.0 -1.0 -1.0 -1.0 -1.0 -1.0 
373 12 12 125.0 0.5 0.001486570802392 nan nan 0.355306 2403.852571 -0.009439776389997 None None 0.383425 2225.132227 -1.0 -1.0 -1.0 -1.0 -1.0 -1.0 -1.0 -1.0 -1.0 -1.0 -1.0 
374 12 13 125.0 0.54 0.001570335579007 nan nan 0.354972 2404.010376 -0.009304051500532 None None 0.38285 2225.049994 -1.0 -1.0 -1.0 -1.0 -1.0 -1.0 -1.0 -1.0 -1.0 -1.0 -1.0 
375 12 14 125.0 0.58 0.001654100355623 nan nan 0.354638 2404.168181 -0.009043343223873 None None 0.381949 2226.974322 -1.0 -1.0 -1.0 -1.0 -1.0 -1.0 -1.0 -1.0 -1.0 -1.0 -1.0 
376 12 15 125.0 0.62 0.001737865132238 nan nan 0.354304 2404.325986 -0.008668924076338 None None 0.380753 2230.753196 -1.0 -1.0 -1.0 -1.0 -1.0 -1.0 -1.0 -1.0 -1.0 -1.0 -1.0 
377 12 16 125.0 0.66 0.001821629908853 nan nan 0.35397 2404.483792 -0.008192066574244 None None 0.379294 2236.234596 -1.0 -1.0 -1.0 -1.0 -1.0 -1.0 -1.0 -1.0 -1.0 -1.0 -1.0 
378 12 17 125.0 0.7 0.001905394685469 nan nan 0.353636 2404.641597 -0.007624043233911 None None 0.377605 2243.266507 -1.0 -1.0 -1.0 -1.0 -1.0 -1.0 -1.0 -1.0 -1.0 -1.0 -1.0 
379 12 18 125.0 0.74 0.001989159462084 nan nan 0.353302 2404.799402 -0.006976126571656 None None 0.375717 2251.696912 -1.0 -1.0 -1.0 -1.0 -1.0 -1.0 -1.0 -1.0 -1.0 -1.0 -1.0 
380 12 19 125.0 0.78 0.002072924238699 nan nan 0.352968 2404.957207 -0.006259589103797 None None 0.373663 2261.373793 -1.0 -1.0 -1.0 -1.0 -1.0 -1.0 -1.0 -1.0 -1.0 -1.0 -1.0 
381 12 20 125.0 0.82 0.002156689015314 nan nan 0.352634 2405.115012 -0.005485703346654 None None 0.371475 2272.145133 -1.0 -1.0 -1.0 -1.0 -1.0 -1.0 -1.0 -1.0 -1.0 -1.0 -1.0 
382 12 21 125.0 0.86 0.00224045379193 nan nan 0.3523 2405.272817 -0.004665741816544 None None 0.369185 2283.858915 -1.0 -1.0 -1.0 -1.0 -1.0 -1.0 -1.0 -1.0 -1.0 -1.0 -1.0 
383 12 22 125.0 0.9 0.002324218568545 nan nan 0.351966 2405.430622 -0.003810977029785 None None 0.366825 2296.363122 -1.0 -1.0 -1.0 -1.0 -1.0 -1.0 -1.0 -1.0 -1.0 -1.0 -1.0 
384 12 23 125.0 0.94 0.00240798334516 nan nan 0.351632 2405.588427 -0.002932681502697 None None 0.364427 2309.505737 -1.0 -1.0 -1.0 -1.0 -1.0 -1.0 -1.0 -1.0 -1.0 -1.0 -1.0 
385 12 24 125.0 0.98 0.002491748121776 nan nan 0.351298 2405.746232 -0.002042127751596 None None 0.362024 2323.134743 -1.0 -1.0 -1.0 -1.0 -1.0 -1.0 -1.0 -1.0 -1.0 -1.0 -1.0 
386 12 25 125.0 1.02 0.002575512898391 nan nan 0.350964 2405.904037 -0.001150588292802 None None 0.359646 2337.098123 -1.0 -1.0 -1.0 -1.0 -1.0 -1.0 -1.0 -1.0 -1.0 -1.0 -1.0 
387 12 26 125.0 1.06 0.002659277675006 nan nan 0.35063 2406.061842 -0.0002693356426318 None None 0.357328 2351.24386 -1.0 -1.0 -1.0 -1.0 -1.0 -1.0 -1.0 -1.0 -1.0 -1.0 -1.0 
388 12 27 125.0 1.1 0.002743042451621 nan nan 0.350296 2406.219647 0.0005903576825953 None None 0.3551 2365.419937 -1.0 -1.0 -1.0 -1.0 -1.0 -1.0 -1.0 -1.0 -1.0 -1.0 -1.0 
389 12 28 125.0 1.14 0.002826807228237 nan nan 0.349962 2406.377452 0.001417219166561 None None 0.352996 2379.474336 -1.0 -1.0 -1.0 -1.0 -1.0 -1.0 -1.0 -1.0 -1.0 -1.0 -1.0 
390 12 29 125.0 1.18 0.002910572004852 nan nan 0.349628 2406.535257 0.002199976292948 None None 0.351046 2393.255041 -1.0 -1.0 -1.0 -1.0 -1.0 -1.0 -1.0 -1.0 -1.0 -1.0 -1.0 
391 13 0 135.0 0.02 0.002994336781467 0.021485 0.064187 0.349294 2406.693062 0.002927356545437 0.021485 0.064185 0.349283 2406.610034 10540.416715 0.7455326830242271 2195.573545 2977.166888 4042979.488159 -0.094917 2987.594923 16.889565 8344.843154 12.307525 0.981284 
392 13 1 135.0 0.06 0.003018522036047 nan nan 0.349685 2412.016728 0.003590330141871 None None 0.347733 2419.413636 -1.0 -1.0 -1.0 -1.0 -1.0 -1.0 -1.0 -1.0 -1.0 -1.0 -1.0 
393 13 2 135.0 0.1 0.003042707290628 nan nan 0.350076 2417.340395 0.004188838236743 None None 0.346394 2431.645516 -1.0 -1.0 -1.0 -1.0 -1.0 -1.0 -1.0 -1.0 -1.0 -1.0 -1.0 
394 13 3 135.0 0.14 0.003066892545208 nan nan 0.350467 2422.664061 0.004725064718703 None None 0.345257 2443.311682 -1.0 -1.0 -1.0 -1.0 -1.0 -1.0 -1.0 -1.0 -1.0 -1.0 -1.0 
395 13 4 135.0 0.18 0.003091077799788 nan nan 0.350858 2427.987727 0.005201193476404 None None 0.344315 2454.418139 -1.0 -1.0 -1.0 -1.0 -1.0 -1.0 -1.0 -1.0 -1.0 -1.0 -1.0 
396 13 5 135.0 0.22 0.003115263054369 nan nan 0.351249 2433.311394 0.0056194083985 None None 0.343559 2464.970894 -1.0 -1.0 -1.0 -1.0 -1.0 -1.0 -1.0 -1.0 -1.0 -1.0 -1.0 
397 13 6 135.0 0.26 0.003139448308949 nan nan 0.35164 2438.63506 0.005981893373641 None None 0.342981 2474.975954 -1.0 -1.0 -1.0 -1.0 -1.0 -1.0 -1.0 -1.0 -1.0 -1.0 -1.0 
398 13 7 135.0 0.3 0.003163633563529 nan nan 0.352031 2443.958726 0.006290832290481 None None 0.342573 2484.439326 -1.0 -1.0 -1.0 -1.0 -1.0 -1.0 -1.0 -1.0 -1.0 -1.0 -1.0 
399 13 8 135.0 0.34 0.003187818818109 nan nan 0.352422 2449.282393 0.006548409037672 None None 0.342326 2493.367017 -1.0 -1.0 -1.0 -1.0 -1.0 -1.0 -1.0 -1.0 -1.0 -1.0 -1.0 
400 13 9 135.0 0.38 0.00321200407269 nan nan 0.352813 2454.606059 0.006756807503866 None None 0.342232 2501.765034 -1.0 -1.0 -1.0 -1.0 -1.0 -1.0 -1.0 -1.0 -1.0 -1.0 -1.0 
401 13 10 135.0 0.42 0.00323618932727 nan nan 0.353204 2459.929725 0.006918211577715 None None 0.342284 2509.639382 -1.0 -1.0 -1.0 -1.0 -1.0 -1.0 -1.0 -1.0 -1.0 -1.0 -1.0 
402 13 11 135.0 0.46 0.00326037458185 nan nan 0.353595 2465.253392 0.007034805147873 None None 0.342472 2516.996069 -1.0 -1.0 -1.0 -1.0 -1.0 -1.0 -1.0 -1.0 -1.0 -1.0 -1.0 
403 13 12 135.0 0.5 0.003284559836431 nan nan 0.353986 2470.577058 0.007108772102991 None None 0.342788 2523.841101 -1.0 -1.0 -1.0 -1.0 -1.0 -1.0 -1.0 -1.0 -1.0 -1.0 -1.0 
404 13 13 135.0 0.54 0.003308745091011 nan nan 0.354377 2475.900724 0.007142296331723 None None 0.343225 2530.180486 -1.0 -1.0 -1.0 -1.0 -1.0 -1.0 -1.0 -1.0 -1.0 -1.0 -1.0 
405 13 14 135.0 0.58 0.003332930345591 nan nan 0.354768 2481.224391 0.007137561722719 None None 0.343773 2536.02023 -1.0 -1.0 -1.0 -1.0 -1.0 -1.0 -1.0 -1.0 -1.0 -1.0 -1.0 
406 13 15 135.0 0.62 0.003357115600172 nan nan 0.355159 2486.548057 0.007096752164633 None None 0.344425 2541.366339 -1.0 -1.0 -1.0 -1.0 -1.0 -1.0 -1.0 -1.0 -1.0 -1.0 -1.0 
407 13 16 135.0 0.66 0.003381300854752 nan nan 0.355551 2491.871723 0.007022051546117 None None 0.345172 2546.224821 -1.0 -1.0 -1.0 -1.0 -1.0 -1.0 -1.0 -1.0 -1.0 -1.0 -1.0 
408 13 17 135.0 0.7 0.003405486109332 nan nan 0.355942 2497.19539 0.006915643755824 None None 0.346007 2550.601682 -1.0 -1.0 -1.0 -1.0 -1.0 -1.0 -1.0 -1.0 -1.0 -1.0 -1.0 
409 13 18 135.0 0.74 0.003429671363912 nan nan 0.356333 2502.519056 0.006779712682406 None None 0.34692 2554.502929 -1.0 -1.0 -1.0 -1.0 -1.0 -1.0 -1.0 -1.0 -1.0 -1.0 -1.0 
410 13 19 135.0 0.78 0.003453856618493 nan nan 0.356724 2507.842722 0.006616442214515 None None 0.347904 2557.934569 -1.0 -1.0 -1.0 -1.0 -1.0 -1.0 -1.0 -1.0 -1.0 -1.0 -1.0 
411 13 20 135.0 0.82 0.003478041873073 nan nan 0.357115 2513.166389 0.006428016240803 None None 0.34895 2560.902608 -1.0 -1.0 -1.0 -1.0 -1.0 -1.0 -1.0 -1.0 -1.0 -1.0 -1.0 
412 13 21 135.0 0.86 0.003502227127653 nan nan 0.357506 2518.490055 0.006216618649924 None None 0.350051 2563.413053 -1.0 -1.0 -1.0 -1.0 -1.0 -1.0 -1.0 -1.0 -1.0 -1.0 -1.0 
413 13 22 135.0 0.9 0.003526412382234 nan nan 0.357897 2523.813721 0.005984433330529 None None 0.351197 2565.47191 -1.0 -1.0 -1.0 -1.0 -1.0 -1.0 -1.0 -1.0 -1.0 -1.0 -1.0 
414 13 23 135.0 0.94 0.003550597636814 nan nan 0.358288 2529.137388 0.005733644171271 None None 0.352381 2567.085188 -1.0 -1.0 -1.0 -1.0 -1.0 -1.0 -1.0 -1.0 -1.0 -1.0 -1.0 
415 13 24 135.0 0.98 0.003574782891394 nan nan 0.358679 2534.461054 0.005466435060802 None None 0.353594 2568.258892 -1.0 -1.0 -1.0 -1.0 -1.0 -1.0 -1.0 -1.0 -1.0 -1.0 -1.0 
416 13 25 135.0 1.02 0.003598968145974 nan nan 0.35907 2539.78472 0.005184989887775 None None 0.354828 2568.999028 -1.0 -1.0 -1.0 -1.0 -1.0 -1.0 -1.0 -1.0 -1.0 -1.0 -1.0 
417 13 26 135.0 1.06 0.003623153400555 nan nan 0.359461 2545.108387 0.004891492540842 None None 0.356075 2569.311605 -1.0 -1.0 -1.0 -1.0 -1.0 -1.0 -1.0 -1.0 -1.0 -1.0 -1.0 
418 13 27 135.0 1.1 0.003647338655135 nan nan 0.359852 2550.432053 0.004588126908656 None None 0.357326 2569.202628 -1.0 -1.0 -1.0 -1.0 -1.0 -1.0 -1.0 -1.0 -1.0 -1.0 -1.0 
419 13 28 135.0 1.14 0.003671523909715 nan nan 0.360243 2555.755719 0.004277076879868 None None 0.358574 2568.678104 -1.0 -1.0 -1.0 -1.0 -1.0 -1.0 -1.0 -1.0 -1.0 -1.0 -1.0 
420 13 29 135.0 1.18 0.003695709164296 nan nan 0.360634 2561.079386 0.003960526343132 None None 0.35981 2567.74404 -1.0 -1.0 -1.0 -1.0 -1.0 -1.0 -1.0 -1.0 -1.0 -1.0 -1.0 
421 14 0 145.0 0.02 0.003719894418876 0.021821 0.065616 0.361025 2566.403052 0.003640659187099 0.021821 0.065616 0.361025 2566.406443 10539.857087 0.3176478016205284 2161.1344 2943.418908 3993212.974602 -0.230747 2951.582008 9.904261 8378.722671 12.206728 0.98465 
422 14 1 145.0 0.06 0.003709477079653 nan nan 0.360562 2559.803914 0.003319659300423 None None 0.362212 2564.671319 -1.0 -1.0 -1.0 -1.0 -1.0 -1.0 -1.0 -1.0 -1.0 -1.0 -1.0 
423 14 2 145.0 0.1 0.00369905974043 nan nan 0.360098 2553.204777 0.002999710571754 None None 0.363362 2562.544676 -1.0 -1.0 -1.0 -1.0 -1.0 -1.0 -1.0 -1.0 -1.0 -1.0 -1.0 
424 14 3 145.0 0.14 0.003688642401208 nan nan 0.359635 2546.605639 0.002682996889747 None None 0.364467 2560.032519 -1.0 -1.0 -1.0 -1.0 -1.0 -1.0 -1.0 -1.0 -1.0 -1.0 -1.0 
425 14 4 145.0 0.18 0.003678225061985 nan nan 0.359171 2540.006501 0.002371702143053 None None 0.365519 2557.140856 -1.0 -1.0 -1.0 -1.0 -1.0 -1.0 -1.0 -1.0 -1.0 -1.0 -1.0 
426 14 5 145.0 0.22 0.003667807722762 nan nan 0.358708 2533.407364 0.002068010220325 None None 0.36651 2553.875693 -1.0 -1.0 -1.0 -1.0 -1.0 -1.0 -1.0 -1.0 -1.0 -1.0 -1.0 
427 14 6 145.0 0.26 0.00365739038354 nan nan 0.358244 2526.808226 0.001774105010214 None None 0.367431 2550.243037 -1.0 -1.0 -1.0 -1.0 -1.0 -1.0 -1.0 -1.0 -1.0 -1.0 -1.0 
428 14 7 145.0 0.3 0.003646973044317 nan nan 0.357781 2520.209088 0.001492170401375 None None 0.368273 2546.248895 -1.0 -1.0 -1.0 -1.0 -1.0 -1.0 -1.0 -1.0 -1.0 -1.0 -1.0 
429 14 8 145.0 0.34 0.003636555705094 nan nan 0.357317 2513.609951 0.001224390282458 None None 0.369029 2541.899274 -1.0 -1.0 -1.0 -1.0 -1.0 -1.0 -1.0 -1.0 -1.0 -1.0 -1.0 
430 14 9 145.0 0.38 0.003626138365871 nan nan 0.356854 2507.010813 0.0009729485421159 None None 0.369691 2537.20018 -1.0 -1.0 -1.0 -1.0 -1.0 -1.0 -1.0 -1.0 -1.0 -1.0 -1.0 
431 14 10 145.0 0.42 0.003615721026649 nan nan 0.35639 2500.411675 0.0007400290690018 None None 0.37025 2532.15762 -1.0 -1.0 -1.0 -1.0 -1.0 -1.0 -1.0 -1.0 -1.0 -1.0 -1.0 
432 14 11 145.0 0.46 0.003605303687426 nan nan 0.355927 2493.812538 0.0005278157517677 None None 0.370698 2526.7776 -1.0 -1.0 -1.0 -1.0 -1.0 -1.0 -1.0 -1.0 -1.0 -1.0 -1.0 
433 14 12 145.0 0.5 0.003594886348203 nan nan 0.355463 2487.2134 0.0003384924790661 None None 0.371027 2521.066128 -1.0 -1.0 -1.0 -1.0 -1.0 -1.0 -1.0 -1.0 -1.0 -1.0 -1.0 
434 14 13 145.0 0.54 0.00358446900898 nan nan 0.355 2480.614262 0.0001742431395494 None None 0.371227 2515.02921 -1.0 -1.0 -1.0 -1.0 -1.0 -1.0 -1.0 -1.0 -1.0 -1.0 -1.0 
435 14 14 145.0 0.58 0.003574051669758 nan nan 0.354536 2474.015125 3.725162186991e-05 None None 0.371293 2508.672854 -1.0 -1.0 -1.0 -1.0 -1.0 -1.0 -1.0 -1.0 -1.0 -1.0 -1.0 
436 14 15 145.0 0.62 0.003563634330535 nan nan 0.354073 2467.415987 -7.029818531994e-05 None None 0.371214 2502.003064 -1.0 -1.0 -1.0 -1.0 -1.0 -1.0 -1.0 -1.0 -1.0 -1.0 -1.0 
437 14 16 145.0 0.66 0.003553216991312 nan nan 0.35361 2460.816849 -0.0001462223933677 None None 0.370982 2495.02585 -1.0 -1.0 -1.0 -1.0 -1.0 -1.0 -1.0 -1.0 -1.0 -1.0 -1.0 
438 14 17 145.0 0.7 0.003542799652089 nan nan 0.353146 2454.217712 -0.0001883371136211 None None 0.37059 2487.747216 -1.0 -1.0 -1.0 -1.0 -1.0 -1.0 -1.0 -1.0 -1.0 -1.0 -1.0 
439 14 18 145.0 0.74 0.003532382312867 nan nan 0.352683 2447.618574 -0.0001944584574276 None None 0.370029 2480.17317 -1.0 -1.0 -1.0 -1.0 -1.0 -1.0 -1.0 -1.0 -1.0 -1.0 -1.0 
440 14 19 145.0 0.78 0.003521964973644 nan nan 0.352219 2441.019436 -0.0001624025361349 None None 0.369291 2472.309719 -1.0 -1.0 -1.0 -1.0 -1.0 -1.0 -1.0 -1.0 -1.0 -1.0 -1.0 
441 14 20 145.0 0.82 0.003511547634421 nan nan 0.351756 2434.420299 -8.998546109054e-05 None None 0.368368 2464.162869 -1.0 -1.0 -1.0 -1.0 -1.0 -1.0 -1.0 -1.0 -1.0 -1.0 -1.0 
442 14 21 145.0 0.86 0.003501130295199 nan nan 0.351292 2427.821161 2.497665635786e-05 None None 0.367251 2455.738627 -1.0 -1.0 -1.0 -1.0 -1.0 -1.0 -1.0 -1.0 -1.0 -1.0 -1.0 
443 14 22 145.0 0.9 0.003490712955976 nan nan 0.350829 2421.222023 0.0001846677048627 None None 0.365932 2447.043 -1.0 -1.0 -1.0 -1.0 -1.0 -1.0 -1.0 -1.0 -1.0 -1.0 -1.0 
444 14 23 145.0 0.94 0.003480295616753 nan nan 0.350365 2414.622886 0.0003912715730764 None None 0.364403 2438.081994 -1.0 -1.0 -1.0 -1.0 -1.0 -1.0 -1.0 -1.0 -1.0 -1.0 -1.0 
445 14 24 145.0 0.98 0.00346987827753 nan nan 0.349902 2408.023748 0.0006469721496513 None None 0.362655 2428.861617 -1.0 -1.0 -1.0 -1.0 -1.0 -1.0 -1.0 -1.0 -1.0 -1.0 -1.0 
446 14 25 145.0 1.02 0.003459460938308 nan nan 0.349438 2401.42461 0.0009539533232398 None None 0.360681 2419.387874 -1.0 -1.0 -1.0 -1.0 -1.0 -1.0 -1.0 -1.0 -1.0 -1.0 -1.0 
447 14 26 145.0 1.06 0.003449043599085 nan nan 0.348975 2394.825473 0.001314398982494 None None 0.358472 2409.666773 -1.0 -1.0 -1.0 -1.0 -1.0 -1.0 -1.0 -1.0 -1.0 -1.0 -1.0 
448 14 27 145.0 1.1 0.003438626259862 nan nan 0.348511 2388.226335 0.001730493016067 None None 0.35602 2399.704321 -1.0 -1.0 -1.0 -1.0 -1.0 -1.0 -1.0 -1.0 -1.0 -1.0 -1.0 
449 14 28 145.0 1.14 0.003428208920639 nan nan 0.348048 2381.627197 0.002204419312611 None None 0.353316 2389.506524 -1.0 -1.0 -1.0 -1.0 -1.0 -1.0 -1.0 -1.0 -1.0 -1.0 -1.0 
450 14 29 145.0 1.18 0.003417791581417 nan nan 0.347584 2375.02806 0.002738361760778 None None 0.350352 2379.079389 -1.0 -1.0 -1.0 -1.0 -1.0 -1.0 -1.0 -1.0 -1.0 -1.0 -1.0 
451 15 0 155.0 0.02 0.003407374242194 0.021402 0.063828 0.347121 2368.428922 0.003334504249221 0.021402 0.063828 0.347121 2368.428922 10541.498 0.23348030151581045 2196.33589 2979.853387 4055634.866808 0.611838 2988.50171 9.595635 8345.162094 12.325975 0.984014 
452 15 1 155.0 0.06 0.003407374242194 nan nan 0.347121 2368.428922 nan None None nan nan -1.0 -1.0 -1.0 -1.0 -1.0 -1.0 -1.0 -1.0 -1.0 -1.0 -1.0 
453 15 2 155.0 0.1 0.003407374242194 nan nan 0.347121 2368.428922 nan None None nan nan -1.0 -1.0 -1.0 -1.0 -1.0 -1.0 -1.0 -1.0 -1.0 -1.0 -1.0 
454 15 3 155.0 0.14 0.003407374242194 nan nan 0.347121 2368.428922 nan None None nan nan -1.0 -1.0 -1.0 -1.0 -1.0 -1.0 -1.0 -1.0 -1.0 -1.0 -1.0 
455 15 4 155.0 0.18 0.003407374242194 nan nan 0.347121 2368.428922 nan None None nan nan -1.0 -1.0 -1.0 -1.0 -1.0 -1.0 -1.0 -1.0 -1.0 -1.0 -1.0 
456 15 5 155.0 0.22 0.003407374242194 nan nan 0.347121 2368.428922 nan None None nan nan -1.0 -1.0 -1.0 -1.0 -1.0 -1.0 -1.0 -1.0 -1.0 -1.0 -1.0 
457 15 6 155.0 0.26 0.003407374242194 nan nan 0.347121 2368.428922 nan None None nan nan -1.0 -1.0 -1.0 -1.0 -1.0 -1.0 -1.0 -1.0 -1.0 -1.0 -1.0 
458 15 7 155.0 0.3 0.003407374242194 nan nan 0.347121 2368.428922 nan None None nan nan -1.0 -1.0 -1.0 -1.0 -1.0 -1.0 -1.0 -1.0 -1.0 -1.0 -1.0 
459 15 8 155.0 0.34 0.003407374242194 nan nan 0.347121 2368.428922 nan None None nan nan -1.0 -1.0 -1.0 -1.0 -1.0 -1.0 -1.0 -1.0 -1.0 -1.0 -1.0 
460 15 9 155.0 0.38 0.003407374242194 nan nan 0.347121 2368.428922 nan None None nan nan -1.0 -1.0 -1.0 -1.0 -1.0 -1.0 -1.0 -1.0 -1.0 -1.0 -1.0 
461 15 10 155.0 0.42 0.003407374242194 nan nan 0.347121 2368.428922 nan None None nan nan -1.0 -1.0 -1.0 -1.0 -1.0 -1.0 -1.0 -1.0 -1.0 -1.0 -1.0 
462 15 11 155.0 0.46 0.003407374242194 nan nan 0.347121 2368.428922 nan None None nan nan -1.0 -1.0 -1.0 -1.0 -1.0 -1.0 -1.0 -1.0 -1.0 -1.0 -1.0 
463 15 12 155.0 0.5 0.003407374242194 nan nan 0.347121 2368.428922 nan None None nan nan -1.0 -1.0 -1.0 -1.0 -1.0 -1.0 -1.0 -1.0 -1.0 -1.0 -1.0 
464 15 13 155.0 0.54 0.003407374242194 nan nan 0.347121 2368.428922 nan None None nan nan -1.0 -1.0 -1.0 -1.0 -1.0 -1.0 -1.0 -1.0 -1.0 -1.0 -1.0 
465 15 14 155.0 0.58 0.003407374242194 nan nan 0.347121 2368.428922 nan None None nan nan -1.0 -1.0 -1.0 -1.0 -1.0 -1.0 -1.0 -1.0 -1.0 -1.0 -1.0 
466 15 15 155.0 0.62 0.003407374242194 nan nan 0.347121 2368.428922 nan None None nan nan -1.0 -1.0 -1.0 -1.0 -1.0 -1.0 -1.0 -1.0 -1.0 -1.0 -1.0 
467 15 16 155.0 0.66 0.003407374242194 nan nan 0.347121 2368.428922 nan None None nan nan -1.0 -1.0 -1.0 -1.0 -1.0 -1.0 -1.0 -1.0 -1.0 -1.0 -1.0 
468 15 17 155.0 0.7 0.003407374242194 nan nan 0.347121 2368.428922 nan None None nan nan -1.0 -1.0 -1.0 -1.0 -1.0 -1.0 -1.0 -1.0 -1.0 -1.0 -1.0 
469 15 18 155.0 0.74 0.003407374242194 nan nan 0.347121 2368.428922 nan None None nan nan -1.0 -1.0 -1.0 -1.0 -1.0 -1.0 -1.0 -1.0 -1.0 -1.0 -1.0 
470 15 19 155.0 0.78 0.003407374242194 nan nan 0.347121 2368.428922 nan None None nan nan -1.0 -1.0 -1.0 -1.0 -1.0 -1.0 -1.0 -1.0 -1.0 -1.0 -1.0 
471 15 20 155.0 0.82 0.003407374242194 nan nan 0.347121 2368.428922 nan None None nan nan -1.0 -1.0 -1.0 -1.0 -1.0 -1.0 -1.0 -1.0 -1.0 -1.0 -1.0 
472 15 21 155.0 0.86 0.003407374242194 nan nan 0.347121 2368.428922 nan None None nan nan -1.0 -1.0 -1.0 -1.0 -1.0 -1.0 -1.0 -1.0 -1.0 -1.0 -1.0 
473 15 22 155.0 0.9 0.003407374242194 nan nan 0.347121 2368.428922 nan None None nan nan -1.0 -1.0 -1.0 -1.0 -1.0 -1.0 -1.0 -1.0 -1.0 -1.0 -1.0 
474 15 23 155.0 0.94 0.003407374242194 nan nan 0.347121 2368.428922 nan None None nan nan -1.0 -1.0 -1.0 -1.0 -1.0 -1.0 -1.0 -1.0 -1.0 -1.0 -1.0 
475 15 24 155.0 0.98 0.003407374242194 nan nan 0.347121 2368.428922 nan None None nan nan -1.0 -1.0 -1.0 -1.0 -1.0 -1.0 -1.0 -1.0 -1.0 -1.0 -1.0 
476 15 25 155.0 1.02 0.003407374242194 nan nan 0.347121 2368.428922 nan None None nan nan -1.0 -1.0 -1.0 -1.0 -1.0 -1.0 -1.0 -1.0 -1.0 -1.0 -1.0 
477 15 26 155.0 1.06 0.003407374242194 nan nan 0.347121 2368.428922 nan None None nan nan -1.0 -1.0 -1.0 -1.0 -1.0 -1.0 -1.0 -1.0 -1.0 -1.0 -1.0 
478 15 27 155.0 1.1 0.003407374242194 nan nan 0.347121 2368.428922 nan None None nan nan -1.0 -1.0 -1.0 -1.0 -1.0 -1.0 -1.0 -1.0 -1.0 -1.0 -1.0 
479 15 28 155.0 1.14 0.003407374242194 nan nan 0.347121 2368.428922 nan None None nan nan -1.0 -1.0 -1.0 -1.0 -1.0 -1.0 -1.0 -1.0 -1.0 -1.0 -1.0 
480 15 29 155.0 1.18 0.003407374242194 nan nan 0.347121 2368.428922 nan None None nan nan -1.0 -1.0 -1.0 -1.0 -1.0 -1.0 -1.0 -1.0 -1.0 -1.0 -1.0 
481 16 0 165.0 0.02 0.003407374242194 nan nan 0.347121 2368.428922 nan None None nan nan -1.0 -1.0 -1.0 -1.0 -1.0 -1.0 -1.0 -1.0 -1.0 -1.0 -1.0 
482 16 1 165.0 0.06 0.003407374242194 nan nan 0.347121 2368.428922 nan None None nan nan -1.0 -1.0 -1.0 -1.0 -1.0 -1.0 -1.0 -1.0 -1.0 -1.0 -1.0 
483 16 2 165.0 0.1 0.003407374242194 nan nan 0.347121 2368.428922 nan None None nan nan -1.0 -1.0 -1.0 -1.0 -1.0 -1.0 -1.0 -1.0 -1.0 -1.0 -1.0 
484 16 3 165.0 0.14 0.003407374242194 nan nan 0.347121 2368.428922 nan None None nan nan -1.0 -1.0 -1.0 -1.0 -1.0 -1.0 -1.0 -1.0 -1.0 -1.0 -1.0 
485 16 4 165.0 0.18 0.003407374242194 nan nan 0.347121 2368.428922 nan None None nan nan -1.0 -1.0 -1.0 -1.0 -1.0 -1.0 -1.0 -1.0 -1.0 -1.0 -1.0 
486 16 5 165.0 0.22 0.003407374242194 nan nan 0.347121 2368.428922 nan None None nan nan -1.0 -1.0 -1.0 -1.0 -1.0 -1.0 -1.0 -1.0 -1.0 -1.0 -1.0 
487 16 6 165.0 0.26 0.003407374242194 nan nan 0.347121 2368.428922 nan None None nan nan -1.0 -1.0 -1.0 -1.0 -1.0 -1.0 -1.0 -1.0 -1.0 -1.0 -1.0 
488 16 7 165.0 0.3 0.003407374242194 nan nan 0.347121 2368.428922 nan None None nan nan -1.0 -1.0 -1.0 -1.0 -1.0 -1.0 -1.0 -1.0 -1.0 -1.0 -1.0 
489 16 8 165.0 0.34 0.003407374242194 nan nan 0.347121 2368.428922 nan None None nan nan -1.0 -1.0 -1.0 -1.0 -1.0 -1.0 -1.0 -1.0 -1.0 -1.0 -1.0 
490 16 9 165.0 0.38 0.003407374242194 nan nan 0.347121 2368.428922 nan None None nan nan -1.0 -1.0 -1.0 -1.0 -1.0 -1.0 -1.0 -1.0 -1.0 -1.0 -1.0 
491 16 10 165.0 0.42 0.003407374242194 nan nan 0.347121 2368.428922 nan None None nan nan -1.0 -1.0 -1.0 -1.0 -1.0 -1.0 -1.0 -1.0 -1.0 -1.0 -1.0 
492 16 11 165.0 0.46 0.003407374242194 nan nan 0.347121 2368.428922 nan None None nan nan -1.0 -1.0 -1.0 -1.0 -1.0 -1.0 -1.0 -1.0 -1.0 -1.0 -1.0 
493 16 12 165.0 0.5 0.003407374242194 nan nan 0.347121 2368.428922 nan None None nan nan -1.0 -1.0 -1.0 -1.0 -1.0 -1.0 -1.0 -1.0 -1.0 -1.0 -1.0 
494 16 13 165.0 0.54 0.003407374242194 nan nan 0.347121 2368.428922 nan None None nan nan -1.0 -1.0 -1.0 -1.0 -1.0 -1.0 -1.0 -1.0 -1.0 -1.0 -1.0 
495 16 14 165.0 0.58 0.003407374242194 nan nan 0.347121 2368.428922 nan None None nan nan -1.0 -1.0 -1.0 -1.0 -1.0 -1.0 -1.0 -1.0 -1.0 -1.0 -1.0 
496 16 15 165.0 0.62 0.003407374242194 nan nan 0.347121 2368.428922 nan None None nan nan -1.0 -1.0 -1.0 -1.0 -1.0 -1.0 -1.0 -1.0 -1.0 -1.0 -1.0 
497 16 16 165.0 0.66 0.003407374242194 nan nan 0.347121 2368.428922 nan None None nan nan -1.0 -1.0 -1.0 -1.0 -1.0 -1.0 -1.0 -1.0 -1.0 -1.0 -1.0 
498 16 17 165.0 0.7 0.003407374242194 nan nan 0.347121 2368.428922 nan None None nan nan -1.0 -1.0 -1.0 -1.0 -1.0 -1.0 -1.0 -1.0 -1.0 -1.0 -1.0 
499 16 18 165.0 0.74 0.003407374242194 nan nan 0.347121 2368.428922 nan None None nan nan -1.0 -1.0 -1.0 -1.0 -1.0 -1.0 -1.0 -1.0 -1.0 -1.0 -1.0 
500 16 19 165.0 0.78 0.003407374242194 nan nan 0.347121 2368.428922 nan None None nan nan -1.0 -1.0 -1.0 -1.0 -1.0 -1.0 -1.0 -1.0 -1.0 -1.0 -1.0 
501 16 20 165.0 0.82 0.003407374242194 nan nan 0.347121 2368.428922 nan None None nan nan -1.0 -1.0 -1.0 -1.0 -1.0 -1.0 -1.0 -1.0 -1.0 -1.0 -1.0 
502 16 21 165.0 0.86 0.003407374242194 nan nan 0.347121 2368.428922 nan None None nan nan -1.0 -1.0 -1.0 -1.0 -1.0 -1.0 -1.0 -1.0 -1.0 -1.0 -1.0 
503 16 22 165.0 0.9 0.003407374242194 nan nan 0.347121 2368.428922 nan None None nan nan -1.0 -1.0 -1.0 -1.0 -1.0 -1.0 -1.0 -1.0 -1.0 -1.0 -1.0 
504 16 23 165.0 0.94 0.003407374242194 nan nan 0.347121 2368.428922 nan None None nan nan -1.0 -1.0 -1.0 -1.0 -1.0 -1.0 -1.0 -1.0 -1.0 -1.0 -1.0 
505 16 24 165.0 0.98 0.003407374242194 nan nan 0.347121 2368.428922 nan None None nan nan -1.0 -1.0 -1.0 -1.0 -1.0 -1.0 -1.0 -1.0 -1.0 -1.0 -1.0 
506 16 25 165.0 1.02 0.003407374242194 nan nan 0.347121 2368.428922 nan None None nan nan -1.0 -1.0 -1.0 -1.0 -1.0 -1.0 -1.0 -1.0 -1.0 -1.0 -1.0 
507 16 26 165.0 1.06 0.003407374242194 nan nan 0.347121 2368.428922 nan None None nan nan -1.0 -1.0 -1.0 -1.0 -1.0 -1.0 -1.0 -1.0 -1.0 -1.0 -1.0 
508 16 27 165.0 1.1 0.003407374242194 nan nan 0.347121 2368.428922 nan None None nan nan -1.0 -1.0 -1.0 -1.0 -1.0 -1.0 -1.0 -1.0 -1.0 -1.0 -1.0 
509 16 28 165.0 1.14 0.003407374242194 nan nan 0.347121 2368.428922 nan None None nan nan -1.0 -1.0 -1.0 -1.0 -1.0 -1.0 -1.0 -1.0 -1.0 -1.0 -1.0 
510 16 29 165.0 1.18 0.003407374242194 nan nan 0.347121 2368.428922 nan None None nan nan -1.0 -1.0 -1.0 -1.0 -1.0 -1.0 -1.0 -1.0 -1.0 -1.0 -1.0 
511 17 0 175.0 0.02 0.003407374242194 nan nan 0.347121 2368.428922 nan None None nan nan -1.0 -1.0 -1.0 -1.0 -1.0 -1.0 -1.0 -1.0 -1.0 -1.0 -1.0 
512 17 1 175.0 0.06 0.003407374242194 nan nan 0.347121 2368.428922 nan None None nan nan -1.0 -1.0 -1.0 -1.0 -1.0 -1.0 -1.0 -1.0 -1.0 -1.0 -1.0 
513 17 2 175.0 0.1 0.003407374242194 nan nan 0.347121 2368.428922 nan None None nan nan -1.0 -1.0 -1.0 -1.0 -1.0 -1.0 -1.0 -1.0 -1.0 -1.0 -1.0 
514 17 3 175.0 0.14 0.003407374242194 nan nan 0.347121 2368.428922 nan None None nan nan -1.0 -1.0 -1.0 -1.0 -1.0 -1.0 -1.0 -1.0 -1.0 -1.0 -1.0 
515 17 4 175.0 0.18 0.003407374242194 nan nan 0.347121 2368.428922 nan None None nan nan -1.0 -1.0 -1.0 -1.0 -1.0 -1.0 -1.0 -1.0 -1.0 -1.0 -1.0 
516 17 5 175.0 0.22 0.003407374242194 nan nan 0.347121 2368.428922 nan None None nan nan -1.0 -1.0 -1.0 -1.0 -1.0 -1.0 -1.0 -1.0 -1.0 -1.0 -1.0 
517 17 6 175.0 0.26 0.003407374242194 nan nan 0.347121 2368.428922 nan None None nan nan -1.0 -1.0 -1.0 -1.0 -1.0 -1.0 -1.0 -1.0 -1.0 -1.0 -1.0 
518 17 7 175.0 0.3 0.003407374242194 nan nan 0.347121 2368.428922 nan None None nan nan -1.0 -1.0 -1.0 -1.0 -1.0 -1.0 -1.0 -1.0 -1.0 -1.0 -1.0 
519 17 8 175.0 0.34 0.003407374242194 nan nan 0.347121 2368.428922 nan None None nan nan -1.0 -1.0 -1.0 -1.0 -1.0 -1.0 -1.0 -1.0 -1.0 -1.0 -1.0 
520 17 9 175.0 0.38 0.003407374242194 nan nan 0.347121 2368.428922 nan None None nan nan -1.0 -1.0 -1.0 -1.0 -1.0 -1.0 -1.0 -1.0 -1.0 -1.0 -1.0 
521 17 10 175.0 0.42 0.003407374242194 nan nan 0.347121 2368.428922 nan None None nan nan -1.0 -1.0 -1.0 -1.0 -1.0 -1.0 -1.0 -1.0 -1.0 -1.0 -1.0 
522 17 11 175.0 0.46 0.003407374242194 nan nan 0.347121 2368.428922 nan None None nan nan -1.0 -1.0 -1.0 -1.0 -1.0 -1.0 -1.0 -1.0 -1.0 -1.0 -1.0 
523 17 12 175.0 0.5 0.003407374242194 nan nan 0.347121 2368.428922 nan None None nan nan -1.0 -1.0 -1.0 -1.0 -1.0 -1.0 -1.0 -1.0 -1.0 -1.0 -1.0 
524 17 13 175.0 0.54 0.003407374242194 nan nan 0.347121 2368.428922 nan None None nan nan -1.0 -1.0 -1.0 -1.0 -1.0 -1.0 -1.0 -1.0 -1.0 -1.0 -1.0 
525 17 14 175.0 0.58 0.003407374242194 nan nan 0.347121 2368.428922 nan None None nan nan -1.0 -1.0 -1.0 -1.0 -1.0 -1.0 -1.0 -1.0 -1.0 -1.0 -1.0 
526 17 15 175.0 0.62 0.003407374242194 nan nan 0.347121 2368.428922 nan None None nan nan -1.0 -1.0 -1.0 -1.0 -1.0 -1.0 -1.0 -1.0 -1.0 -1.0 -1.0 
527 17 16 175.0 0.66 0.003407374242194 nan nan 0.347121 2368.428922 nan None None nan nan -1.0 -1.0 -1.0 -1.0 -1.0 -1.0 -1.0 -1.0 -1.0 -1.0 -1.0 
528 17 17 175.0 0.7 0.003407374242194 nan nan 0.347121 2368.428922 nan None None nan nan -1.0 -1.0 -1.0 -1.0 -1.0 -1.0 -1.0 -1.0 -1.0 -1.0 -1.0 
529 17 18 175.0 0.74 0.003407374242194 nan nan 0.347121 2368.428922 nan None None nan nan -1.0 -1.0 -1.0 -1.0 -1.0 -1.0 -1.0 -1.0 -1.0 -1.0 -1.0 
530 17 19 175.0 0.78 0.003407374242194 nan nan 0.347121 2368.428922 nan None None nan nan -1.0 -1.0 -1.0 -1.0 -1.0 -1.0 -1.0 -1.0 -1.0 -1.0 -1.0 
531 17 20 175.0 0.82 0.003407374242194 nan nan 0.347121 2368.428922 nan None None nan nan -1.0 -1.0 -1.0 -1.0 -1.0 -1.0 -1.0 -1.0 -1.0 -1.0 -1.0 
532 17 21 175.0 0.86 0.003407374242194 nan nan 0.347121 2368.428922 nan None None nan nan -1.0 -1.0 -1.0 -1.0 -1.0 -1.0 -1.0 -1.0 -1.0 -1.0 -1.0 
533 17 22 175.0 0.9 0.003407374242194 nan nan 0.347121 2368.428922 nan None None nan nan -1.0 -1.0 -1.0 -1.0 -1.0 -1.0 -1.0 -1.0 -1.0 -1.0 -1.0 
534 17 23 175.0 0.94 0.003407374242194 nan nan 0.347121 2368.428922 nan None None nan nan -1.0 -1.0 -1.0 -1.0 -1.0 -1.0 -1.0 -1.0 -1.0 -1.0 -1.0 
535 17 24 175.0 0.98 0.003407374242194 nan nan 0.347121 2368.428922 nan None None nan nan -1.0 -1.0 -1.0 -1.0 -1.0 -1.0 -1.0 -1.0 -1.0 -1.0 -1.0 
536 17 25 175.0 1.02 0.003407374242194 nan nan 0.347121 2368.428922 nan None None nan nan -1.0 -1.0 -1.0 -1.0 -1.0 -1.0 -1.0 -1.0 -1.0 -1.0 -1.0 
537 17 26 175.0 1.06 0.003407374242194 nan nan 0.347121 2368.428922 nan None None nan nan -1.0 -1.0 -1.0 -1.0 -1.0 -1.0 -1.0 -1.0 -1.0 -1.0 -1.0 
538 17 27 175.0 1.1 0.003407374242194 nan nan 0.347121 2368.428922 nan None None nan nan -1.0 -1.0 -1.0 -1.0 -1.0 -1.0 -1.0 -1.0 -1.0 -1.0 -1.0 
539 17 28 175.0 1.14 0.003407374242194 nan nan 0.347121 2368.428922 nan None None nan nan -1.0 -1.0 -1.0 -1.0 -1.0 -1.0 -1.0 -1.0 -1.0 -1.0 -1.0 
540 17 29 175.0 1.18 0.003407374242194 nan nan 0.347121 2368.428922 nan None None nan nan -1.0 -1.0 -1.0 -1.0 -1.0 -1.0 -1.0 -1.0 -1.0 -1.0 -1.0 
541 18 0 185.0 0.02 0.003407374242194 nan nan 0.347121 2368.428922 nan None None nan nan -1.0 -1.0 -1.0 -1.0 -1.0 -1.0 -1.0 -1.0 -1.0 -1.0 -1.0 
542 18 1 185.0 0.06 0.003407374242194 nan nan 0.347121 2368.428922 nan None None nan nan -1.0 -1.0 -1.0 -1.0 -1.0 -1.0 -1.0 -1.0 -1.0 -1.0 -1.0 
543 18 2 185.0 0.1 0.003407374242194 nan nan 0.347121 2368.428922 nan None None nan nan -1.0 -1.0 -1.0 -1.0 -1.0 -1.0 -1.0 -1.0 -1.0 -1.0 -1.0 
544 18 3 185.0 0.14 0.003407374242194 nan nan 0.347121 2368.428922 nan None None nan nan -1.0 -1.0 -1.0 -1.0 -1.0 -1.0 -1.0 -1.0 -1.0 -1.0 -1.0 
545 18 4 185.0 0.18 0.003407374242194 nan nan 0.347121 2368.428922 nan None None nan nan -1.0 -1.0 -1.0 -1.0 -1.0 -1.0 -1.0 -1.0 -1.0 -1.0 -1.0 
546 18 5 185.0 0.22 0.003407374242194 nan nan 0.347121 2368.428922 nan None None nan nan -1.0 -1.0 -1.0 -1.0 -1.0 -1.0 -1.0 -1.0 -1.0 -1.0 -1.0 
547 18 6 185.0 0.26 0.003407374242194 nan nan 0.347121 2368.428922 nan None None nan nan -1.0 -1.0 -1.0 -1.0 -1.0 -1.0 -1.0 -1.0 -1.0 -1.0 -1.0 
548 18 7 185.0 0.3 0.003407374242194 nan nan 0.347121 2368.428922 nan None None nan nan -1.0 -1.0 -1.0 -1.0 -1.0 -1.0 -1.0 -1.0 -1.0 -1.0 -1.0 
549 18 8 185.0 0.34 0.003407374242194 nan nan 0.347121 2368.428922 nan None None nan nan -1.0 -1.0 -1.0 -1.0 -1.0 -1.0 -1.0 -1.0 -1.0 -1.0 -1.0 
550 18 9 185.0 0.38 0.003407374242194 nan nan 0.347121 2368.428922 nan None None nan nan -1.0 -1.0 -1.0 -1.0 -1.0 -1.0 -1.0 -1.0 -1.0 -1.0 -1.0 
551 18 10 185.0 0.42 0.003407374242194 nan nan 0.347121 2368.428922 nan None None nan nan -1.0 -1.0 -1.0 -1.0 -1.0 -1.0 -1.0 -1.0 -1.0 -1.0 -1.0 
552 18 11 185.0 0.46 0.003407374242194 nan nan 0.347121 2368.428922 nan None None nan nan -1.0 -1.0 -1.0 -1.0 -1.0 -1.0 -1.0 -1.0 -1.0 -1.0 -1.0 
553 18 12 185.0 0.5 0.003407374242194 nan nan 0.347121 2368.428922 nan None None nan nan -1.0 -1.0 -1.0 -1.0 -1.0 -1.0 -1.0 -1.0 -1.0 -1.0 -1.0 
554 18 13 185.0 0.54 0.003407374242194 nan nan 0.347121 2368.428922 nan None None nan nan -1.0 -1.0 -1.0 -1.0 -1.0 -1.0 -1.0 -1.0 -1.0 -1.0 -1.0 
555 18 14 185.0 0.58 0.003407374242194 nan nan 0.347121 2368.428922 nan None None nan nan -1.0 -1.0 -1.0 -1.0 -1.0 -1.0 -1.0 -1.0 -1.0 -1.0 -1.0 
556 18 15 185.0 0.62 0.003407374242194 nan nan 0.347121 2368.428922 nan None None nan nan -1.0 -1.0 -1.0 -1.0 -1.0 -1.0 -1.0 -1.0 -1.0 -1.0 -1.0 
557 18 16 185.0 0.66 0.003407374242194 nan nan 0.347121 2368.428922 nan None None nan nan -1.0 -1.0 -1.0 -1.0 -1.0 -1.0 -1.0 -1.0 -1.0 -1.0 -1.0 
558 18 17 185.0 0.7 0.003407374242194 nan nan 0.347121 2368.428922 nan None None nan nan -1.0 -1.0 -1.0 -1.0 -1.0 -1.0 -1.0 -1.0 -1.0 -1.0 -1.0 
559 18 18 185.0 0.74 0.003407374242194 nan nan 0.347121 2368.428922 nan None None nan nan -1.0 -1.0 -1.0 -1.0 -1.0 -1.0 -1.0 -1.0 -1.0 -1.0 -1.0 
560 18 19 185.0 0.78 0.003407374242194 nan nan 0.347121 2368.428922 nan None None nan nan -1.0 -1.0 -1.0 -1.0 -1.0 -1.0 -1.0 -1.0 -1.0 -1.0 -1.0 
561 18 20 185.0 0.82 0.003407374242194 nan nan 0.347121 2368.428922 nan None None nan nan -1.0 -1.0 -1.0 -1.0 -1.0 -1.0 -1.0 -1.0 -1.0 -1.0 -1.0 
562 18 21 185.0 0.86 0.003407374242194 nan nan 0.347121 2368.428922 nan None None nan nan -1.0 -1.0 -1.0 -1.0 -1.0 -1.0 -1.0 -1.0 -1.0 -1.0 -1.0 
563 18 22 185.0 0.9 0.003407374242194 nan nan 0.347121 2368.428922 nan None None nan nan -1.0 -1.0 -1.0 -1.0 -1.0 -1.0 -1.0 -1.0 -1.0 -1.0 -1.0 
564 18 23 185.0 0.94 0.003407374242194 nan nan 0.347121 2368.428922 nan None None nan nan -1.0 -1.0 -1.0 -1.0 -1.0 -1.0 -1.0 -1.0 -1.0 -1.0 -1.0 
565 18 24 185.0 0.98 0.003407374242194 nan nan 0.347121 2368.428922 nan None None nan nan -1.0 -1.0 -1.0 -1.0 -1.0 -1.0 -1.0 -1.0 -1.0 -1.0 -1.0 
566 18 25 185.0 1.02 0.003407374242194 nan nan 0.347121 2368.428922 nan None None nan nan -1.0 -1.0 -1.0 -1.0 -1.0 -1.0 -1.0 -1.0 -1.0 -1.0 -1.0 
567 18 26 185.0 1.06 0.003407374242194 nan nan 0.347121 2368.428922 nan None None nan nan -1.0 -1.0 -1.0 -1.0 -1.0 -1.0 -1.0 -1.0 -1.0 -1.0 -1.0 
568 18 27 185.0 1.1 0.003407374242194 nan nan 0.347121 2368.428922 nan None None nan nan -1.0 -1.0 -1.0 -1.0 -1.0 -1.0 -1.0 -1.0 -1.0 -1.0 -1.0 
569 18 28 185.0 1.14 0.003407374242194 nan nan 0.347121 2368.428922 nan None None nan nan -1.0 -1.0 -1.0 -1.0 -1.0 -1.0 -1.0 -1.0 -1.0 -1.0 -1.0 
570 18 29 185.0 1.18 0.003407374242194 nan nan 0.347121 2368.428922 nan None None nan nan -1.0 -1.0 -1.0 -1.0 -1.0 -1.0 -1.0 -1.0 -1.0 -1.0 -1.0 
