# histogram parameters 
#\ dx = np.float64(10.0)
#\ dy = np.float64(0.04000000000000001)
#\ nx = 19
#\ ny = 30
#\ xmin = np.float64(0.0)
#\ ymin = np.float64(3.469446951953614e-18)

# averaged kinematics results
# averaged kinematic varibles used as input to calculate the averaged 
# kinematics: Ei, omega, th_e, pf
#
# variables with _mc attached are from histograms not calculated
# alpha is the spectatror (neutron) alpha
#\ xb = th_nq
#\ yb = pm
# current header line:
#! i_b[i,0]/ i_x[i,1]/ i_y[i,2]/ xb[f,3]/ yb[f,4]/ Ei[f,5]/ kf[f,6]/ th_e[f,7]/ omega_mc[f,8]/ omega[f,9]/ Q2[f,10]/ Q2_calc[f,11]/ q_mc[f,12]/ q_lab[f,13]/ Ep_calc[f,14]/ pf[f,15]/ pm_mc[f,16]/ pm[f,17]/ En_calc[f,18]/ beta_cm[f,19]/ gamma_cm[f,20]/ PfPar_q[f,21]/ PfPerp_q[f,22]/ theta_pq[f,23]/ theta_pq_calc[f,24]/ PfPar_cm[f,25]/ th_pq_cm[f,26]/ th_nq_mc[f,27]/ th_nq_calc[f,28]/  cos_phi[f,29]/  sin_phi[f,30]/  alpha_c[f,31]/  GEp[f,32]/   GMp[f,33]/   sigMott[f,34]/   Ksig_cc1[f,35]/  nx[i,36]/ ny[i,37]/ cont[f,38]/ sig[f,39]/ th_p[f,40]/      
1 0 0 5.000000 0.020000 10540.723501 8420.389729 12.391727 2120.333867 2120.333756 4135725.896016 4135494.941680 2937.906332 2937.909151 3055.839479 2908.229801 29.933683 31.808553 940.104277 0.735223 1.475306 2908.207520 11.384073 0.073184 0.224281 975.892093 0.668342 7.196655 20.970883 -0.116380 0.122373 0.968961 0.020896 0.061641 0.339848 2360.481740 19 30 1.087163 0.000000e+00 37.960375
2 0 1 5.000000 0.060000 10540.274281 8405.398490 12.687229 2134.875789 2134.875776 4327030.826895 4326365.368462 2980.572616 2980.614022 3068.905111 2921.955549 59.066089 61.562010 941.580665 0.743205 1.494626 2921.896994 18.498423 0.133205 0.362733 958.161134 1.106025 6.589980 17.486699 0.036156 -0.057054 0.939650 0.019808 0.056831 0.309243 2017.390875 19 30 2.269578 0.000000e+00 38.292037
3 0 2 5.000000 0.100000 10540.197391 8394.631068 13.022389 2145.566311 2145.566308 4551541.478262 4551096.698580 3025.633613 3025.648935 3076.537238 2929.970483 96.420623 97.768624 944.639070 0.752429 1.518203 2929.903665 19.787546 0.219939 0.386950 933.737763 1.214017 6.720299 11.676847 -0.025027 -0.014728 0.903496 0.018691 0.051830 0.278557 1710.464146 19 30 0.973053 0.000000e+00 38.713324
4 0 3 5.000000 0.140000 10539.648041 8400.982090 13.284641 2138.665956 2138.665936 4739027.069413 4738752.788429 3051.661880 3051.662625 3064.975395 2917.827929 134.868504 135.599590 949.300541 0.760203 1.539205 2917.750017 21.322815 0.301292 0.418708 904.664510 1.350203 6.530950 9.047218 0.020557 0.031295 0.867835 0.017844 0.048126 0.257185 1517.482023 19 30 0.267394 0.000000e+00 39.225174
5 0 4 5.000000 0.180000 10539.325851 8421.617658 13.481352 2117.708189 2117.708178 4891474.432921 4891312.178991 3062.036772 3062.025491 3037.618811 2889.078347 174.443423 174.862839 955.699367 0.766787 1.557872 2888.969546 25.072945 0.416702 0.497249 872.037703 1.646922 6.922994 8.243848 0.002557 -0.085983 0.832984 0.017180 0.045388 0.242482 1405.016867 19 30 0.041825 0.000000e+00 39.769678
6 0 5 5.000000 0.220000 10539.440295 8452.099754 13.584697 2087.340536 2087.340526 4984302.457260 4984267.352855 3056.352603 3056.347137 3000.589988 2850.120336 208.095413 208.215122 962.360538 0.771230 1.570953 2849.985527 27.720445 0.509056 0.557271 841.779225 1.886113 6.953859 7.650713 0.027663 -0.089694 0.804626 0.016776 0.043829 0.235165 1364.251419 19 30 0.003022 0.000000e+00 40.143784
7 0 6 5.000000 0.260000 nan nan nan nan nan nan nan nan nan nan nan nan nan nan nan nan nan nan nan nan nan 0.000000 nan -1.000000 nan nan nan nan nan nan nan 19 30 0.000000 0.000000e+00 nan
8 0 7 5.000000 0.300000 nan nan nan nan nan nan nan nan nan nan nan nan nan nan nan nan nan nan nan nan nan 0.000000 nan -1.000000 nan nan nan nan nan nan nan 19 30 0.000000 0.000000e+00 nan
9 0 8 5.000000 0.340000 nan nan nan nan nan nan nan nan nan nan nan nan nan nan nan nan nan nan nan nan nan 0.000000 nan -1.000000 nan nan nan nan nan nan nan 19 30 0.000000 0.000000e+00 nan
10 0 9 5.000000 0.380000 nan nan nan nan nan nan nan nan nan nan nan nan nan nan nan nan nan nan nan nan nan 0.000000 nan -1.000000 nan nan nan nan nan nan nan 19 30 0.000000 0.000000e+00 nan
11 0 10 5.000000 0.420000 nan nan nan nan nan nan nan nan nan nan nan nan nan nan nan nan nan nan nan nan nan 0.000000 nan -1.000000 nan nan nan nan nan nan nan 19 30 0.000000 0.000000e+00 nan
12 0 11 5.000000 0.460000 nan nan nan nan nan nan nan nan nan nan nan nan nan nan nan nan nan nan nan nan nan 0.000000 nan -1.000000 nan nan nan nan nan nan nan 19 30 0.000000 0.000000e+00 nan
13 0 12 5.000000 0.500000 nan nan nan nan nan nan nan nan nan nan nan nan nan nan nan nan nan nan nan nan nan 0.000000 nan -1.000000 nan nan nan nan nan nan nan 19 30 0.000000 0.000000e+00 nan
14 0 13 5.000000 0.540000 nan nan nan nan nan nan nan nan nan nan nan nan nan nan nan nan nan nan nan nan nan 0.000000 nan -1.000000 nan nan nan nan nan nan nan 19 30 0.000000 0.000000e+00 nan
15 0 14 5.000000 0.580000 nan nan nan nan nan nan nan nan nan nan nan nan nan nan nan nan nan nan nan nan nan 0.000000 nan -1.000000 nan nan nan nan nan nan nan 19 30 0.000000 0.000000e+00 nan
16 0 15 5.000000 0.620000 nan nan nan nan nan nan nan nan nan nan nan nan nan nan nan nan nan nan nan nan nan 0.000000 nan -1.000000 nan nan nan nan nan nan nan 19 30 0.000000 0.000000e+00 nan
17 0 16 5.000000 0.660000 nan nan nan nan nan nan nan nan nan nan nan nan nan nan nan nan nan nan nan nan nan 0.000000 nan -1.000000 nan nan nan nan nan nan nan 19 30 0.000000 0.000000e+00 nan
18 0 17 5.000000 0.700000 nan nan nan nan nan nan nan nan nan nan nan nan nan nan nan nan nan nan nan nan nan 0.000000 nan -1.000000 nan nan nan nan nan nan nan 19 30 0.000000 0.000000e+00 nan
19 0 18 5.000000 0.740000 nan nan nan nan nan nan nan nan nan nan nan nan nan nan nan nan nan nan nan nan nan 0.000000 nan -1.000000 nan nan nan nan nan nan nan 19 30 0.000000 0.000000e+00 nan
20 0 19 5.000000 0.780000 nan nan nan nan nan nan nan nan nan nan nan nan nan nan nan nan nan nan nan nan nan 0.000000 nan -1.000000 nan nan nan nan nan nan nan 19 30 0.000000 0.000000e+00 nan
21 0 20 5.000000 0.820000 nan nan nan nan nan nan nan nan nan nan nan nan nan nan nan nan nan nan nan nan nan 0.000000 nan -1.000000 nan nan nan nan nan nan nan 19 30 0.000000 0.000000e+00 nan
22 0 21 5.000000 0.860000 nan nan nan nan nan nan nan nan nan nan nan nan nan nan nan nan nan nan nan nan nan 0.000000 nan -1.000000 nan nan nan nan nan nan nan 19 30 0.000000 0.000000e+00 nan
23 0 22 5.000000 0.900000 nan nan nan nan nan nan nan nan nan nan nan nan nan nan nan nan nan nan nan nan nan 0.000000 nan -1.000000 nan nan nan nan nan nan nan 19 30 0.000000 0.000000e+00 nan
24 0 23 5.000000 0.940000 nan nan nan nan nan nan nan nan nan nan nan nan nan nan nan nan nan nan nan nan nan 0.000000 nan -1.000000 nan nan nan nan nan nan nan 19 30 0.000000 0.000000e+00 nan
25 0 24 5.000000 0.980000 nan nan nan nan nan nan nan nan nan nan nan nan nan nan nan nan nan nan nan nan nan 0.000000 nan -1.000000 nan nan nan nan nan nan nan 19 30 0.000000 0.000000e+00 nan
26 0 25 5.000000 1.020000 nan nan nan nan nan nan nan nan nan nan nan nan nan nan nan nan nan nan nan nan nan 0.000000 nan -1.000000 nan nan nan nan nan nan nan 19 30 0.000000 0.000000e+00 nan
27 0 26 5.000000 1.060000 nan nan nan nan nan nan nan nan nan nan nan nan nan nan nan nan nan nan nan nan nan 0.000000 nan -1.000000 nan nan nan nan nan nan nan 19 30 0.000000 0.000000e+00 nan
28 0 27 5.000000 1.100000 nan nan nan nan nan nan nan nan nan nan nan nan nan nan nan nan nan nan nan nan nan 0.000000 nan -1.000000 nan nan nan nan nan nan nan 19 30 0.000000 0.000000e+00 nan
29 0 28 5.000000 1.140000 nan nan nan nan nan nan nan nan nan nan nan nan nan nan nan nan nan nan nan nan nan 0.000000 nan -1.000000 nan nan nan nan nan nan nan 19 30 0.000000 0.000000e+00 nan
30 0 29 5.000000 1.180000 nan nan nan nan nan nan nan nan nan nan nan nan nan nan nan nan nan nan nan nan nan 0.000000 nan -1.000000 nan nan nan nan nan nan nan 19 30 0.000000 0.000000e+00 nan
31 1 0 15.000000 0.020000 10540.567883 8408.440004 12.415596 2132.127832 2132.127863 4145714.193928 4145426.603124 2948.112250 2948.117336 3067.653053 2920.640496 28.512392 31.227909 940.084810 0.735606 1.476212 2920.603149 14.769963 0.146377 0.289752 980.231850 0.863257 14.902466 28.227465 -0.038553 0.076088 0.971268 0.020835 0.061376 0.337247 2319.884625 19 30 3.032706 0.000000e+00 37.844089
32 1 1 15.000000 0.060000 10540.448010 8406.097845 12.671629 2134.350152 2134.350149 4316740.862325 4316206.648752 2978.510093 2978.532727 3068.368343 2921.391782 59.409852 61.732173 941.591806 0.742784 1.493582 2921.300164 23.136440 0.312329 0.453768 959.127937 1.381842 15.544833 22.011173 -0.034290 -0.012721 0.941242 0.019862 0.057073 0.310761 2037.765293 19 30 6.248146 0.000000e+00 38.276459
33 1 2 15.000000 0.100000 10540.098328 8389.339257 13.013242 2150.759049 2150.759056 4542278.744067 4541825.214579 3027.782729 3027.802789 3081.764320 2935.458563 96.049919 97.436335 944.604736 0.751993 1.517058 2935.298978 30.608564 0.500770 0.597444 937.287858 1.870416 15.494562 18.308851 -0.020455 -0.012851 0.906909 0.018735 0.052024 0.279348 1715.396070 19 30 2.931765 0.000000e+00 38.609935
34 1 3 15.000000 0.140000 10539.942270 8398.710374 13.258393 2141.231883 2141.231880 4719281.961177 4718984.601637 3050.217315 3050.222708 3067.495765 2920.475291 135.144505 135.918277 949.346115 0.759358 1.536871 2920.206558 39.617911 0.714915 0.777274 908.103167 2.498065 15.651874 16.946781 -0.011281 -0.015070 0.872030 0.017931 0.048498 0.259218 1537.011043 19 30 0.825949 0.000000e+00 39.080072
35 1 4 15.000000 0.180000 10539.613010 8421.248606 13.433707 2118.364384 2118.364388 4857056.659988 4856878.297360 3056.859810 3056.852299 3038.315581 2889.810932 174.181602 174.641028 955.658808 0.765366 1.553772 2889.386202 49.543871 0.936249 0.982346 876.269182 3.236033 15.738456 16.480545 -0.028203 0.000432 0.838890 0.017329 0.045986 0.245935 1439.037956 19 30 0.160291 0.000000e+00 39.413892
36 1 5 15.000000 0.220000 10539.509164 8450.844911 13.551615 2088.664199 2088.664238 4959512.614649 4959430.252980 3053.199531 3053.186622 3001.022561 2850.575742 212.053671 212.295843 963.251677 0.770175 1.567811 2849.917683 61.247558 1.197269 1.231154 844.428849 4.148475 16.320547 16.768233 0.006770 0.010066 0.808866 0.016884 0.044238 0.237472 1386.538818 19 30 0.020804 0.000000e+00 39.608505
37 1 6 15.000000 0.260000 10539.363593 8476.460742 13.622133 2062.902771 2062.902836 5026058.576408 5026055.106272 3046.578342 3046.575654 2967.822107 2815.601839 243.823883 243.836467 970.690729 0.773535 1.577899 2814.599513 75.121853 1.522548 1.528865 818.750678 5.242313 17.871601 17.943737 0.004058 0.038444 0.786230 0.016593 0.043153 0.232588 1367.646251 19 30 0.000462 0.000000e+00 39.657197
38 1 7 15.000000 0.300000 nan nan nan nan nan nan nan nan nan nan nan nan nan nan nan nan nan nan nan nan nan 0.000000 nan -1.000000 nan nan nan nan nan nan nan 19 30 0.000000 0.000000e+00 nan
39 1 8 15.000000 0.340000 nan nan nan nan nan nan nan nan nan nan nan nan nan nan nan nan nan nan nan nan nan 0.000000 nan -1.000000 nan nan nan nan nan nan nan 19 30 0.000000 0.000000e+00 nan
40 1 9 15.000000 0.380000 nan nan nan nan nan nan nan nan nan nan nan nan nan nan nan nan nan nan nan nan nan 0.000000 nan -1.000000 nan nan nan nan nan nan nan 19 30 0.000000 0.000000e+00 nan
41 1 10 15.000000 0.420000 nan nan nan nan nan nan nan nan nan nan nan nan nan nan nan nan nan nan nan nan nan 0.000000 nan -1.000000 nan nan nan nan nan nan nan 19 30 0.000000 0.000000e+00 nan
42 1 11 15.000000 0.460000 nan nan nan nan nan nan nan nan nan nan nan nan nan nan nan nan nan nan nan nan nan 0.000000 nan -1.000000 nan nan nan nan nan nan nan 19 30 0.000000 0.000000e+00 nan
43 1 12 15.000000 0.500000 nan nan nan nan nan nan nan nan nan nan nan nan nan nan nan nan nan nan nan nan nan 0.000000 nan -1.000000 nan nan nan nan nan nan nan 19 30 0.000000 0.000000e+00 nan
44 1 13 15.000000 0.540000 nan nan nan nan nan nan nan nan nan nan nan nan nan nan nan nan nan nan nan nan nan 0.000000 nan -1.000000 nan nan nan nan nan nan nan 19 30 0.000000 0.000000e+00 nan
45 1 14 15.000000 0.580000 nan nan nan nan nan nan nan nan nan nan nan nan nan nan nan nan nan nan nan nan nan 0.000000 nan -1.000000 nan nan nan nan nan nan nan 19 30 0.000000 0.000000e+00 nan
46 1 15 15.000000 0.620000 nan nan nan nan nan nan nan nan nan nan nan nan nan nan nan nan nan nan nan nan nan 0.000000 nan -1.000000 nan nan nan nan nan nan nan 19 30 0.000000 0.000000e+00 nan
47 1 16 15.000000 0.660000 nan nan nan nan nan nan nan nan nan nan nan nan nan nan nan nan nan nan nan nan nan 0.000000 nan -1.000000 nan nan nan nan nan nan nan 19 30 0.000000 0.000000e+00 nan
48 1 17 15.000000 0.700000 nan nan nan nan nan nan nan nan nan nan nan nan nan nan nan nan nan nan nan nan nan 0.000000 nan -1.000000 nan nan nan nan nan nan nan 19 30 0.000000 0.000000e+00 nan
49 1 18 15.000000 0.740000 nan nan nan nan nan nan nan nan nan nan nan nan nan nan nan nan nan nan nan nan nan 0.000000 nan -1.000000 nan nan nan nan nan nan nan 19 30 0.000000 0.000000e+00 nan
50 1 19 15.000000 0.780000 nan nan nan nan nan nan nan nan nan nan nan nan nan nan nan nan nan nan nan nan nan 0.000000 nan -1.000000 nan nan nan nan nan nan nan 19 30 0.000000 0.000000e+00 nan
51 1 20 15.000000 0.820000 nan nan nan nan nan nan nan nan nan nan nan nan nan nan nan nan nan nan nan nan nan 0.000000 nan -1.000000 nan nan nan nan nan nan nan 19 30 0.000000 0.000000e+00 nan
52 1 21 15.000000 0.860000 nan nan nan nan nan nan nan nan nan nan nan nan nan nan nan nan nan nan nan nan nan 0.000000 nan -1.000000 nan nan nan nan nan nan nan 19 30 0.000000 0.000000e+00 nan
53 1 22 15.000000 0.900000 nan nan nan nan nan nan nan nan nan nan nan nan nan nan nan nan nan nan nan nan nan 0.000000 nan -1.000000 nan nan nan nan nan nan nan 19 30 0.000000 0.000000e+00 nan
54 1 23 15.000000 0.940000 nan nan nan nan nan nan nan nan nan nan nan nan nan nan nan nan nan nan nan nan nan 0.000000 nan -1.000000 nan nan nan nan nan nan nan 19 30 0.000000 0.000000e+00 nan
55 1 24 15.000000 0.980000 nan nan nan nan nan nan nan nan nan nan nan nan nan nan nan nan nan nan nan nan nan 0.000000 nan -1.000000 nan nan nan nan nan nan nan 19 30 0.000000 0.000000e+00 nan
56 1 25 15.000000 1.020000 nan nan nan nan nan nan nan nan nan nan nan nan nan nan nan nan nan nan nan nan nan 0.000000 nan -1.000000 nan nan nan nan nan nan nan 19 30 0.000000 0.000000e+00 nan
57 1 26 15.000000 1.060000 nan nan nan nan nan nan nan nan nan nan nan nan nan nan nan nan nan nan nan nan nan 0.000000 nan -1.000000 nan nan nan nan nan nan nan 19 30 0.000000 0.000000e+00 nan
58 1 27 15.000000 1.100000 nan nan nan nan nan nan nan nan nan nan nan nan nan nan nan nan nan nan nan nan nan 0.000000 nan -1.000000 nan nan nan nan nan nan nan 19 30 0.000000 0.000000e+00 nan
59 1 28 15.000000 1.140000 nan nan nan nan nan nan nan nan nan nan nan nan nan nan nan nan nan nan nan nan nan 0.000000 nan -1.000000 nan nan nan nan nan nan nan 19 30 0.000000 0.000000e+00 nan
60 1 29 15.000000 1.180000 nan nan nan nan nan nan nan nan nan nan nan nan nan nan nan nan nan nan nan nan nan 0.000000 nan -1.000000 nan nan nan nan nan nan nan 19 30 0.000000 0.000000e+00 nan
61 2 0 25.000000 0.020000 10540.912505 8398.334037 12.442166 2142.578391 2142.578453 4158528.139104 4158251.097897 2957.846597 2957.852857 3078.081368 2931.591814 29.127395 31.891413 940.107085 0.736116 1.477420 2931.536466 18.014156 0.243862 0.352075 983.535771 1.049296 25.318242 34.392509 -0.099054 -0.117679 0.972567 0.020758 0.061037 0.334348 2283.796238 19 30 4.095205 0.000000e+00 37.788961
62 2 1 25.000000 0.060000 10540.307301 8403.639146 12.641286 2136.668140 2136.668140 4294887.606797 4294330.773790 2976.489050 2976.521714 3070.749329 2923.892456 58.385215 60.763754 941.528811 0.741853 1.491286 2923.737511 30.100859 0.488900 0.589858 962.911431 1.790498 25.314487 29.694497 -0.009238 -0.022621 0.945910 0.019980 0.057599 0.313770 2066.339638 19 30 10.554694 0.000000e+00 38.218960
63 2 2 25.000000 0.100000 10540.216910 8392.211158 12.953847 2148.005731 2148.005736 4502718.879478 4502228.374679 3019.268048 3019.297438 3078.968053 2932.522792 96.380526 97.851810 944.647683 0.750394 1.512881 2932.184114 44.567315 0.803735 0.870792 940.625483 2.712675 25.279483 27.094358 -0.005177 -0.022819 0.912692 0.018922 0.052862 0.284512 1767.252985 19 30 4.878756 0.000000e+00 38.589036
64 2 3 25.000000 0.140000 10539.928635 8395.950636 13.199519 2143.977989 2143.977984 4676136.778604 4675810.413414 3045.060616 3045.070116 3070.153892 2923.267106 135.684968 136.531414 949.434092 0.757558 1.531938 2922.642350 60.434007 1.141552 1.184586 914.296192 3.781689 25.435969 26.272324 -0.012668 -0.007664 0.880200 0.018122 0.049325 0.263885 1580.661536 19 30 1.413212 0.000000e+00 38.856977
65 2 4 25.000000 0.180000 10539.807359 8417.390329 13.361173 2122.417013 2122.417015 4802885.837413 4802695.567592 3050.800552 3050.794905 3042.201870 2893.896659 175.045735 175.548967 955.825145 0.763075 1.547246 2892.880468 76.684224 1.487145 1.518436 884.176486 4.956833 25.424262 25.901495 -0.004393 0.007722 0.849233 0.017564 0.046950 0.251322 1485.256621 19 30 0.334455 0.000000e+00 38.985821
66 2 5 25.000000 0.220000 10539.713548 8440.184607 13.493957 2099.528922 2099.528925 4911527.051150 4911405.478679 3052.786400 3052.773687 3011.317845 2861.412381 214.555721 214.864626 963.821081 0.767967 1.561305 2859.848613 94.587119 1.869011 1.894320 854.435351 6.316998 25.804516 26.117745 0.016533 0.004140 0.820481 0.017093 0.045044 0.241557 1416.894563 19 30 0.070897 0.000000e+00 39.025528
67 2 6 25.000000 0.260000 10539.720421 8462.959352 13.583153 2076.761059 2076.761054 4989720.631061 4989675.127552 3050.028491 3050.018296 2980.000200 2828.435406 250.302303 250.441231 972.370855 0.771693 1.572340 2826.202332 112.370924 2.259209 2.276904 827.925141 7.729293 26.457145 26.659781 -0.003506 -0.020525 0.796703 0.016752 0.043740 0.235260 1387.834508 19 30 0.008678 0.000000e+00 39.017209
68 2 7 25.000000 0.300000 10538.943479 8475.102521 13.634408 2063.841429 2063.840943 5034068.164398 5034066.302051 3048.525668 3048.525175 2958.094375 2805.346322 283.334433 283.330981 981.356568 0.773845 1.578844 2801.878991 139.434949 2.848870 2.848963 809.586822 9.772167 29.479717 29.480508 -0.317947 -0.005266 0.781968 0.016557 0.043025 0.231768 1452.452749 19 30 0.000031 0.000000e+00 39.350183
69 2 8 25.000000 0.340000 nan nan nan nan nan nan nan nan nan nan nan nan nan nan nan nan nan nan nan nan nan 0.000000 nan -1.000000 nan nan nan nan nan nan nan 19 30 0.000000 0.000000e+00 nan
70 2 9 25.000000 0.380000 nan nan nan nan nan nan nan nan nan nan nan nan nan nan nan nan nan nan nan nan nan 0.000000 nan -1.000000 nan nan nan nan nan nan nan 19 30 0.000000 0.000000e+00 nan
71 2 10 25.000000 0.420000 nan nan nan nan nan nan nan nan nan nan nan nan nan nan nan nan nan nan nan nan nan 0.000000 nan -1.000000 nan nan nan nan nan nan nan 19 30 0.000000 0.000000e+00 nan
72 2 11 25.000000 0.460000 nan nan nan nan nan nan nan nan nan nan nan nan nan nan nan nan nan nan nan nan nan 0.000000 nan -1.000000 nan nan nan nan nan nan nan 19 30 0.000000 0.000000e+00 nan
73 2 12 25.000000 0.500000 nan nan nan nan nan nan nan nan nan nan nan nan nan nan nan nan nan nan nan nan nan 0.000000 nan -1.000000 nan nan nan nan nan nan nan 19 30 0.000000 0.000000e+00 nan
74 2 13 25.000000 0.540000 nan nan nan nan nan nan nan nan nan nan nan nan nan nan nan nan nan nan nan nan nan 0.000000 nan -1.000000 nan nan nan nan nan nan nan 19 30 0.000000 0.000000e+00 nan
75 2 14 25.000000 0.580000 nan nan nan nan nan nan nan nan nan nan nan nan nan nan nan nan nan nan nan nan nan 0.000000 nan -1.000000 nan nan nan nan nan nan nan 19 30 0.000000 0.000000e+00 nan
76 2 15 25.000000 0.620000 nan nan nan nan nan nan nan nan nan nan nan nan nan nan nan nan nan nan nan nan nan 0.000000 nan -1.000000 nan nan nan nan nan nan nan 19 30 0.000000 0.000000e+00 nan
77 2 16 25.000000 0.660000 nan nan nan nan nan nan nan nan nan nan nan nan nan nan nan nan nan nan nan nan nan 0.000000 nan -1.000000 nan nan nan nan nan nan nan 19 30 0.000000 0.000000e+00 nan
78 2 17 25.000000 0.700000 nan nan nan nan nan nan nan nan nan nan nan nan nan nan nan nan nan nan nan nan nan 0.000000 nan -1.000000 nan nan nan nan nan nan nan 19 30 0.000000 0.000000e+00 nan
79 2 18 25.000000 0.740000 nan nan nan nan nan nan nan nan nan nan nan nan nan nan nan nan nan nan nan nan nan 0.000000 nan -1.000000 nan nan nan nan nan nan nan 19 30 0.000000 0.000000e+00 nan
80 2 19 25.000000 0.780000 nan nan nan nan nan nan nan nan nan nan nan nan nan nan nan nan nan nan nan nan nan 0.000000 nan -1.000000 nan nan nan nan nan nan nan 19 30 0.000000 0.000000e+00 nan
81 2 20 25.000000 0.820000 nan nan nan nan nan nan nan nan nan nan nan nan nan nan nan nan nan nan nan nan nan 0.000000 nan -1.000000 nan nan nan nan nan nan nan 19 30 0.000000 0.000000e+00 nan
82 2 21 25.000000 0.860000 nan nan nan nan nan nan nan nan nan nan nan nan nan nan nan nan nan nan nan nan nan 0.000000 nan -1.000000 nan nan nan nan nan nan nan 19 30 0.000000 0.000000e+00 nan
83 2 22 25.000000 0.900000 nan nan nan nan nan nan nan nan nan nan nan nan nan nan nan nan nan nan nan nan nan 0.000000 nan -1.000000 nan nan nan nan nan nan nan 19 30 0.000000 0.000000e+00 nan
84 2 23 25.000000 0.940000 nan nan nan nan nan nan nan nan nan nan nan nan nan nan nan nan nan nan nan nan nan 0.000000 nan -1.000000 nan nan nan nan nan nan nan 19 30 0.000000 0.000000e+00 nan
85 2 24 25.000000 0.980000 nan nan nan nan nan nan nan nan nan nan nan nan nan nan nan nan nan nan nan nan nan 0.000000 nan -1.000000 nan nan nan nan nan nan nan 19 30 0.000000 0.000000e+00 nan
86 2 25 25.000000 1.020000 nan nan nan nan nan nan nan nan nan nan nan nan nan nan nan nan nan nan nan nan nan 0.000000 nan -1.000000 nan nan nan nan nan nan nan 19 30 0.000000 0.000000e+00 nan
87 2 26 25.000000 1.060000 nan nan nan nan nan nan nan nan nan nan nan nan nan nan nan nan nan nan nan nan nan 0.000000 nan -1.000000 nan nan nan nan nan nan nan 19 30 0.000000 0.000000e+00 nan
88 2 27 25.000000 1.100000 nan nan nan nan nan nan nan nan nan nan nan nan nan nan nan nan nan nan nan nan nan 0.000000 nan -1.000000 nan nan nan nan nan nan nan 19 30 0.000000 0.000000e+00 nan
89 2 28 25.000000 1.140000 nan nan nan nan nan nan nan nan nan nan nan nan nan nan nan nan nan nan nan nan nan 0.000000 nan -1.000000 nan nan nan nan nan nan nan 19 30 0.000000 0.000000e+00 nan
90 2 29 25.000000 1.180000 nan nan nan nan nan nan nan nan nan nan nan nan nan nan nan nan nan nan nan nan nan 0.000000 nan -1.000000 nan nan nan nan nan nan nan 19 30 0.000000 0.000000e+00 nan
91 3 0 35.000000 0.020000 10540.656443 8393.908197 12.439380 2146.748195 2146.748230 4154320.685308 4154105.421022 2960.162471 2960.174553 3082.249003 2935.967400 29.714978 31.954491 940.109227 0.735930 1.476979 2935.893907 20.773534 0.334204 0.405402 985.993123 1.206966 35.280851 40.548952 0.036023 -0.003224 0.974736 0.020783 0.061147 0.334664 2276.216698 19 30 5.504081 0.000000e+00 37.705312
92 3 1 35.000000 0.060000 10540.411950 8403.411928 12.604480 2137.000011 2137.000006 4269909.030378 4269388.387777 2972.531563 2972.567478 3071.003916 2924.159829 59.550696 61.949665 941.606090 0.740806 1.488719 2923.908453 38.341366 0.672636 0.751280 966.013068 2.272895 35.232719 38.236696 -0.012354 -0.001854 0.950382 0.020117 0.058208 0.317453 2106.042171 19 30 14.268062 0.000000e+00 38.221030
93 3 2 35.000000 0.100000 10540.236017 8388.185540 12.891728 2152.050458 2152.050462 4457676.416966 4457202.500676 3014.683836 3014.717846 3083.036287 2936.793899 96.118348 97.624599 944.624174 0.748503 1.507998 2936.220309 58.040495 1.080999 1.132423 947.862583 3.504019 35.232291 36.478946 -0.016547 -0.011788 0.921837 0.019140 0.053839 0.290046 1821.933690 19 30 6.869473 0.000000e+00 38.489534
94 3 3 35.000000 0.140000 10540.060155 8389.367275 13.118552 2150.692865 2150.692864 4615672.787805 4615308.308578 3039.847806 3039.866462 3076.859314 2930.308668 135.637524 136.597170 949.443550 0.755002 1.525035 2929.213904 80.092436 1.530734 1.566228 924.444573 4.951652 35.273184 35.897738 0.001319 0.002056 0.892743 0.018395 0.050518 0.270468 1638.382452 19 30 2.092572 0.000000e+00 38.714123
95 3 4 35.000000 0.180000 10540.012707 8407.795892 13.264995 2132.216800 2132.216800 4729055.380556 4728805.986054 3045.513523 3045.513826 3051.856385 2904.044258 175.741117 176.338211 955.970414 0.759892 1.538344 2902.224938 102.778690 2.002307 2.028211 897.077337 6.535914 35.296506 35.651233 -0.004902 -0.005344 0.864954 0.017888 0.048312 0.258698 1550.261000 19 30 0.525430 0.000000e+00 38.700694
96 3 5 35.000000 0.220000 10540.037310 8428.781488 13.381241 2111.255801 2111.255807 4823867.478321 4823691.541247 3046.498828 3046.488573 3022.740768 2873.431295 215.847804 216.224008 964.125039 0.764131 1.550241 2870.673365 125.864350 2.489409 2.510519 869.534741 8.236306 35.357672 35.598497 0.003968 -0.014601 0.839015 0.017473 0.046573 0.249804 1490.137276 19 30 0.134344 0.000000e+00 38.617172
97 3 6 35.000000 0.260000 10539.912046 8444.397643 13.485371 2095.514388 2095.514387 4907862.582329 4907727.540002 3049.427488 3049.411105 2997.613460 2846.986496 254.588195 254.831821 973.510927 0.767896 1.561099 2843.057289 149.523776 2.992221 3.010560 844.869081 10.036207 35.752585 35.927051 0.005492 -0.003615 0.816502 0.017109 0.045107 0.242165 1441.379311 19 30 0.032554 0.000000e+00 38.591928
98 3 7 35.000000 0.300000 10539.893673 8452.315185 13.569559 2087.578458 2087.578472 4973627.293417 4973557.777476 3054.770976 3054.757217 2979.352581 2827.753075 291.660867 291.802661 983.835892 0.770783 1.569617 2822.250525 176.321953 3.562007 3.574945 825.331325 12.059258 37.053945 37.174940 0.010225 -0.023921 0.799656 0.016823 0.044005 0.236198 1403.059586 19 30 0.004057 0.000000e+00 38.677068
99 3 8 35.000000 0.340000 10539.648388 8452.759527 13.641621 2086.888678 2086.888846 5026428.631420 5026420.339618 3062.929540 3062.927585 2967.021247 2814.757669 328.892803 328.924582 995.477598 0.772979 1.576213 2807.150066 206.807256 4.211283 4.213460 809.709585 14.327562 38.934088 38.957047 0.046887 -0.057734 0.787278 0.016591 0.043147 0.231246 1359.356009 19 30 0.000120 0.000000e+00 38.865178
100 3 9 35.000000 0.380000 nan nan nan nan nan nan nan nan nan nan nan nan nan nan nan nan nan nan nan nan nan 0.000000 nan -1.000000 nan nan nan nan nan nan nan 19 30 0.000000 0.000000e+00 nan
101 3 10 35.000000 0.420000 nan nan nan nan nan nan nan nan nan nan nan nan nan nan nan nan nan nan nan nan nan 0.000000 nan -1.000000 nan nan nan nan nan nan nan 19 30 0.000000 0.000000e+00 nan
102 3 11 35.000000 0.460000 nan nan nan nan nan nan nan nan nan nan nan nan nan nan nan nan nan nan nan nan nan 0.000000 nan -1.000000 nan nan nan nan nan nan nan 19 30 0.000000 0.000000e+00 nan
103 3 12 35.000000 0.500000 nan nan nan nan nan nan nan nan nan nan nan nan nan nan nan nan nan nan nan nan nan 0.000000 nan -1.000000 nan nan nan nan nan nan nan 19 30 0.000000 0.000000e+00 nan
104 3 13 35.000000 0.540000 nan nan nan nan nan nan nan nan nan nan nan nan nan nan nan nan nan nan nan nan nan 0.000000 nan -1.000000 nan nan nan nan nan nan nan 19 30 0.000000 0.000000e+00 nan
105 3 14 35.000000 0.580000 nan nan nan nan nan nan nan nan nan nan nan nan nan nan nan nan nan nan nan nan nan 0.000000 nan -1.000000 nan nan nan nan nan nan nan 19 30 0.000000 0.000000e+00 nan
106 3 15 35.000000 0.620000 nan nan nan nan nan nan nan nan nan nan nan nan nan nan nan nan nan nan nan nan nan 0.000000 nan -1.000000 nan nan nan nan nan nan nan 19 30 0.000000 0.000000e+00 nan
107 3 16 35.000000 0.660000 nan nan nan nan nan nan nan nan nan nan nan nan nan nan nan nan nan nan nan nan nan 0.000000 nan -1.000000 nan nan nan nan nan nan nan 19 30 0.000000 0.000000e+00 nan
108 3 17 35.000000 0.700000 nan nan nan nan nan nan nan nan nan nan nan nan nan nan nan nan nan nan nan nan nan 0.000000 nan -1.000000 nan nan nan nan nan nan nan 19 30 0.000000 0.000000e+00 nan
109 3 18 35.000000 0.740000 nan nan nan nan nan nan nan nan nan nan nan nan nan nan nan nan nan nan nan nan nan 0.000000 nan -1.000000 nan nan nan nan nan nan nan 19 30 0.000000 0.000000e+00 nan
110 3 19 35.000000 0.780000 nan nan nan nan nan nan nan nan nan nan nan nan nan nan nan nan nan nan nan nan nan 0.000000 nan -1.000000 nan nan nan nan nan nan nan 19 30 0.000000 0.000000e+00 nan
111 3 20 35.000000 0.820000 nan nan nan nan nan nan nan nan nan nan nan nan nan nan nan nan nan nan nan nan nan 0.000000 nan -1.000000 nan nan nan nan nan nan nan 19 30 0.000000 0.000000e+00 nan
112 3 21 35.000000 0.860000 nan nan nan nan nan nan nan nan nan nan nan nan nan nan nan nan nan nan nan nan nan 0.000000 nan -1.000000 nan nan nan nan nan nan nan 19 30 0.000000 0.000000e+00 nan
113 3 22 35.000000 0.900000 nan nan nan nan nan nan nan nan nan nan nan nan nan nan nan nan nan nan nan nan nan 0.000000 nan -1.000000 nan nan nan nan nan nan nan 19 30 0.000000 0.000000e+00 nan
114 3 23 35.000000 0.940000 nan nan nan nan nan nan nan nan nan nan nan nan nan nan nan nan nan nan nan nan nan 0.000000 nan -1.000000 nan nan nan nan nan nan nan 19 30 0.000000 0.000000e+00 nan
115 3 24 35.000000 0.980000 nan nan nan nan nan nan nan nan nan nan nan nan nan nan nan nan nan nan nan nan nan 0.000000 nan -1.000000 nan nan nan nan nan nan nan 19 30 0.000000 0.000000e+00 nan
116 3 25 35.000000 1.020000 nan nan nan nan nan nan nan nan nan nan nan nan nan nan nan nan nan nan nan nan nan 0.000000 nan -1.000000 nan nan nan nan nan nan nan 19 30 0.000000 0.000000e+00 nan
117 3 26 35.000000 1.060000 nan nan nan nan nan nan nan nan nan nan nan nan nan nan nan nan nan nan nan nan nan 0.000000 nan -1.000000 nan nan nan nan nan nan nan 19 30 0.000000 0.000000e+00 nan
118 3 27 35.000000 1.100000 nan nan nan nan nan nan nan nan nan nan nan nan nan nan nan nan nan nan nan nan nan 0.000000 nan -1.000000 nan nan nan nan nan nan nan 19 30 0.000000 0.000000e+00 nan
119 3 28 35.000000 1.140000 nan nan nan nan nan nan nan nan nan nan nan nan nan nan nan nan nan nan nan nan nan 0.000000 nan -1.000000 nan nan nan nan nan nan nan 19 30 0.000000 0.000000e+00 nan
120 3 29 35.000000 1.180000 nan nan nan nan nan nan nan nan nan nan nan nan nan nan nan nan nan nan nan nan nan 0.000000 nan -1.000000 nan nan nan nan nan nan nan 19 30 0.000000 0.000000e+00 nan
121 4 0 45.000000 0.020000 10540.795982 8392.207871 12.420703 2148.588054 2148.588095 4141111.905333 4140904.984713 2959.267969 2959.279606 3084.068545 2937.877541 30.305867 32.546906 940.129549 0.735371 1.475657 2937.775953 24.431415 0.416374 0.476478 988.454666 1.415879 44.742901 48.646927 0.032581 -0.018080 0.977713 0.020863 0.061497 0.336677 2296.834702 19 30 6.184291 0.000000e+00 37.700462
122 4 1 45.000000 0.060000 10540.398445 8399.776700 12.556779 2140.621729 2140.621729 4235855.566586 4235425.383930 2969.427098 2969.459003 3074.649826 2927.988594 59.290675 61.580939 941.581903 0.739364 1.485210 2927.639639 45.203461 0.822122 0.884590 971.851416 2.663064 45.166155 47.226965 -0.002616 0.004438 0.957636 0.020307 0.059053 0.322315 2154.496841 19 30 17.437869 0.000000e+00 38.138442
123 4 2 45.000000 0.100000 10540.287800 8383.208485 12.816942 2157.079301 2157.079299 4403766.426112 4403261.882516 3009.316564 3009.360893 3087.965884 2941.968551 96.892665 98.580230 944.723415 0.746242 1.502234 2941.108513 71.131388 1.338854 1.385442 956.532134 4.252905 45.220665 46.183291 -0.021874 0.009160 0.932847 0.019409 0.055045 0.296887 1890.099357 19 30 8.271340 0.000000e+00 38.476442
124 4 3 45.000000 0.140000 10540.168015 8379.144881 13.021634 2161.023119 2161.023119 4542584.439119 4542163.820931 3035.125526 3035.158108 3087.157091 2941.119609 135.717667 136.822731 949.476028 0.751903 1.516822 2939.492475 97.818947 1.873883 1.905957 937.772842 5.954979 45.150919 45.637625 -0.004524 -0.003824 0.908728 0.018733 0.052017 0.278623 1713.607551 19 30 2.634380 0.000000e+00 38.631651
125 4 4 45.000000 0.180000 10540.067015 8389.297451 13.157373 2150.769557 2150.769548 4642821.709196 4642508.722589 3044.381843 3044.391297 3070.410237 2923.536331 175.583010 176.332229 955.969311 0.756111 1.528017 2920.828543 125.798652 2.441942 2.466177 915.674111 7.822534 45.224380 45.513728 0.002405 -0.011391 0.885948 0.018272 0.049976 0.267283 1621.150197 19 30 0.720289 0.000000e+00 38.678758
126 4 5 45.000000 0.220000 10540.077854 8406.615279 13.249016 2133.462555 2133.462559 4717098.600391 4716837.504411 3044.425117 3044.421127 3044.876416 2896.708139 216.056066 216.540839 964.196144 0.759383 1.536939 2892.590639 154.393776 3.035844 3.055298 891.983279 9.820052 45.286851 45.479590 0.007188 -0.000290 0.864618 0.017940 0.048538 0.259948 1574.236477 19 30 0.199417 0.000000e+00 38.627663
127 4 6 45.000000 0.260000 10540.062538 8418.305561 13.338877 2121.756958 2121.756962 4787606.235988 4787389.156109 3047.843035 3047.825743 3023.378223 2874.101865 256.323718 256.651118 973.988739 0.762458 1.545506 2868.246903 183.360945 3.640602 3.657820 870.192447 11.898905 45.452663 45.597043 0.009544 0.011313 0.845507 0.017631 0.047228 0.252998 1529.751954 19 30 0.059651 0.000000e+00 38.659886
128 4 7 45.000000 0.300000 10539.971582 8424.875983 13.419929 2115.095586 2115.095583 4849426.149548 4849218.790163 3053.361608 3053.333935 3005.464978 2855.252246 296.264353 296.504268 985.240605 0.765111 1.553041 2847.280890 213.206294 4.266004 4.282354 850.702490 14.069877 45.858420 45.977465 0.016444 0.015983 0.829306 0.017362 0.046121 0.246932 1489.823928 19 30 0.018686 0.000000e+00 38.684291
129 4 8 45.000000 0.340000 10539.871796 8425.552059 13.487568 2114.319715 2114.319721 4898510.694778 4898343.827031 3060.862266 3060.831866 2992.359741 2841.454288 335.029375 335.203815 997.569981 0.767139 1.558894 2830.961213 243.969426 4.912004 4.925524 834.638667 16.293929 46.616225 46.704292 0.002003 0.000813 0.817079 0.017149 0.045267 0.242009 1466.600052 19 30 0.005094 0.000000e+00 38.740730
130 4 9 45.000000 0.380000 10539.513214 8419.206496 13.539259 2120.306719 2120.306703 4932009.389491 4931901.553122 3070.453843 3070.440045 2984.245905 2832.908271 374.954944 375.091369 1011.670798 0.768394 1.562557 2819.185126 278.504042 5.634494 5.641878 822.072670 18.715494 47.902615 47.944518 0.030277 -0.010586 0.809327 0.017004 0.044698 0.238342 1433.613951 19 30 0.001037 0.000000e+00 38.852225
131 4 10 45.000000 0.420000 10539.886301 8416.103171 13.582101 2123.783080 2123.783114 4961427.506405 4961362.304275 3077.640755 3077.631722 2973.047837 2821.109551 412.936896 413.037963 1026.345277 0.769525 1.565884 2804.084003 309.470521 6.293403 6.297916 808.387890 20.948060 48.504964 48.525835 -0.087926 0.110124 0.801218 0.016876 0.044206 0.235325 1482.165368 19 30 0.000166 0.000000e+00 38.943233
132 4 11 45.000000 0.460000 10539.339958 8410.863558 13.629096 2128.476341 2128.476385 4992265.189868 4992223.533860 3085.884704 3085.876740 2962.075297 2809.543686 450.496782 450.558362 1042.011087 0.770682 1.569316 2789.023929 338.941361 6.925802 6.928999 794.397762 23.106224 48.765990 48.787362 -0.005033 -0.398987 0.793088 0.016741 0.043699 0.232113 1423.010428 19 30 0.000017 0.000000e+00 39.339212
133 4 12 45.000000 0.500000 10538.073200 8395.833964 13.650766 2142.238770 2142.239220 4998487.000000 4998486.848909 3096.396970 3096.397217 2962.610008 2810.107420 480.366089 480.359789 1055.239212 0.770660 1.569252 2786.082131 366.674343 7.497724 7.497568 789.202130 24.920240 49.759384 49.758890 0.170901 0.985288 0.792839 0.016714 0.043597 0.230694 1316.193289 19 30 0.000001 0.000000e+00 39.059707
134 4 13 45.000000 0.540000 nan nan nan nan nan nan nan nan nan nan nan nan nan nan nan nan nan nan nan nan nan 0.000000 nan -1.000000 nan nan nan nan nan nan nan 19 30 0.000000 0.000000e+00 nan
135 4 14 45.000000 0.580000 nan nan nan nan nan nan nan nan nan nan nan nan nan nan nan nan nan nan nan nan nan 0.000000 nan -1.000000 nan nan nan nan nan nan nan 19 30 0.000000 0.000000e+00 nan
136 4 15 45.000000 0.620000 nan nan nan nan nan nan nan nan nan nan nan nan nan nan nan nan nan nan nan nan nan 0.000000 nan -1.000000 nan nan nan nan nan nan nan 19 30 0.000000 0.000000e+00 nan
137 4 16 45.000000 0.660000 nan nan nan nan nan nan nan nan nan nan nan nan nan nan nan nan nan nan nan nan nan 0.000000 nan -1.000000 nan nan nan nan nan nan nan 19 30 0.000000 0.000000e+00 nan
138 4 17 45.000000 0.700000 nan nan nan nan nan nan nan nan nan nan nan nan nan nan nan nan nan nan nan nan nan 0.000000 nan -1.000000 nan nan nan nan nan nan nan 19 30 0.000000 0.000000e+00 nan
139 4 18 45.000000 0.740000 nan nan nan nan nan nan nan nan nan nan nan nan nan nan nan nan nan nan nan nan nan 0.000000 nan -1.000000 nan nan nan nan nan nan nan 19 30 0.000000 0.000000e+00 nan
140 4 19 45.000000 0.780000 nan nan nan nan nan nan nan nan nan nan nan nan nan nan nan nan nan nan nan nan nan 0.000000 nan -1.000000 nan nan nan nan nan nan nan 19 30 0.000000 0.000000e+00 nan
141 4 20 45.000000 0.820000 nan nan nan nan nan nan nan nan nan nan nan nan nan nan nan nan nan nan nan nan nan 0.000000 nan -1.000000 nan nan nan nan nan nan nan 19 30 0.000000 0.000000e+00 nan
142 4 21 45.000000 0.860000 nan nan nan nan nan nan nan nan nan nan nan nan nan nan nan nan nan nan nan nan nan 0.000000 nan -1.000000 nan nan nan nan nan nan nan 19 30 0.000000 0.000000e+00 nan
143 4 22 45.000000 0.900000 nan nan nan nan nan nan nan nan nan nan nan nan nan nan nan nan nan nan nan nan nan 0.000000 nan -1.000000 nan nan nan nan nan nan nan 19 30 0.000000 0.000000e+00 nan
144 4 23 45.000000 0.940000 nan nan nan nan nan nan nan nan nan nan nan nan nan nan nan nan nan nan nan nan nan 0.000000 nan -1.000000 nan nan nan nan nan nan nan 19 30 0.000000 0.000000e+00 nan
145 4 24 45.000000 0.980000 nan nan nan nan nan nan nan nan nan nan nan nan nan nan nan nan nan nan nan nan nan 0.000000 nan -1.000000 nan nan nan nan nan nan nan 19 30 0.000000 0.000000e+00 nan
146 4 25 45.000000 1.020000 nan nan nan nan nan nan nan nan nan nan nan nan nan nan nan nan nan nan nan nan nan 0.000000 nan -1.000000 nan nan nan nan nan nan nan 19 30 0.000000 0.000000e+00 nan
147 4 26 45.000000 1.060000 nan nan nan nan nan nan nan nan nan nan nan nan nan nan nan nan nan nan nan nan nan 0.000000 nan -1.000000 nan nan nan nan nan nan nan 19 30 0.000000 0.000000e+00 nan
148 4 27 45.000000 1.100000 nan nan nan nan nan nan nan nan nan nan nan nan nan nan nan nan nan nan nan nan nan 0.000000 nan -1.000000 nan nan nan nan nan nan nan 19 30 0.000000 0.000000e+00 nan
149 4 28 45.000000 1.140000 nan nan nan nan nan nan nan nan nan nan nan nan nan nan nan nan nan nan nan nan nan 0.000000 nan -1.000000 nan nan nan nan nan nan nan 19 30 0.000000 0.000000e+00 nan
150 4 29 45.000000 1.180000 nan nan nan nan nan nan nan nan nan nan nan nan nan nan nan nan nan nan nan nan nan 0.000000 nan -1.000000 nan nan nan nan nan nan nan 19 30 0.000000 0.000000e+00 nan
151 5 0 55.000000 0.020000 10540.881680 8390.166922 12.387943 2150.714710 2150.714742 4118344.071724 4118207.064096 2956.981127 2956.988496 3086.219485 2940.135433 29.872351 31.837507 940.105258 0.734414 1.473401 2940.012064 26.933763 0.478748 0.524878 992.261535 1.554844 55.368859 57.776644 -0.039260 0.005064 0.982506 0.021003 0.062105 0.340254 2340.659294 19 30 6.180497 0.000000e+00 37.639373
152 5 1 55.000000 0.060000 10540.455353 8392.941128 12.513091 2147.514189 2147.514210 4203118.954732 4202721.541446 2968.894700 2968.928902 3081.508705 2935.190208 59.699000 62.092597 941.615505 0.737966 1.481837 2934.732603 51.827635 0.954974 1.011743 979.026142 3.030292 55.073312 56.582844 -0.010065 0.005710 0.965785 0.020495 0.059882 0.326845 2199.877021 19 30 18.820197 0.000000e+00 38.076528
153 5 2 55.000000 0.100000 10540.222524 8376.181297 12.728286 2164.041213 2164.041211 4339656.900874 4339139.738347 3003.645842 3003.700068 3094.897851 2949.243694 97.068491 98.866788 944.753359 0.743554 1.495494 2948.110234 81.758254 1.545600 1.588544 967.413270 4.830715 55.070729 55.787067 -0.014149 -0.006498 0.946356 0.019740 0.056528 0.305267 1971.311293 19 30 9.819118 0.000000e+00 38.425471
154 5 3 55.000000 0.140000 10540.089861 8359.503381 12.932225 2180.586462 2180.586465 4470228.270762 4469731.811509 3037.168034 3037.217335 3106.609596 2961.531501 136.321379 137.589801 949.586869 0.748785 1.508720 2959.358030 113.441095 2.164495 2.195245 955.286433 6.772209 55.163443 55.536584 -0.005422 0.008459 0.927798 0.019079 0.053565 0.286430 1780.825068 19 30 3.172215 0.000000e+00 38.666660
155 5 4 55.000000 0.180000 10540.014206 8359.796779 13.055734 2180.217405 2180.217411 4555706.152628 4555271.339684 3050.972138 3051.002999 3099.718225 2954.301733 176.157088 177.088980 956.109186 0.752252 1.517737 2950.694825 145.941005 2.807697 2.831535 939.367497 8.830926 55.269553 55.498480 0.001180 -0.003822 0.910847 0.018672 0.051744 0.275726 1688.533651 19 30 0.923509 0.000000e+00 38.781069
156 5 5 55.000000 0.220000 10540.031443 8373.572273 13.110338 2166.459155 2166.459155 4601254.670520 4600864.762662 3048.662703 3048.673487 3077.754513 2931.248624 216.412742 217.067868 964.314642 0.754236 1.522989 2925.782335 178.930781 3.480645 3.499654 920.539479 10.999762 55.368419 55.518396 0.007901 0.014286 0.895545 0.018461 0.050809 0.271150 1666.196577 19 30 0.285419 0.000000e+00 38.759825
157 5 6 55.000000 0.260000 10540.039575 8381.882962 13.166398 2158.156591 2158.156597 4645074.653218 4644731.081907 3049.990875 3049.978849 3059.561741 2912.140742 257.001829 257.470063 974.204856 0.756112 1.528018 2904.387985 212.353793 4.165095 4.181729 903.084861 13.232298 55.452257 55.565262 -0.000800 0.002217 0.881911 0.018262 0.049932 0.266551 1648.601647 19 30 0.104471 0.000000e+00 38.722379
158 5 7 55.000000 0.300000 10540.020926 8386.803404 13.211791 2153.217511 2153.217507 4679749.078596 4679407.861542 3052.198643 3052.171931 3043.202018 2894.948044 297.430439 297.780684 985.625489 0.757583 1.532007 2884.471244 246.068722 4.860639 4.875988 887.020567 15.504567 55.631574 55.724798 0.007259 0.004227 0.870535 0.018106 0.049255 0.262899 1632.382890 19 30 0.044066 0.000000e+00 38.735368
159 5 8 55.000000 0.340000 10539.960523 8386.504678 13.254889 2153.455826 2153.455829 4710002.736483 4709655.450432 3057.337726 3057.290869 3030.644744 2881.744822 337.450536 337.728285 998.421085 0.758809 1.535359 2868.130811 279.783608 5.556216 5.571524 872.776053 17.774160 55.857061 55.937605 -0.009529 0.018739 0.861314 0.017972 0.048675 0.259492 1629.617521 19 30 0.020298 0.000000e+00 38.746047
160 5 9 55.000000 0.380000 10539.996334 8382.077912 13.289789 2157.918404 2157.918407 4732254.603876 4731894.537724 3064.129744 3064.066969 3020.742514 2871.329133 377.865207 378.088609 1012.785893 0.759649 1.537674 2854.063988 314.403792 6.271320 6.286358 860.111864 20.079292 56.189208 56.259440 0.010663 -0.008778 0.854419 0.017874 0.048254 0.256769 1611.643606 19 30 0.010852 0.000000e+00 38.741329
161 5 10 55.000000 0.420000 10539.898752 8373.965239 13.306625 2165.933493 2165.933498 4739562.160177 4739202.012408 3070.973626 3070.907021 3013.041166 2863.225930 418.179641 418.369188 1028.502332 0.759835 1.538188 2841.749971 350.028319 7.008467 7.021953 849.595234 22.391378 56.731199 56.787975 0.005892 -0.015525 0.850760 0.017842 0.048117 0.255474 1621.830075 19 30 0.005389 0.000000e+00 38.767980
162 5 11 55.000000 0.460000 10539.875529 8363.320441 13.315898 2176.555059 2176.555072 4740064.743066 4739736.962992 3078.561772 3078.494591 3007.268868 2857.150976 457.031494 457.191217 1044.896204 0.759716 1.537858 2831.159244 384.511424 7.722587 7.734254 840.422559 24.585115 57.203161 57.249021 -0.022643 -0.005563 0.848861 0.017839 0.048107 0.254762 1654.604589 19 30 0.002764 0.000000e+00 38.861498
163 5 12 55.000000 0.500000 10539.782516 8349.948256 13.311044 2189.834211 2189.834244 4728949.932876 4728682.692111 3086.162616 3086.107048 3002.441140 2852.069152 497.051687 497.183400 1063.003105 0.759107 1.536179 2820.894343 420.539599 8.470513 8.479220 832.179306 26.809631 57.729789 57.762477 0.037722 0.013529 0.849105 0.017888 0.048315 0.255140 1632.859156 19 30 0.001301 0.000000e+00 38.899965
164 5 13 55.000000 0.540000 10539.746185 8334.455976 13.302870 2205.290204 2205.290194 4714376.679812 4714124.081219 3094.793565 3094.742141 2998.571896 2847.995623 537.151979 537.261832 1082.328298 0.758348 1.534095 2811.196688 456.346636 9.213241 9.220497 824.171109 28.973464 58.118451 58.145750 -0.006931 -0.017516 0.850162 0.017952 0.048590 0.255770 1695.665826 19 30 0.000528 0.000000e+00 39.029727
165 5 14 55.000000 0.580000 10539.388500 8318.011036 13.290518 2221.377432 2221.377448 4696136.136735 4695969.197057 3103.349050 3103.302589 2994.895999 2844.125121 575.946716 576.039314 1102.091448 0.757460 1.531670 2801.485332 490.640026 9.928001 9.933788 816.338202 31.006938 58.381963 58.402245 0.016642 0.073461 0.851749 0.018033 0.048936 0.256742 1705.671476 19 30 0.000197 0.000000e+00 39.093773
166 5 15 55.000000 0.620000 10539.883425 8302.940552 13.257873 2236.942882 2236.942857 4664979.079075 4664784.012534 3109.483956 3109.452903 2990.829341 2839.842566 612.693849 612.763722 1121.723516 0.756088 1.527955 2791.153994 523.607852 10.620984 10.624940 809.545628 32.894476 58.695961 58.704766 -0.099894 -0.078078 0.855102 0.018172 0.049539 0.259262 1868.563548 19 30 0.000053 0.000000e+00 39.319598
167 5 16 55.000000 0.660000 10538.218887 8268.221548 13.298907 2269.997203 2269.997322 4673381.556844 4673210.098075 3134.734679 3134.660738 3000.847975 2850.391942 653.903700 653.979889 1144.759348 0.756140 1.528095 2795.062039 558.893925 11.300779 11.307597 803.777958 34.812192 58.693303 58.716030 -0.281924 0.067841 0.856950 0.018134 0.049375 0.256150 2048.502969 19 30 0.000003 0.000000e+00 39.973104
168 5 17 55.000000 0.700000 nan nan nan nan nan nan nan nan nan nan nan nan nan nan nan nan nan nan nan nan nan 0.000000 nan -1.000000 nan nan nan nan nan nan nan 19 30 0.000000 0.000000e+00 nan
169 5 18 55.000000 0.740000 nan nan nan nan nan nan nan nan nan nan nan nan nan nan nan nan nan nan nan nan nan 0.000000 nan -1.000000 nan nan nan nan nan nan nan 19 30 0.000000 0.000000e+00 nan
170 5 19 55.000000 0.780000 nan nan nan nan nan nan nan nan nan nan nan nan nan nan nan nan nan nan nan nan nan 0.000000 nan -1.000000 nan nan nan nan nan nan nan 19 30 0.000000 0.000000e+00 nan
171 5 20 55.000000 0.820000 nan nan nan nan nan nan nan nan nan nan nan nan nan nan nan nan nan nan nan nan nan 0.000000 nan -1.000000 nan nan nan nan nan nan nan 19 30 0.000000 0.000000e+00 nan
172 5 21 55.000000 0.860000 nan nan nan nan nan nan nan nan nan nan nan nan nan nan nan nan nan nan nan nan nan 0.000000 nan -1.000000 nan nan nan nan nan nan nan 19 30 0.000000 0.000000e+00 nan
173 5 22 55.000000 0.900000 nan nan nan nan nan nan nan nan nan nan nan nan nan nan nan nan nan nan nan nan nan 0.000000 nan -1.000000 nan nan nan nan nan nan nan 19 30 0.000000 0.000000e+00 nan
174 5 23 55.000000 0.940000 nan nan nan nan nan nan nan nan nan nan nan nan nan nan nan nan nan nan nan nan nan 0.000000 nan -1.000000 nan nan nan nan nan nan nan 19 30 0.000000 0.000000e+00 nan
175 5 24 55.000000 0.980000 nan nan nan nan nan nan nan nan nan nan nan nan nan nan nan nan nan nan nan nan nan 0.000000 nan -1.000000 nan nan nan nan nan nan nan 19 30 0.000000 0.000000e+00 nan
176 5 25 55.000000 1.020000 nan nan nan nan nan nan nan nan nan nan nan nan nan nan nan nan nan nan nan nan nan 0.000000 nan -1.000000 nan nan nan nan nan nan nan 19 30 0.000000 0.000000e+00 nan
177 5 26 55.000000 1.060000 nan nan nan nan nan nan nan nan nan nan nan nan nan nan nan nan nan nan nan nan nan 0.000000 nan -1.000000 nan nan nan nan nan nan nan 19 30 0.000000 0.000000e+00 nan
178 5 27 55.000000 1.100000 nan nan nan nan nan nan nan nan nan nan nan nan nan nan nan nan nan nan nan nan nan 0.000000 nan -1.000000 nan nan nan nan nan nan nan 19 30 0.000000 0.000000e+00 nan
179 5 28 55.000000 1.140000 nan nan nan nan nan nan nan nan nan nan nan nan nan nan nan nan nan nan nan nan nan 0.000000 nan -1.000000 nan nan nan nan nan nan nan 19 30 0.000000 0.000000e+00 nan
180 5 29 55.000000 1.180000 nan nan nan nan nan nan nan nan nan nan nan nan nan nan nan nan nan nan nan nan nan 0.000000 nan -1.000000 nan nan nan nan nan nan nan 19 30 0.000000 0.000000e+00 nan
181 6 0 65.000000 0.020000 10541.105112 8388.503378 12.351390 2152.601702 2152.601719 4093465.976540 4093308.876355 2954.135161 2954.150138 3088.144427 2942.155954 28.680587 30.696005 940.067292 0.733365 1.470945 2942.020825 28.197952 0.505530 0.549138 996.246666 1.621278 65.038751 66.725104 0.069327 -0.027127 0.987624 0.021159 0.062783 0.344293 2373.966281 19 30 5.584896 0.000000e+00 37.589280
182 6 1 65.000000 0.060000 10540.538954 8379.377340 12.484325 2161.161605 2161.161599 4177073.316084 4176769.158390 2974.425039 2974.456020 3095.160117 2949.518910 59.957272 62.031560 941.611482 0.736840 1.479144 2948.976617 56.557179 1.053699 1.098717 988.567781 3.274393 64.851793 65.748104 -0.031670 -0.013904 0.975059 0.020647 0.060552 0.329869 2226.846866 19 30 17.307010 0.000000e+00 37.983247
183 6 2 65.000000 0.100000 10540.299165 8366.142657 12.632882 2174.156498 2174.156493 4270016.170585 4269506.709435 2999.352047 2999.410470 3105.025586 2959.869852 96.931032 98.747727 944.740907 0.740638 1.488307 2958.504975 89.876883 1.700742 1.740062 980.504670 5.237319 65.068714 65.528385 0.013505 0.015291 0.961971 0.020116 0.058206 0.314608 2056.167638 19 30 10.747264 0.000000e+00 38.401900
184 6 3 65.000000 0.140000 10540.150625 8345.459117 12.797056 2194.691497 2194.691492 4370402.010736 4369842.110617 3030.862938 3030.926072 3120.699973 2976.308784 136.258153 137.690871 949.601519 0.744644 1.498213 2973.673331 125.223399 2.380523 2.411339 973.632548 7.328842 65.169974 65.429892 -0.005662 -0.010167 0.949746 0.019580 0.055811 0.298748 1898.095775 19 30 3.930219 0.000000e+00 38.650450
185 6 4 65.000000 0.180000 10540.012724 8329.960534 12.923708 2210.052166 2210.052175 4448623.760298 4448063.464339 3054.841394 3054.896738 3129.501706 2985.536230 176.242960 177.365651 956.160469 0.747712 1.505970 2981.174758 161.318455 3.073336 3.097390 965.643610 9.484135 65.279166 65.439762 -0.002677 0.005470 0.939198 0.019185 0.054041 0.287192 1788.687307 19 30 1.262058 0.000000e+00 38.798414
186 6 5 65.000000 0.220000 10539.941997 8329.225382 12.978413 2210.716598 2210.716599 4485741.927205 4485212.453616 3061.416982 3061.450691 3121.947099 2977.616386 216.462240 217.355819 964.379500 0.749194 1.509774 2971.048362 197.663783 3.786555 3.806278 954.335428 11.701751 65.308252 65.422821 -0.005303 0.012532 0.930192 0.019004 0.053229 0.282374 1761.574878 19 30 0.417194 0.000000e+00 38.823474
187 6 6 65.000000 0.260000 10539.987898 8336.576118 12.984081 2203.411761 2203.411764 4493621.757265 4493095.048057 3057.459660 3057.469289 3104.664715 2959.491282 257.335091 258.045327 974.357049 0.749559 1.510718 2950.171859 234.679894 4.531037 4.548180 941.239220 14.000149 65.338918 65.429761 -0.005972 0.003829 0.922830 0.018966 0.053058 0.281878 1784.976080 19 30 0.162322 0.000000e+00 38.799699
188 6 7 65.000000 0.300000 10540.005386 8336.124027 12.997738 2203.881344 2203.881344 4502809.147993 4502274.620029 3059.324236 3059.308353 3093.589743 2947.870953 298.131396 298.693316 985.901600 0.749924 1.511661 2935.319194 271.743235 5.273700 5.289199 930.218800 16.284578 65.398936 65.474056 -0.003487 0.003487 0.917352 0.018922 0.052861 0.280691 1797.833736 19 30 0.078903 0.000000e+00 38.776224
189 6 8 65.000000 0.340000 10540.020080 8330.926411 12.999239 2209.093657 2209.093653 4501083.482922 4500508.866141 3062.814970 3062.777111 3085.800611 2939.695743 338.686726 339.150438 998.903042 0.749816 1.511382 2923.391260 309.183771 6.022556 6.037274 921.350295 18.550557 65.666177 65.733254 0.001883 0.000809 0.914802 0.018930 0.052899 0.280561 1819.216618 19 30 0.049576 0.000000e+00 38.779237
190 6 9 65.000000 0.380000 10539.937031 8320.720094 13.000636 2219.216924 2219.216922 4496564.683981 4495921.833262 3069.398131 3069.339600 3081.550017 2935.233579 379.001991 379.401920 1013.276905 0.749565 1.510732 2914.714280 346.463314 6.764609 6.778770 913.829607 20.763390 65.891143 65.948967 0.002666 -0.019844 0.913881 0.018952 0.052998 0.280444 1843.206208 19 30 0.035611 0.000000e+00 38.785810
191 6 10 65.000000 0.420000 10539.996814 8307.809021 12.992501 2232.187778 2232.187778 4484061.143659 4483378.941648 3076.771597 3076.693228 3078.869072 2932.418868 419.063220 419.416276 1028.928705 0.748988 1.509245 2907.214061 383.649351 7.504096 7.517577 907.322660 22.920427 66.113491 66.166297 -0.003494 0.008697 0.914730 0.019013 0.053268 0.281145 1882.680621 19 30 0.027244 0.000000e+00 38.799308
192 6 11 65.000000 0.460000 10539.916636 8291.238121 12.982095 2248.678500 2248.678499 4467976.003077 4467268.757366 3086.179819 3086.069304 3078.582227 2932.117696 458.719101 459.039584 1045.706272 0.748267 1.507392 2901.817624 420.438649 8.230542 8.244104 901.745641 24.997273 66.285002 66.335199 -0.001149 -0.008409 0.916864 0.019091 0.053619 0.282054 1918.022580 19 30 0.019478 0.000000e+00 38.839463
193 6 12 65.000000 0.500000 10539.884251 8273.365756 12.959424 2266.518473 2266.518479 4442956.146067 4442136.412042 3095.162285 3095.035125 3078.351313 2931.875246 498.534186 498.836236 1063.777166 0.747209 1.504689 2895.976390 457.398306 8.962196 8.975307 896.501062 27.030850 66.433563 66.481431 0.000866 0.006711 0.920338 0.019214 0.054172 0.284039 1967.880843 19 30 0.013265 0.000000e+00 38.887570
194 6 13 65.000000 0.540000 10539.782431 8245.189845 12.958218 2294.592568 2294.592570 4426930.422669 4426145.277655 3113.245163 3113.085341 3087.474152 2941.452413 537.778882 538.067429 1082.728418 0.746507 1.502906 2899.683770 493.939600 9.654436 9.667121 894.022841 28.920257 66.589097 66.633733 -0.003454 -0.001512 0.925243 0.019294 0.054529 0.284151 2000.273975 19 30 0.008054 0.000000e+00 39.005796
195 6 14 65.000000 0.580000 10539.600803 8213.467690 12.958183 2326.133103 2326.133097 4409718.049999 4409016.041772 3133.886490 3133.673759 3099.161703 2953.717812 576.690352 576.976137 1102.581394 0.745803 1.501127 2905.768130 530.057060 10.325136 10.337970 892.274538 30.712494 66.685707 66.734020 0.002151 0.024612 0.930936 0.019380 0.054914 0.284164 2021.330101 19 30 0.003717 0.000000e+00 39.174165
196 6 15 65.000000 0.620000 10539.182213 8158.086268 13.000046 2381.095945 2381.095929 4407859.169579 4407332.293953 3174.675641 3174.421225 3133.260800 2989.476358 615.622386 615.909644 1123.445129 0.745746 1.500982 2935.113678 567.517918 10.931078 10.943364 898.333513 32.282455 67.089004 67.136112 -0.024054 0.005564 0.941006 0.019388 0.054952 0.280535 2030.642129 19 30 0.001174 0.000000e+00 39.476086
197 6 16 65.000000 0.660000 10539.194619 8067.710603 13.091713 2471.484014 2471.484000 4420202.186616 4419927.104133 3244.870473 3244.712663 3200.969629 3060.367987 656.177722 656.366365 1146.124371 0.746410 1.502659 2999.217142 608.727159 11.466787 11.473023 916.596208 33.588814 68.007019 68.036115 0.023576 0.039812 0.958558 0.019325 0.054668 0.272743 1899.393343 19 30 0.000250 0.000000e+00 39.724018
198 6 17 65.000000 0.700000 10538.702653 7985.431260 13.145167 2553.271390 2553.271376 4410485.370333 4410285.009646 3306.057339 3305.976366 3259.887875 3121.940841 695.404639 695.529681 1168.993501 0.746459 1.502783 3053.898542 648.242476 11.981044 11.984136 932.518195 34.805197 68.739477 68.750759 -0.031800 -0.003827 0.975893 0.019373 0.054885 0.268349 1938.094454 19 30 0.000058 0.000000e+00 39.818605
199 6 18 65.000000 0.740000 10539.051640 7918.525128 13.152816 2620.526470 2620.526495 4378716.656334 4378547.076420 3353.532454 3353.461821 3302.289008 3166.189879 736.450068 736.537544 1193.847487 0.745854 1.501255 3090.534213 688.009176 12.547749 12.550426 942.050174 36.141843 69.073667 69.085287 -0.071147 -0.005575 0.990798 0.019535 0.055610 0.267706 2017.167208 19 30 0.000016 0.000000e+00 40.023813
200 6 19 65.000000 0.780000 10539.034666 7834.436389 13.226787 2704.598349 2704.598261 4380743.118483 4380689.351119 3419.908557 3419.874428 3361.680866 3228.086724 775.842897 775.902535 1218.527395 0.746664 1.503303 3145.445938 725.750472 12.990915 12.992513 955.200898 37.227145 69.283835 69.286859 -0.247241 -0.072589 1.004824 0.019524 0.055560 0.261755 2210.439003 19 30 0.000004 0.000000e+00 40.029522
201 6 20 65.000000 0.820000 10538.784462 7771.263794 13.212209 2767.520558 2767.520651 4335776.843751 4335732.340101 3463.425147 3463.365833 3397.299114 3265.162618 818.050602 818.114877 1245.831537 0.745912 1.501401 3174.206671 765.309696 13.553431 13.555456 961.078433 38.530417 69.293689 69.301787 -0.198015 0.180407 1.018207 0.019758 0.056609 0.262928 2217.031366 19 30 0.000001 0.000000e+00 40.255138
202 6 21 65.000000 0.860000 nan nan nan nan nan nan nan nan nan nan nan nan nan nan nan nan nan nan nan nan nan 0.000000 nan -1.000000 nan nan nan nan nan nan nan 19 30 0.000000 0.000000e+00 nan
203 6 22 65.000000 0.900000 10538.573200 7709.765123 12.917636 2828.807860 2828.808060 4112475.750000 4112476.066810 3480.607670 3480.607865 3414.400966 3282.952880 883.949890 883.945606 1290.017094 0.739859 1.486411 3176.320308 829.921030 14.643170 14.643093 966.380602 40.655758 69.864747 69.864720 -0.520725 -0.853724 1.049133 0.021038 0.062260 0.287812 3383.423429 19 30 0.000000 0.000000e+00 40.221286
204 6 23 65.000000 0.940000 nan nan nan nan nan nan nan nan nan nan nan nan nan nan nan nan nan nan nan nan nan 0.000000 nan -1.000000 nan nan nan nan nan nan nan 19 30 0.000000 0.000000e+00 nan
205 6 24 65.000000 0.980000 nan nan nan nan nan nan nan nan nan nan nan nan nan nan nan nan nan nan nan nan nan 0.000000 nan -1.000000 nan nan nan nan nan nan nan 19 30 0.000000 0.000000e+00 nan
206 6 25 65.000000 1.020000 nan nan nan nan nan nan nan nan nan nan nan nan nan nan nan nan nan nan nan nan nan 0.000000 nan -1.000000 nan nan nan nan nan nan nan 19 30 0.000000 0.000000e+00 nan
207 6 26 65.000000 1.060000 nan nan nan nan nan nan nan nan nan nan nan nan nan nan nan nan nan nan nan nan nan 0.000000 nan -1.000000 nan nan nan nan nan nan nan 19 30 0.000000 0.000000e+00 nan
208 6 27 65.000000 1.100000 nan nan nan nan nan nan nan nan nan nan nan nan nan nan nan nan nan nan nan nan nan 0.000000 nan -1.000000 nan nan nan nan nan nan nan 19 30 0.000000 0.000000e+00 nan
209 6 28 65.000000 1.140000 nan nan nan nan nan nan nan nan nan nan nan nan nan nan nan nan nan nan nan nan nan 0.000000 nan -1.000000 nan nan nan nan nan nan nan 19 30 0.000000 0.000000e+00 nan
210 6 29 65.000000 1.180000 nan nan nan nan nan nan nan nan nan nan nan nan nan nan nan nan nan nan nan nan nan 0.000000 nan -1.000000 nan nan nan nan nan nan nan 19 30 0.000000 0.000000e+00 nan
211 7 0 75.000000 0.020000 10540.767394 8377.465448 12.350156 2163.301924 2163.301931 4087077.406086 4086978.293724 2960.877013 2960.887289 3098.833149 2953.373078 29.386593 31.045894 940.078782 0.733090 1.470304 2953.219850 30.084180 0.549666 0.583647 1002.005410 1.719730 74.906503 75.701649 -0.025557 0.031209 0.992385 0.021199 0.062956 0.344453 2376.826615 19 30 4.759717 0.000000e+00 37.488662
212 7 1 75.000000 0.060000 10540.574788 8360.632372 12.463688 2179.942391 2179.942400 4153957.996440 4153727.816456 2984.245830 2984.271550 3113.972125 2969.253786 59.672060 61.556052 941.580276 0.735848 1.476786 2968.656720 59.542628 1.110518 1.149033 1000.146345 3.407021 74.841492 75.305299 -0.025789 -0.001840 0.985525 0.020785 0.061157 0.332061 2236.463913 19 30 14.240567 0.000000e+00 37.879396
213 7 2 75.000000 0.100000 10540.382996 8343.391853 12.576201 2196.991126 2196.991127 4220346.832529 4219960.508305 3007.732618 3007.778337 3127.829978 2983.783843 97.419924 99.036644 944.771150 0.738540 1.483218 2982.249069 95.689672 1.804747 1.837785 997.051518 5.482037 74.840938 75.061863 -0.005832 -0.020973 0.978369 0.020395 0.059443 0.320325 2107.050774 19 30 9.714829 0.000000e+00 38.288073
214 7 3 75.000000 0.140000 10540.174634 8318.295535 12.697713 2221.879088 2221.879084 4289013.794775 4288541.794875 3037.262171 3037.315996 3147.846975 3004.760595 136.591320 137.970523 949.642108 0.741263 1.489836 3001.801402 133.321336 2.515181 2.543051 995.835525 7.625352 74.952666 75.083735 0.000928 0.003428 0.972925 0.020011 0.057740 0.308226 1978.190692 19 30 4.093987 0.000000e+00 38.547803
215 7 4 75.000000 0.180000 10540.069926 8295.477383 12.791914 2244.592526 2244.592528 4340706.029581 4340162.384899 3062.354281 3062.410489 3164.005256 3021.684119 176.374674 177.563946 956.197272 0.743267 1.494780 3016.807189 171.607967 3.232237 3.255703 994.187764 9.793392 75.031848 75.118102 -0.014292 0.006451 0.969164 0.019735 0.056504 0.299234 1898.367295 19 30 1.535937 0.000000e+00 38.700863
216 7 5 75.000000 0.220000 10540.017977 8279.268787 12.841442 2260.749169 2260.749175 4365673.193360 4365127.262896 3078.291634 3078.329757 3171.903049 3029.952905 216.653822 217.695543 964.456125 0.744212 1.497134 3022.635458 210.450694 3.962475 3.982786 991.201127 11.986969 75.111214 75.176888 -0.017166 -0.001437 0.967214 0.019604 0.055920 0.294638 1868.484529 19 30 0.538887 0.000000e+00 38.798359
217 7 6 75.000000 0.260000 10539.972581 8263.873166 12.866342 2276.099394 2276.099398 4374376.566900 4373833.743537 3091.014510 3091.029313 3177.252358 3035.552372 257.498691 258.422628 974.457040 0.744520 1.497902 3025.247623 249.910031 4.704575 4.722374 988.196863 14.192250 75.197763 75.253030 -0.000811 0.006866 0.967122 0.019559 0.055718 0.292361 1856.139378 19 30 0.226400 0.000000e+00 38.866742
218 7 7 75.000000 0.300000 10539.982486 8249.489769 12.861363 2290.492704 2290.492701 4363363.748334 4362860.663235 3099.893824 3099.873784 3179.884807 3038.307595 298.929392 299.735662 986.217894 0.744070 1.496779 3024.427824 290.085115 5.463110 5.478711 985.433950 16.403003 75.372212 75.421375 -0.003591 0.008163 0.969354 0.019616 0.055973 0.292815 1887.524282 19 30 0.131564 0.000000e+00 38.869359
219 7 8 75.000000 0.340000 10539.953973 8232.649941 12.846838 2307.304014 2307.304017 4344606.347430 4344155.473559 3109.371248 3109.309778 3183.638936 3042.236435 339.523875 340.244646 999.275081 0.743336 1.494951 3024.343785 329.465019 6.203022 6.217153 983.424769 18.521778 75.493328 75.539039 -0.000338 -0.007185 0.973119 0.019714 0.056410 0.294146 1926.580269 19 30 0.102149 0.000000e+00 38.878614
220 7 9 75.000000 0.380000 10539.934550 8212.213103 12.836799 2327.721428 2327.721431 4327022.778695 4326621.808271 3121.791757 3121.683659 3189.840392 3048.725534 379.342829 379.973442 1013.491038 0.742669 1.493298 3026.452789 367.846297 6.916996 6.929950 981.779784 20.539614 75.440496 75.485496 0.004914 0.003795 0.977324 0.019806 0.056825 0.295070 1960.587564 19 30 0.087021 0.000000e+00 38.883647
221 7 10 75.000000 0.420000 10539.933117 8185.742600 12.832593 2354.190503 2354.190501 4310212.492937 4309860.996135 3138.960335 3138.801350 3200.738882 3060.126638 419.181384 419.742241 1029.061620 0.742068 1.491816 3033.047219 406.201443 7.615589 7.627960 981.435610 22.483928 75.361897 75.407056 0.000800 -0.001454 0.982696 0.019896 0.057225 0.295458 1997.939051 19 30 0.070068 0.000000e+00 38.896980
222 7 11 75.000000 0.460000 10539.912470 8154.009286 12.834016 2385.903167 2385.903168 4294434.792695 4294093.432395 3160.375452 3160.162553 3215.657697 3075.727569 458.881452 459.379363 1045.855472 0.741559 1.490562 3043.466549 444.310074 8.293781 8.305831 982.082589 24.342766 75.236958 75.283902 0.005076 -0.006568 0.988924 0.019981 0.057605 0.295328 2022.751676 19 30 0.052547 0.000000e+00 38.928512
223 7 12 75.000000 0.500000 10539.918465 8116.724286 12.834137 2423.194160 2423.194162 4274869.930884 4274540.847697 3185.611033 3185.343121 3234.985101 3095.928658 498.479680 498.925572 1063.819061 0.740984 1.489152 3058.109847 482.429706 8.952880 8.964771 984.387656 26.108597 75.177335 75.225554 -0.009890 0.000274 0.996828 0.020088 0.058082 0.295316 2071.337335 19 30 0.034117 0.000000e+00 38.965356
224 7 13 75.000000 0.540000 10539.858210 8074.151852 12.833278 2465.706341 2465.706342 4251916.359279 4251529.893372 3214.549483 3214.224270 3258.356672 3120.341945 538.151382 538.532616 1082.959670 0.740380 1.487678 3076.598344 520.650058 9.592926 9.605113 988.079887 27.786142 75.144777 75.193391 0.017151 -0.003628 1.006139 0.020216 0.058650 0.295399 2076.141253 19 30 0.020887 0.000000e+00 39.044246
225 7 14 75.000000 0.580000 10539.816102 8025.146586 12.842625 2514.669505 2514.669500 4232373.339265 4231840.672692 3249.267845 3248.908027 3287.199732 3150.448814 577.620294 577.927942 1103.079768 0.740023 1.486809 3100.538739 558.558198 10.199866 10.212229 993.091779 29.355302 75.076430 75.124101 -0.008418 0.014506 1.016119 0.020327 0.059143 0.294540 2133.147166 19 30 0.011066 0.000000e+00 39.138146
226 7 15 75.000000 0.620000 10539.677434 7976.312574 12.840747 2563.364839 2563.364844 4205514.668890 4204809.274188 3282.986366 3282.628306 3314.800147 3179.236648 617.002294 617.239403 1124.174697 0.739501 1.485542 3122.834490 596.196626 10.796748 10.808570 997.593458 30.864011 74.955458 74.996108 0.012052 0.005291 1.026411 0.020482 0.059829 0.294721 2150.361433 19 30 0.005095 0.000000e+00 39.227098
227 7 16 75.000000 0.660000 10539.560191 7929.066630 12.862684 2610.493542 2610.493545 4194884.052836 4194090.194435 3318.228155 3317.946163 3339.920280 3205.419338 656.301769 656.469198 1146.183264 0.739605 1.485794 3142.384934 632.558347 11.372005 11.381469 998.694328 32.349570 74.459434 74.488455 -0.013648 0.005998 1.033054 0.020545 0.060104 0.292718 2202.039942 19 30 0.001976 0.000000e+00 39.347090
228 7 17 75.000000 0.700000 10539.366825 7886.745526 12.867947 2652.621275 2652.621282 4175821.625452 4175027.945209 3348.555302 3348.346997 3358.825036 3225.112599 696.104575 696.223168 1169.406246 0.739438 1.485389 3154.997408 668.836778 11.961865 11.969092 997.221615 33.849767 73.857616 73.876298 -0.003895 0.031342 1.038838 0.020657 0.060598 0.292249 2229.952011 19 30 0.000708 0.000000e+00 39.494107
229 7 18 75.000000 0.740000 10539.214555 7844.115270 12.870352 2695.099267 2695.099268 4154659.894149 4153946.340765 3379.104665 3378.980083 3377.159412 3244.202729 735.968441 736.055018 1193.549855 0.739268 1.484977 3166.721945 704.786118 12.542335 12.547257 995.076167 35.308932 73.230487 73.239446 0.002428 -0.022960 1.044410 0.020784 0.061151 0.292038 2267.640975 19 30 0.000197 0.000000e+00 39.616943
230 7 19 75.000000 0.780000 10539.156200 7807.407948 12.881837 2731.748221 2731.748235 4142430.236540 4141835.752011 3406.610360 3406.506153 3388.825267 3256.344936 775.842145 775.911288 1218.532969 0.739362 1.485204 3171.288590 739.399097 13.120402 13.124286 988.729617 36.790147 72.344563 72.353098 -0.061992 -0.021940 1.046563 0.020857 0.061472 0.290999 2402.838201 19 30 0.000050 0.000000e+00 39.780308
231 7 20 75.000000 0.820000 10539.507515 7773.812286 12.828185 2765.695250 2765.695213 4090345.545307 4090011.886656 3426.276839 3426.234361 3397.955089 3265.845134 814.279176 814.331175 1243.350124 0.738205 1.482411 3172.826022 773.898880 13.706185 13.707624 984.971783 38.156956 71.867133 71.869290 0.106825 0.053073 1.053616 0.021180 0.062873 0.295889 2262.201235 19 30 0.000007 0.000000e+00 39.962576
232 7 21 75.000000 0.860000 10538.756766 7731.755084 12.828298 2807.001618 2807.001665 4067986.991466 4067665.780077 3456.445400 3456.432283 3414.526942 3283.083900 851.611547 851.618809 1268.084723 0.738142 1.482260 3182.517061 806.365331 14.217590 14.218013 981.421298 39.407556 71.235339 71.237827 -0.259283 0.056485 1.058116 0.021323 0.063491 0.295921 2957.101122 19 30 0.000001 0.000000e+00 40.036135
233 7 22 75.000000 0.900000 10539.979500 7681.324693 12.849393 2858.654300 2858.654790 4054850.250000 4054850.479441 3496.677730 3496.678093 3430.260289 3299.444090 904.240295 904.236402 1304.004501 0.738589 1.483337 3188.089513 849.950916 14.928028 14.927956 970.896819 41.199833 70.045767 70.045744 0.549951 -0.835197 1.059442 0.021407 0.063850 0.293910 1731.007222 19 30 0.000000 0.000000e+00 40.528457
234 7 23 75.000000 0.940000 nan nan nan nan nan nan nan nan nan nan nan nan nan nan nan nan nan nan nan nan nan 0.000000 nan -1.000000 nan nan nan nan nan nan nan 19 30 0.000000 0.000000e+00 nan
235 7 24 75.000000 0.980000 nan nan nan nan nan nan nan nan nan nan nan nan nan nan nan nan nan nan nan nan nan 0.000000 nan -1.000000 nan nan nan nan nan nan nan 19 30 0.000000 0.000000e+00 nan
236 7 25 75.000000 1.020000 nan nan nan nan nan nan nan nan nan nan nan nan nan nan nan nan nan nan nan nan nan 0.000000 nan -1.000000 nan nan nan nan nan nan nan 19 30 0.000000 0.000000e+00 nan
237 7 26 75.000000 1.060000 nan nan nan nan nan nan nan nan nan nan nan nan nan nan nan nan nan nan nan nan nan 0.000000 nan -1.000000 nan nan nan nan nan nan nan 19 30 0.000000 0.000000e+00 nan
238 7 27 75.000000 1.100000 nan nan nan nan nan nan nan nan nan nan nan nan nan nan nan nan nan nan nan nan nan 0.000000 nan -1.000000 nan nan nan nan nan nan nan 19 30 0.000000 0.000000e+00 nan
239 7 28 75.000000 1.140000 nan nan nan nan nan nan nan nan nan nan nan nan nan nan nan nan nan nan nan nan nan 0.000000 nan -1.000000 nan nan nan nan nan nan nan 19 30 0.000000 0.000000e+00 nan
240 7 29 75.000000 1.180000 nan nan nan nan nan nan nan nan nan nan nan nan nan nan nan nan nan nan nan nan nan 0.000000 nan -1.000000 nan nan nan nan nan nan nan 19 30 0.000000 0.000000e+00 nan
241 8 0 85.000000 0.020000 10540.790151 8366.814692 12.342136 2173.975462 2173.975444 4076601.773547 4076511.720187 2966.921700 2966.931235 3109.528122 2964.592855 28.594265 30.389126 940.057321 0.732651 1.469281 2964.438145 30.286689 0.549793 0.585352 1008.280186 1.720531 85.246536 85.294230 -0.033554 0.062188 0.997869 0.021266 0.063246 0.345350 2379.469218 19 30 3.876191 0.000000e+00 37.366672
242 8 1 85.000000 0.060000 10540.767294 8347.664554 12.420689 2193.102721 2193.102724 4119066.087487 4118905.808252 2988.059141 2988.077202 3127.184361 2983.107052 59.036131 60.756811 941.528363 0.734404 1.473377 2982.493499 60.499689 1.127524 1.162082 1010.556847 3.426076 84.596986 84.726933 -0.058954 0.004747 0.996146 0.020998 0.062086 0.336680 2283.770815 19 30 10.735477 0.000000e+00 37.700380
243 8 2 85.000000 0.100000 10540.584272 8318.788838 12.517184 2221.795433 2221.795418 4168611.392925 4168355.732179 3017.377000 3017.404615 3152.667892 3009.810707 97.372034 98.715376 944.737526 0.736418 1.478139 3008.205510 98.285817 1.843823 1.871335 1014.776291 5.532108 84.595355 84.652953 -0.013977 0.002576 0.995713 0.020697 0.060772 0.326409 2158.163896 19 30 7.076475 0.000000e+00 38.041894
244 8 3 85.000000 0.140000 10540.374660 8284.280146 12.611004 2256.094495 2256.094498 4213523.751170 4213188.173178 3050.072795 3050.106647 3182.080334 3040.605352 136.715792 137.846960 949.624164 0.738220 1.482448 3037.505213 137.269764 2.564414 2.587528 1020.561498 7.660545 84.728710 84.754920 -0.005212 0.004851 0.997293 0.020434 0.059615 0.316797 2050.050230 19 30 3.376408 0.000000e+00 38.301058
245 8 4 85.000000 0.180000 10540.163165 8249.694460 12.682583 2290.468688 2290.468689 4243469.340555 4243081.353930 3080.444687 3080.475316 3209.829088 3069.633273 176.916449 177.845527 956.249601 0.739418 1.485341 3064.518562 177.128240 3.288985 3.307998 1026.536573 9.789951 84.843723 84.852354 -0.022443 0.004866 1.000774 0.020264 0.058861 0.309704 1986.912478 19 30 1.399512 0.000000e+00 38.499033
246 8 5 85.000000 0.220000 10540.139833 8213.808548 12.733741 2326.331273 2326.331269 4259030.993310 4258624.949078 3109.719353 3109.733449 3237.435041 3098.488551 217.160783 217.917406 964.506228 0.740071 1.486924 3090.873502 217.099742 4.001839 4.017797 1033.327468 11.865141 85.026096 85.035050 -0.018241 0.002113 1.006471 0.020176 0.058474 0.304748 1942.511977 19 30 0.592781 0.000000e+00 38.636668
247 8 6 85.000000 0.260000 10540.122546 8179.501626 12.756209 2360.620906 2360.620905 4256171.323213 4255747.543532 3135.018442 3135.008548 3261.740908 3123.875703 257.926226 258.546871 974.489996 0.740047 1.486866 3113.234178 257.628340 4.716715 4.730598 1039.904771 13.914428 85.159858 85.168926 -0.004299 0.004243 1.013995 0.020192 0.058545 0.302603 1927.426187 19 30 0.292402 0.000000e+00 38.726107
248 8 7 85.000000 0.300000 10540.030683 8145.747822 12.760605 2394.282843 2394.282845 4241474.642103 4241058.180941 3158.154813 3158.108378 3283.798193 3146.899462 298.833367 299.329912 986.094653 0.739622 1.485835 3132.733901 298.252463 5.426155 5.438462 1045.973440 15.915153 85.125854 85.137147 -0.004301 0.004331 1.022515 0.020275 0.058911 0.302191 1944.330276 19 30 0.191764 0.000000e+00 38.814618
249 8 8 85.000000 0.340000 10539.978002 8112.500250 12.753596 2427.477734 2427.477736 4219553.370368 4219106.851102 3179.985236 3179.898585 3304.113404 3168.092651 338.958448 339.360349 998.974331 0.738981 1.484282 3150.006214 338.041258 6.113675 6.125225 1051.361612 17.824006 84.931310 84.946583 -0.009168 -0.001183 1.031414 0.020400 0.059464 0.302860 1981.941705 19 30 0.139691 0.000000e+00 38.885434
250 8 9 85.000000 0.380000 10539.939984 8077.952178 12.739453 2461.987789 2461.987790 4192314.964901 4191850.461845 3202.194225 3202.067198 3324.491296 3189.339748 378.626805 378.946566 1013.106494 0.738212 1.482429 3166.941950 377.315142 6.783392 6.794295 1056.619236 19.651474 84.664013 84.681515 -0.012445 -0.007397 1.040886 0.020558 0.060162 0.304212 2031.230735 19 30 0.099207 0.000000e+00 38.936886
251 8 10 85.000000 0.420000 10539.942102 8045.394216 12.716445 2494.547870 2494.547869 4160402.997322 4159951.484685 3222.375002 3222.222921 3341.679138 3207.251957 418.053532 418.311165 1028.478731 0.737324 1.480299 3180.134016 416.188365 7.446141 7.456000 1060.239557 21.432084 84.209357 84.225341 -0.012143 -0.002512 1.049836 0.020747 0.060993 0.306424 2093.545117 19 30 0.061963 0.000000e+00 38.990976
252 8 11 85.000000 0.460000 10539.885278 8014.823840 12.701763 2525.061418 2525.061422 4134968.025105 4134597.327629 3242.128116 3241.995144 3355.543639 3221.695014 457.514250 457.720237 1045.127783 0.736705 1.478820 3189.447014 454.693863 8.105888 8.113528 1060.909262 23.199433 83.395606 83.407678 -0.013223 0.006663 1.056424 0.020901 0.061665 0.307850 2154.104126 19 30 0.032288 0.000000e+00 39.027296
253 8 12 85.000000 0.500000 10539.844090 7986.472726 12.684688 2553.371339 2553.371348 4109190.287852 4108931.652614 3260.250444 3260.159029 3366.138747 3232.728835 496.683016 496.840141 1062.842601 0.736097 1.477375 3194.985628 492.547006 8.758847 8.763868 1059.546141 24.932116 82.455371 82.462458 0.000665 -0.000688 1.061840 0.021060 0.062356 0.309516 2204.657977 19 30 0.013684 0.000000e+00 39.039687
254 8 13 85.000000 0.540000 10539.839307 7951.486723 12.666517 2588.352565 2588.352568 4079443.491542 4079265.690354 3283.168600 3283.113569 3382.226659 3249.477316 535.953660 536.067448 1081.735909 0.735471 1.475892 3205.885021 530.475315 9.392340 9.395555 1060.216284 26.580923 81.713248 81.716862 0.012279 -0.004998 1.069118 0.021248 0.063169 0.311300 2260.688843 19 30 0.004831 0.000000e+00 39.041753
255 8 14 85.000000 0.580000 10540.043029 7917.117055 12.643470 2622.925941 2622.925958 4047105.448699 4047004.708044 3305.593417 3305.562779 3397.350885 3265.216485 574.223245 574.303313 1101.185072 0.734809 1.474329 3215.573429 567.209143 10.001790 10.003746 1060.294656 28.144744 80.983018 80.984998 0.014153 0.027148 1.076237 0.021458 0.064071 0.313569 2338.038472 19 30 0.001155 0.000000e+00 39.091367
256 8 15 85.000000 0.620000 10539.448229 7883.972355 12.592610 2655.475876 2655.475857 3997656.609875 3997609.076096 3324.043543 3324.027843 3410.469784 3278.864103 610.691323 610.734078 1120.616073 0.733605 1.471506 3223.064878 602.330967 10.584419 10.585414 1061.142187 29.580333 80.483290 80.484517 0.035355 0.004838 1.085238 0.021791 0.065488 0.318712 2429.161293 19 30 0.000118 0.000000e+00 39.224832
257 8 16 85.000000 0.660000 10537.479453 7839.782714 12.495917 2697.696579 2697.696723 3913902.013840 3913899.204852 3345.364356 3345.364975 3432.080430 3301.336355 647.765633 647.775566 1141.226293 0.731498 1.466612 3238.910482 638.968407 11.159550 11.159938 1068.207429 30.886549 80.543718 80.541189 0.134408 -0.068006 1.101330 0.022388 0.067994 0.328835 2471.217106 19 30 0.000001 0.000000e+00 39.690665
258 8 17 85.000000 0.700000 nan nan nan nan nan nan nan nan nan nan nan nan nan nan nan nan nan nan nan nan nan 0.000000 nan -1.000000 nan nan nan nan nan nan nan 19 30 0.000000 0.000000e+00 nan
259 8 18 85.000000 0.740000 nan nan nan nan nan nan nan nan nan nan nan nan nan nan nan nan nan nan nan nan nan 0.000000 nan -1.000000 nan nan nan nan nan nan nan 19 30 0.000000 0.000000e+00 nan
260 8 19 85.000000 0.780000 nan nan nan nan nan nan nan nan nan nan nan nan nan nan nan nan nan nan nan nan nan 0.000000 nan -1.000000 nan nan nan nan nan nan nan 19 30 0.000000 0.000000e+00 nan
261 8 20 85.000000 0.820000 nan nan nan nan nan nan nan nan nan nan nan nan nan nan nan nan nan nan nan nan nan 0.000000 nan -1.000000 nan nan nan nan nan nan nan 19 30 0.000000 0.000000e+00 nan
262 8 21 85.000000 0.860000 nan nan nan nan nan nan nan nan nan nan nan nan nan nan nan nan nan nan nan nan nan 0.000000 nan -1.000000 nan nan nan nan nan nan nan 19 30 0.000000 0.000000e+00 nan
263 8 22 85.000000 0.900000 nan nan nan nan nan nan nan nan nan nan nan nan nan nan nan nan nan nan nan nan nan 0.000000 nan -1.000000 nan nan nan nan nan nan nan 19 30 0.000000 0.000000e+00 nan
264 8 23 85.000000 0.940000 nan nan nan nan nan nan nan nan nan nan nan nan nan nan nan nan nan nan nan nan nan 0.000000 nan -1.000000 nan nan nan nan nan nan nan 19 30 0.000000 0.000000e+00 nan
265 8 24 85.000000 0.980000 nan nan nan nan nan nan nan nan nan nan nan nan nan nan nan nan nan nan nan nan nan 0.000000 nan -1.000000 nan nan nan nan nan nan nan 19 30 0.000000 0.000000e+00 nan
266 8 25 85.000000 1.020000 nan nan nan nan nan nan nan nan nan nan nan nan nan nan nan nan nan nan nan nan nan 0.000000 nan -1.000000 nan nan nan nan nan nan nan 19 30 0.000000 0.000000e+00 nan
267 8 26 85.000000 1.060000 nan nan nan nan nan nan nan nan nan nan nan nan nan nan nan nan nan nan nan nan nan 0.000000 nan -1.000000 nan nan nan nan nan nan nan 19 30 0.000000 0.000000e+00 nan
268 8 27 85.000000 1.100000 nan nan nan nan nan nan nan nan nan nan nan nan nan nan nan nan nan nan nan nan nan 0.000000 nan -1.000000 nan nan nan nan nan nan nan 19 30 0.000000 0.000000e+00 nan
269 8 28 85.000000 1.140000 nan nan nan nan nan nan nan nan nan nan nan nan nan nan nan nan nan nan nan nan nan 0.000000 nan -1.000000 nan nan nan nan nan nan nan 19 30 0.000000 0.000000e+00 nan
270 8 29 85.000000 1.180000 nan nan nan nan nan nan nan nan nan nan nan nan nan nan nan nan nan nan nan nan nan 0.000000 nan -1.000000 nan nan nan nan nan nan nan 19 30 0.000000 0.000000e+00 nan
271 9 0 95.000000 0.020000 10541.046013 8346.560175 12.371200 2194.485722 2194.485822 4085931.660513 4085843.222782 2983.546528 2983.556811 3130.029909 2986.089899 29.229914 30.653746 940.065913 0.733043 1.470195 2985.933503 30.561470 0.557967 0.586410 1016.618941 1.721900 94.795744 94.446804 -0.051008 0.032295 1.003062 0.021206 0.062988 0.342093 2329.909830 19 30 1.859955 0.000000e+00 37.194440
272 9 1 95.000000 0.060000 10540.969332 8323.312663 12.416628 2217.656644 2217.656654 4104385.330128 4104294.022062 3003.707058 3003.713544 3151.815540 3008.917888 58.065754 59.547717 941.451113 0.733818 1.472004 3008.332138 59.368334 1.100556 1.130564 1023.738490 3.318962 94.584141 94.448399 0.000726 0.009647 1.006922 0.021089 0.062482 0.337109 2259.439904 19 30 6.331564 0.000000e+00 37.429138
273 9 2 95.000000 0.100000 10540.758543 8289.855494 12.469363 2250.903041 2250.903034 4122518.576363 4122372.749307 3031.318234 3031.325983 3181.779703 3040.290732 97.639480 98.675214 944.733331 0.734597 1.473832 3038.697958 98.399450 1.832880 1.854710 1033.702849 5.437671 94.345836 94.284531 -0.006307 -0.001042 1.013346 0.020977 0.061993 0.331444 2191.050264 19 30 3.920619 0.000000e+00 37.695105
274 9 3 95.000000 0.140000 10540.518185 8250.065236 12.524292 2290.452920 2290.452932 4138738.107498 4138571.599020 3063.452995 3063.453319 3216.461116 3076.567530 136.885631 137.692923 949.601816 0.735335 1.475572 3073.501161 137.325824 2.540435 2.558307 1045.182294 7.485179 94.225526 94.184755 -0.001550 -0.006158 1.021375 0.020877 0.061559 0.325671 2122.231116 19 30 1.870621 0.000000e+00 37.880445
275 9 4 95.000000 0.180000 10540.510365 8204.622724 12.574016 2335.887632 2335.887625 4148574.641095 4148387.113581 3099.164770 3099.154419 3255.258685 3117.106793 177.137655 177.788195 956.238940 0.735879 1.476859 3112.059230 177.319227 3.246314 3.261079 1058.289800 9.511704 94.189416 94.162493 -0.008605 -0.001705 1.031480 0.020817 0.061298 0.320541 2070.168915 19 30 0.836664 0.000000e+00 38.010109
276 9 5 95.000000 0.220000 10540.462385 8160.232949 12.599080 2380.229423 2380.229420 4142512.290234 4142322.821065 3131.775959 3131.743111 3291.350399 3154.779407 217.337474 217.841233 964.489021 0.735870 1.476836 3147.287711 217.285914 3.936866 3.949382 1071.123833 11.467292 94.107033 94.091960 -0.024631 -0.007284 1.043071 0.020854 0.061459 0.317995 2060.346848 19 30 0.382763 0.000000e+00 38.102243
277 9 6 95.000000 0.260000 10540.380758 8117.589768 12.604232 2422.790972 2422.790974 4124179.546878 4124001.429739 3161.373219 3161.315792 3324.029097 3188.857961 257.718998 258.101311 974.371877 0.735463 1.475874 3178.441773 257.532498 4.621758 4.632258 1082.908689 13.377330 93.814129 93.804583 -0.012926 0.000762 1.055272 0.020967 0.061949 0.317479 2064.553321 19 30 0.183720 0.000000e+00 38.189169
278 9 7 95.000000 0.300000 10540.364525 8079.465396 12.594268 2460.899121 2460.899113 4098321.864319 4098165.772431 3186.631101 3186.564014 3350.923604 3216.882754 297.362379 297.648326 985.585508 0.734822 1.474362 3203.125726 297.187207 5.292435 5.300749 1092.195447 15.221702 93.193991 93.189692 -0.021061 0.008417 1.066607 0.021128 0.062650 0.318488 2107.077619 19 30 0.088804 0.000000e+00 38.308197
279 9 8 95.000000 0.340000 10540.240675 8043.442009 12.585450 2496.798642 2496.798649 4074275.939272 4074157.410049 3210.675509 3210.632478 3374.321469 3241.248375 336.533320 336.739888 998.087181 0.734294 1.473119 3223.735250 336.484872 5.953275 5.958803 1098.934900 17.024159 92.236723 92.229980 -0.034772 -0.013648 1.076231 0.021281 0.063311 0.319391 2162.317368 19 30 0.038751 0.000000e+00 38.440437
280 9 9 95.000000 0.380000 10540.070102 8010.326186 12.557967 2529.743899 2529.743899 4039758.006101 4039687.922297 3231.015554 3230.989341 3393.794384 3261.515901 374.646044 374.791122 1011.559515 0.733423 1.471081 3239.922436 374.684647 6.593235 6.596734 1104.538360 18.738110 91.370080 91.365766 -0.030029 0.005367 1.086132 0.021507 0.064278 0.322213 2230.705569 19 30 0.011517 0.000000e+00 38.573238
281 9 10 95.000000 0.420000 10540.398179 7977.490352 12.515937 2562.907808 2562.907810 3996522.028434 3996475.410231 3250.393553 3250.380263 3412.797022 3281.284682 411.399913 411.483740 1025.720789 0.732312 1.468495 3255.385592 411.453296 7.201744 7.203507 1110.407207 20.331820 90.697917 90.696969 0.011794 -0.008198 1.097024 0.021798 0.065521 0.326551 2280.292698 19 30 0.001382 0.000000e+00 38.682386
282 9 11 95.000000 0.460000 10539.796434 7956.630361 12.423745 2583.166177 2583.166057 3927526.975464 3927524.644390 3255.807774 3255.805817 3419.516006 3288.272399 444.162797 444.158963 1039.260050 0.730202 1.463632 3258.138061 444.152839 7.762794 7.762771 1114.119477 21.735102 90.300919 90.300857 0.342967 0.135222 1.108589 0.022287 0.067576 0.336411 2053.237439 19 30 0.000011 0.000000e+00 38.820266
283 9 12 95.000000 0.500000 nan nan nan nan nan nan nan nan nan nan nan nan nan nan nan nan nan nan nan nan nan 0.000000 nan -1.000000 nan nan nan nan nan nan nan 19 30 0.000000 0.000000e+00 nan
284 9 13 95.000000 0.540000 nan nan nan nan nan nan nan nan nan nan nan nan nan nan nan nan nan nan nan nan nan 0.000000 nan -1.000000 nan nan nan nan nan nan nan 19 30 0.000000 0.000000e+00 nan
285 9 14 95.000000 0.580000 nan nan nan nan nan nan nan nan nan nan nan nan nan nan nan nan nan nan nan nan nan 0.000000 nan -1.000000 nan nan nan nan nan nan nan 19 30 0.000000 0.000000e+00 nan
286 9 15 95.000000 0.620000 nan nan nan nan nan nan nan nan nan nan nan nan nan nan nan nan nan nan nan nan nan 0.000000 nan -1.000000 nan nan nan nan nan nan nan 19 30 0.000000 0.000000e+00 nan
287 9 16 95.000000 0.660000 nan nan nan nan nan nan nan nan nan nan nan nan nan nan nan nan nan nan nan nan nan 0.000000 nan -1.000000 nan nan nan nan nan nan nan 19 30 0.000000 0.000000e+00 nan
288 9 17 95.000000 0.700000 nan nan nan nan nan nan nan nan nan nan nan nan nan nan nan nan nan nan nan nan nan 0.000000 nan -1.000000 nan nan nan nan nan nan nan 19 30 0.000000 0.000000e+00 nan
289 9 18 95.000000 0.740000 nan nan nan nan nan nan nan nan nan nan nan nan nan nan nan nan nan nan nan nan nan 0.000000 nan -1.000000 nan nan nan nan nan nan nan 19 30 0.000000 0.000000e+00 nan
290 9 19 95.000000 0.780000 nan nan nan nan nan nan nan nan nan nan nan nan nan nan nan nan nan nan nan nan nan 0.000000 nan -1.000000 nan nan nan nan nan nan nan 19 30 0.000000 0.000000e+00 nan
291 9 20 95.000000 0.820000 nan nan nan nan nan nan nan nan nan nan nan nan nan nan nan nan nan nan nan nan nan 0.000000 nan -1.000000 nan nan nan nan nan nan nan 19 30 0.000000 0.000000e+00 nan
292 9 21 95.000000 0.860000 nan nan nan nan nan nan nan nan nan nan nan nan nan nan nan nan nan nan nan nan nan 0.000000 nan -1.000000 nan nan nan nan nan nan nan 19 30 0.000000 0.000000e+00 nan
293 9 22 95.000000 0.900000 nan nan nan nan nan nan nan nan nan nan nan nan nan nan nan nan nan nan nan nan nan 0.000000 nan -1.000000 nan nan nan nan nan nan nan 19 30 0.000000 0.000000e+00 nan
294 9 23 95.000000 0.940000 nan nan nan nan nan nan nan nan nan nan nan nan nan nan nan nan nan nan nan nan nan 0.000000 nan -1.000000 nan nan nan nan nan nan nan 19 30 0.000000 0.000000e+00 nan
295 9 24 95.000000 0.980000 nan nan nan nan nan nan nan nan nan nan nan nan nan nan nan nan nan nan nan nan nan 0.000000 nan -1.000000 nan nan nan nan nan nan nan 19 30 0.000000 0.000000e+00 nan
296 9 25 95.000000 1.020000 nan nan nan nan nan nan nan nan nan nan nan nan nan nan nan nan nan nan nan nan nan 0.000000 nan -1.000000 nan nan nan nan nan nan nan 19 30 0.000000 0.000000e+00 nan
297 9 26 95.000000 1.060000 nan nan nan nan nan nan nan nan nan nan nan nan nan nan nan nan nan nan nan nan nan 0.000000 nan -1.000000 nan nan nan nan nan nan nan 19 30 0.000000 0.000000e+00 nan
298 9 27 95.000000 1.100000 nan nan nan nan nan nan nan nan nan nan nan nan nan nan nan nan nan nan nan nan nan 0.000000 nan -1.000000 nan nan nan nan nan nan nan 19 30 0.000000 0.000000e+00 nan
299 9 28 95.000000 1.140000 nan nan nan nan nan nan nan nan nan nan nan nan nan nan nan nan nan nan nan nan nan 0.000000 nan -1.000000 nan nan nan nan nan nan nan 19 30 0.000000 0.000000e+00 nan
300 9 29 95.000000 1.180000 nan nan nan nan nan nan nan nan nan nan nan nan nan nan nan nan nan nan nan nan nan 0.000000 nan -1.000000 nan nan nan nan nan nan nan 19 30 0.000000 0.000000e+00 nan
301 10 0 105.000000 0.020000 10540.905284 8354.038954 12.302677 2186.866408 2186.866314 4044478.025258 4044446.606607 2970.999891 2970.998297 3122.445325 2978.138758 27.982245 29.563352 940.030989 0.731327 1.466217 2978.000252 28.722194 0.519690 0.552589 1018.246852 1.615742 104.489669 103.700448 0.051033 -0.136551 1.007947 0.021475 0.064143 0.349803 2410.884503 19 30 1.629898 0.000000e+00 37.179153
302 10 1 105.000000 0.060000 10541.300072 8310.978507 12.371083 2230.321551 2230.321549 4068493.623663 4068446.435445 3007.126359 3007.121655 3164.468028 3022.168684 58.588039 59.743566 941.463521 0.732385 1.468664 3021.612857 57.959457 1.074423 1.098892 1033.946272 3.208446 104.348302 104.037488 0.114293 0.042871 1.017443 0.021318 0.063470 0.342089 2283.697723 19 30 2.451181 0.000000e+00 37.201829
303 10 2 105.000000 0.100000 10541.110978 8267.136978 12.405606 2273.973989 2273.973984 4069499.088494 4069442.201311 3039.813896 3039.802606 3204.902657 3064.481473 97.402913 98.176071 944.681327 0.732556 1.469061 3062.996262 95.397039 1.766276 1.783901 1050.710294 5.187826 103.807076 103.665053 -0.064178 -0.004502 1.030130 0.021312 0.063442 0.338302 2266.941695 19 30 1.276987 0.000000e+00 37.306958
304 10 3 105.000000 0.140000 10541.090802 8216.848288 12.447311 2324.242503 2324.242498 4071886.137937 4071813.748304 3077.989784 3077.972862 3250.331326 3111.960698 136.539563 137.135652 949.521172 0.732876 1.469806 3109.093386 133.557852 2.445827 2.459752 1068.552381 7.124425 103.192555 103.116537 -0.038831 -0.025916 1.043718 0.021296 0.063376 0.333783 2203.279521 19 30 0.464704 0.000000e+00 37.357498
305 10 4 105.000000 0.180000 10540.877717 8160.428657 12.486786 2380.449050 2380.449044 4069441.481801 4069361.171429 3120.265488 3120.240187 3299.941045 3163.740911 176.703724 177.136559 956.118000 0.733129 1.470394 3159.016107 172.840356 3.121165 3.131722 1087.700336 9.029059 102.684408 102.644674 -0.008846 0.006175 1.058887 0.021312 0.063444 0.329587 2141.998745 19 30 0.155261 0.000000e+00 37.346332
306 10 5 105.000000 0.220000 10540.978310 8103.462373 12.518122 2437.515941 2437.515921 4061283.991257 4061218.623651 3162.728753 3162.704932 3349.053149 3214.934315 215.664755 215.990834 964.072772 0.733274 1.470734 3207.990238 211.190155 3.758821 3.766492 1106.308168 10.807525 102.130805 102.102609 -0.024307 -0.012926 1.074281 0.021365 0.063671 0.326287 2119.025246 19 30 0.047265 0.000000e+00 37.304539
307 10 6 105.000000 0.260000 10540.762653 8056.519656 12.507992 2484.242989 2484.242980 4031145.480373 4031103.461369 3194.166367 3194.145683 3386.713713 3254.147419 253.196328 253.408299 973.139268 0.732627 1.469226 3244.658879 248.322740 4.371459 4.376473 1121.697160 12.482884 101.516218 101.498086 -0.026857 -0.042823 1.089495 0.021564 0.064522 0.327361 2149.151390 19 30 0.010029 0.000000e+00 37.289532
308 10 7 105.000000 0.300000 10540.617068 8022.228839 12.466933 2518.388212 2518.388213 3987719.373808 3987685.664997 3214.033413 3214.026269 3411.200894 3279.624551 288.205120 288.281636 982.797319 0.731458 1.466520 3267.365291 283.304166 4.953888 4.955564 1132.467866 14.045157 100.668903 100.662532 -0.074954 -0.048050 1.102782 0.021859 0.065778 0.331712 2263.392263 19 30 0.000537 0.000000e+00 37.356897
309 10 8 105.000000 0.340000 nan nan nan nan nan nan nan nan nan nan nan nan nan nan nan nan nan nan nan nan nan 0.000000 nan -1.000000 nan nan nan nan nan nan nan 19 30 0.000000 0.000000e+00 nan
310 10 9 105.000000 0.380000 nan nan nan nan nan nan nan nan nan nan nan nan nan nan nan nan nan nan nan nan nan 0.000000 nan -1.000000 nan nan nan nan nan nan nan 19 30 0.000000 0.000000e+00 nan
311 10 10 105.000000 0.420000 nan nan nan nan nan nan nan nan nan nan nan nan nan nan nan nan nan nan nan nan nan 0.000000 nan -1.000000 nan nan nan nan nan nan nan 19 30 0.000000 0.000000e+00 nan
312 10 11 105.000000 0.460000 nan nan nan nan nan nan nan nan nan nan nan nan nan nan nan nan nan nan nan nan nan 0.000000 nan -1.000000 nan nan nan nan nan nan nan 19 30 0.000000 0.000000e+00 nan
313 10 12 105.000000 0.500000 nan nan nan nan nan nan nan nan nan nan nan nan nan nan nan nan nan nan nan nan nan 0.000000 nan -1.000000 nan nan nan nan nan nan nan 19 30 0.000000 0.000000e+00 nan
314 10 13 105.000000 0.540000 nan nan nan nan nan nan nan nan nan nan nan nan nan nan nan nan nan nan nan nan nan 0.000000 nan -1.000000 nan nan nan nan nan nan nan 19 30 0.000000 0.000000e+00 nan
315 10 14 105.000000 0.580000 nan nan nan nan nan nan nan nan nan nan nan nan nan nan nan nan nan nan nan nan nan 0.000000 nan -1.000000 nan nan nan nan nan nan nan 19 30 0.000000 0.000000e+00 nan
316 10 15 105.000000 0.620000 nan nan nan nan nan nan nan nan nan nan nan nan nan nan nan nan nan nan nan nan nan 0.000000 nan -1.000000 nan nan nan nan nan nan nan 19 30 0.000000 0.000000e+00 nan
317 10 16 105.000000 0.660000 nan nan nan nan nan nan nan nan nan nan nan nan nan nan nan nan nan nan nan nan nan 0.000000 nan -1.000000 nan nan nan nan nan nan nan 19 30 0.000000 0.000000e+00 nan
318 10 17 105.000000 0.700000 nan nan nan nan nan nan nan nan nan nan nan nan nan nan nan nan nan nan nan nan nan 0.000000 nan -1.000000 nan nan nan nan nan nan nan 19 30 0.000000 0.000000e+00 nan
319 10 18 105.000000 0.740000 nan nan nan nan nan nan nan nan nan nan nan nan nan nan nan nan nan nan nan nan nan 0.000000 nan -1.000000 nan nan nan nan nan nan nan 19 30 0.000000 0.000000e+00 nan
320 10 19 105.000000 0.780000 nan nan nan nan nan nan nan nan nan nan nan nan nan nan nan nan nan nan nan nan nan 0.000000 nan -1.000000 nan nan nan nan nan nan nan 19 30 0.000000 0.000000e+00 nan
321 10 20 105.000000 0.820000 nan nan nan nan nan nan nan nan nan nan nan nan nan nan nan nan nan nan nan nan nan 0.000000 nan -1.000000 nan nan nan nan nan nan nan 19 30 0.000000 0.000000e+00 nan
322 10 21 105.000000 0.860000 nan nan nan nan nan nan nan nan nan nan nan nan nan nan nan nan nan nan nan nan nan 0.000000 nan -1.000000 nan nan nan nan nan nan nan 19 30 0.000000 0.000000e+00 nan
323 10 22 105.000000 0.900000 nan nan nan nan nan nan nan nan nan nan nan nan nan nan nan nan nan nan nan nan nan 0.000000 nan -1.000000 nan nan nan nan nan nan nan 19 30 0.000000 0.000000e+00 nan
324 10 23 105.000000 0.940000 nan nan nan nan nan nan nan nan nan nan nan nan nan nan nan nan nan nan nan nan nan 0.000000 nan -1.000000 nan nan nan nan nan nan nan 19 30 0.000000 0.000000e+00 nan
325 10 24 105.000000 0.980000 nan nan nan nan nan nan nan nan nan nan nan nan nan nan nan nan nan nan nan nan nan 0.000000 nan -1.000000 nan nan nan nan nan nan nan 19 30 0.000000 0.000000e+00 nan
326 10 25 105.000000 1.020000 nan nan nan nan nan nan nan nan nan nan nan nan nan nan nan nan nan nan nan nan nan 0.000000 nan -1.000000 nan nan nan nan nan nan nan 19 30 0.000000 0.000000e+00 nan
327 10 26 105.000000 1.060000 nan nan nan nan nan nan nan nan nan nan nan nan nan nan nan nan nan nan nan nan nan 0.000000 nan -1.000000 nan nan nan nan nan nan nan 19 30 0.000000 0.000000e+00 nan
328 10 27 105.000000 1.100000 nan nan nan nan nan nan nan nan nan nan nan nan nan nan nan nan nan nan nan nan nan 0.000000 nan -1.000000 nan nan nan nan nan nan nan 19 30 0.000000 0.000000e+00 nan
329 10 28 105.000000 1.140000 nan nan nan nan nan nan nan nan nan nan nan nan nan nan nan nan nan nan nan nan nan 0.000000 nan -1.000000 nan nan nan nan nan nan nan 19 30 0.000000 0.000000e+00 nan
330 10 29 105.000000 1.180000 nan nan nan nan nan nan nan nan nan nan nan nan nan nan nan nan nan nan nan nan nan 0.000000 nan -1.000000 nan nan nan nan nan nan nan 19 30 0.000000 0.000000e+00 nan
331 11 0 115.000000 0.020000 10540.842150 8334.928544 12.335526 2205.913446 2205.913590 4056723.981230 4056664.296491 2987.091367 2987.092075 3141.559681 2998.173257 26.002057 27.347440 939.963909 0.731857 1.467442 2998.068626 25.047910 0.449560 0.478677 1025.588818 1.399054 115.248922 113.664101 0.073779 -0.179233 1.012106 0.021395 0.063799 0.346089 2354.065705 19 30 0.557086 0.000000e+00 36.956198
332 11 1 115.000000 0.060000 10541.288051 8310.904889 12.313240 2230.383052 2230.383146 4030616.917127 4030596.104117 3000.882638 3000.867388 3164.793961 3022.509962 54.011445 55.422344 941.199184 0.730851 1.465121 3022.076215 51.203729 0.939864 0.970683 1038.894950 2.821638 113.290651 112.499569 0.116025 -0.071515 1.024311 0.021567 0.064537 0.348576 2355.359528 19 30 0.669192 0.000000e+00 37.010500
333 11 2 115.000000 0.100000 10541.112290 8249.629620 12.357583 2291.482591 2291.482653 4029605.103242 4029568.143125 3046.397460 3046.384889 3222.765549 3083.158030 94.164833 94.706974 944.327104 0.731058 1.465597 3081.907836 87.792547 1.619448 1.631711 1063.848399 4.717561 112.176206 112.029424 -0.226522 0.238642 1.042875 0.021574 0.064566 0.343602 2356.194181 19 30 0.123161 0.000000e+00 36.940051
334 11 3 115.000000 0.140000 10540.268582 8202.606917 12.353711 2337.661660 2337.661649 4003786.466902 4003778.328591 3077.099953 3077.083085 3264.523204 3126.780677 131.294412 131.678941 948.748445 0.730331 1.463929 3124.364510 122.897561 2.244189 2.252581 1083.573476 6.470765 111.106456 111.042844 -0.063800 0.048908 1.060096 0.021748 0.065308 0.344089 2312.689969 19 30 0.014191 0.000000e+00 36.958159
335 11 4 115.000000 0.180000 10541.900070 8143.215613 12.390213 2398.684246 2398.684441 3998864.463392 3998839.748345 3122.905539 3122.903584 3320.368694 3185.042216 164.875966 164.894090 953.925746 0.730624 1.464601 3181.307095 154.204705 2.774460 2.775076 1106.308419 7.935145 110.747635 110.743688 0.547718 -0.137112 1.077443 0.021782 0.065452 0.339939 1980.316567 19 30 0.000763 0.000000e+00 36.701216
336 11 5 115.000000 0.220000 nan nan nan nan nan nan nan nan nan nan nan nan nan nan nan nan nan nan nan nan nan 0.000000 nan -1.000000 nan nan nan nan nan nan nan 19 30 0.000000 0.000000e+00 nan
337 11 6 115.000000 0.260000 nan nan nan nan nan nan nan nan nan nan nan nan nan nan nan nan nan nan nan nan nan 0.000000 nan -1.000000 nan nan nan nan nan nan nan 19 30 0.000000 0.000000e+00 nan
338 11 7 115.000000 0.300000 nan nan nan nan nan nan nan nan nan nan nan nan nan nan nan nan nan nan nan nan nan 0.000000 nan -1.000000 nan nan nan nan nan nan nan 19 30 0.000000 0.000000e+00 nan
339 11 8 115.000000 0.340000 nan nan nan nan nan nan nan nan nan nan nan nan nan nan nan nan nan nan nan nan nan 0.000000 nan -1.000000 nan nan nan nan nan nan nan 19 30 0.000000 0.000000e+00 nan
340 11 9 115.000000 0.380000 nan nan nan nan nan nan nan nan nan nan nan nan nan nan nan nan nan nan nan nan nan 0.000000 nan -1.000000 nan nan nan nan nan nan nan 19 30 0.000000 0.000000e+00 nan
341 11 10 115.000000 0.420000 nan nan nan nan nan nan nan nan nan nan nan nan nan nan nan nan nan nan nan nan nan 0.000000 nan -1.000000 nan nan nan nan nan nan nan 19 30 0.000000 0.000000e+00 nan
342 11 11 115.000000 0.460000 nan nan nan nan nan nan nan nan nan nan nan nan nan nan nan nan nan nan nan nan nan 0.000000 nan -1.000000 nan nan nan nan nan nan nan 19 30 0.000000 0.000000e+00 nan
343 11 12 115.000000 0.500000 nan nan nan nan nan nan nan nan nan nan nan nan nan nan nan nan nan nan nan nan nan 0.000000 nan -1.000000 nan nan nan nan nan nan nan 19 30 0.000000 0.000000e+00 nan
344 11 13 115.000000 0.540000 nan nan nan nan nan nan nan nan nan nan nan nan nan nan nan nan nan nan nan nan nan 0.000000 nan -1.000000 nan nan nan nan nan nan nan 19 30 0.000000 0.000000e+00 nan
345 11 14 115.000000 0.580000 nan nan nan nan nan nan nan nan nan nan nan nan nan nan nan nan nan nan nan nan nan 0.000000 nan -1.000000 nan nan nan nan nan nan nan 19 30 0.000000 0.000000e+00 nan
346 11 15 115.000000 0.620000 nan nan nan nan nan nan nan nan nan nan nan nan nan nan nan nan nan nan nan nan nan 0.000000 nan -1.000000 nan nan nan nan nan nan nan 19 30 0.000000 0.000000e+00 nan
347 11 16 115.000000 0.660000 nan nan nan nan nan nan nan nan nan nan nan nan nan nan nan nan nan nan nan nan nan 0.000000 nan -1.000000 nan nan nan nan nan nan nan 19 30 0.000000 0.000000e+00 nan
348 11 17 115.000000 0.700000 nan nan nan nan nan nan nan nan nan nan nan nan nan nan nan nan nan nan nan nan nan 0.000000 nan -1.000000 nan nan nan nan nan nan nan 19 30 0.000000 0.000000e+00 nan
349 11 18 115.000000 0.740000 nan nan nan nan nan nan nan nan nan nan nan nan nan nan nan nan nan nan nan nan nan 0.000000 nan -1.000000 nan nan nan nan nan nan nan 19 30 0.000000 0.000000e+00 nan
350 11 19 115.000000 0.780000 nan nan nan nan nan nan nan nan nan nan nan nan nan nan nan nan nan nan nan nan nan 0.000000 nan -1.000000 nan nan nan nan nan nan nan 19 30 0.000000 0.000000e+00 nan
351 11 20 115.000000 0.820000 nan nan nan nan nan nan nan nan nan nan nan nan nan nan nan nan nan nan nan nan nan 0.000000 nan -1.000000 nan nan nan nan nan nan nan 19 30 0.000000 0.000000e+00 nan
352 11 21 115.000000 0.860000 nan nan nan nan nan nan nan nan nan nan nan nan nan nan nan nan nan nan nan nan nan 0.000000 nan -1.000000 nan nan nan nan nan nan nan 19 30 0.000000 0.000000e+00 nan
353 11 22 115.000000 0.900000 nan nan nan nan nan nan nan nan nan nan nan nan nan nan nan nan nan nan nan nan nan 0.000000 nan -1.000000 nan nan nan nan nan nan nan 19 30 0.000000 0.000000e+00 nan
354 11 23 115.000000 0.940000 nan nan nan nan nan nan nan nan nan nan nan nan nan nan nan nan nan nan nan nan nan 0.000000 nan -1.000000 nan nan nan nan nan nan nan 19 30 0.000000 0.000000e+00 nan
355 11 24 115.000000 0.980000 nan nan nan nan nan nan nan nan nan nan nan nan nan nan nan nan nan nan nan nan nan 0.000000 nan -1.000000 nan nan nan nan nan nan nan 19 30 0.000000 0.000000e+00 nan
356 11 25 115.000000 1.020000 nan nan nan nan nan nan nan nan nan nan nan nan nan nan nan nan nan nan nan nan nan 0.000000 nan -1.000000 nan nan nan nan nan nan nan 19 30 0.000000 0.000000e+00 nan
357 11 26 115.000000 1.060000 nan nan nan nan nan nan nan nan nan nan nan nan nan nan nan nan nan nan nan nan nan 0.000000 nan -1.000000 nan nan nan nan nan nan nan 19 30 0.000000 0.000000e+00 nan
358 11 27 115.000000 1.100000 nan nan nan nan nan nan nan nan nan nan nan nan nan nan nan nan nan nan nan nan nan 0.000000 nan -1.000000 nan nan nan nan nan nan nan 19 30 0.000000 0.000000e+00 nan
359 11 28 115.000000 1.140000 nan nan nan nan nan nan nan nan nan nan nan nan nan nan nan nan nan nan nan nan nan 0.000000 nan -1.000000 nan nan nan nan nan nan nan 19 30 0.000000 0.000000e+00 nan
360 11 29 115.000000 1.180000 nan nan nan nan nan nan nan nan nan nan nan nan nan nan nan nan nan nan nan nan nan 0.000000 nan -1.000000 nan nan nan nan nan nan nan 19 30 0.000000 0.000000e+00 nan
361 12 0 125.000000 0.020000 10541.570925 8354.658335 12.271794 2186.912424 2186.912575 4024814.022802 4024797.272754 2967.723646 2967.723687 3122.760198 2978.468886 18.319120 19.210835 939.762377 0.730513 1.464345 2978.426161 15.953471 0.285272 0.306893 1020.956815 0.895231 126.182765 123.855903 0.407196 0.116573 1.011600 0.021606 0.064702 0.353300 2431.207696 19 30 0.326996 0.000000e+00 37.000746
362 12 1 125.000000 0.060000 10540.695658 8312.233812 12.223574 2228.461994 2228.461830 3972749.497179 3972741.345553 2989.790168 2989.779837 3162.780790 3020.401957 56.524647 56.960976 941.291040 0.728491 1.459736 3020.016170 48.273357 0.905465 0.915765 1045.110564 2.644596 122.339965 122.061240 0.544299 0.567615 1.034017 0.021963 0.066218 0.358978 2401.946736 19 30 0.058196 0.000000e+00 36.938706
363 12 2 125.000000 0.100000 nan nan nan nan nan nan nan nan nan nan nan nan nan nan nan nan nan nan nan nan nan 0.000000 nan -1.000000 nan nan nan nan nan nan nan 19 30 0.000000 0.000000e+00 nan
364 12 3 125.000000 0.140000 nan nan nan nan nan nan nan nan nan nan nan nan nan nan nan nan nan nan nan nan nan 0.000000 nan -1.000000 nan nan nan nan nan nan nan 19 30 0.000000 0.000000e+00 nan
365 12 4 125.000000 0.180000 nan nan nan nan nan nan nan nan nan nan nan nan nan nan nan nan nan nan nan nan nan 0.000000 nan -1.000000 nan nan nan nan nan nan nan 19 30 0.000000 0.000000e+00 nan
366 12 5 125.000000 0.220000 nan nan nan nan nan nan nan nan nan nan nan nan nan nan nan nan nan nan nan nan nan 0.000000 nan -1.000000 nan nan nan nan nan nan nan 19 30 0.000000 0.000000e+00 nan
367 12 6 125.000000 0.260000 nan nan nan nan nan nan nan nan nan nan nan nan nan nan nan nan nan nan nan nan nan 0.000000 nan -1.000000 nan nan nan nan nan nan nan 19 30 0.000000 0.000000e+00 nan
368 12 7 125.000000 0.300000 nan nan nan nan nan nan nan nan nan nan nan nan nan nan nan nan nan nan nan nan nan 0.000000 nan -1.000000 nan nan nan nan nan nan nan 19 30 0.000000 0.000000e+00 nan
369 12 8 125.000000 0.340000 nan nan nan nan nan nan nan nan nan nan nan nan nan nan nan nan nan nan nan nan nan 0.000000 nan -1.000000 nan nan nan nan nan nan nan 19 30 0.000000 0.000000e+00 nan
370 12 9 125.000000 0.380000 nan nan nan nan nan nan nan nan nan nan nan nan nan nan nan nan nan nan nan nan nan 0.000000 nan -1.000000 nan nan nan nan nan nan nan 19 30 0.000000 0.000000e+00 nan
371 12 10 125.000000 0.420000 nan nan nan nan nan nan nan nan nan nan nan nan nan nan nan nan nan nan nan nan nan 0.000000 nan -1.000000 nan nan nan nan nan nan nan 19 30 0.000000 0.000000e+00 nan
372 12 11 125.000000 0.460000 nan nan nan nan nan nan nan nan nan nan nan nan nan nan nan nan nan nan nan nan nan 0.000000 nan -1.000000 nan nan nan nan nan nan nan 19 30 0.000000 0.000000e+00 nan
373 12 12 125.000000 0.500000 nan nan nan nan nan nan nan nan nan nan nan nan nan nan nan nan nan nan nan nan nan 0.000000 nan -1.000000 nan nan nan nan nan nan nan 19 30 0.000000 0.000000e+00 nan
374 12 13 125.000000 0.540000 nan nan nan nan nan nan nan nan nan nan nan nan nan nan nan nan nan nan nan nan nan 0.000000 nan -1.000000 nan nan nan nan nan nan nan 19 30 0.000000 0.000000e+00 nan
375 12 14 125.000000 0.580000 nan nan nan nan nan nan nan nan nan nan nan nan nan nan nan nan nan nan nan nan nan 0.000000 nan -1.000000 nan nan nan nan nan nan nan 19 30 0.000000 0.000000e+00 nan
376 12 15 125.000000 0.620000 nan nan nan nan nan nan nan nan nan nan nan nan nan nan nan nan nan nan nan nan nan 0.000000 nan -1.000000 nan nan nan nan nan nan nan 19 30 0.000000 0.000000e+00 nan
377 12 16 125.000000 0.660000 nan nan nan nan nan nan nan nan nan nan nan nan nan nan nan nan nan nan nan nan nan 0.000000 nan -1.000000 nan nan nan nan nan nan nan 19 30 0.000000 0.000000e+00 nan
378 12 17 125.000000 0.700000 nan nan nan nan nan nan nan nan nan nan nan nan nan nan nan nan nan nan nan nan nan 0.000000 nan -1.000000 nan nan nan nan nan nan nan 19 30 0.000000 0.000000e+00 nan
379 12 18 125.000000 0.740000 nan nan nan nan nan nan nan nan nan nan nan nan nan nan nan nan nan nan nan nan nan 0.000000 nan -1.000000 nan nan nan nan nan nan nan 19 30 0.000000 0.000000e+00 nan
380 12 19 125.000000 0.780000 nan nan nan nan nan nan nan nan nan nan nan nan nan nan nan nan nan nan nan nan nan 0.000000 nan -1.000000 nan nan nan nan nan nan nan 19 30 0.000000 0.000000e+00 nan
381 12 20 125.000000 0.820000 nan nan nan nan nan nan nan nan nan nan nan nan nan nan nan nan nan nan nan nan nan 0.000000 nan -1.000000 nan nan nan nan nan nan nan 19 30 0.000000 0.000000e+00 nan
382 12 21 125.000000 0.860000 nan nan nan nan nan nan nan nan nan nan nan nan nan nan nan nan nan nan nan nan nan 0.000000 nan -1.000000 nan nan nan nan nan nan nan 19 30 0.000000 0.000000e+00 nan
383 12 22 125.000000 0.900000 nan nan nan nan nan nan nan nan nan nan nan nan nan nan nan nan nan nan nan nan nan 0.000000 nan -1.000000 nan nan nan nan nan nan nan 19 30 0.000000 0.000000e+00 nan
384 12 23 125.000000 0.940000 nan nan nan nan nan nan nan nan nan nan nan nan nan nan nan nan nan nan nan nan nan 0.000000 nan -1.000000 nan nan nan nan nan nan nan 19 30 0.000000 0.000000e+00 nan
385 12 24 125.000000 0.980000 nan nan nan nan nan nan nan nan nan nan nan nan nan nan nan nan nan nan nan nan nan 0.000000 nan -1.000000 nan nan nan nan nan nan nan 19 30 0.000000 0.000000e+00 nan
386 12 25 125.000000 1.020000 nan nan nan nan nan nan nan nan nan nan nan nan nan nan nan nan nan nan nan nan nan 0.000000 nan -1.000000 nan nan nan nan nan nan nan 19 30 0.000000 0.000000e+00 nan
387 12 26 125.000000 1.060000 nan nan nan nan nan nan nan nan nan nan nan nan nan nan nan nan nan nan nan nan nan 0.000000 nan -1.000000 nan nan nan nan nan nan nan 19 30 0.000000 0.000000e+00 nan
388 12 27 125.000000 1.100000 nan nan nan nan nan nan nan nan nan nan nan nan nan nan nan nan nan nan nan nan nan 0.000000 nan -1.000000 nan nan nan nan nan nan nan 19 30 0.000000 0.000000e+00 nan
389 12 28 125.000000 1.140000 nan nan nan nan nan nan nan nan nan nan nan nan nan nan nan nan nan nan nan nan nan 0.000000 nan -1.000000 nan nan nan nan nan nan nan 19 30 0.000000 0.000000e+00 nan
390 12 29 125.000000 1.180000 nan nan nan nan nan nan nan nan nan nan nan nan nan nan nan nan nan nan nan nan nan 0.000000 nan -1.000000 nan nan nan nan nan nan nan 19 30 0.000000 0.000000e+00 nan
391 13 0 135.000000 0.020000 10540.416715 8344.843154 12.307525 2195.573414 2195.573545 4043038.196348 4042979.488159 2977.178866 2977.166888 3131.465755 2987.594923 14.424756 16.889565 939.717790 0.731278 1.466105 2987.565279 13.309052 0.191532 0.255240 1022.744811 0.745552 136.606609 128.000587 -0.094917 0.691673 1.011229 0.021485 0.064185 0.349283 2406.610034 19 30 0.195681 0.000000e+00 36.790974
392 13 1 135.000000 0.060000 nan nan nan nan nan nan nan nan nan nan nan nan nan nan nan nan nan nan nan nan nan 0.000000 nan -1.000000 nan nan nan nan nan nan nan 19 30 0.000000 0.000000e+00 nan
393 13 2 135.000000 0.100000 nan nan nan nan nan nan nan nan nan nan nan nan nan nan nan nan nan nan nan nan nan 0.000000 nan -1.000000 nan nan nan nan nan nan nan 19 30 0.000000 0.000000e+00 nan
394 13 3 135.000000 0.140000 nan nan nan nan nan nan nan nan nan nan nan nan nan nan nan nan nan nan nan nan nan 0.000000 nan -1.000000 nan nan nan nan nan nan nan 19 30 0.000000 0.000000e+00 nan
395 13 4 135.000000 0.180000 nan nan nan nan nan nan nan nan nan nan nan nan nan nan nan nan nan nan nan nan nan 0.000000 nan -1.000000 nan nan nan nan nan nan nan 19 30 0.000000 0.000000e+00 nan
396 13 5 135.000000 0.220000 nan nan nan nan nan nan nan nan nan nan nan nan nan nan nan nan nan nan nan nan nan 0.000000 nan -1.000000 nan nan nan nan nan nan nan 19 30 0.000000 0.000000e+00 nan
397 13 6 135.000000 0.260000 nan nan nan nan nan nan nan nan nan nan nan nan nan nan nan nan nan nan nan nan nan 0.000000 nan -1.000000 nan nan nan nan nan nan nan 19 30 0.000000 0.000000e+00 nan
398 13 7 135.000000 0.300000 nan nan nan nan nan nan nan nan nan nan nan nan nan nan nan nan nan nan nan nan nan 0.000000 nan -1.000000 nan nan nan nan nan nan nan 19 30 0.000000 0.000000e+00 nan
399 13 8 135.000000 0.340000 nan nan nan nan nan nan nan nan nan nan nan nan nan nan nan nan nan nan nan nan nan 0.000000 nan -1.000000 nan nan nan nan nan nan nan 19 30 0.000000 0.000000e+00 nan
400 13 9 135.000000 0.380000 nan nan nan nan nan nan nan nan nan nan nan nan nan nan nan nan nan nan nan nan nan 0.000000 nan -1.000000 nan nan nan nan nan nan nan 19 30 0.000000 0.000000e+00 nan
401 13 10 135.000000 0.420000 nan nan nan nan nan nan nan nan nan nan nan nan nan nan nan nan nan nan nan nan nan 0.000000 nan -1.000000 nan nan nan nan nan nan nan 19 30 0.000000 0.000000e+00 nan
402 13 11 135.000000 0.460000 nan nan nan nan nan nan nan nan nan nan nan nan nan nan nan nan nan nan nan nan nan 0.000000 nan -1.000000 nan nan nan nan nan nan nan 19 30 0.000000 0.000000e+00 nan
403 13 12 135.000000 0.500000 nan nan nan nan nan nan nan nan nan nan nan nan nan nan nan nan nan nan nan nan nan 0.000000 nan -1.000000 nan nan nan nan nan nan nan 19 30 0.000000 0.000000e+00 nan
404 13 13 135.000000 0.540000 nan nan nan nan nan nan nan nan nan nan nan nan nan nan nan nan nan nan nan nan nan 0.000000 nan -1.000000 nan nan nan nan nan nan nan 19 30 0.000000 0.000000e+00 nan
405 13 14 135.000000 0.580000 nan nan nan nan nan nan nan nan nan nan nan nan nan nan nan nan nan nan nan nan nan 0.000000 nan -1.000000 nan nan nan nan nan nan nan 19 30 0.000000 0.000000e+00 nan
406 13 15 135.000000 0.620000 nan nan nan nan nan nan nan nan nan nan nan nan nan nan nan nan nan nan nan nan nan 0.000000 nan -1.000000 nan nan nan nan nan nan nan 19 30 0.000000 0.000000e+00 nan
407 13 16 135.000000 0.660000 nan nan nan nan nan nan nan nan nan nan nan nan nan nan nan nan nan nan nan nan nan 0.000000 nan -1.000000 nan nan nan nan nan nan nan 19 30 0.000000 0.000000e+00 nan
408 13 17 135.000000 0.700000 nan nan nan nan nan nan nan nan nan nan nan nan nan nan nan nan nan nan nan nan nan 0.000000 nan -1.000000 nan nan nan nan nan nan nan 19 30 0.000000 0.000000e+00 nan
409 13 18 135.000000 0.740000 nan nan nan nan nan nan nan nan nan nan nan nan nan nan nan nan nan nan nan nan nan 0.000000 nan -1.000000 nan nan nan nan nan nan nan 19 30 0.000000 0.000000e+00 nan
410 13 19 135.000000 0.780000 nan nan nan nan nan nan nan nan nan nan nan nan nan nan nan nan nan nan nan nan nan 0.000000 nan -1.000000 nan nan nan nan nan nan nan 19 30 0.000000 0.000000e+00 nan
411 13 20 135.000000 0.820000 nan nan nan nan nan nan nan nan nan nan nan nan nan nan nan nan nan nan nan nan nan 0.000000 nan -1.000000 nan nan nan nan nan nan nan 19 30 0.000000 0.000000e+00 nan
412 13 21 135.000000 0.860000 nan nan nan nan nan nan nan nan nan nan nan nan nan nan nan nan nan nan nan nan nan 0.000000 nan -1.000000 nan nan nan nan nan nan nan 19 30 0.000000 0.000000e+00 nan
413 13 22 135.000000 0.900000 nan nan nan nan nan nan nan nan nan nan nan nan nan nan nan nan nan nan nan nan nan 0.000000 nan -1.000000 nan nan nan nan nan nan nan 19 30 0.000000 0.000000e+00 nan
414 13 23 135.000000 0.940000 nan nan nan nan nan nan nan nan nan nan nan nan nan nan nan nan nan nan nan nan nan 0.000000 nan -1.000000 nan nan nan nan nan nan nan 19 30 0.000000 0.000000e+00 nan
415 13 24 135.000000 0.980000 nan nan nan nan nan nan nan nan nan nan nan nan nan nan nan nan nan nan nan nan nan 0.000000 nan -1.000000 nan nan nan nan nan nan nan 19 30 0.000000 0.000000e+00 nan
416 13 25 135.000000 1.020000 nan nan nan nan nan nan nan nan nan nan nan nan nan nan nan nan nan nan nan nan nan 0.000000 nan -1.000000 nan nan nan nan nan nan nan 19 30 0.000000 0.000000e+00 nan
417 13 26 135.000000 1.060000 nan nan nan nan nan nan nan nan nan nan nan nan nan nan nan nan nan nan nan nan nan 0.000000 nan -1.000000 nan nan nan nan nan nan nan 19 30 0.000000 0.000000e+00 nan
418 13 27 135.000000 1.100000 nan nan nan nan nan nan nan nan nan nan nan nan nan nan nan nan nan nan nan nan nan 0.000000 nan -1.000000 nan nan nan nan nan nan nan 19 30 0.000000 0.000000e+00 nan
419 13 28 135.000000 1.140000 nan nan nan nan nan nan nan nan nan nan nan nan nan nan nan nan nan nan nan nan nan 0.000000 nan -1.000000 nan nan nan nan nan nan nan 19 30 0.000000 0.000000e+00 nan
420 13 29 135.000000 1.180000 nan nan nan nan nan nan nan nan nan nan nan nan nan nan nan nan nan nan nan nan nan 0.000000 nan -1.000000 nan nan nan nan nan nan nan 19 30 0.000000 0.000000e+00 nan
421 14 0 145.000000 0.020000 10539.857087 8378.722671 12.206728 2161.134430 2161.134400 3993206.622135 3993212.974602 2943.421403 2943.418908 3097.126200 2951.582008 9.919515 9.904261 939.618201 0.729157 1.461247 2951.576664 5.616530 0.109416 0.109028 1013.063158 0.317651 145.011735 145.452994 -0.230747 -0.499855 1.008738 0.021821 0.065616 0.361025 2566.406443 19 30 0.124993 0.000000e+00 37.003261
422 14 1 145.000000 0.060000 nan nan nan nan nan nan nan nan nan nan nan nan nan nan nan nan nan nan nan nan nan 0.000000 nan -1.000000 nan nan nan nan nan nan nan 19 30 0.000000 0.000000e+00 nan
423 14 2 145.000000 0.100000 nan nan nan nan nan nan nan nan nan nan nan nan nan nan nan nan nan nan nan nan nan 0.000000 nan -1.000000 nan nan nan nan nan nan nan 19 30 0.000000 0.000000e+00 nan
424 14 3 145.000000 0.140000 nan nan nan nan nan nan nan nan nan nan nan nan nan nan nan nan nan nan nan nan nan 0.000000 nan -1.000000 nan nan nan nan nan nan nan 19 30 0.000000 0.000000e+00 nan
425 14 4 145.000000 0.180000 nan nan nan nan nan nan nan nan nan nan nan nan nan nan nan nan nan nan nan nan nan 0.000000 nan -1.000000 nan nan nan nan nan nan nan 19 30 0.000000 0.000000e+00 nan
426 14 5 145.000000 0.220000 nan nan nan nan nan nan nan nan nan nan nan nan nan nan nan nan nan nan nan nan nan 0.000000 nan -1.000000 nan nan nan nan nan nan nan 19 30 0.000000 0.000000e+00 nan
427 14 6 145.000000 0.260000 nan nan nan nan nan nan nan nan nan nan nan nan nan nan nan nan nan nan nan nan nan 0.000000 nan -1.000000 nan nan nan nan nan nan nan 19 30 0.000000 0.000000e+00 nan
428 14 7 145.000000 0.300000 nan nan nan nan nan nan nan nan nan nan nan nan nan nan nan nan nan nan nan nan nan 0.000000 nan -1.000000 nan nan nan nan nan nan nan 19 30 0.000000 0.000000e+00 nan
429 14 8 145.000000 0.340000 nan nan nan nan nan nan nan nan nan nan nan nan nan nan nan nan nan nan nan nan nan 0.000000 nan -1.000000 nan nan nan nan nan nan nan 19 30 0.000000 0.000000e+00 nan
430 14 9 145.000000 0.380000 nan nan nan nan nan nan nan nan nan nan nan nan nan nan nan nan nan nan nan nan nan 0.000000 nan -1.000000 nan nan nan nan nan nan nan 19 30 0.000000 0.000000e+00 nan
431 14 10 145.000000 0.420000 nan nan nan nan nan nan nan nan nan nan nan nan nan nan nan nan nan nan nan nan nan 0.000000 nan -1.000000 nan nan nan nan nan nan nan 19 30 0.000000 0.000000e+00 nan
432 14 11 145.000000 0.460000 nan nan nan nan nan nan nan nan nan nan nan nan nan nan nan nan nan nan nan nan nan 0.000000 nan -1.000000 nan nan nan nan nan nan nan 19 30 0.000000 0.000000e+00 nan
433 14 12 145.000000 0.500000 nan nan nan nan nan nan nan nan nan nan nan nan nan nan nan nan nan nan nan nan nan 0.000000 nan -1.000000 nan nan nan nan nan nan nan 19 30 0.000000 0.000000e+00 nan
434 14 13 145.000000 0.540000 nan nan nan nan nan nan nan nan nan nan nan nan nan nan nan nan nan nan nan nan nan 0.000000 nan -1.000000 nan nan nan nan nan nan nan 19 30 0.000000 0.000000e+00 nan
435 14 14 145.000000 0.580000 nan nan nan nan nan nan nan nan nan nan nan nan nan nan nan nan nan nan nan nan nan 0.000000 nan -1.000000 nan nan nan nan nan nan nan 19 30 0.000000 0.000000e+00 nan
436 14 15 145.000000 0.620000 nan nan nan nan nan nan nan nan nan nan nan nan nan nan nan nan nan nan nan nan nan 0.000000 nan -1.000000 nan nan nan nan nan nan nan 19 30 0.000000 0.000000e+00 nan
437 14 16 145.000000 0.660000 nan nan nan nan nan nan nan nan nan nan nan nan nan nan nan nan nan nan nan nan nan 0.000000 nan -1.000000 nan nan nan nan nan nan nan 19 30 0.000000 0.000000e+00 nan
438 14 17 145.000000 0.700000 nan nan nan nan nan nan nan nan nan nan nan nan nan nan nan nan nan nan nan nan nan 0.000000 nan -1.000000 nan nan nan nan nan nan nan 19 30 0.000000 0.000000e+00 nan
439 14 18 145.000000 0.740000 nan nan nan nan nan nan nan nan nan nan nan nan nan nan nan nan nan nan nan nan nan 0.000000 nan -1.000000 nan nan nan nan nan nan nan 19 30 0.000000 0.000000e+00 nan
440 14 19 145.000000 0.780000 nan nan nan nan nan nan nan nan nan nan nan nan nan nan nan nan nan nan nan nan nan 0.000000 nan -1.000000 nan nan nan nan nan nan nan 19 30 0.000000 0.000000e+00 nan
441 14 20 145.000000 0.820000 nan nan nan nan nan nan nan nan nan nan nan nan nan nan nan nan nan nan nan nan nan 0.000000 nan -1.000000 nan nan nan nan nan nan nan 19 30 0.000000 0.000000e+00 nan
442 14 21 145.000000 0.860000 nan nan nan nan nan nan nan nan nan nan nan nan nan nan nan nan nan nan nan nan nan 0.000000 nan -1.000000 nan nan nan nan nan nan nan 19 30 0.000000 0.000000e+00 nan
443 14 22 145.000000 0.900000 nan nan nan nan nan nan nan nan nan nan nan nan nan nan nan nan nan nan nan nan nan 0.000000 nan -1.000000 nan nan nan nan nan nan nan 19 30 0.000000 0.000000e+00 nan
444 14 23 145.000000 0.940000 nan nan nan nan nan nan nan nan nan nan nan nan nan nan nan nan nan nan nan nan nan 0.000000 nan -1.000000 nan nan nan nan nan nan nan 19 30 0.000000 0.000000e+00 nan
445 14 24 145.000000 0.980000 nan nan nan nan nan nan nan nan nan nan nan nan nan nan nan nan nan nan nan nan nan 0.000000 nan -1.000000 nan nan nan nan nan nan nan 19 30 0.000000 0.000000e+00 nan
446 14 25 145.000000 1.020000 nan nan nan nan nan nan nan nan nan nan nan nan nan nan nan nan nan nan nan nan nan 0.000000 nan -1.000000 nan nan nan nan nan nan nan 19 30 0.000000 0.000000e+00 nan
447 14 26 145.000000 1.060000 nan nan nan nan nan nan nan nan nan nan nan nan nan nan nan nan nan nan nan nan nan 0.000000 nan -1.000000 nan nan nan nan nan nan nan 19 30 0.000000 0.000000e+00 nan
448 14 27 145.000000 1.100000 nan nan nan nan nan nan nan nan nan nan nan nan nan nan nan nan nan nan nan nan nan 0.000000 nan -1.000000 nan nan nan nan nan nan nan 19 30 0.000000 0.000000e+00 nan
449 14 28 145.000000 1.140000 nan nan nan nan nan nan nan nan nan nan nan nan nan nan nan nan nan nan nan nan nan 0.000000 nan -1.000000 nan nan nan nan nan nan nan 19 30 0.000000 0.000000e+00 nan
450 14 29 145.000000 1.180000 nan nan nan nan nan nan nan nan nan nan nan nan nan nan nan nan nan nan nan nan nan 0.000000 nan -1.000000 nan nan nan nan nan nan nan 19 30 0.000000 0.000000e+00 nan
451 15 0 155.000000 0.020000 10541.498000 8345.162094 12.325975 2196.335690 2196.335890 4055634.500000 4055634.866808 2979.853270 2979.853387 3132.330892 2988.501710 9.902585 9.595635 939.614998 0.731801 1.467311 2988.498810 4.163276 0.092610 0.079819 1021.625094 0.233488 150.803847 154.286468 0.611838 -0.790983 1.009254 0.021402 0.063828 0.347121 2368.428922 19 30 0.058647 0.000000e+00 36.636492
452 15 1 155.000000 0.060000 nan nan nan nan nan nan nan nan nan nan nan nan nan nan nan nan nan nan nan nan nan 0.000000 nan -1.000000 nan nan nan nan nan nan nan 19 30 0.000000 0.000000e+00 nan
453 15 2 155.000000 0.100000 nan nan nan nan nan nan nan nan nan nan nan nan nan nan nan nan nan nan nan nan nan 0.000000 nan -1.000000 nan nan nan nan nan nan nan 19 30 0.000000 0.000000e+00 nan
454 15 3 155.000000 0.140000 nan nan nan nan nan nan nan nan nan nan nan nan nan nan nan nan nan nan nan nan nan 0.000000 nan -1.000000 nan nan nan nan nan nan nan 19 30 0.000000 0.000000e+00 nan
455 15 4 155.000000 0.180000 nan nan nan nan nan nan nan nan nan nan nan nan nan nan nan nan nan nan nan nan nan 0.000000 nan -1.000000 nan nan nan nan nan nan nan 19 30 0.000000 0.000000e+00 nan
456 15 5 155.000000 0.220000 nan nan nan nan nan nan nan nan nan nan nan nan nan nan nan nan nan nan nan nan nan 0.000000 nan -1.000000 nan nan nan nan nan nan nan 19 30 0.000000 0.000000e+00 nan
457 15 6 155.000000 0.260000 nan nan nan nan nan nan nan nan nan nan nan nan nan nan nan nan nan nan nan nan nan 0.000000 nan -1.000000 nan nan nan nan nan nan nan 19 30 0.000000 0.000000e+00 nan
458 15 7 155.000000 0.300000 nan nan nan nan nan nan nan nan nan nan nan nan nan nan nan nan nan nan nan nan nan 0.000000 nan -1.000000 nan nan nan nan nan nan nan 19 30 0.000000 0.000000e+00 nan
459 15 8 155.000000 0.340000 nan nan nan nan nan nan nan nan nan nan nan nan nan nan nan nan nan nan nan nan nan 0.000000 nan -1.000000 nan nan nan nan nan nan nan 19 30 0.000000 0.000000e+00 nan
460 15 9 155.000000 0.380000 nan nan nan nan nan nan nan nan nan nan nan nan nan nan nan nan nan nan nan nan nan 0.000000 nan -1.000000 nan nan nan nan nan nan nan 19 30 0.000000 0.000000e+00 nan
461 15 10 155.000000 0.420000 nan nan nan nan nan nan nan nan nan nan nan nan nan nan nan nan nan nan nan nan nan 0.000000 nan -1.000000 nan nan nan nan nan nan nan 19 30 0.000000 0.000000e+00 nan
462 15 11 155.000000 0.460000 nan nan nan nan nan nan nan nan nan nan nan nan nan nan nan nan nan nan nan nan nan 0.000000 nan -1.000000 nan nan nan nan nan nan nan 19 30 0.000000 0.000000e+00 nan
463 15 12 155.000000 0.500000 nan nan nan nan nan nan nan nan nan nan nan nan nan nan nan nan nan nan nan nan nan 0.000000 nan -1.000000 nan nan nan nan nan nan nan 19 30 0.000000 0.000000e+00 nan
464 15 13 155.000000 0.540000 nan nan nan nan nan nan nan nan nan nan nan nan nan nan nan nan nan nan nan nan nan 0.000000 nan -1.000000 nan nan nan nan nan nan nan 19 30 0.000000 0.000000e+00 nan
465 15 14 155.000000 0.580000 nan nan nan nan nan nan nan nan nan nan nan nan nan nan nan nan nan nan nan nan nan 0.000000 nan -1.000000 nan nan nan nan nan nan nan 19 30 0.000000 0.000000e+00 nan
466 15 15 155.000000 0.620000 nan nan nan nan nan nan nan nan nan nan nan nan nan nan nan nan nan nan nan nan nan 0.000000 nan -1.000000 nan nan nan nan nan nan nan 19 30 0.000000 0.000000e+00 nan
467 15 16 155.000000 0.660000 nan nan nan nan nan nan nan nan nan nan nan nan nan nan nan nan nan nan nan nan nan 0.000000 nan -1.000000 nan nan nan nan nan nan nan 19 30 0.000000 0.000000e+00 nan
468 15 17 155.000000 0.700000 nan nan nan nan nan nan nan nan nan nan nan nan nan nan nan nan nan nan nan nan nan 0.000000 nan -1.000000 nan nan nan nan nan nan nan 19 30 0.000000 0.000000e+00 nan
469 15 18 155.000000 0.740000 nan nan nan nan nan nan nan nan nan nan nan nan nan nan nan nan nan nan nan nan nan 0.000000 nan -1.000000 nan nan nan nan nan nan nan 19 30 0.000000 0.000000e+00 nan
470 15 19 155.000000 0.780000 nan nan nan nan nan nan nan nan nan nan nan nan nan nan nan nan nan nan nan nan nan 0.000000 nan -1.000000 nan nan nan nan nan nan nan 19 30 0.000000 0.000000e+00 nan
471 15 20 155.000000 0.820000 nan nan nan nan nan nan nan nan nan nan nan nan nan nan nan nan nan nan nan nan nan 0.000000 nan -1.000000 nan nan nan nan nan nan nan 19 30 0.000000 0.000000e+00 nan
472 15 21 155.000000 0.860000 nan nan nan nan nan nan nan nan nan nan nan nan nan nan nan nan nan nan nan nan nan 0.000000 nan -1.000000 nan nan nan nan nan nan nan 19 30 0.000000 0.000000e+00 nan
473 15 22 155.000000 0.900000 nan nan nan nan nan nan nan nan nan nan nan nan nan nan nan nan nan nan nan nan nan 0.000000 nan -1.000000 nan nan nan nan nan nan nan 19 30 0.000000 0.000000e+00 nan
474 15 23 155.000000 0.940000 nan nan nan nan nan nan nan nan nan nan nan nan nan nan nan nan nan nan nan nan nan 0.000000 nan -1.000000 nan nan nan nan nan nan nan 19 30 0.000000 0.000000e+00 nan
475 15 24 155.000000 0.980000 nan nan nan nan nan nan nan nan nan nan nan nan nan nan nan nan nan nan nan nan nan 0.000000 nan -1.000000 nan nan nan nan nan nan nan 19 30 0.000000 0.000000e+00 nan
476 15 25 155.000000 1.020000 nan nan nan nan nan nan nan nan nan nan nan nan nan nan nan nan nan nan nan nan nan 0.000000 nan -1.000000 nan nan nan nan nan nan nan 19 30 0.000000 0.000000e+00 nan
477 15 26 155.000000 1.060000 nan nan nan nan nan nan nan nan nan nan nan nan nan nan nan nan nan nan nan nan nan 0.000000 nan -1.000000 nan nan nan nan nan nan nan 19 30 0.000000 0.000000e+00 nan
478 15 27 155.000000 1.100000 nan nan nan nan nan nan nan nan nan nan nan nan nan nan nan nan nan nan nan nan nan 0.000000 nan -1.000000 nan nan nan nan nan nan nan 19 30 0.000000 0.000000e+00 nan
479 15 28 155.000000 1.140000 nan nan nan nan nan nan nan nan nan nan nan nan nan nan nan nan nan nan nan nan nan 0.000000 nan -1.000000 nan nan nan nan nan nan nan 19 30 0.000000 0.000000e+00 nan
480 15 29 155.000000 1.180000 nan nan nan nan nan nan nan nan nan nan nan nan nan nan nan nan nan nan nan nan nan 0.000000 nan -1.000000 nan nan nan nan nan nan nan 19 30 0.000000 0.000000e+00 nan
481 16 0 165.000000 0.020000 nan nan nan nan nan nan nan nan nan nan nan nan nan nan nan nan nan nan nan nan nan 0.000000 nan -1.000000 nan nan nan nan nan nan nan 19 30 0.000000 0.000000e+00 nan
482 16 1 165.000000 0.060000 nan nan nan nan nan nan nan nan nan nan nan nan nan nan nan nan nan nan nan nan nan 0.000000 nan -1.000000 nan nan nan nan nan nan nan 19 30 0.000000 0.000000e+00 nan
483 16 2 165.000000 0.100000 nan nan nan nan nan nan nan nan nan nan nan nan nan nan nan nan nan nan nan nan nan 0.000000 nan -1.000000 nan nan nan nan nan nan nan 19 30 0.000000 0.000000e+00 nan
484 16 3 165.000000 0.140000 nan nan nan nan nan nan nan nan nan nan nan nan nan nan nan nan nan nan nan nan nan 0.000000 nan -1.000000 nan nan nan nan nan nan nan 19 30 0.000000 0.000000e+00 nan
485 16 4 165.000000 0.180000 nan nan nan nan nan nan nan nan nan nan nan nan nan nan nan nan nan nan nan nan nan 0.000000 nan -1.000000 nan nan nan nan nan nan nan 19 30 0.000000 0.000000e+00 nan
486 16 5 165.000000 0.220000 nan nan nan nan nan nan nan nan nan nan nan nan nan nan nan nan nan nan nan nan nan 0.000000 nan -1.000000 nan nan nan nan nan nan nan 19 30 0.000000 0.000000e+00 nan
487 16 6 165.000000 0.260000 nan nan nan nan nan nan nan nan nan nan nan nan nan nan nan nan nan nan nan nan nan 0.000000 nan -1.000000 nan nan nan nan nan nan nan 19 30 0.000000 0.000000e+00 nan
488 16 7 165.000000 0.300000 nan nan nan nan nan nan nan nan nan nan nan nan nan nan nan nan nan nan nan nan nan 0.000000 nan -1.000000 nan nan nan nan nan nan nan 19 30 0.000000 0.000000e+00 nan
489 16 8 165.000000 0.340000 nan nan nan nan nan nan nan nan nan nan nan nan nan nan nan nan nan nan nan nan nan 0.000000 nan -1.000000 nan nan nan nan nan nan nan 19 30 0.000000 0.000000e+00 nan
490 16 9 165.000000 0.380000 nan nan nan nan nan nan nan nan nan nan nan nan nan nan nan nan nan nan nan nan nan 0.000000 nan -1.000000 nan nan nan nan nan nan nan 19 30 0.000000 0.000000e+00 nan
491 16 10 165.000000 0.420000 nan nan nan nan nan nan nan nan nan nan nan nan nan nan nan nan nan nan nan nan nan 0.000000 nan -1.000000 nan nan nan nan nan nan nan 19 30 0.000000 0.000000e+00 nan
492 16 11 165.000000 0.460000 nan nan nan nan nan nan nan nan nan nan nan nan nan nan nan nan nan nan nan nan nan 0.000000 nan -1.000000 nan nan nan nan nan nan nan 19 30 0.000000 0.000000e+00 nan
493 16 12 165.000000 0.500000 nan nan nan nan nan nan nan nan nan nan nan nan nan nan nan nan nan nan nan nan nan 0.000000 nan -1.000000 nan nan nan nan nan nan nan 19 30 0.000000 0.000000e+00 nan
494 16 13 165.000000 0.540000 nan nan nan nan nan nan nan nan nan nan nan nan nan nan nan nan nan nan nan nan nan 0.000000 nan -1.000000 nan nan nan nan nan nan nan 19 30 0.000000 0.000000e+00 nan
495 16 14 165.000000 0.580000 nan nan nan nan nan nan nan nan nan nan nan nan nan nan nan nan nan nan nan nan nan 0.000000 nan -1.000000 nan nan nan nan nan nan nan 19 30 0.000000 0.000000e+00 nan
496 16 15 165.000000 0.620000 nan nan nan nan nan nan nan nan nan nan nan nan nan nan nan nan nan nan nan nan nan 0.000000 nan -1.000000 nan nan nan nan nan nan nan 19 30 0.000000 0.000000e+00 nan
497 16 16 165.000000 0.660000 nan nan nan nan nan nan nan nan nan nan nan nan nan nan nan nan nan nan nan nan nan 0.000000 nan -1.000000 nan nan nan nan nan nan nan 19 30 0.000000 0.000000e+00 nan
498 16 17 165.000000 0.700000 nan nan nan nan nan nan nan nan nan nan nan nan nan nan nan nan nan nan nan nan nan 0.000000 nan -1.000000 nan nan nan nan nan nan nan 19 30 0.000000 0.000000e+00 nan
499 16 18 165.000000 0.740000 nan nan nan nan nan nan nan nan nan nan nan nan nan nan nan nan nan nan nan nan nan 0.000000 nan -1.000000 nan nan nan nan nan nan nan 19 30 0.000000 0.000000e+00 nan
500 16 19 165.000000 0.780000 nan nan nan nan nan nan nan nan nan nan nan nan nan nan nan nan nan nan nan nan nan 0.000000 nan -1.000000 nan nan nan nan nan nan nan 19 30 0.000000 0.000000e+00 nan
501 16 20 165.000000 0.820000 nan nan nan nan nan nan nan nan nan nan nan nan nan nan nan nan nan nan nan nan nan 0.000000 nan -1.000000 nan nan nan nan nan nan nan 19 30 0.000000 0.000000e+00 nan
502 16 21 165.000000 0.860000 nan nan nan nan nan nan nan nan nan nan nan nan nan nan nan nan nan nan nan nan nan 0.000000 nan -1.000000 nan nan nan nan nan nan nan 19 30 0.000000 0.000000e+00 nan
503 16 22 165.000000 0.900000 nan nan nan nan nan nan nan nan nan nan nan nan nan nan nan nan nan nan nan nan nan 0.000000 nan -1.000000 nan nan nan nan nan nan nan 19 30 0.000000 0.000000e+00 nan
504 16 23 165.000000 0.940000 nan nan nan nan nan nan nan nan nan nan nan nan nan nan nan nan nan nan nan nan nan 0.000000 nan -1.000000 nan nan nan nan nan nan nan 19 30 0.000000 0.000000e+00 nan
505 16 24 165.000000 0.980000 nan nan nan nan nan nan nan nan nan nan nan nan nan nan nan nan nan nan nan nan nan 0.000000 nan -1.000000 nan nan nan nan nan nan nan 19 30 0.000000 0.000000e+00 nan
506 16 25 165.000000 1.020000 nan nan nan nan nan nan nan nan nan nan nan nan nan nan nan nan nan nan nan nan nan 0.000000 nan -1.000000 nan nan nan nan nan nan nan 19 30 0.000000 0.000000e+00 nan
507 16 26 165.000000 1.060000 nan nan nan nan nan nan nan nan nan nan nan nan nan nan nan nan nan nan nan nan nan 0.000000 nan -1.000000 nan nan nan nan nan nan nan 19 30 0.000000 0.000000e+00 nan
508 16 27 165.000000 1.100000 nan nan nan nan nan nan nan nan nan nan nan nan nan nan nan nan nan nan nan nan nan 0.000000 nan -1.000000 nan nan nan nan nan nan nan 19 30 0.000000 0.000000e+00 nan
509 16 28 165.000000 1.140000 nan nan nan nan nan nan nan nan nan nan nan nan nan nan nan nan nan nan nan nan nan 0.000000 nan -1.000000 nan nan nan nan nan nan nan 19 30 0.000000 0.000000e+00 nan
510 16 29 165.000000 1.180000 nan nan nan nan nan nan nan nan nan nan nan nan nan nan nan nan nan nan nan nan nan 0.000000 nan -1.000000 nan nan nan nan nan nan nan 19 30 0.000000 0.000000e+00 nan
511 17 0 175.000000 0.020000 nan nan nan nan nan nan nan nan nan nan nan nan nan nan nan nan nan nan nan nan nan 0.000000 nan -1.000000 nan nan nan nan nan nan nan 19 30 0.000000 0.000000e+00 nan
512 17 1 175.000000 0.060000 nan nan nan nan nan nan nan nan nan nan nan nan nan nan nan nan nan nan nan nan nan 0.000000 nan -1.000000 nan nan nan nan nan nan nan 19 30 0.000000 0.000000e+00 nan
513 17 2 175.000000 0.100000 nan nan nan nan nan nan nan nan nan nan nan nan nan nan nan nan nan nan nan nan nan 0.000000 nan -1.000000 nan nan nan nan nan nan nan 19 30 0.000000 0.000000e+00 nan
514 17 3 175.000000 0.140000 nan nan nan nan nan nan nan nan nan nan nan nan nan nan nan nan nan nan nan nan nan 0.000000 nan -1.000000 nan nan nan nan nan nan nan 19 30 0.000000 0.000000e+00 nan
515 17 4 175.000000 0.180000 nan nan nan nan nan nan nan nan nan nan nan nan nan nan nan nan nan nan nan nan nan 0.000000 nan -1.000000 nan nan nan nan nan nan nan 19 30 0.000000 0.000000e+00 nan
516 17 5 175.000000 0.220000 nan nan nan nan nan nan nan nan nan nan nan nan nan nan nan nan nan nan nan nan nan 0.000000 nan -1.000000 nan nan nan nan nan nan nan 19 30 0.000000 0.000000e+00 nan
517 17 6 175.000000 0.260000 nan nan nan nan nan nan nan nan nan nan nan nan nan nan nan nan nan nan nan nan nan 0.000000 nan -1.000000 nan nan nan nan nan nan nan 19 30 0.000000 0.000000e+00 nan
518 17 7 175.000000 0.300000 nan nan nan nan nan nan nan nan nan nan nan nan nan nan nan nan nan nan nan nan nan 0.000000 nan -1.000000 nan nan nan nan nan nan nan 19 30 0.000000 0.000000e+00 nan
519 17 8 175.000000 0.340000 nan nan nan nan nan nan nan nan nan nan nan nan nan nan nan nan nan nan nan nan nan 0.000000 nan -1.000000 nan nan nan nan nan nan nan 19 30 0.000000 0.000000e+00 nan
520 17 9 175.000000 0.380000 nan nan nan nan nan nan nan nan nan nan nan nan nan nan nan nan nan nan nan nan nan 0.000000 nan -1.000000 nan nan nan nan nan nan nan 19 30 0.000000 0.000000e+00 nan
521 17 10 175.000000 0.420000 nan nan nan nan nan nan nan nan nan nan nan nan nan nan nan nan nan nan nan nan nan 0.000000 nan -1.000000 nan nan nan nan nan nan nan 19 30 0.000000 0.000000e+00 nan
522 17 11 175.000000 0.460000 nan nan nan nan nan nan nan nan nan nan nan nan nan nan nan nan nan nan nan nan nan 0.000000 nan -1.000000 nan nan nan nan nan nan nan 19 30 0.000000 0.000000e+00 nan
523 17 12 175.000000 0.500000 nan nan nan nan nan nan nan nan nan nan nan nan nan nan nan nan nan nan nan nan nan 0.000000 nan -1.000000 nan nan nan nan nan nan nan 19 30 0.000000 0.000000e+00 nan
524 17 13 175.000000 0.540000 nan nan nan nan nan nan nan nan nan nan nan nan nan nan nan nan nan nan nan nan nan 0.000000 nan -1.000000 nan nan nan nan nan nan nan 19 30 0.000000 0.000000e+00 nan
525 17 14 175.000000 0.580000 nan nan nan nan nan nan nan nan nan nan nan nan nan nan nan nan nan nan nan nan nan 0.000000 nan -1.000000 nan nan nan nan nan nan nan 19 30 0.000000 0.000000e+00 nan
526 17 15 175.000000 0.620000 nan nan nan nan nan nan nan nan nan nan nan nan nan nan nan nan nan nan nan nan nan 0.000000 nan -1.000000 nan nan nan nan nan nan nan 19 30 0.000000 0.000000e+00 nan
527 17 16 175.000000 0.660000 nan nan nan nan nan nan nan nan nan nan nan nan nan nan nan nan nan nan nan nan nan 0.000000 nan -1.000000 nan nan nan nan nan nan nan 19 30 0.000000 0.000000e+00 nan
528 17 17 175.000000 0.700000 nan nan nan nan nan nan nan nan nan nan nan nan nan nan nan nan nan nan nan nan nan 0.000000 nan -1.000000 nan nan nan nan nan nan nan 19 30 0.000000 0.000000e+00 nan
529 17 18 175.000000 0.740000 nan nan nan nan nan nan nan nan nan nan nan nan nan nan nan nan nan nan nan nan nan 0.000000 nan -1.000000 nan nan nan nan nan nan nan 19 30 0.000000 0.000000e+00 nan
530 17 19 175.000000 0.780000 nan nan nan nan nan nan nan nan nan nan nan nan nan nan nan nan nan nan nan nan nan 0.000000 nan -1.000000 nan nan nan nan nan nan nan 19 30 0.000000 0.000000e+00 nan
531 17 20 175.000000 0.820000 nan nan nan nan nan nan nan nan nan nan nan nan nan nan nan nan nan nan nan nan nan 0.000000 nan -1.000000 nan nan nan nan nan nan nan 19 30 0.000000 0.000000e+00 nan
532 17 21 175.000000 0.860000 nan nan nan nan nan nan nan nan nan nan nan nan nan nan nan nan nan nan nan nan nan 0.000000 nan -1.000000 nan nan nan nan nan nan nan 19 30 0.000000 0.000000e+00 nan
533 17 22 175.000000 0.900000 nan nan nan nan nan nan nan nan nan nan nan nan nan nan nan nan nan nan nan nan nan 0.000000 nan -1.000000 nan nan nan nan nan nan nan 19 30 0.000000 0.000000e+00 nan
534 17 23 175.000000 0.940000 nan nan nan nan nan nan nan nan nan nan nan nan nan nan nan nan nan nan nan nan nan 0.000000 nan -1.000000 nan nan nan nan nan nan nan 19 30 0.000000 0.000000e+00 nan
535 17 24 175.000000 0.980000 nan nan nan nan nan nan nan nan nan nan nan nan nan nan nan nan nan nan nan nan nan 0.000000 nan -1.000000 nan nan nan nan nan nan nan 19 30 0.000000 0.000000e+00 nan
536 17 25 175.000000 1.020000 nan nan nan nan nan nan nan nan nan nan nan nan nan nan nan nan nan nan nan nan nan 0.000000 nan -1.000000 nan nan nan nan nan nan nan 19 30 0.000000 0.000000e+00 nan
537 17 26 175.000000 1.060000 nan nan nan nan nan nan nan nan nan nan nan nan nan nan nan nan nan nan nan nan nan 0.000000 nan -1.000000 nan nan nan nan nan nan nan 19 30 0.000000 0.000000e+00 nan
538 17 27 175.000000 1.100000 nan nan nan nan nan nan nan nan nan nan nan nan nan nan nan nan nan nan nan nan nan 0.000000 nan -1.000000 nan nan nan nan nan nan nan 19 30 0.000000 0.000000e+00 nan
539 17 28 175.000000 1.140000 nan nan nan nan nan nan nan nan nan nan nan nan nan nan nan nan nan nan nan nan nan 0.000000 nan -1.000000 nan nan nan nan nan nan nan 19 30 0.000000 0.000000e+00 nan
540 17 29 175.000000 1.180000 nan nan nan nan nan nan nan nan nan nan nan nan nan nan nan nan nan nan nan nan nan 0.000000 nan -1.000000 nan nan nan nan nan nan nan 19 30 0.000000 0.000000e+00 nan
541 18 0 185.000000 0.020000 nan nan nan nan nan nan nan nan nan nan nan nan nan nan nan nan nan nan nan nan nan 0.000000 nan -1.000000 nan nan nan nan nan nan nan 19 30 0.000000 0.000000e+00 nan
542 18 1 185.000000 0.060000 nan nan nan nan nan nan nan nan nan nan nan nan nan nan nan nan nan nan nan nan nan 0.000000 nan -1.000000 nan nan nan nan nan nan nan 19 30 0.000000 0.000000e+00 nan
543 18 2 185.000000 0.100000 nan nan nan nan nan nan nan nan nan nan nan nan nan nan nan nan nan nan nan nan nan 0.000000 nan -1.000000 nan nan nan nan nan nan nan 19 30 0.000000 0.000000e+00 nan
544 18 3 185.000000 0.140000 nan nan nan nan nan nan nan nan nan nan nan nan nan nan nan nan nan nan nan nan nan 0.000000 nan -1.000000 nan nan nan nan nan nan nan 19 30 0.000000 0.000000e+00 nan
545 18 4 185.000000 0.180000 nan nan nan nan nan nan nan nan nan nan nan nan nan nan nan nan nan nan nan nan nan 0.000000 nan -1.000000 nan nan nan nan nan nan nan 19 30 0.000000 0.000000e+00 nan
546 18 5 185.000000 0.220000 nan nan nan nan nan nan nan nan nan nan nan nan nan nan nan nan nan nan nan nan nan 0.000000 nan -1.000000 nan nan nan nan nan nan nan 19 30 0.000000 0.000000e+00 nan
547 18 6 185.000000 0.260000 nan nan nan nan nan nan nan nan nan nan nan nan nan nan nan nan nan nan nan nan nan 0.000000 nan -1.000000 nan nan nan nan nan nan nan 19 30 0.000000 0.000000e+00 nan
548 18 7 185.000000 0.300000 nan nan nan nan nan nan nan nan nan nan nan nan nan nan nan nan nan nan nan nan nan 0.000000 nan -1.000000 nan nan nan nan nan nan nan 19 30 0.000000 0.000000e+00 nan
549 18 8 185.000000 0.340000 nan nan nan nan nan nan nan nan nan nan nan nan nan nan nan nan nan nan nan nan nan 0.000000 nan -1.000000 nan nan nan nan nan nan nan 19 30 0.000000 0.000000e+00 nan
550 18 9 185.000000 0.380000 nan nan nan nan nan nan nan nan nan nan nan nan nan nan nan nan nan nan nan nan nan 0.000000 nan -1.000000 nan nan nan nan nan nan nan 19 30 0.000000 0.000000e+00 nan
551 18 10 185.000000 0.420000 nan nan nan nan nan nan nan nan nan nan nan nan nan nan nan nan nan nan nan nan nan 0.000000 nan -1.000000 nan nan nan nan nan nan nan 19 30 0.000000 0.000000e+00 nan
552 18 11 185.000000 0.460000 nan nan nan nan nan nan nan nan nan nan nan nan nan nan nan nan nan nan nan nan nan 0.000000 nan -1.000000 nan nan nan nan nan nan nan 19 30 0.000000 0.000000e+00 nan
553 18 12 185.000000 0.500000 nan nan nan nan nan nan nan nan nan nan nan nan nan nan nan nan nan nan nan nan nan 0.000000 nan -1.000000 nan nan nan nan nan nan nan 19 30 0.000000 0.000000e+00 nan
554 18 13 185.000000 0.540000 nan nan nan nan nan nan nan nan nan nan nan nan nan nan nan nan nan nan nan nan nan 0.000000 nan -1.000000 nan nan nan nan nan nan nan 19 30 0.000000 0.000000e+00 nan
555 18 14 185.000000 0.580000 nan nan nan nan nan nan nan nan nan nan nan nan nan nan nan nan nan nan nan nan nan 0.000000 nan -1.000000 nan nan nan nan nan nan nan 19 30 0.000000 0.000000e+00 nan
556 18 15 185.000000 0.620000 nan nan nan nan nan nan nan nan nan nan nan nan nan nan nan nan nan nan nan nan nan 0.000000 nan -1.000000 nan nan nan nan nan nan nan 19 30 0.000000 0.000000e+00 nan
557 18 16 185.000000 0.660000 nan nan nan nan nan nan nan nan nan nan nan nan nan nan nan nan nan nan nan nan nan 0.000000 nan -1.000000 nan nan nan nan nan nan nan 19 30 0.000000 0.000000e+00 nan
558 18 17 185.000000 0.700000 nan nan nan nan nan nan nan nan nan nan nan nan nan nan nan nan nan nan nan nan nan 0.000000 nan -1.000000 nan nan nan nan nan nan nan 19 30 0.000000 0.000000e+00 nan
559 18 18 185.000000 0.740000 nan nan nan nan nan nan nan nan nan nan nan nan nan nan nan nan nan nan nan nan nan 0.000000 nan -1.000000 nan nan nan nan nan nan nan 19 30 0.000000 0.000000e+00 nan
560 18 19 185.000000 0.780000 nan nan nan nan nan nan nan nan nan nan nan nan nan nan nan nan nan nan nan nan nan 0.000000 nan -1.000000 nan nan nan nan nan nan nan 19 30 0.000000 0.000000e+00 nan
561 18 20 185.000000 0.820000 nan nan nan nan nan nan nan nan nan nan nan nan nan nan nan nan nan nan nan nan nan 0.000000 nan -1.000000 nan nan nan nan nan nan nan 19 30 0.000000 0.000000e+00 nan
562 18 21 185.000000 0.860000 nan nan nan nan nan nan nan nan nan nan nan nan nan nan nan nan nan nan nan nan nan 0.000000 nan -1.000000 nan nan nan nan nan nan nan 19 30 0.000000 0.000000e+00 nan
563 18 22 185.000000 0.900000 nan nan nan nan nan nan nan nan nan nan nan nan nan nan nan nan nan nan nan nan nan 0.000000 nan -1.000000 nan nan nan nan nan nan nan 19 30 0.000000 0.000000e+00 nan
564 18 23 185.000000 0.940000 nan nan nan nan nan nan nan nan nan nan nan nan nan nan nan nan nan nan nan nan nan 0.000000 nan -1.000000 nan nan nan nan nan nan nan 19 30 0.000000 0.000000e+00 nan
565 18 24 185.000000 0.980000 nan nan nan nan nan nan nan nan nan nan nan nan nan nan nan nan nan nan nan nan nan 0.000000 nan -1.000000 nan nan nan nan nan nan nan 19 30 0.000000 0.000000e+00 nan
566 18 25 185.000000 1.020000 nan nan nan nan nan nan nan nan nan nan nan nan nan nan nan nan nan nan nan nan nan 0.000000 nan -1.000000 nan nan nan nan nan nan nan 19 30 0.000000 0.000000e+00 nan
567 18 26 185.000000 1.060000 nan nan nan nan nan nan nan nan nan nan nan nan nan nan nan nan nan nan nan nan nan 0.000000 nan -1.000000 nan nan nan nan nan nan nan 19 30 0.000000 0.000000e+00 nan
568 18 27 185.000000 1.100000 nan nan nan nan nan nan nan nan nan nan nan nan nan nan nan nan nan nan nan nan nan 0.000000 nan -1.000000 nan nan nan nan nan nan nan 19 30 0.000000 0.000000e+00 nan
569 18 28 185.000000 1.140000 nan nan nan nan nan nan nan nan nan nan nan nan nan nan nan nan nan nan nan nan nan 0.000000 nan -1.000000 nan nan nan nan nan nan nan 19 30 0.000000 0.000000e+00 nan
570 18 29 185.000000 1.180000 nan nan nan nan nan nan nan nan nan nan nan nan nan nan nan nan nan nan nan nan nan 0.000000 nan -1.000000 nan nan nan nan nan nan nan 19 30 0.000000 0.000000e+00 nan
