# histogram parameters 
#\ dx = np.float64(10.0)
#\ dy = np.float64(0.04000000000000001)
#\ nx = 19
#\ ny = 30
#\ xmin = np.float64(0.0)
#\ ymin = np.float64(3.469446951953614e-18)

# averaged kinematics results
# averaged kinematic varibles used as input to calculate the averaged 
# kinematics: Ei, omega, th_e, pf
#
# variables with _mc attached are from histograms not calculated
# alpha is the spectatror (neutron) alpha
#\ xb = th_nq
#\ yb = pm
# current header line:
#! i_b[i,0]/ i_x[i,1]/ i_y[i,2]/ xb[f,3]/ yb[f,4]/ Ei[f,5]/ kf[f,6]/ th_e[f,7]/ omega_mc[f,8]/ omega[f,9]/ Q2[f,10]/ Q2_calc[f,11]/ q_mc[f,12]/ q_lab[f,13]/ Ep_calc[f,14]/ pf[f,15]/ pm_mc[f,16]/ pm[f,17]/ En_calc[f,18]/ beta_cm[f,19]/ gamma_cm[f,20]/ PfPar_q[f,21]/ PfPerp_q[f,22]/ theta_pq[f,23]/ theta_pq_calc[f,24]/ PfPar_cm[f,25]/ th_pq_cm[f,26]/ th_nq_mc[f,27]/ th_nq_calc[f,28]/  cos_phi[f,29]/  sin_phi[f,30]/  alpha_c[f,31]/  GEp[f,32]/   GMp[f,33]/   sigMott[f,34]/   Ksig_cc1[f,35]/  nx[i,36]/ ny[i,37]/ cont[f,38]/ sig[f,39]/ th_p[f,40]/      
1 0 0 5.000000 0.020000 10540.723131 8420.395679 12.391848 2120.327546 2120.327436 4135809.472505 4135578.529070 2937.915981 2937.918815 3055.832607 2908.222580 29.950683 31.824860 940.104829 0.735226 1.475314 2908.200293 11.385568 0.073221 0.224311 975.878333 0.668439 7.196247 20.962512 -0.115856 0.121810 0.968943 0.020895 0.061639 0.339835 2360.320601 19 30 1.117568 0.000000e+00 37.960720
2 0 1 5.000000 0.060000 10540.274448 8405.357231 12.687770 2134.917214 2134.917202 4327377.457823 4326711.843317 2980.660402 2980.701814 3068.943480 2921.995848 59.114098 61.608745 941.583722 0.743219 1.494662 2921.937263 18.503109 0.133336 0.362820 958.136116 1.106334 6.591191 17.477575 0.036106 -0.056870 0.939603 0.019806 0.056823 0.309190 2016.820146 19 30 2.359469 0.000000e+00 38.292367
3 0 2 5.000000 0.100000 10540.197164 8394.633169 13.022576 2145.563982 2145.563979 4551672.778747 4551227.921815 3025.653650 3025.668969 3076.532282 2929.965279 96.446200 97.794006 944.641697 0.752434 1.518217 2929.898439 19.790733 0.220022 0.387013 933.718959 1.214237 6.721022 11.675680 -0.025001 -0.014691 0.903472 0.018690 0.051828 0.278541 1710.313576 19 30 1.023869 0.000000e+00 38.713637
4 0 3 5.000000 0.140000 10539.648052 8400.982690 13.284617 2138.665365 2138.665346 4739010.312491 4738736.076371 3051.658722 3051.659473 3064.975194 2917.827718 134.865903 135.596866 949.300152 0.760202 1.539203 2917.749798 21.323907 0.301351 0.418730 904.666488 1.350270 6.532352 9.047868 0.020532 0.031316 0.867837 0.017844 0.048126 0.257187 1517.500089 19 30 0.282469 0.000000e+00 39.225052
5 0 4 5.000000 0.180000 10539.326206 8421.620971 13.481273 2117.705230 2117.705219 4891419.675179 4891257.416292 3062.025771 3062.014502 3037.617560 2889.077031 174.434155 174.853504 955.697659 0.766785 1.557866 2888.968218 25.074516 0.416763 0.497281 872.043917 1.647014 6.924362 8.244811 0.002634 -0.086057 0.832992 0.017180 0.045389 0.242488 1405.063799 19 30 0.044067 0.000000e+00 39.769442
6 0 5 5.000000 0.220000 10539.440410 8452.114012 13.584674 2087.326393 2087.326383 4984294.731312 4984259.621346 3056.341692 3056.336213 3000.574354 2850.103877 208.102159 208.222011 962.362029 0.771230 1.570953 2849.968972 27.730261 0.509263 0.557472 841.772171 1.886796 6.956421 7.653184 0.027770 -0.089843 0.804621 0.016776 0.043829 0.235167 1364.269850 19 30 0.003182 0.000000e+00 40.143679
7 0 6 5.000000 0.260000 nan nan nan nan nan nan nan nan nan nan nan nan nan nan nan nan nan nan nan nan nan 0.000000 nan -1.000000 nan nan nan nan nan nan nan 19 30 0.000000 0.000000e+00 nan
8 0 7 5.000000 0.300000 nan nan nan nan nan nan nan nan nan nan nan nan nan nan nan nan nan nan nan nan nan 0.000000 nan -1.000000 nan nan nan nan nan nan nan 19 30 0.000000 0.000000e+00 nan
9 0 8 5.000000 0.340000 nan nan nan nan nan nan nan nan nan nan nan nan nan nan nan nan nan nan nan nan nan 0.000000 nan -1.000000 nan nan nan nan nan nan nan 19 30 0.000000 0.000000e+00 nan
10 0 9 5.000000 0.380000 nan nan nan nan nan nan nan nan nan nan nan nan nan nan nan nan nan nan nan nan nan 0.000000 nan -1.000000 nan nan nan nan nan nan nan 19 30 0.000000 0.000000e+00 nan
11 0 10 5.000000 0.420000 nan nan nan nan nan nan nan nan nan nan nan nan nan nan nan nan nan nan nan nan nan 0.000000 nan -1.000000 nan nan nan nan nan nan nan 19 30 0.000000 0.000000e+00 nan
12 0 11 5.000000 0.460000 nan nan nan nan nan nan nan nan nan nan nan nan nan nan nan nan nan nan nan nan nan 0.000000 nan -1.000000 nan nan nan nan nan nan nan 19 30 0.000000 0.000000e+00 nan
13 0 12 5.000000 0.500000 nan nan nan nan nan nan nan nan nan nan nan nan nan nan nan nan nan nan nan nan nan 0.000000 nan -1.000000 nan nan nan nan nan nan nan 19 30 0.000000 0.000000e+00 nan
14 0 13 5.000000 0.540000 nan nan nan nan nan nan nan nan nan nan nan nan nan nan nan nan nan nan nan nan nan 0.000000 nan -1.000000 nan nan nan nan nan nan nan 19 30 0.000000 0.000000e+00 nan
15 0 14 5.000000 0.580000 nan nan nan nan nan nan nan nan nan nan nan nan nan nan nan nan nan nan nan nan nan 0.000000 nan -1.000000 nan nan nan nan nan nan nan 19 30 0.000000 0.000000e+00 nan
16 0 15 5.000000 0.620000 nan nan nan nan nan nan nan nan nan nan nan nan nan nan nan nan nan nan nan nan nan 0.000000 nan -1.000000 nan nan nan nan nan nan nan 19 30 0.000000 0.000000e+00 nan
17 0 16 5.000000 0.660000 nan nan nan nan nan nan nan nan nan nan nan nan nan nan nan nan nan nan nan nan nan 0.000000 nan -1.000000 nan nan nan nan nan nan nan 19 30 0.000000 0.000000e+00 nan
18 0 17 5.000000 0.700000 nan nan nan nan nan nan nan nan nan nan nan nan nan nan nan nan nan nan nan nan nan 0.000000 nan -1.000000 nan nan nan nan nan nan nan 19 30 0.000000 0.000000e+00 nan
19 0 18 5.000000 0.740000 nan nan nan nan nan nan nan nan nan nan nan nan nan nan nan nan nan nan nan nan nan 0.000000 nan -1.000000 nan nan nan nan nan nan nan 19 30 0.000000 0.000000e+00 nan
20 0 19 5.000000 0.780000 nan nan nan nan nan nan nan nan nan nan nan nan nan nan nan nan nan nan nan nan nan 0.000000 nan -1.000000 nan nan nan nan nan nan nan 19 30 0.000000 0.000000e+00 nan
21 0 20 5.000000 0.820000 nan nan nan nan nan nan nan nan nan nan nan nan nan nan nan nan nan nan nan nan nan 0.000000 nan -1.000000 nan nan nan nan nan nan nan 19 30 0.000000 0.000000e+00 nan
22 0 21 5.000000 0.860000 nan nan nan nan nan nan nan nan nan nan nan nan nan nan nan nan nan nan nan nan nan 0.000000 nan -1.000000 nan nan nan nan nan nan nan 19 30 0.000000 0.000000e+00 nan
23 0 22 5.000000 0.900000 nan nan nan nan nan nan nan nan nan nan nan nan nan nan nan nan nan nan nan nan nan 0.000000 nan -1.000000 nan nan nan nan nan nan nan 19 30 0.000000 0.000000e+00 nan
24 0 23 5.000000 0.940000 nan nan nan nan nan nan nan nan nan nan nan nan nan nan nan nan nan nan nan nan nan 0.000000 nan -1.000000 nan nan nan nan nan nan nan 19 30 0.000000 0.000000e+00 nan
25 0 24 5.000000 0.980000 nan nan nan nan nan nan nan nan nan nan nan nan nan nan nan nan nan nan nan nan nan 0.000000 nan -1.000000 nan nan nan nan nan nan nan 19 30 0.000000 0.000000e+00 nan
26 0 25 5.000000 1.020000 nan nan nan nan nan nan nan nan nan nan nan nan nan nan nan nan nan nan nan nan nan 0.000000 nan -1.000000 nan nan nan nan nan nan nan 19 30 0.000000 0.000000e+00 nan
27 0 26 5.000000 1.060000 nan nan nan nan nan nan nan nan nan nan nan nan nan nan nan nan nan nan nan nan nan 0.000000 nan -1.000000 nan nan nan nan nan nan nan 19 30 0.000000 0.000000e+00 nan
28 0 27 5.000000 1.100000 nan nan nan nan nan nan nan nan nan nan nan nan nan nan nan nan nan nan nan nan nan 0.000000 nan -1.000000 nan nan nan nan nan nan nan 19 30 0.000000 0.000000e+00 nan
29 0 28 5.000000 1.140000 nan nan nan nan nan nan nan nan nan nan nan nan nan nan nan nan nan nan nan nan nan 0.000000 nan -1.000000 nan nan nan nan nan nan nan 19 30 0.000000 0.000000e+00 nan
30 0 29 5.000000 1.180000 nan nan nan nan nan nan nan nan nan nan nan nan nan nan nan nan nan nan nan nan nan 0.000000 nan -1.000000 nan nan nan nan nan nan nan 19 30 0.000000 0.000000e+00 nan
31 1 0 15.000000 0.020000 10540.568715 8408.453157 12.415733 2132.115511 2132.115542 4145812.549705 4145524.917063 2948.119971 2948.125099 3067.640052 2920.626840 28.534849 31.248370 940.085490 0.735611 1.476222 2920.589477 14.773290 0.146513 0.289818 980.213368 0.863468 14.905402 28.214250 -0.038741 0.075973 0.971246 0.020835 0.061374 0.337232 2319.739109 19 30 3.117799 0.000000e+00 37.844525
32 1 1 15.000000 0.060000 10540.447721 8406.085202 12.672092 2134.362505 2134.362502 4317048.648906 4316514.075967 2978.570498 2978.593186 3068.377267 2921.401155 59.463437 61.784450 941.595235 0.742796 1.493613 2921.309436 23.149303 0.312640 0.454019 959.093600 1.382660 15.546268 22.004441 -0.034178 -0.012601 0.941191 0.019860 0.057066 0.310716 2037.282491 19 30 6.505035 0.000000e+00 38.277035
33 1 2 15.000000 0.100000 10540.098120 8389.344934 13.013429 2150.753163 2150.753170 4542412.162971 4541958.575715 3027.800589 3027.820631 3081.755399 2935.449198 96.079428 97.465753 944.607771 0.751999 1.517072 2935.289497 30.619639 0.501001 0.597662 937.266766 1.871135 15.496907 18.309986 -0.020487 -0.012872 0.906883 0.018734 0.052021 0.279332 1715.251306 19 30 3.091257 0.000000e+00 38.610081
34 1 3 15.000000 0.140000 10539.942501 8398.726338 13.258319 2141.216150 2141.216147 4719238.750337 4718941.413627 3050.199185 3050.204584 3067.479808 2920.458530 135.146128 135.919841 949.346339 0.759357 1.536867 2920.189669 39.627326 0.715126 0.777463 908.100577 2.498665 15.656263 16.950729 -0.011272 -0.015056 0.872032 0.017931 0.048498 0.259224 1537.074080 19 30 0.875603 0.000000e+00 39.079697
35 1 4 15.000000 0.180000 10539.613595 8421.262703 13.433553 2118.350872 2118.350876 4856954.282275 4856775.889708 3056.833674 3056.826185 3038.303764 2889.798508 174.172418 174.631749 955.657112 0.765362 1.553760 2889.373557 49.556687 0.936539 0.982604 876.275836 3.236843 15.744223 16.485831 -0.028172 0.000409 0.838903 0.017330 0.045988 0.245946 1439.144508 19 30 0.169659 0.000000e+00 39.413130
36 1 5 15.000000 0.220000 10539.509565 8450.858155 13.551574 2088.651355 2088.651394 4959490.739424 4959408.326002 3053.187173 3053.174245 3001.008048 2850.560463 212.061015 212.303418 963.253347 0.770175 1.567809 2849.902067 61.263063 1.197592 1.231472 844.423838 4.149546 16.324442 16.771987 0.006783 0.010100 0.808864 0.016884 0.044238 0.237475 1386.573149 19 30 0.021994 0.000000e+00 39.607935
37 1 6 15.000000 0.260000 10539.363733 8476.467057 13.622114 2062.896596 2062.896661 5026048.054865 5026044.589973 3046.572433 3046.569747 2967.815473 2815.594846 243.825704 243.838295 970.691188 0.773534 1.577898 2814.592455 75.124229 1.522603 1.528917 818.748529 5.242492 17.872076 17.944185 0.003839 0.038714 0.786229 0.016593 0.043153 0.232589 1367.691302 19 30 0.000491 0.000000e+00 39.657003
38 1 7 15.000000 0.300000 nan nan nan nan nan nan nan nan nan nan nan nan nan nan nan nan nan nan nan nan nan 0.000000 nan -1.000000 nan nan nan nan nan nan nan 19 30 0.000000 0.000000e+00 nan
39 1 8 15.000000 0.340000 nan nan nan nan nan nan nan nan nan nan nan nan nan nan nan nan nan nan nan nan nan 0.000000 nan -1.000000 nan nan nan nan nan nan nan 19 30 0.000000 0.000000e+00 nan
40 1 9 15.000000 0.380000 nan nan nan nan nan nan nan nan nan nan nan nan nan nan nan nan nan nan nan nan nan 0.000000 nan -1.000000 nan nan nan nan nan nan nan 19 30 0.000000 0.000000e+00 nan
41 1 10 15.000000 0.420000 nan nan nan nan nan nan nan nan nan nan nan nan nan nan nan nan nan nan nan nan nan 0.000000 nan -1.000000 nan nan nan nan nan nan nan 19 30 0.000000 0.000000e+00 nan
42 1 11 15.000000 0.460000 nan nan nan nan nan nan nan nan nan nan nan nan nan nan nan nan nan nan nan nan nan 0.000000 nan -1.000000 nan nan nan nan nan nan nan 19 30 0.000000 0.000000e+00 nan
43 1 12 15.000000 0.500000 nan nan nan nan nan nan nan nan nan nan nan nan nan nan nan nan nan nan nan nan nan 0.000000 nan -1.000000 nan nan nan nan nan nan nan 19 30 0.000000 0.000000e+00 nan
44 1 13 15.000000 0.540000 nan nan nan nan nan nan nan nan nan nan nan nan nan nan nan nan nan nan nan nan nan 0.000000 nan -1.000000 nan nan nan nan nan nan nan 19 30 0.000000 0.000000e+00 nan
45 1 14 15.000000 0.580000 nan nan nan nan nan nan nan nan nan nan nan nan nan nan nan nan nan nan nan nan nan 0.000000 nan -1.000000 nan nan nan nan nan nan nan 19 30 0.000000 0.000000e+00 nan
46 1 15 15.000000 0.620000 nan nan nan nan nan nan nan nan nan nan nan nan nan nan nan nan nan nan nan nan nan 0.000000 nan -1.000000 nan nan nan nan nan nan nan 19 30 0.000000 0.000000e+00 nan
47 1 16 15.000000 0.660000 nan nan nan nan nan nan nan nan nan nan nan nan nan nan nan nan nan nan nan nan nan 0.000000 nan -1.000000 nan nan nan nan nan nan nan 19 30 0.000000 0.000000e+00 nan
48 1 17 15.000000 0.700000 nan nan nan nan nan nan nan nan nan nan nan nan nan nan nan nan nan nan nan nan nan 0.000000 nan -1.000000 nan nan nan nan nan nan nan 19 30 0.000000 0.000000e+00 nan
49 1 18 15.000000 0.740000 nan nan nan nan nan nan nan nan nan nan nan nan nan nan nan nan nan nan nan nan nan 0.000000 nan -1.000000 nan nan nan nan nan nan nan 19 30 0.000000 0.000000e+00 nan
50 1 19 15.000000 0.780000 nan nan nan nan nan nan nan nan nan nan nan nan nan nan nan nan nan nan nan nan nan 0.000000 nan -1.000000 nan nan nan nan nan nan nan 19 30 0.000000 0.000000e+00 nan
51 1 20 15.000000 0.820000 nan nan nan nan nan nan nan nan nan nan nan nan nan nan nan nan nan nan nan nan nan 0.000000 nan -1.000000 nan nan nan nan nan nan nan 19 30 0.000000 0.000000e+00 nan
52 1 21 15.000000 0.860000 nan nan nan nan nan nan nan nan nan nan nan nan nan nan nan nan nan nan nan nan nan 0.000000 nan -1.000000 nan nan nan nan nan nan nan 19 30 0.000000 0.000000e+00 nan
53 1 22 15.000000 0.900000 nan nan nan nan nan nan nan nan nan nan nan nan nan nan nan nan nan nan nan nan nan 0.000000 nan -1.000000 nan nan nan nan nan nan nan 19 30 0.000000 0.000000e+00 nan
54 1 23 15.000000 0.940000 nan nan nan nan nan nan nan nan nan nan nan nan nan nan nan nan nan nan nan nan nan 0.000000 nan -1.000000 nan nan nan nan nan nan nan 19 30 0.000000 0.000000e+00 nan
55 1 24 15.000000 0.980000 nan nan nan nan nan nan nan nan nan nan nan nan nan nan nan nan nan nan nan nan nan 0.000000 nan -1.000000 nan nan nan nan nan nan nan 19 30 0.000000 0.000000e+00 nan
56 1 25 15.000000 1.020000 nan nan nan nan nan nan nan nan nan nan nan nan nan nan nan nan nan nan nan nan nan 0.000000 nan -1.000000 nan nan nan nan nan nan nan 19 30 0.000000 0.000000e+00 nan
57 1 26 15.000000 1.060000 nan nan nan nan nan nan nan nan nan nan nan nan nan nan nan nan nan nan nan nan nan 0.000000 nan -1.000000 nan nan nan nan nan nan nan 19 30 0.000000 0.000000e+00 nan
58 1 27 15.000000 1.100000 nan nan nan nan nan nan nan nan nan nan nan nan nan nan nan nan nan nan nan nan nan 0.000000 nan -1.000000 nan nan nan nan nan nan nan 19 30 0.000000 0.000000e+00 nan
59 1 28 15.000000 1.140000 nan nan nan nan nan nan nan nan nan nan nan nan nan nan nan nan nan nan nan nan nan 0.000000 nan -1.000000 nan nan nan nan nan nan nan 19 30 0.000000 0.000000e+00 nan
60 1 29 15.000000 1.180000 nan nan nan nan nan nan nan nan nan nan nan nan nan nan nan nan nan nan nan nan nan 0.000000 nan -1.000000 nan nan nan nan nan nan nan 19 30 0.000000 0.000000e+00 nan
61 2 0 25.000000 0.020000 10540.911853 8398.346845 12.442307 2142.564931 2142.564993 4158628.618210 4158351.470757 2957.853749 2957.860074 3078.067168 2931.576904 29.152076 31.913219 940.107825 0.736120 1.477431 2931.521518 18.020378 0.244076 0.352199 983.516483 1.049678 25.319163 34.379249 -0.099067 -0.117458 0.972544 0.020757 0.061035 0.334333 2283.644497 19 30 4.213296 0.000000e+00 37.789506
62 2 1 25.000000 0.060000 10540.307283 8403.606904 12.641837 2136.700364 2136.700364 4295243.795715 4294686.589758 2976.571921 2976.604615 3070.777730 2923.922284 58.445014 60.822952 941.532633 0.741868 1.491322 2923.767073 30.126826 0.489425 0.590361 962.880120 1.792100 25.315961 29.690855 -0.009283 -0.022460 0.945857 0.019978 0.057591 0.313716 2065.754638 19 30 10.999058 0.000000e+00 38.219326
63 2 2 25.000000 0.100000 10540.216851 8392.224330 12.954066 2147.992500 2147.992506 4502877.169120 4502386.669901 3019.284885 3019.314239 3078.950390 2932.504246 96.423456 97.894597 944.652116 0.750401 1.512898 2932.165200 44.591447 0.804224 0.871269 940.596708 2.714224 25.283540 27.097411 -0.005158 -0.022856 0.912659 0.018921 0.052859 0.284492 1767.079052 19 30 5.162992 0.000000e+00 38.588975
64 2 3 25.000000 0.140000 10539.929423 8395.993287 13.199359 2143.936126 2143.936121 4676048.008215 4675721.690117 3045.016572 3045.026072 3070.110176 2923.221193 135.697903 136.544298 949.435945 0.757555 1.531929 2922.595925 60.458287 1.142065 1.185080 914.285247 3.783249 25.445093 26.281018 -0.012640 -0.007755 0.880200 0.018123 0.049326 0.263898 1580.807884 19 30 1.510918 0.000000e+00 38.855958
65 2 4 25.000000 0.180000 10539.808473 8417.415930 13.360892 2122.392525 2122.392527 4802699.779085 4802509.496245 3050.752995 3050.747374 3042.179226 2893.872855 175.035822 175.538927 955.823301 0.763068 1.547225 2892.856005 76.708739 1.487666 1.518934 884.187679 4.958348 25.435066 25.911982 -0.004431 0.007775 0.849256 0.017565 0.046953 0.251343 1485.470915 19 30 0.357560 0.000000e+00 38.984296
66 2 5 25.000000 0.220000 10539.714228 8440.186307 13.493781 2099.527903 2099.527906 4911400.953987 4911279.258830 3052.765020 3052.752314 3011.319405 2861.414024 214.544154 214.853053 963.818501 0.767961 1.561290 2859.849617 94.606469 1.869415 1.894706 854.451115 6.318164 25.812121 26.125005 0.016619 0.004183 0.820502 0.017093 0.045047 0.241570 1416.992191 19 30 0.075461 0.000000e+00 39.023870
67 2 6 25.000000 0.260000 10539.721257 8462.975716 13.583116 2076.745530 2076.745525 4989703.413590 4989657.884410 3050.015100 3050.004895 2979.983189 2828.417483 250.307998 250.446984 972.372336 0.771693 1.572339 2826.184256 112.374433 2.259292 2.276989 827.918473 7.729593 26.457400 26.660019 -0.003513 -0.020603 0.796699 0.016752 0.043741 0.235262 1387.870246 19 30 0.009232 0.000000e+00 39.015658
68 2 7 25.000000 0.300000 10538.945103 8475.101130 13.634397 2063.844443 2063.843957 5034060.448362 5034058.594129 3048.526444 3048.525951 2958.098636 2805.350815 283.330126 283.326663 981.355321 0.773845 1.578843 2801.883590 139.432937 2.848825 2.848917 809.590105 9.771990 29.479743 29.480534 -0.318207 -0.004431 0.781971 0.016557 0.043025 0.231769 1452.518535 19 30 0.000033 0.000000e+00 39.349341
69 2 8 25.000000 0.340000 nan nan nan nan nan nan nan nan nan nan nan nan nan nan nan nan nan nan nan nan nan 0.000000 nan -1.000000 nan nan nan nan nan nan nan 19 30 0.000000 0.000000e+00 nan
70 2 9 25.000000 0.380000 nan nan nan nan nan nan nan nan nan nan nan nan nan nan nan nan nan nan nan nan nan 0.000000 nan -1.000000 nan nan nan nan nan nan nan 19 30 0.000000 0.000000e+00 nan
71 2 10 25.000000 0.420000 nan nan nan nan nan nan nan nan nan nan nan nan nan nan nan nan nan nan nan nan nan 0.000000 nan -1.000000 nan nan nan nan nan nan nan 19 30 0.000000 0.000000e+00 nan
72 2 11 25.000000 0.460000 nan nan nan nan nan nan nan nan nan nan nan nan nan nan nan nan nan nan nan nan nan 0.000000 nan -1.000000 nan nan nan nan nan nan nan 19 30 0.000000 0.000000e+00 nan
73 2 12 25.000000 0.500000 nan nan nan nan nan nan nan nan nan nan nan nan nan nan nan nan nan nan nan nan nan 0.000000 nan -1.000000 nan nan nan nan nan nan nan 19 30 0.000000 0.000000e+00 nan
74 2 13 25.000000 0.540000 nan nan nan nan nan nan nan nan nan nan nan nan nan nan nan nan nan nan nan nan nan 0.000000 nan -1.000000 nan nan nan nan nan nan nan 19 30 0.000000 0.000000e+00 nan
75 2 14 25.000000 0.580000 nan nan nan nan nan nan nan nan nan nan nan nan nan nan nan nan nan nan nan nan nan 0.000000 nan -1.000000 nan nan nan nan nan nan nan 19 30 0.000000 0.000000e+00 nan
76 2 15 25.000000 0.620000 nan nan nan nan nan nan nan nan nan nan nan nan nan nan nan nan nan nan nan nan nan 0.000000 nan -1.000000 nan nan nan nan nan nan nan 19 30 0.000000 0.000000e+00 nan
77 2 16 25.000000 0.660000 nan nan nan nan nan nan nan nan nan nan nan nan nan nan nan nan nan nan nan nan nan 0.000000 nan -1.000000 nan nan nan nan nan nan nan 19 30 0.000000 0.000000e+00 nan
78 2 17 25.000000 0.700000 nan nan nan nan nan nan nan nan nan nan nan nan nan nan nan nan nan nan nan nan nan 0.000000 nan -1.000000 nan nan nan nan nan nan nan 19 30 0.000000 0.000000e+00 nan
79 2 18 25.000000 0.740000 nan nan nan nan nan nan nan nan nan nan nan nan nan nan nan nan nan nan nan nan nan 0.000000 nan -1.000000 nan nan nan nan nan nan nan 19 30 0.000000 0.000000e+00 nan
80 2 19 25.000000 0.780000 nan nan nan nan nan nan nan nan nan nan nan nan nan nan nan nan nan nan nan nan nan 0.000000 nan -1.000000 nan nan nan nan nan nan nan 19 30 0.000000 0.000000e+00 nan
81 2 20 25.000000 0.820000 nan nan nan nan nan nan nan nan nan nan nan nan nan nan nan nan nan nan nan nan nan 0.000000 nan -1.000000 nan nan nan nan nan nan nan 19 30 0.000000 0.000000e+00 nan
82 2 21 25.000000 0.860000 nan nan nan nan nan nan nan nan nan nan nan nan nan nan nan nan nan nan nan nan nan 0.000000 nan -1.000000 nan nan nan nan nan nan nan 19 30 0.000000 0.000000e+00 nan
83 2 22 25.000000 0.900000 nan nan nan nan nan nan nan nan nan nan nan nan nan nan nan nan nan nan nan nan nan 0.000000 nan -1.000000 nan nan nan nan nan nan nan 19 30 0.000000 0.000000e+00 nan
84 2 23 25.000000 0.940000 nan nan nan nan nan nan nan nan nan nan nan nan nan nan nan nan nan nan nan nan nan 0.000000 nan -1.000000 nan nan nan nan nan nan nan 19 30 0.000000 0.000000e+00 nan
85 2 24 25.000000 0.980000 nan nan nan nan nan nan nan nan nan nan nan nan nan nan nan nan nan nan nan nan nan 0.000000 nan -1.000000 nan nan nan nan nan nan nan 19 30 0.000000 0.000000e+00 nan
86 2 25 25.000000 1.020000 nan nan nan nan nan nan nan nan nan nan nan nan nan nan nan nan nan nan nan nan nan 0.000000 nan -1.000000 nan nan nan nan nan nan nan 19 30 0.000000 0.000000e+00 nan
87 2 26 25.000000 1.060000 nan nan nan nan nan nan nan nan nan nan nan nan nan nan nan nan nan nan nan nan nan 0.000000 nan -1.000000 nan nan nan nan nan nan nan 19 30 0.000000 0.000000e+00 nan
88 2 27 25.000000 1.100000 nan nan nan nan nan nan nan nan nan nan nan nan nan nan nan nan nan nan nan nan nan 0.000000 nan -1.000000 nan nan nan nan nan nan nan 19 30 0.000000 0.000000e+00 nan
89 2 28 25.000000 1.140000 nan nan nan nan nan nan nan nan nan nan nan nan nan nan nan nan nan nan nan nan nan 0.000000 nan -1.000000 nan nan nan nan nan nan nan 19 30 0.000000 0.000000e+00 nan
90 2 29 25.000000 1.180000 nan nan nan nan nan nan nan nan nan nan nan nan nan nan nan nan nan nan nan nan nan 0.000000 nan -1.000000 nan nan nan nan nan nan nan 19 30 0.000000 0.000000e+00 nan
91 3 0 35.000000 0.020000 10540.656069 8393.921894 12.439454 2146.734125 2146.734160 4154376.941739 4154161.459428 2960.161684 2960.173815 3082.234359 2935.952026 29.732819 31.971385 940.109801 0.735933 1.476985 2935.878470 20.782341 0.334404 0.405576 985.979142 1.207494 35.280387 40.543821 0.036134 -0.003131 0.974721 0.020782 0.061145 0.334656 2276.133557 19 30 5.665897 0.000000e+00 37.705694
92 3 1 35.000000 0.060000 10540.411180 8403.389820 12.604953 2137.021349 2137.021345 4270216.620310 4269695.776074 2972.598579 2972.634522 3071.021302 2924.178089 59.611969 62.009700 941.610042 0.740819 1.488750 2923.926262 38.375882 0.673346 0.751951 965.982279 2.275011 35.233976 38.233591 -0.012319 -0.001908 0.950334 0.020115 0.058201 0.317405 2105.528940 19 30 14.899303 0.000000e+00 38.221473
93 3 2 35.000000 0.100000 10540.235822 8388.219434 12.891976 2152.016369 2152.016373 4457864.999012 4457390.952876 3014.690790 3014.724767 3082.994819 2936.750365 96.189492 97.695977 944.631554 0.748512 1.508019 2936.175770 58.090953 1.081997 1.133424 947.817775 3.507223 35.238746 36.484797 -0.016486 -0.011826 0.921790 0.019139 0.053835 0.290024 1821.742582 19 30 7.316377 0.000000e+00 38.489355
94 3 3 35.000000 0.140000 10540.061092 8389.446480 13.118289 2150.614598 2150.614597 4615532.300356 4615167.956629 3039.769363 3039.788003 3076.775998 2930.221186 135.672314 136.632257 949.448599 0.754997 1.525022 2929.125141 80.138035 1.531674 1.567166 924.419900 4.954589 35.286064 35.910694 0.001340 0.002001 0.892737 0.018396 0.050521 0.270490 1638.644547 19 30 2.266830 0.000000e+00 38.712478
95 3 4 35.000000 0.180000 10540.014011 8407.852360 13.264410 2132.161637 2132.161636 4728672.597312 4728423.059043 3045.411966 3045.412337 3051.803093 2903.988252 175.731063 176.328069 955.968544 0.759877 1.538302 2902.167347 102.822473 2.003234 2.029115 897.096843 6.538533 35.316686 35.671107 -0.004786 -0.005431 0.864999 0.017889 0.048319 0.258743 1550.700620 19 30 0.572643 0.000000e+00 38.698151
96 3 5 35.000000 0.220000 10540.039509 8428.779461 13.380688 2111.260026 2111.260033 4823471.221968 4823295.102764 3046.436651 3046.426436 3022.754278 2873.445506 215.806725 216.182610 964.115755 0.764115 1.550195 2870.686122 125.897828 2.490094 2.511175 869.589162 8.237958 35.376905 35.617266 0.004072 -0.014708 0.839085 0.017475 0.046580 0.249845 1490.484178 19 30 0.145271 0.000000e+00 38.614332
97 3 6 35.000000 0.260000 10539.914045 8444.407227 13.485038 2095.506803 2095.506802 4907627.916061 4907492.544485 3049.383753 3049.367361 2997.619640 2846.993003 254.536127 254.779231 973.497162 0.767887 1.561071 2843.064799 149.504881 2.991852 3.010173 844.902983 10.034570 35.756370 35.930373 0.005456 -0.003609 0.816541 0.017110 0.045111 0.242189 1441.597460 19 30 0.034656 0.000000e+00 38.588725
98 3 7 35.000000 0.300000 10539.895200 8452.370155 13.569580 2087.525014 2087.525029 4973676.503056 4973606.819256 3054.742567 3054.728722 2979.318312 2827.716969 291.597066 291.738008 983.816717 0.770786 1.569627 2822.221108 176.213718 3.559825 3.572793 825.316650 12.052280 37.036703 37.157893 0.010142 -0.024417 0.799634 0.016822 0.044004 0.236197 1403.073937 19 30 0.004235 0.000000e+00 38.672644
99 3 8 35.000000 0.340000 10539.652711 8452.790650 13.641593 2086.861877 2086.862046 5026428.556114 5026420.280725 3062.911280 3062.909316 2967.005209 2814.740763 328.860276 328.892010 995.466836 0.772979 1.576215 2807.136502 206.761268 4.210364 4.212547 809.705819 14.324571 38.928300 38.951333 0.046344 -0.057592 0.787272 0.016591 0.043147 0.231248 1359.563562 19 30 0.000122 0.000000e+00 38.861064
100 3 9 35.000000 0.380000 nan nan nan nan nan nan nan nan nan nan nan nan nan nan nan nan nan nan nan nan nan 0.000000 nan -1.000000 nan nan nan nan nan nan nan 19 30 0.000000 0.000000e+00 nan
101 3 10 35.000000 0.420000 nan nan nan nan nan nan nan nan nan nan nan nan nan nan nan nan nan nan nan nan nan 0.000000 nan -1.000000 nan nan nan nan nan nan nan 19 30 0.000000 0.000000e+00 nan
102 3 11 35.000000 0.460000 nan nan nan nan nan nan nan nan nan nan nan nan nan nan nan nan nan nan nan nan nan 0.000000 nan -1.000000 nan nan nan nan nan nan nan 19 30 0.000000 0.000000e+00 nan
103 3 12 35.000000 0.500000 nan nan nan nan nan nan nan nan nan nan nan nan nan nan nan nan nan nan nan nan nan 0.000000 nan -1.000000 nan nan nan nan nan nan nan 19 30 0.000000 0.000000e+00 nan
104 3 13 35.000000 0.540000 nan nan nan nan nan nan nan nan nan nan nan nan nan nan nan nan nan nan nan nan nan 0.000000 nan -1.000000 nan nan nan nan nan nan nan 19 30 0.000000 0.000000e+00 nan
105 3 14 35.000000 0.580000 nan nan nan nan nan nan nan nan nan nan nan nan nan nan nan nan nan nan nan nan nan 0.000000 nan -1.000000 nan nan nan nan nan nan nan 19 30 0.000000 0.000000e+00 nan
106 3 15 35.000000 0.620000 nan nan nan nan nan nan nan nan nan nan nan nan nan nan nan nan nan nan nan nan nan 0.000000 nan -1.000000 nan nan nan nan nan nan nan 19 30 0.000000 0.000000e+00 nan
107 3 16 35.000000 0.660000 nan nan nan nan nan nan nan nan nan nan nan nan nan nan nan nan nan nan nan nan nan 0.000000 nan -1.000000 nan nan nan nan nan nan nan 19 30 0.000000 0.000000e+00 nan
108 3 17 35.000000 0.700000 nan nan nan nan nan nan nan nan nan nan nan nan nan nan nan nan nan nan nan nan nan 0.000000 nan -1.000000 nan nan nan nan nan nan nan 19 30 0.000000 0.000000e+00 nan
109 3 18 35.000000 0.740000 nan nan nan nan nan nan nan nan nan nan nan nan nan nan nan nan nan nan nan nan nan 0.000000 nan -1.000000 nan nan nan nan nan nan nan 19 30 0.000000 0.000000e+00 nan
110 3 19 35.000000 0.780000 nan nan nan nan nan nan nan nan nan nan nan nan nan nan nan nan nan nan nan nan nan 0.000000 nan -1.000000 nan nan nan nan nan nan nan 19 30 0.000000 0.000000e+00 nan
111 3 20 35.000000 0.820000 nan nan nan nan nan nan nan nan nan nan nan nan nan nan nan nan nan nan nan nan nan 0.000000 nan -1.000000 nan nan nan nan nan nan nan 19 30 0.000000 0.000000e+00 nan
112 3 21 35.000000 0.860000 nan nan nan nan nan nan nan nan nan nan nan nan nan nan nan nan nan nan nan nan nan 0.000000 nan -1.000000 nan nan nan nan nan nan nan 19 30 0.000000 0.000000e+00 nan
113 3 22 35.000000 0.900000 nan nan nan nan nan nan nan nan nan nan nan nan nan nan nan nan nan nan nan nan nan 0.000000 nan -1.000000 nan nan nan nan nan nan nan 19 30 0.000000 0.000000e+00 nan
114 3 23 35.000000 0.940000 nan nan nan nan nan nan nan nan nan nan nan nan nan nan nan nan nan nan nan nan nan 0.000000 nan -1.000000 nan nan nan nan nan nan nan 19 30 0.000000 0.000000e+00 nan
115 3 24 35.000000 0.980000 nan nan nan nan nan nan nan nan nan nan nan nan nan nan nan nan nan nan nan nan nan 0.000000 nan -1.000000 nan nan nan nan nan nan nan 19 30 0.000000 0.000000e+00 nan
116 3 25 35.000000 1.020000 nan nan nan nan nan nan nan nan nan nan nan nan nan nan nan nan nan nan nan nan nan 0.000000 nan -1.000000 nan nan nan nan nan nan nan 19 30 0.000000 0.000000e+00 nan
117 3 26 35.000000 1.060000 nan nan nan nan nan nan nan nan nan nan nan nan nan nan nan nan nan nan nan nan nan 0.000000 nan -1.000000 nan nan nan nan nan nan nan 19 30 0.000000 0.000000e+00 nan
118 3 27 35.000000 1.100000 nan nan nan nan nan nan nan nan nan nan nan nan nan nan nan nan nan nan nan nan nan 0.000000 nan -1.000000 nan nan nan nan nan nan nan 19 30 0.000000 0.000000e+00 nan
119 3 28 35.000000 1.140000 nan nan nan nan nan nan nan nan nan nan nan nan nan nan nan nan nan nan nan nan nan 0.000000 nan -1.000000 nan nan nan nan nan nan nan 19 30 0.000000 0.000000e+00 nan
120 3 29 35.000000 1.180000 nan nan nan nan nan nan nan nan nan nan nan nan nan nan nan nan nan nan nan nan nan 0.000000 nan -1.000000 nan nan nan nan nan nan nan 19 30 0.000000 0.000000e+00 nan
121 4 0 45.000000 0.020000 10540.795471 8392.223935 12.420776 2148.571480 2148.571520 4141168.067571 4140961.112610 2959.265397 2959.277055 3084.051263 2937.859399 30.328471 32.567341 940.130257 0.735374 1.475662 2937.757699 24.444816 0.416693 0.476742 988.439374 1.416677 44.744059 48.641765 0.032504 -0.018129 0.977697 0.020862 0.061495 0.336669 2296.767846 19 30 6.370447 0.000000e+00 37.700873
122 4 1 45.000000 0.060000 10540.398302 8399.771776 12.557164 2140.626511 2140.626511 4236112.395148 4235681.804344 2969.473683 2969.505626 3074.650142 2927.988926 59.358940 61.649190 941.586369 0.739375 1.485236 2927.639206 45.252906 0.823091 0.885558 971.818441 2.666063 45.167407 47.226070 -0.002707 0.004489 0.957591 0.020305 0.059046 0.322275 2154.094607 19 30 18.235798 0.000000e+00 38.138814
123 4 2 45.000000 0.100000 10540.288181 8383.256850 12.817142 2157.031318 2157.031316 4403928.511164 4403424.025477 3009.309146 3009.353439 3087.908262 2941.908069 96.985929 98.672564 944.733054 0.746249 1.502252 2941.046190 71.206703 1.340380 1.386937 956.481818 4.257615 45.229600 46.190580 -0.021973 0.009077 0.932799 0.019408 0.055041 0.296868 1889.988837 19 30 8.899359 0.000000e+00 38.475944
124 4 3 45.000000 0.140000 10540.168945 8379.314021 13.021054 2160.854910 2160.854909 4542273.781497 4541852.810630 3034.954489 3034.987108 3086.976995 2940.930570 135.799861 136.905191 949.487914 0.751892 1.516793 2939.300185 97.913451 1.875850 1.907921 937.720326 5.961022 45.172555 45.658909 -0.004434 -0.003891 0.908718 0.018734 0.052023 0.278673 1714.205038 19 30 2.914592 0.000000e+00 38.629581
125 4 4 45.000000 0.180000 10540.069319 8389.434225 13.156275 2150.635087 2150.635079 4642127.765337 4641814.203417 3044.172629 3044.182229 3070.270041 2923.389091 175.614058 176.363275 955.975038 0.756085 1.527945 2920.676864 125.898490 2.444046 2.468260 915.686340 7.828562 45.260715 45.549758 0.002416 -0.011416 0.886015 0.018275 0.049990 0.267372 1622.102549 19 30 0.811665 0.000000e+00 38.675488
126 4 5 45.000000 0.220000 10540.078882 8406.615445 13.247702 2133.463417 2133.463422 4716168.323596 4715906.521590 3044.272637 3044.268827 3044.889239 2896.721618 216.003120 216.487573 964.184182 0.759345 1.536834 2892.599661 154.477614 3.037525 3.056944 892.099674 9.824024 45.333326 45.525590 0.006988 -0.000442 0.864777 0.017944 0.048556 0.260051 1575.278847 19 30 0.224089 0.000000e+00 38.625204
127 4 6 45.000000 0.260000 10540.063665 8418.247055 13.337644 2121.816590 2121.816594 4786693.271551 4786475.282650 3047.734503 3047.717333 3023.475990 2874.204710 256.179650 256.506357 973.950604 0.762420 1.545398 2868.349692 183.365102 3.640596 3.657772 870.354963 11.897009 45.487698 45.631397 0.009393 0.010971 0.845691 0.017635 0.047244 0.253092 1530.616601 19 30 0.064908 0.000000e+00 38.658107
128 4 7 45.000000 0.300000 10539.973898 8424.868759 13.419463 2115.105126 2115.105123 4849088.804504 4848880.762372 3053.312955 3053.285189 3005.536839 2855.327887 296.058358 296.297120 985.178284 0.765097 1.553001 2847.368446 213.049943 4.262758 4.279094 850.796583 14.058476 45.856881 45.975406 0.016581 0.015997 0.829385 0.017364 0.046127 0.246966 1490.001345 19 30 0.019201 0.000000e+00 38.682989
129 4 8 45.000000 0.340000 10539.868059 8425.704290 13.488131 2114.163747 2114.163754 4899005.855927 4898837.559853 3060.835667 3060.804786 2992.277371 2841.367544 334.812022 334.984723 997.496383 0.767162 1.558961 2830.902639 243.638601 4.905381 4.918979 834.573734 16.274203 46.573338 46.661568 0.002604 0.000770 0.816967 0.017147 0.045259 0.241969 1465.917998 19 30 0.004877 0.000000e+00 38.742136
130 4 9 45.000000 0.380000 10539.508810 8419.337485 13.539961 2120.171326 2120.171309 4932594.231713 4932485.270495 3070.455762 3070.441605 2984.181763 2832.840704 374.763956 374.899149 1011.599545 0.768421 1.562635 2819.146389 278.208711 5.628577 5.636011 822.006683 18.698424 47.867583 47.909712 0.030026 -0.009561 0.809208 0.017001 0.044688 0.238293 1433.241248 19 30 0.000917 0.000000e+00 38.854110
131 4 10 45.000000 0.420000 10539.884557 8416.194340 13.582734 2123.690168 2123.690201 4961940.633265 4961875.267423 3077.660210 3077.650944 2973.001734 2821.060965 412.821538 412.921631 1026.298466 0.769547 1.565951 2804.056786 309.274166 6.289483 6.294013 808.329821 20.937294 48.481934 48.502963 -0.087580 0.111928 0.801119 0.016874 0.044197 0.235281 1481.490562 19 30 0.000138 0.000000e+00 38.949786
132 4 11 45.000000 0.460000 10539.347700 8411.045946 13.629492 2128.301698 2128.301738 4992666.219936 4992624.437652 3085.829221 3085.821240 2961.961201 2809.423395 450.357279 450.418309 1041.950537 0.770702 1.569375 2788.929517 338.721062 6.921577 6.924772 794.325551 23.094660 48.743774 48.765176 -0.008354 -0.402271 0.792982 0.016739 0.043692 0.232085 1424.593631 19 30 0.000014 0.000000e+00 39.342678
133 4 12 45.000000 0.500000 10538.073200 8395.833964 13.650766 2142.238770 2142.239220 4998487.000000 4998486.848909 3096.396970 3096.397217 2962.610008 2810.107420 480.366089 480.359789 1055.239212 0.770660 1.569252 2786.082131 366.674343 7.497724 7.497568 789.202130 24.920240 49.759384 49.758890 0.170901 0.985288 0.792839 0.016714 0.043597 0.230694 1316.193289 19 30 0.000001 0.000000e+00 39.059707
134 4 13 45.000000 0.540000 nan nan nan nan nan nan nan nan nan nan nan nan nan nan nan nan nan nan nan nan nan 0.000000 nan -1.000000 nan nan nan nan nan nan nan 19 30 0.000000 0.000000e+00 nan
135 4 14 45.000000 0.580000 nan nan nan nan nan nan nan nan nan nan nan nan nan nan nan nan nan nan nan nan nan 0.000000 nan -1.000000 nan nan nan nan nan nan nan 19 30 0.000000 0.000000e+00 nan
136 4 15 45.000000 0.620000 nan nan nan nan nan nan nan nan nan nan nan nan nan nan nan nan nan nan nan nan nan 0.000000 nan -1.000000 nan nan nan nan nan nan nan 19 30 0.000000 0.000000e+00 nan
137 4 16 45.000000 0.660000 nan nan nan nan nan nan nan nan nan nan nan nan nan nan nan nan nan nan nan nan nan 0.000000 nan -1.000000 nan nan nan nan nan nan nan 19 30 0.000000 0.000000e+00 nan
138 4 17 45.000000 0.700000 nan nan nan nan nan nan nan nan nan nan nan nan nan nan nan nan nan nan nan nan nan 0.000000 nan -1.000000 nan nan nan nan nan nan nan 19 30 0.000000 0.000000e+00 nan
139 4 18 45.000000 0.740000 nan nan nan nan nan nan nan nan nan nan nan nan nan nan nan nan nan nan nan nan nan 0.000000 nan -1.000000 nan nan nan nan nan nan nan 19 30 0.000000 0.000000e+00 nan
140 4 19 45.000000 0.780000 nan nan nan nan nan nan nan nan nan nan nan nan nan nan nan nan nan nan nan nan nan 0.000000 nan -1.000000 nan nan nan nan nan nan nan 19 30 0.000000 0.000000e+00 nan
141 4 20 45.000000 0.820000 nan nan nan nan nan nan nan nan nan nan nan nan nan nan nan nan nan nan nan nan nan 0.000000 nan -1.000000 nan nan nan nan nan nan nan 19 30 0.000000 0.000000e+00 nan
142 4 21 45.000000 0.860000 nan nan nan nan nan nan nan nan nan nan nan nan nan nan nan nan nan nan nan nan nan 0.000000 nan -1.000000 nan nan nan nan nan nan nan 19 30 0.000000 0.000000e+00 nan
143 4 22 45.000000 0.900000 nan nan nan nan nan nan nan nan nan nan nan nan nan nan nan nan nan nan nan nan nan 0.000000 nan -1.000000 nan nan nan nan nan nan nan 19 30 0.000000 0.000000e+00 nan
144 4 23 45.000000 0.940000 nan nan nan nan nan nan nan nan nan nan nan nan nan nan nan nan nan nan nan nan nan 0.000000 nan -1.000000 nan nan nan nan nan nan nan 19 30 0.000000 0.000000e+00 nan
145 4 24 45.000000 0.980000 nan nan nan nan nan nan nan nan nan nan nan nan nan nan nan nan nan nan nan nan nan 0.000000 nan -1.000000 nan nan nan nan nan nan nan 19 30 0.000000 0.000000e+00 nan
146 4 25 45.000000 1.020000 nan nan nan nan nan nan nan nan nan nan nan nan nan nan nan nan nan nan nan nan nan 0.000000 nan -1.000000 nan nan nan nan nan nan nan 19 30 0.000000 0.000000e+00 nan
147 4 26 45.000000 1.060000 nan nan nan nan nan nan nan nan nan nan nan nan nan nan nan nan nan nan nan nan nan 0.000000 nan -1.000000 nan nan nan nan nan nan nan 19 30 0.000000 0.000000e+00 nan
148 4 27 45.000000 1.100000 nan nan nan nan nan nan nan nan nan nan nan nan nan nan nan nan nan nan nan nan nan 0.000000 nan -1.000000 nan nan nan nan nan nan nan 19 30 0.000000 0.000000e+00 nan
149 4 28 45.000000 1.140000 nan nan nan nan nan nan nan nan nan nan nan nan nan nan nan nan nan nan nan nan nan 0.000000 nan -1.000000 nan nan nan nan nan nan nan 19 30 0.000000 0.000000e+00 nan
150 4 29 45.000000 1.180000 nan nan nan nan nan nan nan nan nan nan nan nan nan nan nan nan nan nan nan nan nan 0.000000 nan -1.000000 nan nan nan nan nan nan nan 19 30 0.000000 0.000000e+00 nan
151 5 0 55.000000 0.020000 10540.881756 8390.192983 12.387967 2150.688725 2150.688757 4118373.111526 4118236.083402 2956.967117 2956.974503 3086.192707 2940.107325 29.898211 31.860894 940.106050 0.734415 1.473404 2939.983784 26.952403 0.479172 0.525246 992.245094 1.555946 55.369369 57.772783 -0.039424 0.004961 0.982491 0.021002 0.062104 0.340251 2340.669005 19 30 6.368434 0.000000e+00 37.639914
152 5 1 55.000000 0.060000 10540.455025 8392.965457 12.513372 2147.489532 2147.489553 4203319.650597 4202921.894942 2968.910589 2968.944809 3081.478059 2935.158033 59.789725 62.183366 941.621495 0.737974 1.481858 2934.699078 51.903766 0.956473 1.013241 978.984717 3.034864 55.075823 56.583459 -0.010039 0.005552 0.965739 0.020493 0.059877 0.326816 2199.594728 19 30 19.726171 0.000000e+00 38.077469
153 5 2 55.000000 0.100000 10540.223024 8376.222171 12.728460 2164.000839 2164.000837 4339796.487119 4339279.218466 3003.639989 3003.694199 3094.844612 2949.187825 97.190357 98.989648 944.766224 0.743560 1.495508 2948.051224 81.870690 1.547799 1.590759 967.366168 4.837561 55.082182 55.798223 -0.014038 -0.006563 0.946313 0.019739 0.056525 0.305250 1971.181423 19 30 10.688357 0.000000e+00 38.424969
154 5 3 55.000000 0.140000 10540.091739 8359.698063 12.931414 2180.393658 2180.393660 4469774.878823 4469278.435259 3036.954983 3037.004272 3106.397730 2961.309256 136.451225 137.721290 949.605930 0.748768 1.508677 2959.129902 113.590212 2.167523 2.198297 955.233399 6.781401 55.193125 55.566521 -0.005292 0.008336 0.927802 0.019081 0.053575 0.286502 1781.673444 19 30 3.620430 0.000000e+00 38.664168
155 5 4 55.000000 0.180000 10540.017378 8360.004754 13.053911 2180.012601 2180.012607 4554554.942389 4554119.768962 3050.636911 3050.667917 3099.494747 2954.067254 176.256319 177.189777 956.127860 0.752207 1.517619 2950.450910 146.125865 2.811506 2.835350 939.389765 8.841729 55.327459 55.556634 0.000980 -0.003858 0.910964 0.018677 0.051767 0.275880 1690.279244 19 30 1.102689 0.000000e+00 38.776405
156 5 5 55.000000 0.220000 10540.033755 8373.584167 13.107704 2166.449573 2166.449572 4599423.672915 4599031.904923 3048.354717 3048.366063 3077.748086 2931.241876 216.397367 217.053851 964.311486 0.754162 1.522791 2925.764466 179.112319 3.484242 3.503217 920.748154 11.008215 55.458683 55.608531 0.008096 0.014461 0.895850 0.018469 0.050846 0.271368 1668.289309 19 30 0.348633 0.000000e+00 38.756051
157 5 6 55.000000 0.260000 10540.040290 8381.570982 13.163638 2158.469287 2158.469293 4642965.164217 4642619.891650 3049.865421 3049.854026 3059.933205 2912.531009 256.778782 257.247607 974.146087 0.756022 1.527777 2904.773470 212.433433 4.166175 4.182739 903.520604 13.230927 55.556733 55.669035 -0.000465 0.002398 0.882392 0.018271 0.049974 0.266775 1650.421351 19 30 0.123816 0.000000e+00 38.720723
158 5 7 55.000000 0.300000 10540.022152 8386.443817 13.209839 2153.578323 2153.578319 4678172.452731 4677831.088343 3052.194593 3052.168191 3043.691309 2895.462388 297.005457 297.355155 985.497010 0.757514 1.531819 2885.000418 245.916701 4.856835 4.872101 887.475545 15.487886 55.701041 55.793155 0.007450 0.004030 0.870965 0.018113 0.049285 0.263055 1633.441424 19 30 0.047344 0.000000e+00 38.737293
159 5 8 55.000000 0.340000 10539.957304 8386.274541 13.255235 2153.682746 2153.682748 4710116.666407 4709769.729336 3057.516452 3057.469396 3031.047036 2882.167897 336.932572 337.209481 998.245713 0.758810 1.535364 2868.597914 279.352461 5.546800 5.562092 873.019671 17.743848 55.857352 55.937194 -0.010045 0.018445 0.861434 0.017972 0.048672 0.259465 1629.204774 19 30 0.018855 0.000000e+00 38.753552
160 5 9 55.000000 0.380000 10539.985443 8382.254677 13.293044 2157.730748 2157.730750 4734659.262929 4734297.451012 3064.391103 3064.326915 3020.733421 2871.319567 377.387515 377.610031 1012.607330 0.759749 1.537950 2854.131861 313.699497 6.257021 6.272240 859.917481 20.042064 56.105299 56.175849 0.011225 -0.008599 0.854024 0.017863 0.048209 0.256518 1608.515009 19 30 0.008618 0.000000e+00 38.752111
161 5 10 55.000000 0.420000 10539.892306 8374.451322 13.312467 2165.440964 2165.440968 4743984.646763 4743617.746560 3071.348317 3071.278615 3012.716934 2862.884730 417.766887 417.955283 1028.334035 0.760020 1.538698 2841.516006 349.135736 6.990903 7.004796 849.040808 22.353051 56.593532 56.651500 0.004075 -0.015376 0.849936 0.017822 0.048035 0.255025 1618.285394 19 30 0.003708 0.000000e+00 38.781459
162 5 11 55.000000 0.460000 10539.855315 8364.063397 13.322937 2175.791891 2175.791903 4745480.182098 4745139.004209 3078.904404 3078.832475 3006.657560 2856.507542 456.685666 456.844035 1044.744342 0.759942 1.538484 2830.640903 383.545846 7.704216 7.716462 839.634136 24.550976 57.045221 57.093194 -0.019672 -0.003411 0.847788 0.017816 0.048006 0.254224 1646.658686 19 30 0.001690 0.000000e+00 38.878485
163 5 12 55.000000 0.500000 10539.750279 8350.653531 13.318082 2189.096699 2189.096732 4734328.502322 4734046.966094 3086.513037 3086.452894 3001.850175 2851.447024 496.739365 496.869995 1062.856557 0.759330 1.536792 2820.399728 419.637349 8.453535 8.462754 831.413096 26.781350 57.590639 57.625002 0.037094 0.015331 0.848055 0.017864 0.048214 0.254601 1627.676464 19 30 0.000711 0.000000e+00 38.919563
164 5 13 55.000000 0.540000 10539.733628 8335.179990 13.310426 2204.553633 2204.553623 4720129.944127 4719860.697772 3095.200882 3095.144160 2998.011493 2847.405585 536.797814 536.906848 1082.152130 0.758583 1.534740 2810.752275 455.401162 9.195354 9.203151 823.404601 28.945707 57.986520 58.015778 -0.007247 -0.021641 0.849073 0.017927 0.048481 0.255190 1689.388245 19 30 0.000261 0.000000e+00 39.052590
165 5 14 55.000000 0.580000 10539.358721 8318.854916 13.295977 2220.503772 2220.503790 4700450.655862 4700274.114322 3103.420331 3103.370941 2994.187841 2843.379412 575.631272 575.722614 1101.925949 0.757638 1.532156 2800.867425 489.845028 9.914119 9.920156 815.654335 30.987119 58.281668 58.302620 0.014872 0.075376 0.850842 0.018014 0.048854 0.256321 1702.551456 19 30 0.000089 0.000000e+00 39.113592
166 5 15 55.000000 0.620000 10539.899818 8303.308603 13.264119 2236.591221 2236.591199 4669586.650621 4669374.630752 3109.973485 3109.938074 2990.531613 2839.529007 612.596290 612.664993 1121.669587 0.756271 1.528448 2790.936829 523.064622 10.610651 10.614974 808.984096 32.885485 58.612611 58.622252 -0.111852 -0.080300 0.854297 0.018151 0.049450 0.258772 1874.419091 19 30 0.000022 0.000000e+00 39.334816
167 5 16 55.000000 0.660000 10538.275533 8270.095809 13.303561 2268.179597 2268.179708 4677732.860618 4677551.515453 3134.119950 3134.037444 2999.380231 2848.846683 653.290435 653.367264 1144.409476 0.756322 1.528584 2793.717315 557.737385 11.282739 11.290091 802.845261 34.787746 58.583677 58.609298 -0.269418 0.115658 0.855809 0.018115 0.049291 0.255789 2029.136467 19 30 0.000001 0.000000e+00 39.968318
168 5 17 55.000000 0.700000 nan nan nan nan nan nan nan nan nan nan nan nan nan nan nan nan nan nan nan nan nan 0.000000 nan -1.000000 nan nan nan nan nan nan nan 19 30 0.000000 0.000000e+00 nan
169 5 18 55.000000 0.740000 nan nan nan nan nan nan nan nan nan nan nan nan nan nan nan nan nan nan nan nan nan 0.000000 nan -1.000000 nan nan nan nan nan nan nan 19 30 0.000000 0.000000e+00 nan
170 5 19 55.000000 0.780000 nan nan nan nan nan nan nan nan nan nan nan nan nan nan nan nan nan nan nan nan nan 0.000000 nan -1.000000 nan nan nan nan nan nan nan 19 30 0.000000 0.000000e+00 nan
171 5 20 55.000000 0.820000 nan nan nan nan nan nan nan nan nan nan nan nan nan nan nan nan nan nan nan nan nan 0.000000 nan -1.000000 nan nan nan nan nan nan nan 19 30 0.000000 0.000000e+00 nan
172 5 21 55.000000 0.860000 nan nan nan nan nan nan nan nan nan nan nan nan nan nan nan nan nan nan nan nan nan 0.000000 nan -1.000000 nan nan nan nan nan nan nan 19 30 0.000000 0.000000e+00 nan
173 5 22 55.000000 0.900000 nan nan nan nan nan nan nan nan nan nan nan nan nan nan nan nan nan nan nan nan nan 0.000000 nan -1.000000 nan nan nan nan nan nan nan 19 30 0.000000 0.000000e+00 nan
174 5 23 55.000000 0.940000 nan nan nan nan nan nan nan nan nan nan nan nan nan nan nan nan nan nan nan nan nan 0.000000 nan -1.000000 nan nan nan nan nan nan nan 19 30 0.000000 0.000000e+00 nan
175 5 24 55.000000 0.980000 nan nan nan nan nan nan nan nan nan nan nan nan nan nan nan nan nan nan nan nan nan 0.000000 nan -1.000000 nan nan nan nan nan nan nan 19 30 0.000000 0.000000e+00 nan
176 5 25 55.000000 1.020000 nan nan nan nan nan nan nan nan nan nan nan nan nan nan nan nan nan nan nan nan nan 0.000000 nan -1.000000 nan nan nan nan nan nan nan 19 30 0.000000 0.000000e+00 nan
177 5 26 55.000000 1.060000 nan nan nan nan nan nan nan nan nan nan nan nan nan nan nan nan nan nan nan nan nan 0.000000 nan -1.000000 nan nan nan nan nan nan nan 19 30 0.000000 0.000000e+00 nan
178 5 27 55.000000 1.100000 nan nan nan nan nan nan nan nan nan nan nan nan nan nan nan nan nan nan nan nan nan 0.000000 nan -1.000000 nan nan nan nan nan nan nan 19 30 0.000000 0.000000e+00 nan
179 5 28 55.000000 1.140000 nan nan nan nan nan nan nan nan nan nan nan nan nan nan nan nan nan nan nan nan nan 0.000000 nan -1.000000 nan nan nan nan nan nan nan 19 30 0.000000 0.000000e+00 nan
180 5 29 55.000000 1.180000 nan nan nan nan nan nan nan nan nan nan nan nan nan nan nan nan nan nan nan nan nan 0.000000 nan -1.000000 nan nan nan nan nan nan nan 19 30 0.000000 0.000000e+00 nan
181 6 0 65.000000 0.020000 10541.104650 8388.489592 12.351536 2152.615024 2152.615042 4093555.346823 4093398.133163 2954.159956 2954.174953 3088.156933 2942.169080 28.707931 30.721018 940.068109 0.733369 1.470954 2942.033739 28.220061 0.506006 0.549566 996.241111 1.622557 65.038276 66.721010 0.069462 -0.026681 0.987612 0.021158 0.062780 0.344277 2373.760957 19 30 5.753389 0.000000e+00 37.589472
182 6 1 65.000000 0.060000 10540.538597 8379.374325 12.484669 2161.164264 2161.164257 4177301.953070 4176997.147367 2974.465228 2974.496276 3095.154644 2949.513168 60.078543 62.154862 941.619613 0.736850 1.479166 2948.968694 56.670710 1.055865 1.100925 988.533712 3.281064 64.855112 65.750598 -0.031423 -0.013792 0.975016 0.020646 0.060546 0.329833 2226.445161 19 30 18.189502 0.000000e+00 37.984776
183 6 2 65.000000 0.100000 10540.299213 8366.132260 12.633260 2174.166942 2174.166937 4270265.957894 4269756.302685 2999.401231 2999.459647 3105.014505 2959.858228 97.133017 98.953445 944.762432 0.740648 1.488332 2958.487396 90.072520 1.704471 1.743858 980.459892 5.248894 65.079853 65.540128 0.013524 0.015281 0.961923 0.020115 0.058199 0.314571 2055.819631 19 30 11.844041 0.000000e+00 38.402258
184 6 3 65.000000 0.140000 10540.152351 8345.588855 12.796445 2194.563485 2194.563480 4370054.901381 4369495.203229 3030.713096 3030.776150 3120.529063 2976.129581 136.550247 137.986418 949.644418 0.744631 1.498180 2973.481084 125.528989 2.386503 2.417373 973.576082 7.346953 65.205820 65.466671 -0.005720 -0.009738 0.949746 0.019582 0.055819 0.298805 1898.906038 19 30 4.663015 0.000000e+00 38.648186
185 6 4 65.000000 0.180000 10540.016288 8330.449482 12.920309 2209.566782 2209.566791 4446558.040100 4445996.100309 3054.151537 3054.207181 3128.953902 2984.962005 176.574862 177.701842 956.222889 0.747632 1.505766 2980.577390 161.730017 3.081805 3.105898 965.606686 9.508247 65.360561 65.521953 -0.002339 0.005119 0.939363 0.019195 0.054087 0.287495 1792.054828 19 30 1.641891 0.000000e+00 38.792571
186 6 5 65.000000 0.220000 10539.949398 8329.643838 12.972350 2210.305544 2210.305545 4481804.245128 4481269.029792 3060.474708 3060.509701 3121.486031 2977.132966 216.681076 217.577616 964.429514 0.749039 1.509375 2970.534663 198.102275 3.795663 3.815354 954.559026 11.724321 65.458511 65.573174 -0.005269 0.012204 0.930700 0.019023 0.053314 0.282903 1767.295967 19 30 0.591036 0.000000e+00 38.814586
187 6 6 65.000000 0.260000 10539.991615 8336.167129 12.977694 2203.824468 2203.824471 4489009.750386 4488476.015682 3056.999617 3057.011337 3105.121712 2959.970692 257.164774 257.878041 974.312759 0.749371 1.510232 2950.634090 234.914804 4.534966 4.552003 941.999338 14.002748 65.547603 65.637399 -0.006225 0.003981 0.923762 0.018988 0.053158 0.282434 1790.589193 19 30 0.233162 0.000000e+00 38.795660
188 6 7 65.000000 0.300000 10540.003787 8334.821086 12.994868 2205.182686 2205.182686 4500128.556732 4499591.070325 3059.821332 3059.807469 3095.099472 2949.455271 297.438991 298.004769 985.693213 0.749807 1.511358 2936.933367 271.493641 5.266113 5.281481 931.307627 16.252394 65.576005 65.649179 -0.002262 0.004151 0.918317 0.018935 0.052919 0.280940 1798.598180 19 30 0.098964 0.000000e+00 38.781601
189 6 8 65.000000 0.340000 10540.010064 8329.732660 13.001918 2210.277392 2210.277388 4502274.962776 4501706.402091 3063.863667 3063.826453 3087.307879 2941.277884 337.730993 338.196345 998.579509 0.749856 1.511484 2925.063092 308.417732 6.004378 6.019009 922.046745 18.494702 65.710619 65.776058 0.002381 0.000713 0.915121 0.018925 0.052873 0.280329 1815.126990 19 30 0.047769 0.000000e+00 38.792913
190 6 9 65.000000 0.380000 10539.923936 8319.829825 13.009670 2220.094099 2220.094096 4502291.595599 4501657.765864 3070.968416 3070.907938 3082.763972 2936.508022 378.101992 378.501553 1012.940124 0.749788 1.511308 2916.123157 345.405700 6.740748 6.755034 913.895463 20.704026 65.804165 65.861676 0.002006 -0.019478 0.913353 0.018925 0.052875 0.279665 1834.046666 19 30 0.025508 0.000000e+00 38.805919
191 6 10 65.000000 0.420000 10539.977172 8307.425547 13.006851 2232.551610 2232.551609 4493702.831269 4493029.467291 3078.609560 3078.524997 3079.542824 2933.126260 418.304473 418.655393 1028.618786 0.749368 1.510223 2908.092917 382.394095 7.477103 7.491021 906.710848 22.866984 65.923653 65.977588 -0.002396 0.008481 0.913386 0.018966 0.053060 0.279905 1866.924997 19 30 0.015029 0.000000e+00 38.821961
192 6 11 65.000000 0.460000 10539.900747 8291.619869 12.999067 2248.280863 2248.280862 4479809.516800 4479106.018733 3087.818867 3087.697015 3078.445961 2931.974623 458.126247 458.443860 1045.444901 0.748734 1.508590 2901.867830 419.092218 8.203564 8.217924 900.523931 24.956661 66.034496 66.087080 -0.000218 -0.007713 0.914907 0.019034 0.053361 0.280582 1899.707980 19 30 0.008730 0.000000e+00 38.862200
193 6 12 65.000000 0.500000 10539.868950 8273.738081 12.979583 2266.130847 2266.130853 4456928.927364 4456102.029716 3097.151444 3097.006792 3078.180868 2931.696286 498.073633 498.372924 1063.559984 0.747755 1.506081 2896.008923 456.043231 8.934753 8.949049 895.040231 26.999871 66.163235 66.214849 -0.001224 0.008565 0.918043 0.019146 0.053864 0.282276 1948.635308 19 30 0.005051 0.000000e+00 38.911352
194 6 13 65.000000 0.540000 10539.762990 8245.423334 12.975677 2294.339638 2294.339640 4438951.807289 4438146.741478 3115.008315 3114.826019 3087.358917 2941.331457 537.502622 537.790298 1082.590723 0.746970 1.504080 2899.737153 492.904843 9.632976 9.647076 892.782403 28.903073 66.375895 66.424990 -0.004552 -0.001292 0.923301 0.019234 0.054261 0.282622 1982.516563 19 30 0.002734 0.000000e+00 39.027492
195 6 14 65.000000 0.580000 10539.578874 8212.629658 12.970861 2326.949206 2326.949200 4417882.303393 4417151.056385 3135.814437 3135.577082 3100.040108 2954.639458 576.569863 576.857070 1102.519092 0.746111 1.501905 2906.797283 529.550642 10.310482 10.324728 891.864366 30.700016 66.581375 66.634386 0.002712 0.023857 0.929939 0.019339 0.054731 0.283053 2006.478404 19 30 0.001184 0.000000e+00 39.193467
196 6 15 65.000000 0.620000 10539.183798 8154.676778 13.006909 2384.507021 2384.507004 4410657.518635 4410123.603234 3177.692127 3177.419905 3136.599014 2992.974947 615.752137 616.042535 1123.517989 0.745853 1.501252 2938.608751 567.871145 10.924198 10.937301 899.501610 32.264936 67.141296 67.191417 -0.024279 0.003442 0.941612 0.019374 0.054889 0.279942 2022.784007 19 30 0.000374 0.000000e+00 39.484058
197 6 16 65.000000 0.660000 10539.195610 8063.018396 13.091574 2476.177208 2476.177198 4417532.961658 4417263.458124 3248.025057 3247.878842 3205.420022 3065.022540 656.603263 656.790251 1146.367176 0.746332 1.502463 3003.761479 609.737769 11.468904 11.474640 918.686254 33.572477 68.152992 68.180589 0.018204 0.042772 0.960284 0.019338 0.054728 0.272754 1905.710288 19 30 0.000087 0.000000e+00 39.725838
198 6 17 65.000000 0.700000 10538.723626 7981.899121 13.143174 2556.824499 2556.824489 4407194.140075 4407012.420515 3308.293127 3308.226698 3263.266598 3125.468692 695.698367 695.822742 1169.167891 0.746368 1.502554 3057.340229 649.018696 11.982459 11.984955 934.202064 34.788888 68.855253 68.865354 -0.032107 -0.004107 0.977346 0.019390 0.054960 0.268511 1940.796676 19 30 0.000024 0.000000e+00 39.813833
199 6 18 65.000000 0.740000 10539.051881 7915.970179 13.149667 2623.081661 2623.081686 4375205.356981 4375047.692634 3354.999177 3354.937439 3304.476626 3168.471465 737.045718 737.133191 1194.215060 0.745758 1.501014 3092.673363 688.899771 12.555371 12.557741 943.134867 36.145742 69.147725 69.158176 -0.062282 -0.016788 0.991895 0.019553 0.055690 0.267963 2010.134917 19 30 0.000008 0.000000e+00 40.025248
200 6 19 65.000000 0.780000 10539.122525 7833.122627 13.225929 2705.999963 2705.999881 4379477.514159 4379425.823745 3420.833413 3420.798325 3362.906723 3229.363294 776.119119 776.178536 1218.703158 0.746637 1.503235 3146.662460 726.156076 12.993076 12.994672 955.745879 37.226823 69.314258 69.317653 -0.237456 -0.079409 1.005323 0.019530 0.055590 0.261819 2198.384425 19 30 0.000002 0.000000e+00 40.024641
201 6 20 65.000000 0.820000 10538.786935 7769.475924 13.211490 2769.310900 2769.310994 4334322.469040 4334266.426736 3464.640792 3464.585085 3398.681418 3266.600838 818.673103 818.736107 1246.239576 0.745887 1.501337 3175.517630 766.008367 13.560035 13.561979 961.585845 38.541158 69.317426 69.325072 -0.172886 0.174032 1.018739 0.019766 0.056643 0.262985 2183.244867 19 30 0.000000 0.000000e+00 40.253750
202 6 21 65.000000 0.860000 nan nan nan nan nan nan nan nan nan nan nan nan nan nan nan nan nan nan nan nan nan 0.000000 nan -1.000000 nan nan nan nan nan nan nan 19 30 0.000000 0.000000e+00 nan
203 6 22 65.000000 0.900000 10538.573200 7709.765123 12.917636 2828.807860 2828.808060 4112475.750000 4112476.066810 3480.607670 3480.607865 3414.400966 3282.952880 883.949890 883.945606 1290.017094 0.739859 1.486411 3176.320308 829.921030 14.643170 14.643093 966.380602 40.655758 69.864747 69.864720 -0.520725 -0.853724 1.049133 0.021038 0.062260 0.287812 3383.423429 19 30 0.000000 0.000000e+00 40.221286
204 6 23 65.000000 0.940000 nan nan nan nan nan nan nan nan nan nan nan nan nan nan nan nan nan nan nan nan nan 0.000000 nan -1.000000 nan nan nan nan nan nan nan 19 30 0.000000 0.000000e+00 nan
205 6 24 65.000000 0.980000 nan nan nan nan nan nan nan nan nan nan nan nan nan nan nan nan nan nan nan nan nan 0.000000 nan -1.000000 nan nan nan nan nan nan nan 19 30 0.000000 0.000000e+00 nan
206 6 25 65.000000 1.020000 nan nan nan nan nan nan nan nan nan nan nan nan nan nan nan nan nan nan nan nan nan 0.000000 nan -1.000000 nan nan nan nan nan nan nan 19 30 0.000000 0.000000e+00 nan
207 6 26 65.000000 1.060000 nan nan nan nan nan nan nan nan nan nan nan nan nan nan nan nan nan nan nan nan nan 0.000000 nan -1.000000 nan nan nan nan nan nan nan 19 30 0.000000 0.000000e+00 nan
208 6 27 65.000000 1.100000 nan nan nan nan nan nan nan nan nan nan nan nan nan nan nan nan nan nan nan nan nan 0.000000 nan -1.000000 nan nan nan nan nan nan nan 19 30 0.000000 0.000000e+00 nan
209 6 28 65.000000 1.140000 nan nan nan nan nan nan nan nan nan nan nan nan nan nan nan nan nan nan nan nan nan 0.000000 nan -1.000000 nan nan nan nan nan nan nan 19 30 0.000000 0.000000e+00 nan
210 6 29 65.000000 1.180000 nan nan nan nan nan nan nan nan nan nan nan nan nan nan nan nan nan nan nan nan nan 0.000000 nan -1.000000 nan nan nan nan nan nan nan 19 30 0.000000 0.000000e+00 nan
211 7 0 75.000000 0.020000 10540.767861 8377.454516 12.350250 2163.313323 2163.313330 4087134.497406 4087035.329135 2960.894960 2960.905249 3098.843717 2953.384166 29.414439 31.071055 940.079613 0.733093 1.470310 2953.230692 30.108332 0.550185 0.584113 1002.002904 1.721114 74.906484 75.699931 -0.025700 0.031478 0.992378 0.021199 0.062955 0.344443 2376.719604 19 30 4.905623 0.000000e+00 37.488974
212 7 1 75.000000 0.060000 10540.574314 8360.605404 12.463985 2179.968886 2179.968895 4154142.096310 4153911.367407 2984.295870 2984.321657 3113.989111 2969.271601 59.815607 61.701314 941.589784 0.735856 1.476803 2968.671708 59.683593 1.113195 1.151747 1000.127423 3.415132 74.843623 75.306960 -0.025670 -0.001745 0.985497 0.020784 0.061152 0.332030 2236.125455 19 30 14.989938 0.000000e+00 37.881088
213 7 2 75.000000 0.100000 10540.382656 8343.332831 12.576615 2197.049809 2197.049810 4220593.955212 4220207.217415 3007.816477 3007.862212 3127.858467 2983.813708 97.703383 99.324259 944.801342 0.738550 1.483242 2982.269925 95.970533 1.810045 1.843163 997.021191 5.498196 74.847133 75.068502 -0.005920 -0.020645 0.978334 0.020394 0.059437 0.320283 2106.696047 19 30 10.829564 0.000000e+00 38.289869
214 7 3 75.000000 0.140000 10540.173127 8318.289355 12.697449 2221.883761 2221.883756 4288833.017300 4288360.649588 3037.235830 3037.289594 3147.784102 3004.694728 137.050798 138.434673 949.709654 0.741255 1.489818 3001.714812 133.785626 2.524016 2.551969 995.798195 7.651877 74.977546 75.109128 0.001254 0.003108 0.972933 0.020012 0.057744 0.308252 1978.552361 19 30 5.045841 0.000000e+00 38.546517
215 7 4 75.000000 0.180000 10540.073777 8295.924646 12.788569 2244.149113 2244.149115 4338681.326045 4338137.765199 3061.698873 3061.754892 3163.450137 3021.102849 176.972394 178.164514 956.308978 0.743188 1.494583 3016.188999 172.239204 3.244819 3.268321 994.124027 9.829332 75.095187 75.181863 -0.013960 0.006294 0.969323 0.019745 0.056552 0.299548 1902.069704 19 30 2.195152 0.000000e+00 38.695141
216 7 5 75.000000 0.220000 10540.025271 8280.089069 12.834339 2259.936180 2259.936186 4361300.095076 4360754.998146 3076.984076 3077.022354 3170.972844 3028.979107 217.172191 218.214264 964.573343 0.744043 1.496710 3021.616581 211.063179 3.975410 3.995682 991.237683 12.020411 75.226005 75.291267 -0.017162 -0.001592 0.967646 0.019627 0.056022 0.295292 1876.079782 19 30 0.914415 0.000000e+00 38.787034
217 7 6 75.000000 0.260000 10539.978802 8264.322023 12.859784 2275.656759 2275.656763 4370173.940983 4369634.309549 3090.007700 3090.023950 3176.852993 3035.134361 257.339436 258.259420 974.413771 0.744357 1.497495 3024.829415 249.895179 4.705118 4.722745 988.521733 14.186965 75.324700 75.378162 -0.000693 0.006955 0.967701 0.019581 0.055816 0.292959 1862.457065 19 30 0.413278 0.000000e+00 38.855666
218 7 7 75.000000 0.300000 10539.982122 8248.453976 12.864246 2291.528133 2291.528131 4364760.102572 4364260.470283 3100.881439 3100.864661 3181.260487 3039.747348 297.810825 298.614232 985.877643 0.744123 1.496911 3025.971330 289.069972 5.441477 5.456886 986.047196 16.339047 75.427791 75.474968 -0.003197 0.008894 0.969580 0.019609 0.055940 0.292552 1883.050483 19 30 0.196719 0.000000e+00 38.875004
219 7 8 75.000000 0.340000 10539.939154 8230.182241 12.857905 2309.756894 2309.756897 4350751.420791 4350301.312430 3112.177052 3112.117966 3186.562526 3045.295780 338.137927 338.859710 998.804371 0.743571 1.495535 3027.564977 328.141273 6.171736 6.185831 984.255375 18.437890 75.505394 75.550765 -0.001538 -0.007529 0.973057 0.019681 0.056266 0.293133 1914.099476 19 30 0.102042 0.000000e+00 38.898674
220 7 9 75.000000 0.380000 10539.913981 8208.215307 12.850488 2331.698656 2331.698658 4334098.665044 4333696.527483 3125.890003 3125.782328 3194.217131 3053.304560 378.274319 378.906551 1013.091527 0.742941 1.493971 3031.179355 366.906598 6.888732 6.901744 983.129276 20.465715 75.496082 75.541800 0.004987 0.003911 0.977567 0.019769 0.056657 0.293813 1943.813043 19 30 0.059396 0.000000e+00 38.913253
221 7 10 75.000000 0.420000 10539.916349 8179.723558 12.845010 2360.192776 2360.192775 4315344.032377 4314988.725705 3144.281011 3144.121286 3207.007797 3066.683007 418.529977 419.088104 1028.794978 0.742273 1.492319 3039.705970 405.872246 7.592908 7.605350 983.783624 22.419208 75.526856 75.572849 0.001371 -0.002094 0.983837 0.019868 0.057102 0.294316 1981.422038 19 30 0.036753 0.000000e+00 38.926338
222 7 11 75.000000 0.460000 10539.892625 8145.248561 12.844280 2394.644047 2394.644048 4296656.497537 4296306.553583 3167.328547 3167.116460 3224.527259 3084.999464 458.597132 459.086321 1045.726789 0.741669 1.490834 3052.790821 444.623322 8.274545 8.286571 985.825398 24.276151 75.532919 75.579961 0.005610 -0.006689 0.991310 0.019969 0.057552 0.294384 2008.101788 19 30 0.023931 0.000000e+00 38.957889
223 7 12 75.000000 0.500000 10539.900283 8105.404753 12.841353 2434.495512 2434.495514 4273696.637797 4273353.602287 3194.025550 3193.762986 3246.302360 3107.752349 498.461539 498.891655 1063.803154 0.740994 1.489178 3069.945058 483.282530 8.934592 8.946300 989.490146 26.031610 75.582650 75.629805 -0.009447 -0.000225 1.000446 0.020095 0.058111 0.294653 2059.868268 19 30 0.014875 0.000000e+00 38.990460
224 7 13 75.000000 0.540000 10539.848106 8061.362621 12.834702 2478.485469 2478.485469 4246135.426561 4245729.095617 3223.451429 3223.138116 3271.072465 3133.617833 538.299358 538.659966 1083.023004 0.740254 1.487372 3089.849824 521.908795 9.575528 9.587377 994.195194 27.697499 75.627346 75.673675 0.015154 -0.001887 1.010823 0.020249 0.058795 0.295268 2074.565787 19 30 0.009367 0.000000e+00 39.064296
225 7 14 75.000000 0.580000 10539.816456 8012.780223 12.836382 2527.036221 2527.036217 4221784.669558 4221229.804564 3257.205700 3256.860735 3299.418007 3163.195353 577.924121 578.211219 1103.228209 0.739751 1.486147 3113.215474 560.084148 10.186728 10.198721 999.387099 29.267475 75.570376 75.615348 -0.005969 0.013765 1.021304 0.020388 0.059411 0.295115 2136.254226 19 30 0.005330 0.000000e+00 39.146590
226 7 15 75.000000 0.620000 10539.682017 7965.781483 12.827869 2573.900514 2573.900518 4191592.039938 4190875.756056 3289.087243 3288.744385 3325.191984 3190.070123 617.281184 617.501333 1124.318533 0.739125 1.484630 3133.578763 597.688485 10.787197 10.798701 1003.381974 30.781155 75.409086 75.446742 0.011670 0.004519 1.031490 0.020564 0.060187 0.295908 2166.126148 19 30 0.002693 0.000000e+00 39.228649
227 7 16 75.000000 0.660000 10539.580464 7922.012146 12.846716 2617.568299 2617.568301 4180807.219261 4180012.616751 3321.669226 3321.396759 3346.848095 3212.637207 656.568030 656.725722 1146.330207 0.739209 1.484833 3149.492081 633.827623 11.369370 11.378647 1002.964158 32.291020 74.798370 74.825466 -0.015232 0.007936 1.037102 0.020628 0.060468 0.294178 2224.599161 19 30 0.001133 0.000000e+00 39.339703
228 7 17 75.000000 0.700000 10539.382542 7882.436602 12.851946 2656.945917 2656.945923 4163200.579661 4162425.228106 3350.095407 3349.893561 3363.027515 3229.489081 696.313915 696.428338 1169.528408 0.739074 1.484507 3159.260701 669.829487 11.963554 11.970636 1000.164182 33.810993 74.096320 74.113695 -0.002542 0.030064 1.041859 0.020733 0.060928 0.293709 2249.084321 19 30 0.000440 0.000000e+00 39.485963
229 7 18 75.000000 0.740000 10539.225716 7842.147160 12.856602 2697.078538 2697.078539 4144774.387204 4144077.175501 3379.222699 3379.098966 3379.035735 3246.155904 736.136706 736.221942 1193.652804 0.738974 1.484266 3168.568817 705.478422 12.547187 12.552103 996.756594 35.289868 73.375253 73.383749 0.003659 -0.022203 1.046358 0.020843 0.061412 0.293292 2284.393515 19 30 0.000133 0.000000e+00 39.614011
230 7 19 75.000000 0.780000 10539.175196 7805.959639 12.870631 2733.215526 2733.215541 4134486.780315 4133903.433547 3406.622243 3406.518843 3390.125324 3257.697863 776.105357 776.173918 1218.700217 0.739129 1.484641 3172.523188 740.062149 13.126809 13.130712 989.931524 36.781394 72.445884 72.453890 -0.057936 -0.018068 1.048042 0.020906 0.061683 0.292015 2412.813877 19 30 0.000036 0.000000e+00 39.777925
231 7 20 75.000000 0.820000 10539.520642 7773.246844 12.822595 2766.273813 2766.273781 4086498.271632 4086170.856904 3426.183691 3426.140903 3398.450957 3266.361058 814.405793 814.457439 1243.432824 0.738093 1.482142 3173.280922 774.211050 13.709581 13.711053 985.489209 38.153563 71.910732 71.912785 0.100605 0.051675 1.054288 0.021204 0.062979 0.296406 2279.525204 19 30 0.000006 0.000000e+00 39.960900
232 7 21 75.000000 0.860000 10538.751826 7731.976441 12.823381 2806.775322 2806.775369 4064993.996479 4064676.124829 3455.828719 3455.815981 3414.227716 3282.772693 851.720512 851.727400 1268.157653 0.738046 1.482030 3182.145867 806.563223 14.222525 14.222953 981.531339 39.411302 71.255363 71.257721 -0.245268 0.054972 1.058454 0.021343 0.063575 0.296376 2938.750614 19 30 0.000001 0.000000e+00 40.031988
233 7 22 75.000000 0.900000 10539.979500 7681.324693 12.849393 2858.654300 2858.654790 4054850.250000 4054850.479441 3496.677730 3496.678093 3430.260289 3299.444090 904.240295 904.236402 1304.004501 0.738589 1.483337 3188.089513 849.950916 14.928028 14.927956 970.896819 41.199833 70.045767 70.045744 0.549951 -0.835197 1.059442 0.021407 0.063850 0.293910 1731.007222 19 30 0.000000 0.000000e+00 40.528457
234 7 23 75.000000 0.940000 nan nan nan nan nan nan nan nan nan nan nan nan nan nan nan nan nan nan nan nan nan 0.000000 nan -1.000000 nan nan nan nan nan nan nan 19 30 0.000000 0.000000e+00 nan
235 7 24 75.000000 0.980000 nan nan nan nan nan nan nan nan nan nan nan nan nan nan nan nan nan nan nan nan nan 0.000000 nan -1.000000 nan nan nan nan nan nan nan 19 30 0.000000 0.000000e+00 nan
236 7 25 75.000000 1.020000 nan nan nan nan nan nan nan nan nan nan nan nan nan nan nan nan nan nan nan nan nan 0.000000 nan -1.000000 nan nan nan nan nan nan nan 19 30 0.000000 0.000000e+00 nan
237 7 26 75.000000 1.060000 nan nan nan nan nan nan nan nan nan nan nan nan nan nan nan nan nan nan nan nan nan 0.000000 nan -1.000000 nan nan nan nan nan nan nan 19 30 0.000000 0.000000e+00 nan
238 7 27 75.000000 1.100000 nan nan nan nan nan nan nan nan nan nan nan nan nan nan nan nan nan nan nan nan nan 0.000000 nan -1.000000 nan nan nan nan nan nan nan 19 30 0.000000 0.000000e+00 nan
239 7 28 75.000000 1.140000 nan nan nan nan nan nan nan nan nan nan nan nan nan nan nan nan nan nan nan nan nan 0.000000 nan -1.000000 nan nan nan nan nan nan nan 19 30 0.000000 0.000000e+00 nan
240 7 29 75.000000 1.180000 nan nan nan nan nan nan nan nan nan nan nan nan nan nan nan nan nan nan nan nan nan 0.000000 nan -1.000000 nan nan nan nan nan nan nan 19 30 0.000000 0.000000e+00 nan
241 8 0 85.000000 0.020000 10540.791395 8366.810190 12.342177 2173.981208 2173.981190 4076627.404259 4076537.316486 2966.930219 2966.939758 3109.532992 2964.597963 28.623717 30.416236 940.058198 0.732652 1.469284 2964.442977 30.313586 0.550357 0.585871 1008.278876 1.722061 85.243547 85.291457 -0.033099 0.062319 0.997866 0.021266 0.063245 0.345345 2379.372328 19 30 3.992846 0.000000e+00 37.367144
242 8 1 85.000000 0.060000 10540.765214 8347.580694 12.421002 2193.184501 2193.184504 4119231.094904 4119070.205637 2988.146600 2988.164733 3127.255716 2983.181853 59.193826 60.918147 941.538788 0.734410 1.473393 2982.565055 60.660236 1.130505 1.165137 1010.564833 3.435119 84.596190 84.725849 -0.059001 0.005192 0.996140 0.020997 0.062082 0.336647 2283.421532 19 30 11.296240 0.000000e+00 37.702050
243 8 2 85.000000 0.100000 10540.583282 8318.561659 12.517865 2222.021622 2222.021607 4168950.161637 4168693.639786 3017.599447 3017.627158 3152.860542 3010.012500 97.686604 99.035841 944.771065 0.736432 1.478171 3008.396973 98.604774 1.849656 1.877284 1014.808241 5.549775 84.594811 84.652247 -0.013764 0.002001 0.995716 0.020695 0.060763 0.326338 2157.326512 19 30 7.912583 0.000000e+00 38.043559
244 8 3 85.000000 0.140000 10540.374114 8284.117480 12.611347 2256.256615 2256.256619 4213669.972372 4213333.824503 3050.216565 3050.250441 3182.171541 3040.700803 137.199301 138.334639 949.695078 0.738226 1.482462 3037.578882 137.753054 2.573376 2.596563 1020.553026 7.687257 84.718395 84.744295 -0.004969 0.004807 0.997294 0.020433 0.059611 0.316763 2049.747443 19 30 4.198992 0.000000e+00 38.302783
245 8 4 85.000000 0.180000 10540.164181 8249.950533 12.682373 2290.213630 2290.213632 4243461.130329 4243073.735488 3080.253794 3080.284437 3209.465795 3069.253385 177.494145 178.426578 956.357837 0.739418 1.485339 3064.105426 177.691540 3.299894 3.318941 1026.323622 9.822477 84.789639 84.797501 -0.022355 0.004557 1.000652 0.020264 0.058861 0.309724 1987.612016 19 30 2.021639 0.000000e+00 38.499701
246 8 5 85.000000 0.220000 10540.140204 8214.995314 12.734075 2325.144878 2325.144875 4259867.716087 4259463.035876 3108.966141 3108.980818 3236.168394 3097.165079 217.511098 218.272333 964.586481 0.740101 1.486997 3089.525405 217.403538 4.009182 4.025151 1032.623614 11.889141 84.878518 84.886231 -0.017632 0.002242 1.005923 0.020172 0.058453 0.304716 1942.689050 19 30 0.981256 0.000000e+00 38.635241
247 8 6 85.000000 0.260000 10540.119500 8181.635445 12.759783 2358.484040 2358.484039 4259656.702722 4259232.113949 3133.964285 3133.955819 3259.702628 3121.747408 257.547841 258.175045 974.391411 0.740172 1.487170 3111.136967 257.164643 4.711379 4.725291 1038.636383 13.906660 84.920243 84.929284 -0.004122 0.004036 1.012779 0.020173 0.058459 0.302263 1924.367472 19 30 0.481871 0.000000e+00 38.726166
248 8 7 85.000000 0.300000 10540.025008 8147.559639 12.766736 2392.465351 2392.465353 4246481.401951 4246059.122552 3157.567358 3157.522698 3282.279988 3145.315179 297.839851 298.342476 985.795365 0.739800 1.486267 3131.244146 297.182891 5.409286 5.421639 1044.864876 15.876935 84.933927 84.946734 -0.004180 0.004576 1.021234 0.020247 0.058786 0.301610 1937.791330 19 30 0.253495 0.000000e+00 38.821340
249 8 8 85.000000 0.340000 10539.972808 8112.668199 12.758968 2427.304591 2427.304593 4223189.243762 4222732.596496 3180.421057 3180.336489 3304.269375 3168.255317 337.988210 338.390311 998.645218 0.739112 1.484599 3150.275766 337.052453 6.095398 6.106925 1051.170759 17.778179 84.886849 84.903442 -0.009333 -0.000478 1.030885 0.020379 0.059373 0.302349 1975.459488 19 30 0.136490 0.000000e+00 38.896031
250 8 9 85.000000 0.380000 10539.931359 8076.458506 12.741010 2463.472835 2463.472836 4192567.015118 4192092.313786 3203.373020 3203.246904 3326.213581 3191.134977 377.996420 378.311855 1012.869255 0.738231 1.482475 3168.818065 376.741973 6.769201 6.780091 1057.453845 19.609597 84.760284 84.778487 -0.012539 -0.007052 1.041375 0.020557 0.060155 0.304063 2028.396529 19 30 0.076420 0.000000e+00 38.952151
251 8 10 85.000000 0.420000 10539.930702 8042.689492 12.714623 2497.241195 2497.241194 4157824.561984 4157361.459714 3224.060236 3223.906798 3344.506143 3210.197345 417.730562 417.982387 1028.345051 0.737255 1.480134 3183.130600 415.988675 7.435599 7.445526 1061.813268 21.393854 84.385301 84.401616 -0.013152 -0.002733 1.051090 0.020763 0.061061 0.306601 2095.482962 19 30 0.041616 0.000000e+00 39.010613
252 8 11 85.000000 0.460000 10539.872029 8012.056647 12.698475 2527.815362 2527.815366 4131415.276420 4131034.445777 3243.727050 3243.591369 3358.342568 3224.610125 457.415570 457.617511 1045.082798 0.736606 1.478586 3192.384503 454.743492 8.099264 8.107035 1062.523746 23.170165 83.563240 83.575213 -0.013110 0.007624 1.057803 0.020923 0.061760 0.308170 2157.100990 19 30 0.020360 0.000000e+00 39.049495
253 8 12 85.000000 0.500000 10539.830935 7984.356464 12.681854 2555.474446 2555.474454 4106275.923167 4106010.404357 3261.452671 3261.358627 3368.220727 3234.896678 496.730054 496.885334 1062.863727 0.736018 1.477188 3197.152470 492.719600 8.755897 8.761042 1060.740586 24.915117 82.568695 82.575637 0.000165 -0.000445 1.062892 0.021079 0.062436 0.309794 2208.415109 19 30 0.008506 0.000000e+00 39.059973
254 8 13 85.000000 0.540000 10539.832202 7950.269074 12.664117 2589.563109 2589.563112 4077279.464050 4077098.946318 3283.794181 3283.738122 3383.363935 3250.661036 536.102105 536.215279 1081.809176 0.735411 1.475751 3207.047215 530.702676 9.392888 9.396165 1060.893133 26.576116 81.773846 81.777211 0.012289 -0.004665 1.069769 0.021262 0.063229 0.311537 2263.785378 19 30 0.003091 0.000000e+00 39.059906
255 8 14 85.000000 0.580000 10540.035859 7916.478708 12.642052 2623.557118 2623.557134 4045873.518276 4045771.243491 3305.908258 3305.877082 3397.876124 3265.762975 574.425714 574.506415 1101.291010 0.734775 1.474251 3216.086524 567.446277 10.004280 10.006280 1060.592278 28.148016 81.006384 81.008284 0.012784 0.027752 1.076561 0.021466 0.064106 0.313710 2342.081442 19 30 0.000777 0.000000e+00 39.105289
256 8 15 85.000000 0.620000 10539.423471 7883.646547 12.591888 2655.776926 2655.776907 3997026.374877 3996977.872942 3324.189280 3324.173409 3410.680007 3279.082762 610.857191 610.900718 1120.706900 0.733589 1.471467 3223.254369 602.507290 10.586817 10.587834 1061.249464 29.585046 80.490126 80.491314 0.037766 0.003036 1.085382 0.021795 0.065506 0.318787 2426.848960 19 30 0.000085 0.000000e+00 39.236353
257 8 16 85.000000 0.660000 10537.476271 7839.815171 12.495768 2697.660940 2697.661083 3913824.324584 3913821.518700 3345.324007 3345.324624 3432.068366 3301.323814 647.724118 647.734030 1141.202717 0.731495 1.466605 3238.904864 638.932084 11.158951 11.159339 1068.222602 30.884756 80.546218 80.543691 0.140832 -0.063938 1.101341 0.022388 0.067996 0.328851 2461.214395 19 30 0.000001 0.000000e+00 39.694465
258 8 17 85.000000 0.700000 nan nan nan nan nan nan nan nan nan nan nan nan nan nan nan nan nan nan nan nan nan 0.000000 nan -1.000000 nan nan nan nan nan nan nan 19 30 0.000000 0.000000e+00 nan
259 8 18 85.000000 0.740000 nan nan nan nan nan nan nan nan nan nan nan nan nan nan nan nan nan nan nan nan nan 0.000000 nan -1.000000 nan nan nan nan nan nan nan 19 30 0.000000 0.000000e+00 nan
260 8 19 85.000000 0.780000 nan nan nan nan nan nan nan nan nan nan nan nan nan nan nan nan nan nan nan nan nan 0.000000 nan -1.000000 nan nan nan nan nan nan nan 19 30 0.000000 0.000000e+00 nan
261 8 20 85.000000 0.820000 nan nan nan nan nan nan nan nan nan nan nan nan nan nan nan nan nan nan nan nan nan 0.000000 nan -1.000000 nan nan nan nan nan nan nan 19 30 0.000000 0.000000e+00 nan
262 8 21 85.000000 0.860000 nan nan nan nan nan nan nan nan nan nan nan nan nan nan nan nan nan nan nan nan nan 0.000000 nan -1.000000 nan nan nan nan nan nan nan 19 30 0.000000 0.000000e+00 nan
263 8 22 85.000000 0.900000 nan nan nan nan nan nan nan nan nan nan nan nan nan nan nan nan nan nan nan nan nan 0.000000 nan -1.000000 nan nan nan nan nan nan nan 19 30 0.000000 0.000000e+00 nan
264 8 23 85.000000 0.940000 nan nan nan nan nan nan nan nan nan nan nan nan nan nan nan nan nan nan nan nan nan 0.000000 nan -1.000000 nan nan nan nan nan nan nan 19 30 0.000000 0.000000e+00 nan
265 8 24 85.000000 0.980000 nan nan nan nan nan nan nan nan nan nan nan nan nan nan nan nan nan nan nan nan nan 0.000000 nan -1.000000 nan nan nan nan nan nan nan 19 30 0.000000 0.000000e+00 nan
266 8 25 85.000000 1.020000 nan nan nan nan nan nan nan nan nan nan nan nan nan nan nan nan nan nan nan nan nan 0.000000 nan -1.000000 nan nan nan nan nan nan nan 19 30 0.000000 0.000000e+00 nan
267 8 26 85.000000 1.060000 nan nan nan nan nan nan nan nan nan nan nan nan nan nan nan nan nan nan nan nan nan 0.000000 nan -1.000000 nan nan nan nan nan nan nan 19 30 0.000000 0.000000e+00 nan
268 8 27 85.000000 1.100000 nan nan nan nan nan nan nan nan nan nan nan nan nan nan nan nan nan nan nan nan nan 0.000000 nan -1.000000 nan nan nan nan nan nan nan 19 30 0.000000 0.000000e+00 nan
269 8 28 85.000000 1.140000 nan nan nan nan nan nan nan nan nan nan nan nan nan nan nan nan nan nan nan nan nan 0.000000 nan -1.000000 nan nan nan nan nan nan nan 19 30 0.000000 0.000000e+00 nan
270 8 29 85.000000 1.180000 nan nan nan nan nan nan nan nan nan nan nan nan nan nan nan nan nan nan nan nan nan 0.000000 nan -1.000000 nan nan nan nan nan nan nan 19 30 0.000000 0.000000e+00 nan
271 9 0 95.000000 0.020000 10541.046212 8346.526302 12.371303 2194.519794 2194.519895 4085983.173013 4085894.727188 2983.580218 2983.590504 3130.063334 2986.124936 29.251963 30.673587 940.066560 0.733046 1.470200 2985.968338 30.581283 0.558383 0.586784 1016.627728 1.723001 94.794138 94.446063 -0.050981 0.031911 1.003064 0.021206 0.062986 0.342081 2329.761838 19 30 1.915830 0.000000e+00 37.194541
272 9 1 95.000000 0.060000 10540.969949 8323.223294 12.416747 2217.746629 2217.746639 4104420.477007 4104328.936708 3003.779288 3003.785793 3151.895906 3009.002069 58.213696 59.699619 941.460734 0.733820 1.472008 3008.413340 59.520000 1.103335 1.133421 1023.766636 3.327331 94.581901 94.445675 0.000501 0.009790 1.006942 0.021089 0.062481 0.337096 2259.316021 19 30 6.646004 0.000000e+00 37.430460
273 9 2 95.000000 0.100000 10540.757857 8289.673406 12.469639 2251.084443 2251.084436 4122609.867559 4122463.804003 3031.467973 3031.475703 3181.933019 3040.451182 97.903534 98.943749 944.761416 0.734601 1.473842 3038.849767 98.668580 1.837767 1.859686 1033.748470 5.452215 94.336038 94.274093 -0.005698 -0.000851 1.013378 0.020976 0.061990 0.331415 2190.549575 19 30 4.352240 0.000000e+00 37.697053
274 9 3 95.000000 0.140000 10540.516125 8249.860152 12.524975 2290.655944 2290.655957 4139084.665134 4138917.581563 3063.661026 3063.661583 3216.613168 3076.726495 137.231501 138.044022 949.652789 0.735349 1.475605 3073.644324 137.682595 2.546872 2.564826 1045.185062 7.504385 94.188831 94.147000 -0.002341 -0.006536 1.021360 0.020875 0.061549 0.325600 2121.862855 19 30 2.256221 0.000000e+00 37.882791
275 9 4 95.000000 0.180000 10540.506792 8204.925734 12.574644 2335.581048 2335.581041 4149139.813760 4148951.942749 3099.024064 3099.014479 3254.898363 3116.730500 177.423315 178.076999 956.292678 0.735900 1.476907 3111.664767 177.627103 3.252368 3.267142 1058.035584 9.530164 94.101650 94.073626 -0.008779 -0.001851 1.031267 0.020814 0.061283 0.320477 2069.945569 19 30 1.102658 0.000000e+00 38.016623
276 9 5 95.000000 0.220000 10540.457546 8161.263761 12.600675 2379.193772 2379.193769 4144078.890285 4143889.011293 3131.237103 3131.206158 3290.312483 3153.696544 217.345334 217.851261 964.491286 0.735923 1.476962 3146.198897 217.334741 3.939179 3.951630 1070.477584 11.476542 93.962097 93.946272 -0.024414 -0.006819 1.042486 0.020845 0.061417 0.317834 2059.015591 19 30 0.525261 0.000000e+00 38.113208
277 9 6 95.000000 0.260000 10540.370129 8119.223672 12.606575 2421.146439 2421.146442 4126532.775302 4126354.711945 3160.482617 3160.427946 3322.483709 3187.247033 257.343738 257.726772 974.272732 0.735538 1.476051 3176.852266 257.202898 4.618289 4.628660 1082.002918 13.371607 93.663061 93.653801 -0.012154 0.001200 1.054420 0.020952 0.061886 0.317244 2061.842429 19 30 0.237667 0.000000e+00 38.203771
278 9 7 95.000000 0.300000 10540.358498 8080.868253 12.596388 2459.490238 2459.490229 4100404.493985 4100249.116871 3185.868343 3185.803086 3349.694506 3215.602422 296.767884 297.052473 985.405723 0.734886 1.474511 3201.892822 296.616405 5.284455 5.292651 1091.507098 15.202957 93.108348 93.104924 -0.020039 0.008543 1.065913 0.021115 0.062593 0.318274 2103.789079 19 30 0.098990 0.000000e+00 38.319396
279 9 8 95.000000 0.340000 10540.239309 8044.048744 12.586522 2496.190541 2496.190548 4075274.833115 4075155.652446 3210.357973 3210.315079 3373.885953 3240.794976 336.023522 336.228005 997.914595 0.734323 1.473188 3223.332477 335.975920 5.945116 5.950593 1098.717581 17.003064 92.224924 92.218817 -0.034854 -0.013742 1.075956 0.021275 0.063283 0.319282 2160.700754 19 30 0.036381 0.000000e+00 38.445884
280 9 9 95.000000 0.380000 10540.071754 8010.541106 12.558201 2529.530632 2529.530632 4040017.309079 4039946.865886 3230.888731 3230.862437 3393.681397 3261.398332 374.376918 374.520382 1011.459235 0.733430 1.471097 3239.835502 374.412874 6.588695 6.592166 1104.510676 18.725903 91.377008 91.372870 -0.029955 0.005731 1.086068 0.021505 0.064271 0.322188 2230.032882 19 30 0.009456 0.000000e+00 38.578251
281 9 10 95.000000 0.420000 10540.399182 7977.499503 12.515916 2562.899660 2562.899663 3996513.546800 3996466.820791 3250.385807 3250.372517 3412.810345 3281.298540 411.346618 411.430214 1025.699317 0.732312 1.468494 3255.406369 411.399419 7.200768 7.202528 1110.424695 20.329081 90.701995 90.701032 0.010991 -0.008008 1.097031 0.021799 0.065521 0.326553 2281.134201 19 30 0.001055 0.000000e+00 38.688730
282 9 11 95.000000 0.460000 10539.804926 7956.591525 12.423716 2583.213505 2583.213384 3927492.913758 3927490.590090 3255.840091 3255.838138 3419.561438 3288.319644 444.167245 444.163400 1039.261947 0.730201 1.463631 3258.185149 444.157199 7.762759 7.762736 1114.141478 21.734907 90.302829 90.302759 0.349500 0.131179 1.108606 0.022288 0.067578 0.336413 2045.931957 19 30 0.000009 0.000000e+00 38.825791
283 9 12 95.000000 0.500000 nan nan nan nan nan nan nan nan nan nan nan nan nan nan nan nan nan nan nan nan nan 0.000000 nan -1.000000 nan nan nan nan nan nan nan 19 30 0.000000 0.000000e+00 nan
284 9 13 95.000000 0.540000 nan nan nan nan nan nan nan nan nan nan nan nan nan nan nan nan nan nan nan nan nan 0.000000 nan -1.000000 nan nan nan nan nan nan nan 19 30 0.000000 0.000000e+00 nan
285 9 14 95.000000 0.580000 nan nan nan nan nan nan nan nan nan nan nan nan nan nan nan nan nan nan nan nan nan 0.000000 nan -1.000000 nan nan nan nan nan nan nan 19 30 0.000000 0.000000e+00 nan
286 9 15 95.000000 0.620000 nan nan nan nan nan nan nan nan nan nan nan nan nan nan nan nan nan nan nan nan nan 0.000000 nan -1.000000 nan nan nan nan nan nan nan 19 30 0.000000 0.000000e+00 nan
287 9 16 95.000000 0.660000 nan nan nan nan nan nan nan nan nan nan nan nan nan nan nan nan nan nan nan nan nan 0.000000 nan -1.000000 nan nan nan nan nan nan nan 19 30 0.000000 0.000000e+00 nan
288 9 17 95.000000 0.700000 nan nan nan nan nan nan nan nan nan nan nan nan nan nan nan nan nan nan nan nan nan 0.000000 nan -1.000000 nan nan nan nan nan nan nan 19 30 0.000000 0.000000e+00 nan
289 9 18 95.000000 0.740000 nan nan nan nan nan nan nan nan nan nan nan nan nan nan nan nan nan nan nan nan nan 0.000000 nan -1.000000 nan nan nan nan nan nan nan 19 30 0.000000 0.000000e+00 nan
290 9 19 95.000000 0.780000 nan nan nan nan nan nan nan nan nan nan nan nan nan nan nan nan nan nan nan nan nan 0.000000 nan -1.000000 nan nan nan nan nan nan nan 19 30 0.000000 0.000000e+00 nan
291 9 20 95.000000 0.820000 nan nan nan nan nan nan nan nan nan nan nan nan nan nan nan nan nan nan nan nan nan 0.000000 nan -1.000000 nan nan nan nan nan nan nan 19 30 0.000000 0.000000e+00 nan
292 9 21 95.000000 0.860000 nan nan nan nan nan nan nan nan nan nan nan nan nan nan nan nan nan nan nan nan nan 0.000000 nan -1.000000 nan nan nan nan nan nan nan 19 30 0.000000 0.000000e+00 nan
293 9 22 95.000000 0.900000 nan nan nan nan nan nan nan nan nan nan nan nan nan nan nan nan nan nan nan nan nan 0.000000 nan -1.000000 nan nan nan nan nan nan nan 19 30 0.000000 0.000000e+00 nan
294 9 23 95.000000 0.940000 nan nan nan nan nan nan nan nan nan nan nan nan nan nan nan nan nan nan nan nan nan 0.000000 nan -1.000000 nan nan nan nan nan nan nan 19 30 0.000000 0.000000e+00 nan
295 9 24 95.000000 0.980000 nan nan nan nan nan nan nan nan nan nan nan nan nan nan nan nan nan nan nan nan nan 0.000000 nan -1.000000 nan nan nan nan nan nan nan 19 30 0.000000 0.000000e+00 nan
296 9 25 95.000000 1.020000 nan nan nan nan nan nan nan nan nan nan nan nan nan nan nan nan nan nan nan nan nan 0.000000 nan -1.000000 nan nan nan nan nan nan nan 19 30 0.000000 0.000000e+00 nan
297 9 26 95.000000 1.060000 nan nan nan nan nan nan nan nan nan nan nan nan nan nan nan nan nan nan nan nan nan 0.000000 nan -1.000000 nan nan nan nan nan nan nan 19 30 0.000000 0.000000e+00 nan
298 9 27 95.000000 1.100000 nan nan nan nan nan nan nan nan nan nan nan nan nan nan nan nan nan nan nan nan nan 0.000000 nan -1.000000 nan nan nan nan nan nan nan 19 30 0.000000 0.000000e+00 nan
299 9 28 95.000000 1.140000 nan nan nan nan nan nan nan nan nan nan nan nan nan nan nan nan nan nan nan nan nan 0.000000 nan -1.000000 nan nan nan nan nan nan nan 19 30 0.000000 0.000000e+00 nan
300 9 29 95.000000 1.180000 nan nan nan nan nan nan nan nan nan nan nan nan nan nan nan nan nan nan nan nan nan 0.000000 nan -1.000000 nan nan nan nan nan nan nan 19 30 0.000000 0.000000e+00 nan
301 10 0 105.000000 0.020000 10540.905617 8353.979990 12.302817 2186.925707 2186.925612 4044541.675867 4044510.156775 2971.054214 2971.052640 3122.503758 2978.200022 28.011949 29.590846 940.031854 0.731330 1.466224 2978.061261 28.748868 0.520236 0.553091 1018.265604 1.617212 104.489053 103.700758 0.050816 -0.136619 1.007955 0.021475 0.064142 0.349787 2410.681265 19 30 1.677467 0.000000e+00 37.179102
302 10 1 105.000000 0.060000 10541.297488 8310.849111 12.371235 2230.448364 2230.448362 4068528.731022 4068481.711653 3007.226359 3007.221576 3164.587705 3022.293996 58.697094 59.855898 941.470656 0.732386 1.468668 3021.736081 58.069421 1.076390 1.100931 1033.993346 3.214374 104.345058 104.033596 0.113739 0.042414 1.017475 0.021318 0.063469 0.342073 2283.523167 19 30 2.566408 0.000000e+00 37.202072
303 10 2 105.000000 0.100000 10541.108313 8266.934722 12.405940 2274.173580 2274.173575 4069616.927529 4069559.994632 3039.982571 3039.971290 3205.084854 3064.672017 97.566889 98.343305 944.698721 0.732561 1.469074 3063.181661 95.565079 1.769248 1.786933 1050.770081 5.196621 103.794112 103.651387 -0.064417 -0.004433 1.030166 0.021311 0.063439 0.338266 2266.592172 19 30 1.397076 0.000000e+00 37.307592
304 10 3 105.000000 0.140000 10541.087678 8216.711972 12.447719 2324.375696 2324.375691 4072082.862242 4072010.441785 3078.122129 3078.105390 3250.440151 3112.074361 136.705160 137.304271 949.545539 0.732885 1.469826 3109.199448 133.737139 2.448997 2.462966 1068.565395 7.133805 103.165650 103.088803 -0.038219 -0.025688 1.043715 0.021295 0.063371 0.333740 2202.603766 19 30 0.536879 0.000000e+00 37.358695
305 10 4 105.000000 0.180000 10540.878993 8160.571932 12.487287 2380.307051 2380.307045 4069837.993952 4069757.890276 3120.220197 3120.195430 3299.790862 3163.584262 176.746720 177.180729 956.126184 0.733143 1.470427 3158.855325 172.911606 3.122631 3.133169 1087.582199 9.033685 102.643005 102.603021 -0.009015 0.006288 1.058772 0.021310 0.063433 0.329534 2141.626705 19 30 0.186729 0.000000e+00 37.349419
306 10 5 105.000000 0.220000 10540.973913 8103.861499 12.518662 2437.112418 2437.112398 4061831.603409 4061766.296702 3162.503822 3162.480535 3348.681603 3214.547267 215.523032 215.848064 964.040795 0.733291 1.470772 3207.609763 211.077568 3.757318 3.764935 1106.096723 10.803915 102.096306 102.068366 -0.023961 -0.013552 1.074081 0.021361 0.063656 0.326231 2118.279381 19 30 0.056595 0.000000e+00 37.308280
307 10 6 105.000000 0.260000 10540.761917 8056.998207 12.508479 2483.763701 2483.763694 4031696.620431 4031655.217341 3193.879708 3193.859312 3386.301969 3253.718900 252.940016 253.148794 973.071724 0.732642 1.469261 3244.247421 248.083354 4.367887 4.372823 1121.488268 12.473477 101.498729 101.481144 -0.027506 -0.042491 1.089290 0.021560 0.064507 0.327310 2148.969515 19 30 0.011278 0.000000e+00 37.292226
308 10 7 105.000000 0.300000 10540.603157 8022.334262 12.467581 2518.268878 2518.268879 3988179.042491 3988145.696307 3214.011422 3214.004331 3411.128469 3279.549220 288.046376 288.121674 982.750409 0.731473 1.466555 3267.303131 283.148966 4.951302 4.952956 1132.406491 14.038498 100.666640 100.660382 -0.079038 -0.045401 1.102689 0.021856 0.065764 0.331644 2265.750322 19 30 0.000547 0.000000e+00 37.358916
309 10 8 105.000000 0.340000 nan nan nan nan nan nan nan nan nan nan nan nan nan nan nan nan nan nan nan nan nan 0.000000 nan -1.000000 nan nan nan nan nan nan nan 19 30 0.000000 0.000000e+00 nan
310 10 9 105.000000 0.380000 nan nan nan nan nan nan nan nan nan nan nan nan nan nan nan nan nan nan nan nan nan 0.000000 nan -1.000000 nan nan nan nan nan nan nan 19 30 0.000000 0.000000e+00 nan
311 10 10 105.000000 0.420000 nan nan nan nan nan nan nan nan nan nan nan nan nan nan nan nan nan nan nan nan nan 0.000000 nan -1.000000 nan nan nan nan nan nan nan 19 30 0.000000 0.000000e+00 nan
312 10 11 105.000000 0.460000 nan nan nan nan nan nan nan nan nan nan nan nan nan nan nan nan nan nan nan nan nan 0.000000 nan -1.000000 nan nan nan nan nan nan nan 19 30 0.000000 0.000000e+00 nan
313 10 12 105.000000 0.500000 nan nan nan nan nan nan nan nan nan nan nan nan nan nan nan nan nan nan nan nan nan 0.000000 nan -1.000000 nan nan nan nan nan nan nan 19 30 0.000000 0.000000e+00 nan
314 10 13 105.000000 0.540000 nan nan nan nan nan nan nan nan nan nan nan nan nan nan nan nan nan nan nan nan nan 0.000000 nan -1.000000 nan nan nan nan nan nan nan 19 30 0.000000 0.000000e+00 nan
315 10 14 105.000000 0.580000 nan nan nan nan nan nan nan nan nan nan nan nan nan nan nan nan nan nan nan nan nan 0.000000 nan -1.000000 nan nan nan nan nan nan nan 19 30 0.000000 0.000000e+00 nan
316 10 15 105.000000 0.620000 nan nan nan nan nan nan nan nan nan nan nan nan nan nan nan nan nan nan nan nan nan 0.000000 nan -1.000000 nan nan nan nan nan nan nan 19 30 0.000000 0.000000e+00 nan
317 10 16 105.000000 0.660000 nan nan nan nan nan nan nan nan nan nan nan nan nan nan nan nan nan nan nan nan nan 0.000000 nan -1.000000 nan nan nan nan nan nan nan 19 30 0.000000 0.000000e+00 nan
318 10 17 105.000000 0.700000 nan nan nan nan nan nan nan nan nan nan nan nan nan nan nan nan nan nan nan nan nan 0.000000 nan -1.000000 nan nan nan nan nan nan nan 19 30 0.000000 0.000000e+00 nan
319 10 18 105.000000 0.740000 nan nan nan nan nan nan nan nan nan nan nan nan nan nan nan nan nan nan nan nan nan 0.000000 nan -1.000000 nan nan nan nan nan nan nan 19 30 0.000000 0.000000e+00 nan
320 10 19 105.000000 0.780000 nan nan nan nan nan nan nan nan nan nan nan nan nan nan nan nan nan nan nan nan nan 0.000000 nan -1.000000 nan nan nan nan nan nan nan 19 30 0.000000 0.000000e+00 nan
321 10 20 105.000000 0.820000 nan nan nan nan nan nan nan nan nan nan nan nan nan nan nan nan nan nan nan nan nan 0.000000 nan -1.000000 nan nan nan nan nan nan nan 19 30 0.000000 0.000000e+00 nan
322 10 21 105.000000 0.860000 nan nan nan nan nan nan nan nan nan nan nan nan nan nan nan nan nan nan nan nan nan 0.000000 nan -1.000000 nan nan nan nan nan nan nan 19 30 0.000000 0.000000e+00 nan
323 10 22 105.000000 0.900000 nan nan nan nan nan nan nan nan nan nan nan nan nan nan nan nan nan nan nan nan nan 0.000000 nan -1.000000 nan nan nan nan nan nan nan 19 30 0.000000 0.000000e+00 nan
324 10 23 105.000000 0.940000 nan nan nan nan nan nan nan nan nan nan nan nan nan nan nan nan nan nan nan nan nan 0.000000 nan -1.000000 nan nan nan nan nan nan nan 19 30 0.000000 0.000000e+00 nan
325 10 24 105.000000 0.980000 nan nan nan nan nan nan nan nan nan nan nan nan nan nan nan nan nan nan nan nan nan 0.000000 nan -1.000000 nan nan nan nan nan nan nan 19 30 0.000000 0.000000e+00 nan
326 10 25 105.000000 1.020000 nan nan nan nan nan nan nan nan nan nan nan nan nan nan nan nan nan nan nan nan nan 0.000000 nan -1.000000 nan nan nan nan nan nan nan 19 30 0.000000 0.000000e+00 nan
327 10 26 105.000000 1.060000 nan nan nan nan nan nan nan nan nan nan nan nan nan nan nan nan nan nan nan nan nan 0.000000 nan -1.000000 nan nan nan nan nan nan nan 19 30 0.000000 0.000000e+00 nan
328 10 27 105.000000 1.100000 nan nan nan nan nan nan nan nan nan nan nan nan nan nan nan nan nan nan nan nan nan 0.000000 nan -1.000000 nan nan nan nan nan nan nan 19 30 0.000000 0.000000e+00 nan
329 10 28 105.000000 1.140000 nan nan nan nan nan nan nan nan nan nan nan nan nan nan nan nan nan nan nan nan nan 0.000000 nan -1.000000 nan nan nan nan nan nan nan 19 30 0.000000 0.000000e+00 nan
330 10 29 105.000000 1.180000 nan nan nan nan nan nan nan nan nan nan nan nan nan nan nan nan nan nan nan nan nan 0.000000 nan -1.000000 nan nan nan nan nan nan nan 19 30 0.000000 0.000000e+00 nan
331 11 0 115.000000 0.020000 10540.842068 8334.923416 12.335450 2205.918492 2205.918636 4056671.849812 4056612.163339 2987.086375 2987.087075 3141.564054 2998.177840 26.026041 27.370538 939.964582 0.731855 1.467437 2998.073032 25.069007 0.449979 0.479079 1025.596964 1.400221 115.246479 113.664411 0.074005 -0.180113 1.012117 0.021395 0.063801 0.346097 2354.134823 19 30 0.572498 0.000000e+00 36.956494
332 11 1 115.000000 0.060000 10541.288214 8310.775694 12.313347 2230.512410 2230.512504 4030624.076553 4030603.413719 3000.980140 3000.964752 3164.917388 3022.639199 54.105182 55.522982 941.205116 0.730851 1.465123 3022.203836 51.300125 0.941504 0.972469 1038.947699 2.826798 113.283953 112.490348 0.116088 -0.071029 1.024350 0.021567 0.064537 0.348564 2355.112293 19 30 0.697154 0.000000e+00 37.010773
333 11 2 115.000000 0.100000 10541.113606 8249.558398 12.357627 2291.555128 2291.555191 4029599.490879 4029562.695701 3046.451203 3046.438558 3222.832478 3083.227990 94.218814 94.762885 944.332713 0.731058 1.465598 3081.976275 87.846885 1.620383 1.632684 1063.876525 4.720344 112.172576 112.025379 -0.226155 0.238718 1.042897 0.021574 0.064566 0.343597 2356.048436 19 30 0.132706 0.000000e+00 36.940186
334 11 3 115.000000 0.140000 10540.264358 8202.569936 12.353768 2337.694418 2337.694406 4003803.470128 4003795.399458 3077.127636 3077.110745 3264.552977 3126.811762 131.315307 131.700439 948.751429 0.730332 1.463931 3124.394752 122.919600 2.244558 2.252962 1083.583183 6.471858 111.104186 111.040450 -0.063920 0.049140 1.060102 0.021748 0.065308 0.344083 2312.668738 19 30 0.015836 0.000000e+00 36.958167
335 11 4 115.000000 0.180000 10541.907591 8143.281047 12.390157 2398.626335 2398.626528 3998863.628801 3998838.859930 3122.860875 3122.858960 3320.309986 3184.981014 164.880499 164.898694 953.926542 0.730624 1.464600 3181.245266 154.216142 2.774722 2.775335 1106.282379 7.935910 110.740635 110.736690 0.546221 -0.138024 1.077426 0.021782 0.065452 0.339944 1981.040676 19 30 0.000865 0.000000e+00 36.701800
336 11 5 115.000000 0.220000 nan nan nan nan nan nan nan nan nan nan nan nan nan nan nan nan nan nan nan nan nan 0.000000 nan -1.000000 nan nan nan nan nan nan nan 19 30 0.000000 0.000000e+00 nan
337 11 6 115.000000 0.260000 nan nan nan nan nan nan nan nan nan nan nan nan nan nan nan nan nan nan nan nan nan 0.000000 nan -1.000000 nan nan nan nan nan nan nan 19 30 0.000000 0.000000e+00 nan
338 11 7 115.000000 0.300000 nan nan nan nan nan nan nan nan nan nan nan nan nan nan nan nan nan nan nan nan nan 0.000000 nan -1.000000 nan nan nan nan nan nan nan 19 30 0.000000 0.000000e+00 nan
339 11 8 115.000000 0.340000 nan nan nan nan nan nan nan nan nan nan nan nan nan nan nan nan nan nan nan nan nan 0.000000 nan -1.000000 nan nan nan nan nan nan nan 19 30 0.000000 0.000000e+00 nan
340 11 9 115.000000 0.380000 nan nan nan nan nan nan nan nan nan nan nan nan nan nan nan nan nan nan nan nan nan 0.000000 nan -1.000000 nan nan nan nan nan nan nan 19 30 0.000000 0.000000e+00 nan
341 11 10 115.000000 0.420000 nan nan nan nan nan nan nan nan nan nan nan nan nan nan nan nan nan nan nan nan nan 0.000000 nan -1.000000 nan nan nan nan nan nan nan 19 30 0.000000 0.000000e+00 nan
342 11 11 115.000000 0.460000 nan nan nan nan nan nan nan nan nan nan nan nan nan nan nan nan nan nan nan nan nan 0.000000 nan -1.000000 nan nan nan nan nan nan nan 19 30 0.000000 0.000000e+00 nan
343 11 12 115.000000 0.500000 nan nan nan nan nan nan nan nan nan nan nan nan nan nan nan nan nan nan nan nan nan 0.000000 nan -1.000000 nan nan nan nan nan nan nan 19 30 0.000000 0.000000e+00 nan
344 11 13 115.000000 0.540000 nan nan nan nan nan nan nan nan nan nan nan nan nan nan nan nan nan nan nan nan nan 0.000000 nan -1.000000 nan nan nan nan nan nan nan 19 30 0.000000 0.000000e+00 nan
345 11 14 115.000000 0.580000 nan nan nan nan nan nan nan nan nan nan nan nan nan nan nan nan nan nan nan nan nan 0.000000 nan -1.000000 nan nan nan nan nan nan nan 19 30 0.000000 0.000000e+00 nan
346 11 15 115.000000 0.620000 nan nan nan nan nan nan nan nan nan nan nan nan nan nan nan nan nan nan nan nan nan 0.000000 nan -1.000000 nan nan nan nan nan nan nan 19 30 0.000000 0.000000e+00 nan
347 11 16 115.000000 0.660000 nan nan nan nan nan nan nan nan nan nan nan nan nan nan nan nan nan nan nan nan nan 0.000000 nan -1.000000 nan nan nan nan nan nan nan 19 30 0.000000 0.000000e+00 nan
348 11 17 115.000000 0.700000 nan nan nan nan nan nan nan nan nan nan nan nan nan nan nan nan nan nan nan nan nan 0.000000 nan -1.000000 nan nan nan nan nan nan nan 19 30 0.000000 0.000000e+00 nan
349 11 18 115.000000 0.740000 nan nan nan nan nan nan nan nan nan nan nan nan nan nan nan nan nan nan nan nan nan 0.000000 nan -1.000000 nan nan nan nan nan nan nan 19 30 0.000000 0.000000e+00 nan
350 11 19 115.000000 0.780000 nan nan nan nan nan nan nan nan nan nan nan nan nan nan nan nan nan nan nan nan nan 0.000000 nan -1.000000 nan nan nan nan nan nan nan 19 30 0.000000 0.000000e+00 nan
351 11 20 115.000000 0.820000 nan nan nan nan nan nan nan nan nan nan nan nan nan nan nan nan nan nan nan nan nan 0.000000 nan -1.000000 nan nan nan nan nan nan nan 19 30 0.000000 0.000000e+00 nan
352 11 21 115.000000 0.860000 nan nan nan nan nan nan nan nan nan nan nan nan nan nan nan nan nan nan nan nan nan 0.000000 nan -1.000000 nan nan nan nan nan nan nan 19 30 0.000000 0.000000e+00 nan
353 11 22 115.000000 0.900000 nan nan nan nan nan nan nan nan nan nan nan nan nan nan nan nan nan nan nan nan nan 0.000000 nan -1.000000 nan nan nan nan nan nan nan 19 30 0.000000 0.000000e+00 nan
354 11 23 115.000000 0.940000 nan nan nan nan nan nan nan nan nan nan nan nan nan nan nan nan nan nan nan nan nan 0.000000 nan -1.000000 nan nan nan nan nan nan nan 19 30 0.000000 0.000000e+00 nan
355 11 24 115.000000 0.980000 nan nan nan nan nan nan nan nan nan nan nan nan nan nan nan nan nan nan nan nan nan 0.000000 nan -1.000000 nan nan nan nan nan nan nan 19 30 0.000000 0.000000e+00 nan
356 11 25 115.000000 1.020000 nan nan nan nan nan nan nan nan nan nan nan nan nan nan nan nan nan nan nan nan nan 0.000000 nan -1.000000 nan nan nan nan nan nan nan 19 30 0.000000 0.000000e+00 nan
357 11 26 115.000000 1.060000 nan nan nan nan nan nan nan nan nan nan nan nan nan nan nan nan nan nan nan nan nan 0.000000 nan -1.000000 nan nan nan nan nan nan nan 19 30 0.000000 0.000000e+00 nan
358 11 27 115.000000 1.100000 nan nan nan nan nan nan nan nan nan nan nan nan nan nan nan nan nan nan nan nan nan 0.000000 nan -1.000000 nan nan nan nan nan nan nan 19 30 0.000000 0.000000e+00 nan
359 11 28 115.000000 1.140000 nan nan nan nan nan nan nan nan nan nan nan nan nan nan nan nan nan nan nan nan nan 0.000000 nan -1.000000 nan nan nan nan nan nan nan 19 30 0.000000 0.000000e+00 nan
360 11 29 115.000000 1.180000 nan nan nan nan nan nan nan nan nan nan nan nan nan nan nan nan nan nan nan nan nan 0.000000 nan -1.000000 nan nan nan nan nan nan nan 19 30 0.000000 0.000000e+00 nan
361 12 0 125.000000 0.020000 10541.569623 8354.652194 12.271777 2186.917263 2186.917414 4024799.443961 4024782.662573 2967.724757 2967.724791 3122.764849 2978.473763 18.326930 19.220002 939.762564 0.730512 1.464343 2978.430992 15.962010 0.285404 0.307057 1020.960693 0.895707 126.180476 123.850947 0.406488 0.116191 1.011604 0.021606 0.064703 0.353302 2431.255108 19 30 0.335027 0.000000e+00 37.000777
362 12 1 125.000000 0.060000 10540.695106 8312.198572 12.223557 2228.496682 2228.496518 3972721.433904 3972713.311839 2989.811423 2989.801004 3162.813886 3020.436613 56.548718 56.987293 941.292632 0.728490 1.459734 3020.050465 48.296187 0.905836 0.916187 1045.128425 2.645800 122.339904 122.060242 0.543046 0.566491 1.034033 0.021964 0.066219 0.358980 2402.116716 19 30 0.060510 0.000000e+00 36.938519
363 12 2 125.000000 0.100000 nan nan nan nan nan nan nan nan nan nan nan nan nan nan nan nan nan nan nan nan nan 0.000000 nan -1.000000 nan nan nan nan nan nan nan 19 30 0.000000 0.000000e+00 nan
364 12 3 125.000000 0.140000 nan nan nan nan nan nan nan nan nan nan nan nan nan nan nan nan nan nan nan nan nan 0.000000 nan -1.000000 nan nan nan nan nan nan nan 19 30 0.000000 0.000000e+00 nan
365 12 4 125.000000 0.180000 nan nan nan nan nan nan nan nan nan nan nan nan nan nan nan nan nan nan nan nan nan 0.000000 nan -1.000000 nan nan nan nan nan nan nan 19 30 0.000000 0.000000e+00 nan
366 12 5 125.000000 0.220000 nan nan nan nan nan nan nan nan nan nan nan nan nan nan nan nan nan nan nan nan nan 0.000000 nan -1.000000 nan nan nan nan nan nan nan 19 30 0.000000 0.000000e+00 nan
367 12 6 125.000000 0.260000 nan nan nan nan nan nan nan nan nan nan nan nan nan nan nan nan nan nan nan nan nan 0.000000 nan -1.000000 nan nan nan nan nan nan nan 19 30 0.000000 0.000000e+00 nan
368 12 7 125.000000 0.300000 nan nan nan nan nan nan nan nan nan nan nan nan nan nan nan nan nan nan nan nan nan 0.000000 nan -1.000000 nan nan nan nan nan nan nan 19 30 0.000000 0.000000e+00 nan
369 12 8 125.000000 0.340000 nan nan nan nan nan nan nan nan nan nan nan nan nan nan nan nan nan nan nan nan nan 0.000000 nan -1.000000 nan nan nan nan nan nan nan 19 30 0.000000 0.000000e+00 nan
370 12 9 125.000000 0.380000 nan nan nan nan nan nan nan nan nan nan nan nan nan nan nan nan nan nan nan nan nan 0.000000 nan -1.000000 nan nan nan nan nan nan nan 19 30 0.000000 0.000000e+00 nan
371 12 10 125.000000 0.420000 nan nan nan nan nan nan nan nan nan nan nan nan nan nan nan nan nan nan nan nan nan 0.000000 nan -1.000000 nan nan nan nan nan nan nan 19 30 0.000000 0.000000e+00 nan
372 12 11 125.000000 0.460000 nan nan nan nan nan nan nan nan nan nan nan nan nan nan nan nan nan nan nan nan nan 0.000000 nan -1.000000 nan nan nan nan nan nan nan 19 30 0.000000 0.000000e+00 nan
373 12 12 125.000000 0.500000 nan nan nan nan nan nan nan nan nan nan nan nan nan nan nan nan nan nan nan nan nan 0.000000 nan -1.000000 nan nan nan nan nan nan nan 19 30 0.000000 0.000000e+00 nan
374 12 13 125.000000 0.540000 nan nan nan nan nan nan nan nan nan nan nan nan nan nan nan nan nan nan nan nan nan 0.000000 nan -1.000000 nan nan nan nan nan nan nan 19 30 0.000000 0.000000e+00 nan
375 12 14 125.000000 0.580000 nan nan nan nan nan nan nan nan nan nan nan nan nan nan nan nan nan nan nan nan nan 0.000000 nan -1.000000 nan nan nan nan nan nan nan 19 30 0.000000 0.000000e+00 nan
376 12 15 125.000000 0.620000 nan nan nan nan nan nan nan nan nan nan nan nan nan nan nan nan nan nan nan nan nan 0.000000 nan -1.000000 nan nan nan nan nan nan nan 19 30 0.000000 0.000000e+00 nan
377 12 16 125.000000 0.660000 nan nan nan nan nan nan nan nan nan nan nan nan nan nan nan nan nan nan nan nan nan 0.000000 nan -1.000000 nan nan nan nan nan nan nan 19 30 0.000000 0.000000e+00 nan
378 12 17 125.000000 0.700000 nan nan nan nan nan nan nan nan nan nan nan nan nan nan nan nan nan nan nan nan nan 0.000000 nan -1.000000 nan nan nan nan nan nan nan 19 30 0.000000 0.000000e+00 nan
379 12 18 125.000000 0.740000 nan nan nan nan nan nan nan nan nan nan nan nan nan nan nan nan nan nan nan nan nan 0.000000 nan -1.000000 nan nan nan nan nan nan nan 19 30 0.000000 0.000000e+00 nan
380 12 19 125.000000 0.780000 nan nan nan nan nan nan nan nan nan nan nan nan nan nan nan nan nan nan nan nan nan 0.000000 nan -1.000000 nan nan nan nan nan nan nan 19 30 0.000000 0.000000e+00 nan
381 12 20 125.000000 0.820000 nan nan nan nan nan nan nan nan nan nan nan nan nan nan nan nan nan nan nan nan nan 0.000000 nan -1.000000 nan nan nan nan nan nan nan 19 30 0.000000 0.000000e+00 nan
382 12 21 125.000000 0.860000 nan nan nan nan nan nan nan nan nan nan nan nan nan nan nan nan nan nan nan nan nan 0.000000 nan -1.000000 nan nan nan nan nan nan nan 19 30 0.000000 0.000000e+00 nan
383 12 22 125.000000 0.900000 nan nan nan nan nan nan nan nan nan nan nan nan nan nan nan nan nan nan nan nan nan 0.000000 nan -1.000000 nan nan nan nan nan nan nan 19 30 0.000000 0.000000e+00 nan
384 12 23 125.000000 0.940000 nan nan nan nan nan nan nan nan nan nan nan nan nan nan nan nan nan nan nan nan nan 0.000000 nan -1.000000 nan nan nan nan nan nan nan 19 30 0.000000 0.000000e+00 nan
385 12 24 125.000000 0.980000 nan nan nan nan nan nan nan nan nan nan nan nan nan nan nan nan nan nan nan nan nan 0.000000 nan -1.000000 nan nan nan nan nan nan nan 19 30 0.000000 0.000000e+00 nan
386 12 25 125.000000 1.020000 nan nan nan nan nan nan nan nan nan nan nan nan nan nan nan nan nan nan nan nan nan 0.000000 nan -1.000000 nan nan nan nan nan nan nan 19 30 0.000000 0.000000e+00 nan
387 12 26 125.000000 1.060000 nan nan nan nan nan nan nan nan nan nan nan nan nan nan nan nan nan nan nan nan nan 0.000000 nan -1.000000 nan nan nan nan nan nan nan 19 30 0.000000 0.000000e+00 nan
388 12 27 125.000000 1.100000 nan nan nan nan nan nan nan nan nan nan nan nan nan nan nan nan nan nan nan nan nan 0.000000 nan -1.000000 nan nan nan nan nan nan nan 19 30 0.000000 0.000000e+00 nan
389 12 28 125.000000 1.140000 nan nan nan nan nan nan nan nan nan nan nan nan nan nan nan nan nan nan nan nan nan 0.000000 nan -1.000000 nan nan nan nan nan nan nan 19 30 0.000000 0.000000e+00 nan
390 12 29 125.000000 1.180000 nan nan nan nan nan nan nan nan nan nan nan nan nan nan nan nan nan nan nan nan nan 0.000000 nan -1.000000 nan nan nan nan nan nan nan 19 30 0.000000 0.000000e+00 nan
391 13 0 135.000000 0.020000 10540.418836 8344.836872 12.307429 2195.581817 2195.581948 4042973.788721 4042914.858907 2977.174218 2977.162231 3131.473775 2987.603330 14.443400 16.910855 939.718173 0.731275 1.466099 2987.573610 13.325922 0.191789 0.255563 1022.756343 0.746489 136.604832 128.000075 -0.094112 0.690700 1.011243 0.021485 0.064187 0.349294 2406.693062 19 30 0.200305 0.000000e+00 36.791024
392 13 1 135.000000 0.060000 nan nan nan nan nan nan nan nan nan nan nan nan nan nan nan nan nan nan nan nan nan 0.000000 nan -1.000000 nan nan nan nan nan nan nan 19 30 0.000000 0.000000e+00 nan
393 13 2 135.000000 0.100000 nan nan nan nan nan nan nan nan nan nan nan nan nan nan nan nan nan nan nan nan nan 0.000000 nan -1.000000 nan nan nan nan nan nan nan 19 30 0.000000 0.000000e+00 nan
394 13 3 135.000000 0.140000 nan nan nan nan nan nan nan nan nan nan nan nan nan nan nan nan nan nan nan nan nan 0.000000 nan -1.000000 nan nan nan nan nan nan nan 19 30 0.000000 0.000000e+00 nan
395 13 4 135.000000 0.180000 nan nan nan nan nan nan nan nan nan nan nan nan nan nan nan nan nan nan nan nan nan 0.000000 nan -1.000000 nan nan nan nan nan nan nan 19 30 0.000000 0.000000e+00 nan
396 13 5 135.000000 0.220000 nan nan nan nan nan nan nan nan nan nan nan nan nan nan nan nan nan nan nan nan nan 0.000000 nan -1.000000 nan nan nan nan nan nan nan 19 30 0.000000 0.000000e+00 nan
397 13 6 135.000000 0.260000 nan nan nan nan nan nan nan nan nan nan nan nan nan nan nan nan nan nan nan nan nan 0.000000 nan -1.000000 nan nan nan nan nan nan nan 19 30 0.000000 0.000000e+00 nan
398 13 7 135.000000 0.300000 nan nan nan nan nan nan nan nan nan nan nan nan nan nan nan nan nan nan nan nan nan 0.000000 nan -1.000000 nan nan nan nan nan nan nan 19 30 0.000000 0.000000e+00 nan
399 13 8 135.000000 0.340000 nan nan nan nan nan nan nan nan nan nan nan nan nan nan nan nan nan nan nan nan nan 0.000000 nan -1.000000 nan nan nan nan nan nan nan 19 30 0.000000 0.000000e+00 nan
400 13 9 135.000000 0.380000 nan nan nan nan nan nan nan nan nan nan nan nan nan nan nan nan nan nan nan nan nan 0.000000 nan -1.000000 nan nan nan nan nan nan nan 19 30 0.000000 0.000000e+00 nan
401 13 10 135.000000 0.420000 nan nan nan nan nan nan nan nan nan nan nan nan nan nan nan nan nan nan nan nan nan 0.000000 nan -1.000000 nan nan nan nan nan nan nan 19 30 0.000000 0.000000e+00 nan
402 13 11 135.000000 0.460000 nan nan nan nan nan nan nan nan nan nan nan nan nan nan nan nan nan nan nan nan nan 0.000000 nan -1.000000 nan nan nan nan nan nan nan 19 30 0.000000 0.000000e+00 nan
403 13 12 135.000000 0.500000 nan nan nan nan nan nan nan nan nan nan nan nan nan nan nan nan nan nan nan nan nan 0.000000 nan -1.000000 nan nan nan nan nan nan nan 19 30 0.000000 0.000000e+00 nan
404 13 13 135.000000 0.540000 nan nan nan nan nan nan nan nan nan nan nan nan nan nan nan nan nan nan nan nan nan 0.000000 nan -1.000000 nan nan nan nan nan nan nan 19 30 0.000000 0.000000e+00 nan
405 13 14 135.000000 0.580000 nan nan nan nan nan nan nan nan nan nan nan nan nan nan nan nan nan nan nan nan nan 0.000000 nan -1.000000 nan nan nan nan nan nan nan 19 30 0.000000 0.000000e+00 nan
406 13 15 135.000000 0.620000 nan nan nan nan nan nan nan nan nan nan nan nan nan nan nan nan nan nan nan nan nan 0.000000 nan -1.000000 nan nan nan nan nan nan nan 19 30 0.000000 0.000000e+00 nan
407 13 16 135.000000 0.660000 nan nan nan nan nan nan nan nan nan nan nan nan nan nan nan nan nan nan nan nan nan 0.000000 nan -1.000000 nan nan nan nan nan nan nan 19 30 0.000000 0.000000e+00 nan
408 13 17 135.000000 0.700000 nan nan nan nan nan nan nan nan nan nan nan nan nan nan nan nan nan nan nan nan nan 0.000000 nan -1.000000 nan nan nan nan nan nan nan 19 30 0.000000 0.000000e+00 nan
409 13 18 135.000000 0.740000 nan nan nan nan nan nan nan nan nan nan nan nan nan nan nan nan nan nan nan nan nan 0.000000 nan -1.000000 nan nan nan nan nan nan nan 19 30 0.000000 0.000000e+00 nan
410 13 19 135.000000 0.780000 nan nan nan nan nan nan nan nan nan nan nan nan nan nan nan nan nan nan nan nan nan 0.000000 nan -1.000000 nan nan nan nan nan nan nan 19 30 0.000000 0.000000e+00 nan
411 13 20 135.000000 0.820000 nan nan nan nan nan nan nan nan nan nan nan nan nan nan nan nan nan nan nan nan nan 0.000000 nan -1.000000 nan nan nan nan nan nan nan 19 30 0.000000 0.000000e+00 nan
412 13 21 135.000000 0.860000 nan nan nan nan nan nan nan nan nan nan nan nan nan nan nan nan nan nan nan nan nan 0.000000 nan -1.000000 nan nan nan nan nan nan nan 19 30 0.000000 0.000000e+00 nan
413 13 22 135.000000 0.900000 nan nan nan nan nan nan nan nan nan nan nan nan nan nan nan nan nan nan nan nan nan 0.000000 nan -1.000000 nan nan nan nan nan nan nan 19 30 0.000000 0.000000e+00 nan
414 13 23 135.000000 0.940000 nan nan nan nan nan nan nan nan nan nan nan nan nan nan nan nan nan nan nan nan nan 0.000000 nan -1.000000 nan nan nan nan nan nan nan 19 30 0.000000 0.000000e+00 nan
415 13 24 135.000000 0.980000 nan nan nan nan nan nan nan nan nan nan nan nan nan nan nan nan nan nan nan nan nan 0.000000 nan -1.000000 nan nan nan nan nan nan nan 19 30 0.000000 0.000000e+00 nan
416 13 25 135.000000 1.020000 nan nan nan nan nan nan nan nan nan nan nan nan nan nan nan nan nan nan nan nan nan 0.000000 nan -1.000000 nan nan nan nan nan nan nan 19 30 0.000000 0.000000e+00 nan
417 13 26 135.000000 1.060000 nan nan nan nan nan nan nan nan nan nan nan nan nan nan nan nan nan nan nan nan nan 0.000000 nan -1.000000 nan nan nan nan nan nan nan 19 30 0.000000 0.000000e+00 nan
418 13 27 135.000000 1.100000 nan nan nan nan nan nan nan nan nan nan nan nan nan nan nan nan nan nan nan nan nan 0.000000 nan -1.000000 nan nan nan nan nan nan nan 19 30 0.000000 0.000000e+00 nan
419 13 28 135.000000 1.140000 nan nan nan nan nan nan nan nan nan nan nan nan nan nan nan nan nan nan nan nan nan 0.000000 nan -1.000000 nan nan nan nan nan nan nan 19 30 0.000000 0.000000e+00 nan
420 13 29 135.000000 1.180000 nan nan nan nan nan nan nan nan nan nan nan nan nan nan nan nan nan nan nan nan nan 0.000000 nan -1.000000 nan nan nan nan nan nan nan 19 30 0.000000 0.000000e+00 nan
421 14 0 145.000000 0.020000 10539.856900 8378.720678 12.206731 2161.136237 2161.136207 3993208.072036 3993214.424612 2943.422976 2943.420482 3097.128003 2951.583900 9.919862 9.904617 939.618204 0.729157 1.461247 2951.578556 5.616694 0.109419 0.109031 1013.063814 0.317660 145.012080 145.453258 -0.230888 -0.499779 1.008738 0.021821 0.065616 0.361025 2566.403052 19 30 0.127783 0.000000e+00 37.003260
422 14 1 145.000000 0.060000 nan nan nan nan nan nan nan nan nan nan nan nan nan nan nan nan nan nan nan nan nan 0.000000 nan -1.000000 nan nan nan nan nan nan nan 19 30 0.000000 0.000000e+00 nan
423 14 2 145.000000 0.100000 nan nan nan nan nan nan nan nan nan nan nan nan nan nan nan nan nan nan nan nan nan 0.000000 nan -1.000000 nan nan nan nan nan nan nan 19 30 0.000000 0.000000e+00 nan
424 14 3 145.000000 0.140000 nan nan nan nan nan nan nan nan nan nan nan nan nan nan nan nan nan nan nan nan nan 0.000000 nan -1.000000 nan nan nan nan nan nan nan 19 30 0.000000 0.000000e+00 nan
425 14 4 145.000000 0.180000 nan nan nan nan nan nan nan nan nan nan nan nan nan nan nan nan nan nan nan nan nan 0.000000 nan -1.000000 nan nan nan nan nan nan nan 19 30 0.000000 0.000000e+00 nan
426 14 5 145.000000 0.220000 nan nan nan nan nan nan nan nan nan nan nan nan nan nan nan nan nan nan nan nan nan 0.000000 nan -1.000000 nan nan nan nan nan nan nan 19 30 0.000000 0.000000e+00 nan
427 14 6 145.000000 0.260000 nan nan nan nan nan nan nan nan nan nan nan nan nan nan nan nan nan nan nan nan nan 0.000000 nan -1.000000 nan nan nan nan nan nan nan 19 30 0.000000 0.000000e+00 nan
428 14 7 145.000000 0.300000 nan nan nan nan nan nan nan nan nan nan nan nan nan nan nan nan nan nan nan nan nan 0.000000 nan -1.000000 nan nan nan nan nan nan nan 19 30 0.000000 0.000000e+00 nan
429 14 8 145.000000 0.340000 nan nan nan nan nan nan nan nan nan nan nan nan nan nan nan nan nan nan nan nan nan 0.000000 nan -1.000000 nan nan nan nan nan nan nan 19 30 0.000000 0.000000e+00 nan
430 14 9 145.000000 0.380000 nan nan nan nan nan nan nan nan nan nan nan nan nan nan nan nan nan nan nan nan nan 0.000000 nan -1.000000 nan nan nan nan nan nan nan 19 30 0.000000 0.000000e+00 nan
431 14 10 145.000000 0.420000 nan nan nan nan nan nan nan nan nan nan nan nan nan nan nan nan nan nan nan nan nan 0.000000 nan -1.000000 nan nan nan nan nan nan nan 19 30 0.000000 0.000000e+00 nan
432 14 11 145.000000 0.460000 nan nan nan nan nan nan nan nan nan nan nan nan nan nan nan nan nan nan nan nan nan 0.000000 nan -1.000000 nan nan nan nan nan nan nan 19 30 0.000000 0.000000e+00 nan
433 14 12 145.000000 0.500000 nan nan nan nan nan nan nan nan nan nan nan nan nan nan nan nan nan nan nan nan nan 0.000000 nan -1.000000 nan nan nan nan nan nan nan 19 30 0.000000 0.000000e+00 nan
434 14 13 145.000000 0.540000 nan nan nan nan nan nan nan nan nan nan nan nan nan nan nan nan nan nan nan nan nan 0.000000 nan -1.000000 nan nan nan nan nan nan nan 19 30 0.000000 0.000000e+00 nan
435 14 14 145.000000 0.580000 nan nan nan nan nan nan nan nan nan nan nan nan nan nan nan nan nan nan nan nan nan 0.000000 nan -1.000000 nan nan nan nan nan nan nan 19 30 0.000000 0.000000e+00 nan
436 14 15 145.000000 0.620000 nan nan nan nan nan nan nan nan nan nan nan nan nan nan nan nan nan nan nan nan nan 0.000000 nan -1.000000 nan nan nan nan nan nan nan 19 30 0.000000 0.000000e+00 nan
437 14 16 145.000000 0.660000 nan nan nan nan nan nan nan nan nan nan nan nan nan nan nan nan nan nan nan nan nan 0.000000 nan -1.000000 nan nan nan nan nan nan nan 19 30 0.000000 0.000000e+00 nan
438 14 17 145.000000 0.700000 nan nan nan nan nan nan nan nan nan nan nan nan nan nan nan nan nan nan nan nan nan 0.000000 nan -1.000000 nan nan nan nan nan nan nan 19 30 0.000000 0.000000e+00 nan
439 14 18 145.000000 0.740000 nan nan nan nan nan nan nan nan nan nan nan nan nan nan nan nan nan nan nan nan nan 0.000000 nan -1.000000 nan nan nan nan nan nan nan 19 30 0.000000 0.000000e+00 nan
440 14 19 145.000000 0.780000 nan nan nan nan nan nan nan nan nan nan nan nan nan nan nan nan nan nan nan nan nan 0.000000 nan -1.000000 nan nan nan nan nan nan nan 19 30 0.000000 0.000000e+00 nan
441 14 20 145.000000 0.820000 nan nan nan nan nan nan nan nan nan nan nan nan nan nan nan nan nan nan nan nan nan 0.000000 nan -1.000000 nan nan nan nan nan nan nan 19 30 0.000000 0.000000e+00 nan
442 14 21 145.000000 0.860000 nan nan nan nan nan nan nan nan nan nan nan nan nan nan nan nan nan nan nan nan nan 0.000000 nan -1.000000 nan nan nan nan nan nan nan 19 30 0.000000 0.000000e+00 nan
443 14 22 145.000000 0.900000 nan nan nan nan nan nan nan nan nan nan nan nan nan nan nan nan nan nan nan nan nan 0.000000 nan -1.000000 nan nan nan nan nan nan nan 19 30 0.000000 0.000000e+00 nan
444 14 23 145.000000 0.940000 nan nan nan nan nan nan nan nan nan nan nan nan nan nan nan nan nan nan nan nan nan 0.000000 nan -1.000000 nan nan nan nan nan nan nan 19 30 0.000000 0.000000e+00 nan
445 14 24 145.000000 0.980000 nan nan nan nan nan nan nan nan nan nan nan nan nan nan nan nan nan nan nan nan nan 0.000000 nan -1.000000 nan nan nan nan nan nan nan 19 30 0.000000 0.000000e+00 nan
446 14 25 145.000000 1.020000 nan nan nan nan nan nan nan nan nan nan nan nan nan nan nan nan nan nan nan nan nan 0.000000 nan -1.000000 nan nan nan nan nan nan nan 19 30 0.000000 0.000000e+00 nan
447 14 26 145.000000 1.060000 nan nan nan nan nan nan nan nan nan nan nan nan nan nan nan nan nan nan nan nan nan 0.000000 nan -1.000000 nan nan nan nan nan nan nan 19 30 0.000000 0.000000e+00 nan
448 14 27 145.000000 1.100000 nan nan nan nan nan nan nan nan nan nan nan nan nan nan nan nan nan nan nan nan nan 0.000000 nan -1.000000 nan nan nan nan nan nan nan 19 30 0.000000 0.000000e+00 nan
449 14 28 145.000000 1.140000 nan nan nan nan nan nan nan nan nan nan nan nan nan nan nan nan nan nan nan nan nan 0.000000 nan -1.000000 nan nan nan nan nan nan nan 19 30 0.000000 0.000000e+00 nan
450 14 29 145.000000 1.180000 nan nan nan nan nan nan nan nan nan nan nan nan nan nan nan nan nan nan nan nan nan 0.000000 nan -1.000000 nan nan nan nan nan nan nan 19 30 0.000000 0.000000e+00 nan
451 15 0 155.000000 0.020000 10541.498000 8345.162094 12.325975 2196.335690 2196.335890 4055634.500000 4055634.866808 2979.853270 2979.853387 3132.330892 2988.501710 9.902585 9.595635 939.614998 0.731801 1.467311 2988.498810 4.163276 0.092610 0.079819 1021.625094 0.233488 150.803847 154.286468 0.611838 -0.790983 1.009254 0.021402 0.063828 0.347121 2368.428922 19 30 0.059949 0.000000e+00 36.636492
452 15 1 155.000000 0.060000 nan nan nan nan nan nan nan nan nan nan nan nan nan nan nan nan nan nan nan nan nan 0.000000 nan -1.000000 nan nan nan nan nan nan nan 19 30 0.000000 0.000000e+00 nan
453 15 2 155.000000 0.100000 nan nan nan nan nan nan nan nan nan nan nan nan nan nan nan nan nan nan nan nan nan 0.000000 nan -1.000000 nan nan nan nan nan nan nan 19 30 0.000000 0.000000e+00 nan
454 15 3 155.000000 0.140000 nan nan nan nan nan nan nan nan nan nan nan nan nan nan nan nan nan nan nan nan nan 0.000000 nan -1.000000 nan nan nan nan nan nan nan 19 30 0.000000 0.000000e+00 nan
455 15 4 155.000000 0.180000 nan nan nan nan nan nan nan nan nan nan nan nan nan nan nan nan nan nan nan nan nan 0.000000 nan -1.000000 nan nan nan nan nan nan nan 19 30 0.000000 0.000000e+00 nan
456 15 5 155.000000 0.220000 nan nan nan nan nan nan nan nan nan nan nan nan nan nan nan nan nan nan nan nan nan 0.000000 nan -1.000000 nan nan nan nan nan nan nan 19 30 0.000000 0.000000e+00 nan
457 15 6 155.000000 0.260000 nan nan nan nan nan nan nan nan nan nan nan nan nan nan nan nan nan nan nan nan nan 0.000000 nan -1.000000 nan nan nan nan nan nan nan 19 30 0.000000 0.000000e+00 nan
458 15 7 155.000000 0.300000 nan nan nan nan nan nan nan nan nan nan nan nan nan nan nan nan nan nan nan nan nan 0.000000 nan -1.000000 nan nan nan nan nan nan nan 19 30 0.000000 0.000000e+00 nan
459 15 8 155.000000 0.340000 nan nan nan nan nan nan nan nan nan nan nan nan nan nan nan nan nan nan nan nan nan 0.000000 nan -1.000000 nan nan nan nan nan nan nan 19 30 0.000000 0.000000e+00 nan
460 15 9 155.000000 0.380000 nan nan nan nan nan nan nan nan nan nan nan nan nan nan nan nan nan nan nan nan nan 0.000000 nan -1.000000 nan nan nan nan nan nan nan 19 30 0.000000 0.000000e+00 nan
461 15 10 155.000000 0.420000 nan nan nan nan nan nan nan nan nan nan nan nan nan nan nan nan nan nan nan nan nan 0.000000 nan -1.000000 nan nan nan nan nan nan nan 19 30 0.000000 0.000000e+00 nan
462 15 11 155.000000 0.460000 nan nan nan nan nan nan nan nan nan nan nan nan nan nan nan nan nan nan nan nan nan 0.000000 nan -1.000000 nan nan nan nan nan nan nan 19 30 0.000000 0.000000e+00 nan
463 15 12 155.000000 0.500000 nan nan nan nan nan nan nan nan nan nan nan nan nan nan nan nan nan nan nan nan nan 0.000000 nan -1.000000 nan nan nan nan nan nan nan 19 30 0.000000 0.000000e+00 nan
464 15 13 155.000000 0.540000 nan nan nan nan nan nan nan nan nan nan nan nan nan nan nan nan nan nan nan nan nan 0.000000 nan -1.000000 nan nan nan nan nan nan nan 19 30 0.000000 0.000000e+00 nan
465 15 14 155.000000 0.580000 nan nan nan nan nan nan nan nan nan nan nan nan nan nan nan nan nan nan nan nan nan 0.000000 nan -1.000000 nan nan nan nan nan nan nan 19 30 0.000000 0.000000e+00 nan
466 15 15 155.000000 0.620000 nan nan nan nan nan nan nan nan nan nan nan nan nan nan nan nan nan nan nan nan nan 0.000000 nan -1.000000 nan nan nan nan nan nan nan 19 30 0.000000 0.000000e+00 nan
467 15 16 155.000000 0.660000 nan nan nan nan nan nan nan nan nan nan nan nan nan nan nan nan nan nan nan nan nan 0.000000 nan -1.000000 nan nan nan nan nan nan nan 19 30 0.000000 0.000000e+00 nan
468 15 17 155.000000 0.700000 nan nan nan nan nan nan nan nan nan nan nan nan nan nan nan nan nan nan nan nan nan 0.000000 nan -1.000000 nan nan nan nan nan nan nan 19 30 0.000000 0.000000e+00 nan
469 15 18 155.000000 0.740000 nan nan nan nan nan nan nan nan nan nan nan nan nan nan nan nan nan nan nan nan nan 0.000000 nan -1.000000 nan nan nan nan nan nan nan 19 30 0.000000 0.000000e+00 nan
470 15 19 155.000000 0.780000 nan nan nan nan nan nan nan nan nan nan nan nan nan nan nan nan nan nan nan nan nan 0.000000 nan -1.000000 nan nan nan nan nan nan nan 19 30 0.000000 0.000000e+00 nan
471 15 20 155.000000 0.820000 nan nan nan nan nan nan nan nan nan nan nan nan nan nan nan nan nan nan nan nan nan 0.000000 nan -1.000000 nan nan nan nan nan nan nan 19 30 0.000000 0.000000e+00 nan
472 15 21 155.000000 0.860000 nan nan nan nan nan nan nan nan nan nan nan nan nan nan nan nan nan nan nan nan nan 0.000000 nan -1.000000 nan nan nan nan nan nan nan 19 30 0.000000 0.000000e+00 nan
473 15 22 155.000000 0.900000 nan nan nan nan nan nan nan nan nan nan nan nan nan nan nan nan nan nan nan nan nan 0.000000 nan -1.000000 nan nan nan nan nan nan nan 19 30 0.000000 0.000000e+00 nan
474 15 23 155.000000 0.940000 nan nan nan nan nan nan nan nan nan nan nan nan nan nan nan nan nan nan nan nan nan 0.000000 nan -1.000000 nan nan nan nan nan nan nan 19 30 0.000000 0.000000e+00 nan
475 15 24 155.000000 0.980000 nan nan nan nan nan nan nan nan nan nan nan nan nan nan nan nan nan nan nan nan nan 0.000000 nan -1.000000 nan nan nan nan nan nan nan 19 30 0.000000 0.000000e+00 nan
476 15 25 155.000000 1.020000 nan nan nan nan nan nan nan nan nan nan nan nan nan nan nan nan nan nan nan nan nan 0.000000 nan -1.000000 nan nan nan nan nan nan nan 19 30 0.000000 0.000000e+00 nan
477 15 26 155.000000 1.060000 nan nan nan nan nan nan nan nan nan nan nan nan nan nan nan nan nan nan nan nan nan 0.000000 nan -1.000000 nan nan nan nan nan nan nan 19 30 0.000000 0.000000e+00 nan
478 15 27 155.000000 1.100000 nan nan nan nan nan nan nan nan nan nan nan nan nan nan nan nan nan nan nan nan nan 0.000000 nan -1.000000 nan nan nan nan nan nan nan 19 30 0.000000 0.000000e+00 nan
479 15 28 155.000000 1.140000 nan nan nan nan nan nan nan nan nan nan nan nan nan nan nan nan nan nan nan nan nan 0.000000 nan -1.000000 nan nan nan nan nan nan nan 19 30 0.000000 0.000000e+00 nan
480 15 29 155.000000 1.180000 nan nan nan nan nan nan nan nan nan nan nan nan nan nan nan nan nan nan nan nan nan 0.000000 nan -1.000000 nan nan nan nan nan nan nan 19 30 0.000000 0.000000e+00 nan
481 16 0 165.000000 0.020000 nan nan nan nan nan nan nan nan nan nan nan nan nan nan nan nan nan nan nan nan nan 0.000000 nan -1.000000 nan nan nan nan nan nan nan 19 30 0.000000 0.000000e+00 nan
482 16 1 165.000000 0.060000 nan nan nan nan nan nan nan nan nan nan nan nan nan nan nan nan nan nan nan nan nan 0.000000 nan -1.000000 nan nan nan nan nan nan nan 19 30 0.000000 0.000000e+00 nan
483 16 2 165.000000 0.100000 nan nan nan nan nan nan nan nan nan nan nan nan nan nan nan nan nan nan nan nan nan 0.000000 nan -1.000000 nan nan nan nan nan nan nan 19 30 0.000000 0.000000e+00 nan
484 16 3 165.000000 0.140000 nan nan nan nan nan nan nan nan nan nan nan nan nan nan nan nan nan nan nan nan nan 0.000000 nan -1.000000 nan nan nan nan nan nan nan 19 30 0.000000 0.000000e+00 nan
485 16 4 165.000000 0.180000 nan nan nan nan nan nan nan nan nan nan nan nan nan nan nan nan nan nan nan nan nan 0.000000 nan -1.000000 nan nan nan nan nan nan nan 19 30 0.000000 0.000000e+00 nan
486 16 5 165.000000 0.220000 nan nan nan nan nan nan nan nan nan nan nan nan nan nan nan nan nan nan nan nan nan 0.000000 nan -1.000000 nan nan nan nan nan nan nan 19 30 0.000000 0.000000e+00 nan
487 16 6 165.000000 0.260000 nan nan nan nan nan nan nan nan nan nan nan nan nan nan nan nan nan nan nan nan nan 0.000000 nan -1.000000 nan nan nan nan nan nan nan 19 30 0.000000 0.000000e+00 nan
488 16 7 165.000000 0.300000 nan nan nan nan nan nan nan nan nan nan nan nan nan nan nan nan nan nan nan nan nan 0.000000 nan -1.000000 nan nan nan nan nan nan nan 19 30 0.000000 0.000000e+00 nan
489 16 8 165.000000 0.340000 nan nan nan nan nan nan nan nan nan nan nan nan nan nan nan nan nan nan nan nan nan 0.000000 nan -1.000000 nan nan nan nan nan nan nan 19 30 0.000000 0.000000e+00 nan
490 16 9 165.000000 0.380000 nan nan nan nan nan nan nan nan nan nan nan nan nan nan nan nan nan nan nan nan nan 0.000000 nan -1.000000 nan nan nan nan nan nan nan 19 30 0.000000 0.000000e+00 nan
491 16 10 165.000000 0.420000 nan nan nan nan nan nan nan nan nan nan nan nan nan nan nan nan nan nan nan nan nan 0.000000 nan -1.000000 nan nan nan nan nan nan nan 19 30 0.000000 0.000000e+00 nan
492 16 11 165.000000 0.460000 nan nan nan nan nan nan nan nan nan nan nan nan nan nan nan nan nan nan nan nan nan 0.000000 nan -1.000000 nan nan nan nan nan nan nan 19 30 0.000000 0.000000e+00 nan
493 16 12 165.000000 0.500000 nan nan nan nan nan nan nan nan nan nan nan nan nan nan nan nan nan nan nan nan nan 0.000000 nan -1.000000 nan nan nan nan nan nan nan 19 30 0.000000 0.000000e+00 nan
494 16 13 165.000000 0.540000 nan nan nan nan nan nan nan nan nan nan nan nan nan nan nan nan nan nan nan nan nan 0.000000 nan -1.000000 nan nan nan nan nan nan nan 19 30 0.000000 0.000000e+00 nan
495 16 14 165.000000 0.580000 nan nan nan nan nan nan nan nan nan nan nan nan nan nan nan nan nan nan nan nan nan 0.000000 nan -1.000000 nan nan nan nan nan nan nan 19 30 0.000000 0.000000e+00 nan
496 16 15 165.000000 0.620000 nan nan nan nan nan nan nan nan nan nan nan nan nan nan nan nan nan nan nan nan nan 0.000000 nan -1.000000 nan nan nan nan nan nan nan 19 30 0.000000 0.000000e+00 nan
497 16 16 165.000000 0.660000 nan nan nan nan nan nan nan nan nan nan nan nan nan nan nan nan nan nan nan nan nan 0.000000 nan -1.000000 nan nan nan nan nan nan nan 19 30 0.000000 0.000000e+00 nan
498 16 17 165.000000 0.700000 nan nan nan nan nan nan nan nan nan nan nan nan nan nan nan nan nan nan nan nan nan 0.000000 nan -1.000000 nan nan nan nan nan nan nan 19 30 0.000000 0.000000e+00 nan
499 16 18 165.000000 0.740000 nan nan nan nan nan nan nan nan nan nan nan nan nan nan nan nan nan nan nan nan nan 0.000000 nan -1.000000 nan nan nan nan nan nan nan 19 30 0.000000 0.000000e+00 nan
500 16 19 165.000000 0.780000 nan nan nan nan nan nan nan nan nan nan nan nan nan nan nan nan nan nan nan nan nan 0.000000 nan -1.000000 nan nan nan nan nan nan nan 19 30 0.000000 0.000000e+00 nan
501 16 20 165.000000 0.820000 nan nan nan nan nan nan nan nan nan nan nan nan nan nan nan nan nan nan nan nan nan 0.000000 nan -1.000000 nan nan nan nan nan nan nan 19 30 0.000000 0.000000e+00 nan
502 16 21 165.000000 0.860000 nan nan nan nan nan nan nan nan nan nan nan nan nan nan nan nan nan nan nan nan nan 0.000000 nan -1.000000 nan nan nan nan nan nan nan 19 30 0.000000 0.000000e+00 nan
503 16 22 165.000000 0.900000 nan nan nan nan nan nan nan nan nan nan nan nan nan nan nan nan nan nan nan nan nan 0.000000 nan -1.000000 nan nan nan nan nan nan nan 19 30 0.000000 0.000000e+00 nan
504 16 23 165.000000 0.940000 nan nan nan nan nan nan nan nan nan nan nan nan nan nan nan nan nan nan nan nan nan 0.000000 nan -1.000000 nan nan nan nan nan nan nan 19 30 0.000000 0.000000e+00 nan
505 16 24 165.000000 0.980000 nan nan nan nan nan nan nan nan nan nan nan nan nan nan nan nan nan nan nan nan nan 0.000000 nan -1.000000 nan nan nan nan nan nan nan 19 30 0.000000 0.000000e+00 nan
506 16 25 165.000000 1.020000 nan nan nan nan nan nan nan nan nan nan nan nan nan nan nan nan nan nan nan nan nan 0.000000 nan -1.000000 nan nan nan nan nan nan nan 19 30 0.000000 0.000000e+00 nan
507 16 26 165.000000 1.060000 nan nan nan nan nan nan nan nan nan nan nan nan nan nan nan nan nan nan nan nan nan 0.000000 nan -1.000000 nan nan nan nan nan nan nan 19 30 0.000000 0.000000e+00 nan
508 16 27 165.000000 1.100000 nan nan nan nan nan nan nan nan nan nan nan nan nan nan nan nan nan nan nan nan nan 0.000000 nan -1.000000 nan nan nan nan nan nan nan 19 30 0.000000 0.000000e+00 nan
509 16 28 165.000000 1.140000 nan nan nan nan nan nan nan nan nan nan nan nan nan nan nan nan nan nan nan nan nan 0.000000 nan -1.000000 nan nan nan nan nan nan nan 19 30 0.000000 0.000000e+00 nan
510 16 29 165.000000 1.180000 nan nan nan nan nan nan nan nan nan nan nan nan nan nan nan nan nan nan nan nan nan 0.000000 nan -1.000000 nan nan nan nan nan nan nan 19 30 0.000000 0.000000e+00 nan
511 17 0 175.000000 0.020000 nan nan nan nan nan nan nan nan nan nan nan nan nan nan nan nan nan nan nan nan nan 0.000000 nan -1.000000 nan nan nan nan nan nan nan 19 30 0.000000 0.000000e+00 nan
512 17 1 175.000000 0.060000 nan nan nan nan nan nan nan nan nan nan nan nan nan nan nan nan nan nan nan nan nan 0.000000 nan -1.000000 nan nan nan nan nan nan nan 19 30 0.000000 0.000000e+00 nan
513 17 2 175.000000 0.100000 nan nan nan nan nan nan nan nan nan nan nan nan nan nan nan nan nan nan nan nan nan 0.000000 nan -1.000000 nan nan nan nan nan nan nan 19 30 0.000000 0.000000e+00 nan
514 17 3 175.000000 0.140000 nan nan nan nan nan nan nan nan nan nan nan nan nan nan nan nan nan nan nan nan nan 0.000000 nan -1.000000 nan nan nan nan nan nan nan 19 30 0.000000 0.000000e+00 nan
515 17 4 175.000000 0.180000 nan nan nan nan nan nan nan nan nan nan nan nan nan nan nan nan nan nan nan nan nan 0.000000 nan -1.000000 nan nan nan nan nan nan nan 19 30 0.000000 0.000000e+00 nan
516 17 5 175.000000 0.220000 nan nan nan nan nan nan nan nan nan nan nan nan nan nan nan nan nan nan nan nan nan 0.000000 nan -1.000000 nan nan nan nan nan nan nan 19 30 0.000000 0.000000e+00 nan
517 17 6 175.000000 0.260000 nan nan nan nan nan nan nan nan nan nan nan nan nan nan nan nan nan nan nan nan nan 0.000000 nan -1.000000 nan nan nan nan nan nan nan 19 30 0.000000 0.000000e+00 nan
518 17 7 175.000000 0.300000 nan nan nan nan nan nan nan nan nan nan nan nan nan nan nan nan nan nan nan nan nan 0.000000 nan -1.000000 nan nan nan nan nan nan nan 19 30 0.000000 0.000000e+00 nan
519 17 8 175.000000 0.340000 nan nan nan nan nan nan nan nan nan nan nan nan nan nan nan nan nan nan nan nan nan 0.000000 nan -1.000000 nan nan nan nan nan nan nan 19 30 0.000000 0.000000e+00 nan
520 17 9 175.000000 0.380000 nan nan nan nan nan nan nan nan nan nan nan nan nan nan nan nan nan nan nan nan nan 0.000000 nan -1.000000 nan nan nan nan nan nan nan 19 30 0.000000 0.000000e+00 nan
521 17 10 175.000000 0.420000 nan nan nan nan nan nan nan nan nan nan nan nan nan nan nan nan nan nan nan nan nan 0.000000 nan -1.000000 nan nan nan nan nan nan nan 19 30 0.000000 0.000000e+00 nan
522 17 11 175.000000 0.460000 nan nan nan nan nan nan nan nan nan nan nan nan nan nan nan nan nan nan nan nan nan 0.000000 nan -1.000000 nan nan nan nan nan nan nan 19 30 0.000000 0.000000e+00 nan
523 17 12 175.000000 0.500000 nan nan nan nan nan nan nan nan nan nan nan nan nan nan nan nan nan nan nan nan nan 0.000000 nan -1.000000 nan nan nan nan nan nan nan 19 30 0.000000 0.000000e+00 nan
524 17 13 175.000000 0.540000 nan nan nan nan nan nan nan nan nan nan nan nan nan nan nan nan nan nan nan nan nan 0.000000 nan -1.000000 nan nan nan nan nan nan nan 19 30 0.000000 0.000000e+00 nan
525 17 14 175.000000 0.580000 nan nan nan nan nan nan nan nan nan nan nan nan nan nan nan nan nan nan nan nan nan 0.000000 nan -1.000000 nan nan nan nan nan nan nan 19 30 0.000000 0.000000e+00 nan
526 17 15 175.000000 0.620000 nan nan nan nan nan nan nan nan nan nan nan nan nan nan nan nan nan nan nan nan nan 0.000000 nan -1.000000 nan nan nan nan nan nan nan 19 30 0.000000 0.000000e+00 nan
527 17 16 175.000000 0.660000 nan nan nan nan nan nan nan nan nan nan nan nan nan nan nan nan nan nan nan nan nan 0.000000 nan -1.000000 nan nan nan nan nan nan nan 19 30 0.000000 0.000000e+00 nan
528 17 17 175.000000 0.700000 nan nan nan nan nan nan nan nan nan nan nan nan nan nan nan nan nan nan nan nan nan 0.000000 nan -1.000000 nan nan nan nan nan nan nan 19 30 0.000000 0.000000e+00 nan
529 17 18 175.000000 0.740000 nan nan nan nan nan nan nan nan nan nan nan nan nan nan nan nan nan nan nan nan nan 0.000000 nan -1.000000 nan nan nan nan nan nan nan 19 30 0.000000 0.000000e+00 nan
530 17 19 175.000000 0.780000 nan nan nan nan nan nan nan nan nan nan nan nan nan nan nan nan nan nan nan nan nan 0.000000 nan -1.000000 nan nan nan nan nan nan nan 19 30 0.000000 0.000000e+00 nan
531 17 20 175.000000 0.820000 nan nan nan nan nan nan nan nan nan nan nan nan nan nan nan nan nan nan nan nan nan 0.000000 nan -1.000000 nan nan nan nan nan nan nan 19 30 0.000000 0.000000e+00 nan
532 17 21 175.000000 0.860000 nan nan nan nan nan nan nan nan nan nan nan nan nan nan nan nan nan nan nan nan nan 0.000000 nan -1.000000 nan nan nan nan nan nan nan 19 30 0.000000 0.000000e+00 nan
533 17 22 175.000000 0.900000 nan nan nan nan nan nan nan nan nan nan nan nan nan nan nan nan nan nan nan nan nan 0.000000 nan -1.000000 nan nan nan nan nan nan nan 19 30 0.000000 0.000000e+00 nan
534 17 23 175.000000 0.940000 nan nan nan nan nan nan nan nan nan nan nan nan nan nan nan nan nan nan nan nan nan 0.000000 nan -1.000000 nan nan nan nan nan nan nan 19 30 0.000000 0.000000e+00 nan
535 17 24 175.000000 0.980000 nan nan nan nan nan nan nan nan nan nan nan nan nan nan nan nan nan nan nan nan nan 0.000000 nan -1.000000 nan nan nan nan nan nan nan 19 30 0.000000 0.000000e+00 nan
536 17 25 175.000000 1.020000 nan nan nan nan nan nan nan nan nan nan nan nan nan nan nan nan nan nan nan nan nan 0.000000 nan -1.000000 nan nan nan nan nan nan nan 19 30 0.000000 0.000000e+00 nan
537 17 26 175.000000 1.060000 nan nan nan nan nan nan nan nan nan nan nan nan nan nan nan nan nan nan nan nan nan 0.000000 nan -1.000000 nan nan nan nan nan nan nan 19 30 0.000000 0.000000e+00 nan
538 17 27 175.000000 1.100000 nan nan nan nan nan nan nan nan nan nan nan nan nan nan nan nan nan nan nan nan nan 0.000000 nan -1.000000 nan nan nan nan nan nan nan 19 30 0.000000 0.000000e+00 nan
539 17 28 175.000000 1.140000 nan nan nan nan nan nan nan nan nan nan nan nan nan nan nan nan nan nan nan nan nan 0.000000 nan -1.000000 nan nan nan nan nan nan nan 19 30 0.000000 0.000000e+00 nan
540 17 29 175.000000 1.180000 nan nan nan nan nan nan nan nan nan nan nan nan nan nan nan nan nan nan nan nan nan 0.000000 nan -1.000000 nan nan nan nan nan nan nan 19 30 0.000000 0.000000e+00 nan
541 18 0 185.000000 0.020000 nan nan nan nan nan nan nan nan nan nan nan nan nan nan nan nan nan nan nan nan nan 0.000000 nan -1.000000 nan nan nan nan nan nan nan 19 30 0.000000 0.000000e+00 nan
542 18 1 185.000000 0.060000 nan nan nan nan nan nan nan nan nan nan nan nan nan nan nan nan nan nan nan nan nan 0.000000 nan -1.000000 nan nan nan nan nan nan nan 19 30 0.000000 0.000000e+00 nan
543 18 2 185.000000 0.100000 nan nan nan nan nan nan nan nan nan nan nan nan nan nan nan nan nan nan nan nan nan 0.000000 nan -1.000000 nan nan nan nan nan nan nan 19 30 0.000000 0.000000e+00 nan
544 18 3 185.000000 0.140000 nan nan nan nan nan nan nan nan nan nan nan nan nan nan nan nan nan nan nan nan nan 0.000000 nan -1.000000 nan nan nan nan nan nan nan 19 30 0.000000 0.000000e+00 nan
545 18 4 185.000000 0.180000 nan nan nan nan nan nan nan nan nan nan nan nan nan nan nan nan nan nan nan nan nan 0.000000 nan -1.000000 nan nan nan nan nan nan nan 19 30 0.000000 0.000000e+00 nan
546 18 5 185.000000 0.220000 nan nan nan nan nan nan nan nan nan nan nan nan nan nan nan nan nan nan nan nan nan 0.000000 nan -1.000000 nan nan nan nan nan nan nan 19 30 0.000000 0.000000e+00 nan
547 18 6 185.000000 0.260000 nan nan nan nan nan nan nan nan nan nan nan nan nan nan nan nan nan nan nan nan nan 0.000000 nan -1.000000 nan nan nan nan nan nan nan 19 30 0.000000 0.000000e+00 nan
548 18 7 185.000000 0.300000 nan nan nan nan nan nan nan nan nan nan nan nan nan nan nan nan nan nan nan nan nan 0.000000 nan -1.000000 nan nan nan nan nan nan nan 19 30 0.000000 0.000000e+00 nan
549 18 8 185.000000 0.340000 nan nan nan nan nan nan nan nan nan nan nan nan nan nan nan nan nan nan nan nan nan 0.000000 nan -1.000000 nan nan nan nan nan nan nan 19 30 0.000000 0.000000e+00 nan
550 18 9 185.000000 0.380000 nan nan nan nan nan nan nan nan nan nan nan nan nan nan nan nan nan nan nan nan nan 0.000000 nan -1.000000 nan nan nan nan nan nan nan 19 30 0.000000 0.000000e+00 nan
551 18 10 185.000000 0.420000 nan nan nan nan nan nan nan nan nan nan nan nan nan nan nan nan nan nan nan nan nan 0.000000 nan -1.000000 nan nan nan nan nan nan nan 19 30 0.000000 0.000000e+00 nan
552 18 11 185.000000 0.460000 nan nan nan nan nan nan nan nan nan nan nan nan nan nan nan nan nan nan nan nan nan 0.000000 nan -1.000000 nan nan nan nan nan nan nan 19 30 0.000000 0.000000e+00 nan
553 18 12 185.000000 0.500000 nan nan nan nan nan nan nan nan nan nan nan nan nan nan nan nan nan nan nan nan nan 0.000000 nan -1.000000 nan nan nan nan nan nan nan 19 30 0.000000 0.000000e+00 nan
554 18 13 185.000000 0.540000 nan nan nan nan nan nan nan nan nan nan nan nan nan nan nan nan nan nan nan nan nan 0.000000 nan -1.000000 nan nan nan nan nan nan nan 19 30 0.000000 0.000000e+00 nan
555 18 14 185.000000 0.580000 nan nan nan nan nan nan nan nan nan nan nan nan nan nan nan nan nan nan nan nan nan 0.000000 nan -1.000000 nan nan nan nan nan nan nan 19 30 0.000000 0.000000e+00 nan
556 18 15 185.000000 0.620000 nan nan nan nan nan nan nan nan nan nan nan nan nan nan nan nan nan nan nan nan nan 0.000000 nan -1.000000 nan nan nan nan nan nan nan 19 30 0.000000 0.000000e+00 nan
557 18 16 185.000000 0.660000 nan nan nan nan nan nan nan nan nan nan nan nan nan nan nan nan nan nan nan nan nan 0.000000 nan -1.000000 nan nan nan nan nan nan nan 19 30 0.000000 0.000000e+00 nan
558 18 17 185.000000 0.700000 nan nan nan nan nan nan nan nan nan nan nan nan nan nan nan nan nan nan nan nan nan 0.000000 nan -1.000000 nan nan nan nan nan nan nan 19 30 0.000000 0.000000e+00 nan
559 18 18 185.000000 0.740000 nan nan nan nan nan nan nan nan nan nan nan nan nan nan nan nan nan nan nan nan nan 0.000000 nan -1.000000 nan nan nan nan nan nan nan 19 30 0.000000 0.000000e+00 nan
560 18 19 185.000000 0.780000 nan nan nan nan nan nan nan nan nan nan nan nan nan nan nan nan nan nan nan nan nan 0.000000 nan -1.000000 nan nan nan nan nan nan nan 19 30 0.000000 0.000000e+00 nan
561 18 20 185.000000 0.820000 nan nan nan nan nan nan nan nan nan nan nan nan nan nan nan nan nan nan nan nan nan 0.000000 nan -1.000000 nan nan nan nan nan nan nan 19 30 0.000000 0.000000e+00 nan
562 18 21 185.000000 0.860000 nan nan nan nan nan nan nan nan nan nan nan nan nan nan nan nan nan nan nan nan nan 0.000000 nan -1.000000 nan nan nan nan nan nan nan 19 30 0.000000 0.000000e+00 nan
563 18 22 185.000000 0.900000 nan nan nan nan nan nan nan nan nan nan nan nan nan nan nan nan nan nan nan nan nan 0.000000 nan -1.000000 nan nan nan nan nan nan nan 19 30 0.000000 0.000000e+00 nan
564 18 23 185.000000 0.940000 nan nan nan nan nan nan nan nan nan nan nan nan nan nan nan nan nan nan nan nan nan 0.000000 nan -1.000000 nan nan nan nan nan nan nan 19 30 0.000000 0.000000e+00 nan
565 18 24 185.000000 0.980000 nan nan nan nan nan nan nan nan nan nan nan nan nan nan nan nan nan nan nan nan nan 0.000000 nan -1.000000 nan nan nan nan nan nan nan 19 30 0.000000 0.000000e+00 nan
566 18 25 185.000000 1.020000 nan nan nan nan nan nan nan nan nan nan nan nan nan nan nan nan nan nan nan nan nan 0.000000 nan -1.000000 nan nan nan nan nan nan nan 19 30 0.000000 0.000000e+00 nan
567 18 26 185.000000 1.060000 nan nan nan nan nan nan nan nan nan nan nan nan nan nan nan nan nan nan nan nan nan 0.000000 nan -1.000000 nan nan nan nan nan nan nan 19 30 0.000000 0.000000e+00 nan
568 18 27 185.000000 1.100000 nan nan nan nan nan nan nan nan nan nan nan nan nan nan nan nan nan nan nan nan nan 0.000000 nan -1.000000 nan nan nan nan nan nan nan 19 30 0.000000 0.000000e+00 nan
569 18 28 185.000000 1.140000 nan nan nan nan nan nan nan nan nan nan nan nan nan nan nan nan nan nan nan nan nan 0.000000 nan -1.000000 nan nan nan nan nan nan nan 19 30 0.000000 0.000000e+00 nan
570 18 29 185.000000 1.180000 nan nan nan nan nan nan nan nan nan nan nan nan nan nan nan nan nan nan nan nan nan 0.000000 nan -1.000000 nan nan nan nan nan nan nan 19 30 0.000000 0.000000e+00 nan
