# histogram parameters 
#\ dx = np.float64(10.0)
#\ dy = np.float64(0.04000000000000001)
#\ nx = 19
#\ ny = 30
#\ xmin = np.float64(0.0)
#\ ymin = np.float64(3.469446951953614e-18)

# averaged kinematics results
# averaged kinematic varibles used as input to calculate the averaged 
# kinematics: Ei, omega, th_e, pf
#
# variables with _mc attached are from histograms not calculated
# alpha is the spectatror (neutron) alpha
#\ xb = th_nq
#\ yb = pm
# current header line:
#! i_b[i,0]/ i_x[i,1]/ i_y[i,2]/ xb[f,3]/ yb[f,4]/ Ei[f,5]/ kf[f,6]/ th_e[f,7]/ omega_mc[f,8]/ omega[f,9]/ Q2[f,10]/ Q2_calc[f,11]/ q_mc[f,12]/ q_lab[f,13]/ Ep_calc[f,14]/ pf[f,15]/ pm_mc[f,16]/ pm[f,17]/ En_calc[f,18]/ beta_cm[f,19]/ gamma_cm[f,20]/ PfPar_q[f,21]/ PfPerp_q[f,22]/ theta_pq[f,23]/ theta_pq_calc[f,24]/ PfPar_cm[f,25]/ th_pq_cm[f,26]/ th_nq_mc[f,27]/ th_nq_calc[f,28]/  cos_phi[f,29]/  sin_phi[f,30]/  alpha_c[f,31]/  GEp[f,32]/   GMp[f,33]/   sigMott[f,34]/   Ksig_cc1[f,35]/  nx[i,36]/ ny[i,37]/ cont[f,38]/ sig[f,39]/ th_p[f,40]/ phi_pq_histo[f,41]/      
1 0 0 5.000000 0.020000 nan nan nan nan nan nan nan nan nan nan nan nan nan nan nan nan nan nan nan nan nan 0.000000 nan -1.000000 nan nan nan nan nan nan nan 19 30 0.000000 0.000000e+00 nan nan
2 0 1 5.000000 0.060000 nan nan nan nan nan nan nan nan nan nan nan nan nan nan nan nan nan nan nan nan nan 0.000000 nan -1.000000 nan nan nan nan nan nan nan 19 30 0.000000 0.000000e+00 nan nan
3 0 2 5.000000 0.100000 nan nan nan nan nan nan nan nan nan nan nan nan nan nan nan nan nan nan nan nan nan 0.000000 nan -1.000000 nan nan nan nan nan nan nan 19 30 0.000000 0.000000e+00 nan nan
4 0 3 5.000000 0.140000 nan nan nan nan nan nan nan nan nan nan nan nan nan nan nan nan nan nan nan nan nan 0.000000 nan -1.000000 nan nan nan nan nan nan nan 19 30 0.000000 0.000000e+00 nan nan
5 0 4 5.000000 0.180000 nan nan nan nan nan nan nan nan nan nan nan nan nan nan nan nan nan nan nan nan nan 0.000000 nan -1.000000 nan nan nan nan nan nan nan 19 30 0.000000 0.000000e+00 nan nan
6 0 5 5.000000 0.220000 nan nan nan nan nan nan nan nan nan nan nan nan nan nan nan nan nan nan nan nan nan 0.000000 nan -1.000000 nan nan nan nan nan nan nan 19 30 0.000000 0.000000e+00 nan nan
7 0 6 5.000000 0.260000 nan nan nan nan nan nan nan nan nan nan nan nan nan nan nan nan nan nan nan nan nan 0.000000 nan -1.000000 nan nan nan nan nan nan nan 19 30 0.000000 0.000000e+00 nan nan
8 0 7 5.000000 0.300000 nan nan nan nan nan nan nan nan nan nan nan nan nan nan nan nan nan nan nan nan nan 0.000000 nan -1.000000 nan nan nan nan nan nan nan 19 30 0.000000 0.000000e+00 nan nan
9 0 8 5.000000 0.340000 nan nan nan nan nan nan nan nan nan nan nan nan nan nan nan nan nan nan nan nan nan 0.000000 nan -1.000000 nan nan nan nan nan nan nan 19 30 0.000000 0.000000e+00 nan nan
10 0 9 5.000000 0.380000 nan nan nan nan nan nan nan nan nan nan nan nan nan nan nan nan nan nan nan nan nan 0.000000 nan -1.000000 nan nan nan nan nan nan nan 19 30 0.000000 0.000000e+00 nan nan
11 0 10 5.000000 0.420000 nan nan nan nan nan nan nan nan nan nan nan nan nan nan nan nan nan nan nan nan nan 0.000000 nan -1.000000 nan nan nan nan nan nan nan 19 30 0.000000 0.000000e+00 nan nan
12 0 11 5.000000 0.460000 nan nan nan nan nan nan nan nan nan nan nan nan nan nan nan nan nan nan nan nan nan 0.000000 nan -1.000000 nan nan nan nan nan nan nan 19 30 0.000000 0.000000e+00 nan nan
13 0 12 5.000000 0.500000 nan nan nan nan nan nan nan nan nan nan nan nan nan nan nan nan nan nan nan nan nan 0.000000 nan -1.000000 nan nan nan nan nan nan nan 19 30 0.000000 0.000000e+00 nan nan
14 0 13 5.000000 0.540000 nan nan nan nan nan nan nan nan nan nan nan nan nan nan nan nan nan nan nan nan nan 0.000000 nan -1.000000 nan nan nan nan nan nan nan 19 30 0.000000 0.000000e+00 nan nan
15 0 14 5.000000 0.580000 nan nan nan nan nan nan nan nan nan nan nan nan nan nan nan nan nan nan nan nan nan 0.000000 nan -1.000000 nan nan nan nan nan nan nan 19 30 0.000000 0.000000e+00 nan nan
16 0 15 5.000000 0.620000 nan nan nan nan nan nan nan nan nan nan nan nan nan nan nan nan nan nan nan nan nan 0.000000 nan -1.000000 nan nan nan nan nan nan nan 19 30 0.000000 0.000000e+00 nan nan
17 0 16 5.000000 0.660000 nan nan nan nan nan nan nan nan nan nan nan nan nan nan nan nan nan nan nan nan nan 0.000000 nan -1.000000 nan nan nan nan nan nan nan 19 30 0.000000 0.000000e+00 nan nan
18 0 17 5.000000 0.700000 nan nan nan nan nan nan nan nan nan nan nan nan nan nan nan nan nan nan nan nan nan 0.000000 nan -1.000000 nan nan nan nan nan nan nan 19 30 0.000000 0.000000e+00 nan nan
19 0 18 5.000000 0.740000 nan nan nan nan nan nan nan nan nan nan nan nan nan nan nan nan nan nan nan nan nan 0.000000 nan -1.000000 nan nan nan nan nan nan nan 19 30 0.000000 0.000000e+00 nan nan
20 0 19 5.000000 0.780000 nan nan nan nan nan nan nan nan nan nan nan nan nan nan nan nan nan nan nan nan nan 0.000000 nan -1.000000 nan nan nan nan nan nan nan 19 30 0.000000 0.000000e+00 nan nan
21 0 20 5.000000 0.820000 nan nan nan nan nan nan nan nan nan nan nan nan nan nan nan nan nan nan nan nan nan 0.000000 nan -1.000000 nan nan nan nan nan nan nan 19 30 0.000000 0.000000e+00 nan nan
22 0 21 5.000000 0.860000 nan nan nan nan nan nan nan nan nan nan nan nan nan nan nan nan nan nan nan nan nan 0.000000 nan -1.000000 nan nan nan nan nan nan nan 19 30 0.000000 0.000000e+00 nan nan
23 0 22 5.000000 0.900000 nan nan nan nan nan nan nan nan nan nan nan nan nan nan nan nan nan nan nan nan nan 0.000000 nan -1.000000 nan nan nan nan nan nan nan 19 30 0.000000 0.000000e+00 nan nan
24 0 23 5.000000 0.940000 nan nan nan nan nan nan nan nan nan nan nan nan nan nan nan nan nan nan nan nan nan 0.000000 nan -1.000000 nan nan nan nan nan nan nan 19 30 0.000000 0.000000e+00 nan nan
25 0 24 5.000000 0.980000 nan nan nan nan nan nan nan nan nan nan nan nan nan nan nan nan nan nan nan nan nan 0.000000 nan -1.000000 nan nan nan nan nan nan nan 19 30 0.000000 0.000000e+00 nan nan
26 0 25 5.000000 1.020000 nan nan nan nan nan nan nan nan nan nan nan nan nan nan nan nan nan nan nan nan nan 0.000000 nan -1.000000 nan nan nan nan nan nan nan 19 30 0.000000 0.000000e+00 nan nan
27 0 26 5.000000 1.060000 nan nan nan nan nan nan nan nan nan nan nan nan nan nan nan nan nan nan nan nan nan 0.000000 nan -1.000000 nan nan nan nan nan nan nan 19 30 0.000000 0.000000e+00 nan nan
28 0 27 5.000000 1.100000 nan nan nan nan nan nan nan nan nan nan nan nan nan nan nan nan nan nan nan nan nan 0.000000 nan -1.000000 nan nan nan nan nan nan nan 19 30 0.000000 0.000000e+00 nan nan
29 0 28 5.000000 1.140000 nan nan nan nan nan nan nan nan nan nan nan nan nan nan nan nan nan nan nan nan nan 0.000000 nan -1.000000 nan nan nan nan nan nan nan 19 30 0.000000 0.000000e+00 nan nan
30 0 29 5.000000 1.180000 nan nan nan nan nan nan nan nan nan nan nan nan nan nan nan nan nan nan nan nan nan 0.000000 nan -1.000000 nan nan nan nan nan nan nan 19 30 0.000000 0.000000e+00 nan nan
31 1 0 15.000000 0.020000 nan nan nan nan nan nan nan nan nan nan nan nan nan nan nan nan nan nan nan nan nan 0.000000 nan -1.000000 nan nan nan nan nan nan nan 19 30 0.000000 0.000000e+00 nan nan
32 1 1 15.000000 0.060000 nan nan nan nan nan nan nan nan nan nan nan nan nan nan nan nan nan nan nan nan nan 0.000000 nan -1.000000 nan nan nan nan nan nan nan 19 30 0.000000 0.000000e+00 nan nan
33 1 2 15.000000 0.100000 nan nan nan nan nan nan nan nan nan nan nan nan nan nan nan nan nan nan nan nan nan 0.000000 nan -1.000000 nan nan nan nan nan nan nan 19 30 0.000000 0.000000e+00 nan nan
34 1 3 15.000000 0.140000 nan nan nan nan nan nan nan nan nan nan nan nan nan nan nan nan nan nan nan nan nan 0.000000 nan -1.000000 nan nan nan nan nan nan nan 19 30 0.000000 0.000000e+00 nan nan
35 1 4 15.000000 0.180000 nan nan nan nan nan nan nan nan nan nan nan nan nan nan nan nan nan nan nan nan nan 0.000000 nan -1.000000 nan nan nan nan nan nan nan 19 30 0.000000 0.000000e+00 nan nan
36 1 5 15.000000 0.220000 nan nan nan nan nan nan nan nan nan nan nan nan nan nan nan nan nan nan nan nan nan 0.000000 nan -1.000000 nan nan nan nan nan nan nan 19 30 0.000000 0.000000e+00 nan nan
37 1 6 15.000000 0.260000 nan nan nan nan nan nan nan nan nan nan nan nan nan nan nan nan nan nan nan nan nan 0.000000 nan -1.000000 nan nan nan nan nan nan nan 19 30 0.000000 0.000000e+00 nan nan
38 1 7 15.000000 0.300000 nan nan nan nan nan nan nan nan nan nan nan nan nan nan nan nan nan nan nan nan nan 0.000000 nan -1.000000 nan nan nan nan nan nan nan 19 30 0.000000 0.000000e+00 nan nan
39 1 8 15.000000 0.340000 nan nan nan nan nan nan nan nan nan nan nan nan nan nan nan nan nan nan nan nan nan 0.000000 nan -1.000000 nan nan nan nan nan nan nan 19 30 0.000000 0.000000e+00 nan nan
40 1 9 15.000000 0.380000 nan nan nan nan nan nan nan nan nan nan nan nan nan nan nan nan nan nan nan nan nan 0.000000 nan -1.000000 nan nan nan nan nan nan nan 19 30 0.000000 0.000000e+00 nan nan
41 1 10 15.000000 0.420000 nan nan nan nan nan nan nan nan nan nan nan nan nan nan nan nan nan nan nan nan nan 0.000000 nan -1.000000 nan nan nan nan nan nan nan 19 30 0.000000 0.000000e+00 nan nan
42 1 11 15.000000 0.460000 10540.016768 9076.636228 12.106898 1463.380215 1463.380525 4255694.763204 4255692.231345 2529.267622 2529.263686 2285.221312 2083.718335 477.118718 477.121877 1053.769213 0.757494 1.531763 2077.958827 154.819930 4.257459 4.260994 531.396769 16.243232 18.925324 18.934509 -0.999413 -0.027996 0.641216 0.020193 0.058547 0.373093 5007.457476 19 30 0.000002 0.000000e+00 53.078747 -178.395400
43 1 12 15.000000 0.500000 10541.441355 9058.341068 12.261817 1483.100324 1483.100273 4356782.210026 4356671.836673 2560.516308 2560.519138 2293.031500 2092.280840 502.784023 502.878692 1065.678773 0.762352 1.545206 2085.711884 165.665477 4.532949 4.541397 521.684833 17.617690 19.206302 19.234442 -0.984861 0.017346 0.628877 0.019648 0.056117 0.354462 4660.433222 19 30 0.000041 0.000000e+00 53.155587 23.324041
44 1 13 15.000000 0.540000 10541.474917 9032.279707 12.499547 1509.195172 1509.195196 4513684.057281 4513557.051776 2605.997320 2605.998310 2299.464452 2099.329041 543.213131 543.304943 1085.340744 0.769911 1.567026 2091.948661 175.878424 4.793711 4.805782 503.902317 19.240661 18.847372 18.888016 -0.978897 0.023459 0.608037 0.018868 0.052620 0.328204 4185.846260 19 30 0.000091 0.000000e+00 53.280464 14.103130
45 1 14 15.000000 0.580000 10541.275070 9005.681138 12.720863 1535.593935 1535.593917 4660407.308372 4660289.649313 2649.217978 2649.214662 2306.074188 2106.566831 581.729575 581.831118 1105.129729 0.776622 1.587384 2098.251012 186.993331 5.077293 5.092670 487.809354 20.973467 18.696694 18.746864 -0.975698 -0.013388 0.589811 0.018192 0.049627 0.305920 3798.976849 19 30 0.000147 0.000000e+00 53.405688 -3.699703
46 1 15 15.000000 0.620000 10541.141160 8981.439939 12.928460 1559.701190 1559.701206 4800119.003857 4799969.030000 2689.359068 2689.356221 2309.353490 2110.156201 620.381536 620.480871 1125.957717 0.782857 1.607195 2100.948821 196.909228 5.335912 5.354346 470.998219 22.688238 18.445600 18.502703 -0.971783 -0.010599 0.572126 0.017576 0.046999 0.286708 3477.503527 19 30 0.000170 0.000000e+00 53.508176 -2.186286
47 1 16 15.000000 0.660000 10541.109825 8958.417034 13.115448 1582.692770 1582.692776 4926661.315060 4926532.803601 2726.074588 2726.068456 2310.806219 2111.745968 658.668671 658.759502 1147.496558 0.788268 1.625138 2101.369860 209.083107 5.662535 5.682141 454.771909 24.690786 18.446979 18.505104 -0.967589 -0.005432 0.556425 0.017027 0.044788 0.270671 3223.733540 19 30 0.000166 0.000000e+00 53.661968 -4.423851
48 1 17 15.000000 0.700000 10540.757413 8949.208508 13.217839 1591.548890 1591.548890 4998144.818444 4998102.556767 2744.297368 2744.290514 2298.816772 2098.619595 694.378625 694.434328 1168.342118 0.791510 1.636242 2086.713403 223.229432 6.090829 6.106084 437.166705 27.050116 18.704220 18.750944 -0.954273 -0.021486 0.543618 0.016715 0.043603 0.262381 3129.056532 19 30 0.000073 0.000000e+00 53.976072 -8.487300
49 1 18 15.000000 0.740000 10540.939997 8943.972526 13.266468 1596.967385 1596.967457 5031928.965684 5031922.783994 2753.585552 2753.584544 2286.331327 2084.935632 724.150581 724.151650 1186.246130 0.792951 1.641268 2070.898612 241.527493 6.650753 6.652314 423.364005 29.704588 19.478642 19.483273 -0.939606 0.042073 0.535950 0.016567 0.043059 0.258537 3111.318094 19 30 0.000003 0.000000e+00 54.364501 19.846273
50 1 19 15.000000 0.780000 nan nan nan nan nan nan nan nan nan nan nan nan nan nan nan nan nan nan nan nan nan 0.000000 nan -1.000000 nan nan nan nan nan nan nan 19 30 0.000000 0.000000e+00 nan nan
51 1 20 15.000000 0.820000 nan nan nan nan nan nan nan nan nan nan nan nan nan nan nan nan nan nan nan nan nan 0.000000 nan -1.000000 nan nan nan nan nan nan nan 19 30 0.000000 0.000000e+00 nan nan
52 1 21 15.000000 0.860000 nan nan nan nan nan nan nan nan nan nan nan nan nan nan nan nan nan nan nan nan nan 0.000000 nan -1.000000 nan nan nan nan nan nan nan 19 30 0.000000 0.000000e+00 nan nan
53 1 22 15.000000 0.900000 nan nan nan nan nan nan nan nan nan nan nan nan nan nan nan nan nan nan nan nan nan 0.000000 nan -1.000000 nan nan nan nan nan nan nan 19 30 0.000000 0.000000e+00 nan nan
54 1 23 15.000000 0.940000 nan nan nan nan nan nan nan nan nan nan nan nan nan nan nan nan nan nan nan nan nan 0.000000 nan -1.000000 nan nan nan nan nan nan nan 19 30 0.000000 0.000000e+00 nan nan
55 1 24 15.000000 0.980000 nan nan nan nan nan nan nan nan nan nan nan nan nan nan nan nan nan nan nan nan nan 0.000000 nan -1.000000 nan nan nan nan nan nan nan 19 30 0.000000 0.000000e+00 nan nan
56 1 25 15.000000 1.020000 nan nan nan nan nan nan nan nan nan nan nan nan nan nan nan nan nan nan nan nan nan 0.000000 nan -1.000000 nan nan nan nan nan nan nan 19 30 0.000000 0.000000e+00 nan nan
57 1 26 15.000000 1.060000 nan nan nan nan nan nan nan nan nan nan nan nan nan nan nan nan nan nan nan nan nan 0.000000 nan -1.000000 nan nan nan nan nan nan nan 19 30 0.000000 0.000000e+00 nan nan
58 1 27 15.000000 1.100000 nan nan nan nan nan nan nan nan nan nan nan nan nan nan nan nan nan nan nan nan nan 0.000000 nan -1.000000 nan nan nan nan nan nan nan 19 30 0.000000 0.000000e+00 nan nan
59 1 28 15.000000 1.140000 nan nan nan nan nan nan nan nan nan nan nan nan nan nan nan nan nan nan nan nan nan 0.000000 nan -1.000000 nan nan nan nan nan nan nan 19 30 0.000000 0.000000e+00 nan nan
60 1 29 15.000000 1.180000 nan nan nan nan nan nan nan nan nan nan nan nan nan nan nan nan nan nan nan nan nan 0.000000 nan -1.000000 nan nan nan nan nan nan nan 19 30 0.000000 0.000000e+00 nan nan
61 2 0 25.000000 0.020000 nan nan nan nan nan nan nan nan nan nan nan nan nan nan nan nan nan nan nan nan nan 0.000000 nan -1.000000 nan nan nan nan nan nan nan 19 30 0.000000 0.000000e+00 nan nan
62 2 1 25.000000 0.060000 nan nan nan nan nan nan nan nan nan nan nan nan nan nan nan nan nan nan nan nan nan 0.000000 nan -1.000000 nan nan nan nan nan nan nan 19 30 0.000000 0.000000e+00 nan nan
63 2 2 25.000000 0.100000 nan nan nan nan nan nan nan nan nan nan nan nan nan nan nan nan nan nan nan nan nan 0.000000 nan -1.000000 nan nan nan nan nan nan nan 19 30 0.000000 0.000000e+00 nan nan
64 2 3 25.000000 0.140000 nan nan nan nan nan nan nan nan nan nan nan nan nan nan nan nan nan nan nan nan nan 0.000000 nan -1.000000 nan nan nan nan nan nan nan 19 30 0.000000 0.000000e+00 nan nan
65 2 4 25.000000 0.180000 nan nan nan nan nan nan nan nan nan nan nan nan nan nan nan nan nan nan nan nan nan 0.000000 nan -1.000000 nan nan nan nan nan nan nan 19 30 0.000000 0.000000e+00 nan nan
66 2 5 25.000000 0.220000 nan nan nan nan nan nan nan nan nan nan nan nan nan nan nan nan nan nan nan nan nan 0.000000 nan -1.000000 nan nan nan nan nan nan nan 19 30 0.000000 0.000000e+00 nan nan
67 2 6 25.000000 0.260000 nan nan nan nan nan nan nan nan nan nan nan nan nan nan nan nan nan nan nan nan nan 0.000000 nan -1.000000 nan nan nan nan nan nan nan 19 30 0.000000 0.000000e+00 nan nan
68 2 7 25.000000 0.300000 nan nan nan nan nan nan nan nan nan nan nan nan nan nan nan nan nan nan nan nan nan 0.000000 nan -1.000000 nan nan nan nan nan nan nan 19 30 0.000000 0.000000e+00 nan nan
69 2 8 25.000000 0.340000 nan nan nan nan nan nan nan nan nan nan nan nan nan nan nan nan nan nan nan nan nan 0.000000 nan -1.000000 nan nan nan nan nan nan nan 19 30 0.000000 0.000000e+00 nan nan
70 2 9 25.000000 0.380000 nan nan nan nan nan nan nan nan nan nan nan nan nan nan nan nan nan nan nan nan nan 0.000000 nan -1.000000 nan nan nan nan nan nan nan 19 30 0.000000 0.000000e+00 nan nan
71 2 10 25.000000 0.420000 10541.297590 9069.164434 11.789253 1472.133129 1472.133142 4033308.123707 4033256.799345 2490.090748 2490.066824 2314.298151 2115.566492 430.295836 430.376907 1033.444991 0.743805 1.496117 2106.535855 195.264635 5.275806 5.295880 576.229598 18.719774 26.899247 26.981714 -0.980682 -0.014528 0.691717 0.021549 0.064461 0.414937 5969.075186 19 30 0.000416 0.000000e+00 53.242557 -2.857327
72 2 11 25.000000 0.460000 10541.098765 9053.976809 11.928963 1487.121945 1487.121941 4122277.026114 4122076.452214 2516.686603 2516.666073 2315.356541 2116.724253 462.677373 462.829301 1047.375401 0.748399 1.507731 2105.944614 213.351461 5.757536 5.784850 562.584786 20.768447 27.344082 27.449862 -0.968493 -0.005017 0.677604 0.020979 0.062001 0.395818 5641.586460 19 30 0.002476 0.000000e+00 53.587096 -4.161680
73 2 12 25.000000 0.500000 10540.835991 9029.499770 12.137794 1511.336197 1511.336206 4255809.698137 4255476.512190 2557.288548 2557.266830 2322.106562 2124.105586 500.925845 501.097994 1064.839644 0.755036 1.525127 2111.695747 229.271913 6.163802 6.196469 546.638018 22.754240 27.110537 27.228422 -0.962190 -0.005888 0.659101 0.020194 0.058552 0.369244 5126.337646 19 30 0.003744 0.000000e+00 53.823239 1.027647
74 2 13 25.000000 0.540000 10540.741362 9002.793515 12.353697 1537.947839 1537.947832 4394968.374807 4394544.892424 2599.994959 2599.967005 2329.645269 2132.344422 540.260811 540.446275 1083.912563 0.761659 1.543262 2118.226686 244.966204 6.558240 6.596771 530.622008 24.780814 26.820220 26.953455 -0.956579 -0.004579 0.640905 0.019453 0.055243 0.344059 4641.935663 19 30 0.004346 0.000000e+00 54.016874 -0.504783
75 2 14 25.000000 0.580000 10540.672568 8974.000651 12.564453 1566.671903 1566.671902 4531108.375688 4530594.789771 2642.960188 2642.925583 2338.134884 2141.616304 579.755155 579.962385 1104.147018 0.767783 1.560769 2125.527055 262.021242 6.985828 7.027599 515.594927 26.939315 26.724375 26.858591 -0.951261 -0.006368 0.624489 0.018787 0.052260 0.321510 4218.060757 19 30 0.004483 0.000000e+00 54.184550 -0.823551
76 2 15 25.000000 0.620000 10540.546757 8944.771779 12.771576 1595.774969 1595.774963 4665869.054072 4665273.827255 2685.515324 2685.474178 2345.780340 2149.960710 619.620756 619.839899 1125.604623 0.773603 1.578107 2131.821116 278.692997 7.401878 7.448040 500.446512 29.112939 26.577073 26.719366 -0.948032 -0.006953 0.608740 0.018169 0.049529 0.301122 3843.131251 19 30 0.004029 0.000000e+00 54.341580 -2.533668
77 2 16 25.000000 0.660000 10540.372176 8920.726603 12.944550 1619.645557 1619.645558 4779562.445982 4778997.194199 2720.760597 2720.707432 2347.549318 2151.890669 658.923365 659.124682 1147.706241 0.778400 1.592944 2131.511257 295.454251 7.842013 7.891630 484.539377 31.373299 26.488991 26.631618 -0.942057 -0.004676 0.594434 0.017668 0.047381 0.285323 3567.710661 19 30 0.003329 0.000000e+00 54.532230 -0.743067
78 2 17 25.000000 0.700000 10540.180663 8902.968430 13.070616 1637.212223 1637.212219 4862771.393506 4862341.851460 2746.485053 2746.416884 2342.088279 2145.931769 698.287793 698.450922 1170.733940 0.781826 1.603859 2122.764981 314.470976 8.376446 8.426633 467.779399 33.911497 26.627281 26.759123 -0.933277 -0.002128 0.582271 0.017306 0.045890 0.274461 3398.112389 19 30 0.002190 0.000000e+00 54.810977 0.088768
79 2 18 25.000000 0.740000 10540.006903 8888.957358 13.154182 1651.049529 1651.049531 4916897.151068 4916609.595538 2764.588786 2764.520600 2332.275664 2135.217887 737.282535 737.406640 1194.383867 0.783892 1.610573 2108.495958 336.749494 9.032081 9.074118 451.352526 36.726242 27.068569 27.172262 -0.918117 0.001823 0.572987 0.017070 0.044956 0.267546 3301.739537 19 30 0.001097 0.000000e+00 55.107084 3.163530
80 2 19 25.000000 0.780000 10539.841882 8873.162629 13.217982 1666.679233 1666.679239 4955468.657413 4955307.449271 2780.896362 2780.850074 2323.462280 2125.587594 776.283864 776.372904 1218.826958 0.785043 1.614359 2094.412600 362.709913 9.800642 9.825022 436.513456 39.724037 27.794684 27.851735 -0.897473 0.004233 0.566633 0.016902 0.044306 0.262415 3225.741340 19 30 0.000393 0.000000e+00 55.340331 2.697207
81 2 20 25.000000 0.820000 10539.641928 8859.313536 13.259665 1680.328383 1680.328378 4978685.650383 4978592.946826 2793.249554 2793.223300 2311.983961 2113.034663 815.188786 815.253533 1243.954417 0.785509 1.615901 2076.878990 389.216073 10.601181 10.614359 421.416874 42.725234 28.485793 28.516852 -0.864656 0.004044 0.561547 0.016801 0.043922 0.259133 3164.956454 19 30 0.000104 0.000000e+00 55.398433 3.208122
82 2 21 25.000000 0.860000 10539.918647 8844.181143 13.302246 1695.737497 1695.737489 5002092.087785 5002048.796059 2806.712930 2806.701699 2301.003279 2101.014456 854.935959 854.979615 1270.344210 0.785894 1.617179 2059.507434 415.560914 11.401954 11.407789 406.173900 45.654485 29.066924 29.081141 -0.836453 0.045610 0.556800 0.016698 0.043539 0.255810 3095.892007 19 30 0.000021 0.000000e+00 55.428910 17.120317
83 2 22 25.000000 0.900000 10539.658776 8827.854048 13.346744 1711.804719 1711.804713 5026007.353636 5025998.476890 2820.691813 2820.686770 2291.893013 2091.033055 891.933267 891.959756 1295.521700 0.786273 1.618439 2044.378165 439.246124 12.123584 12.125973 392.188034 48.239410 29.495616 29.501781 -0.811298 -0.100544 0.552609 0.016593 0.043154 0.252421 3016.501100 19 30 0.000002 0.000000e+00 55.403514 -14.354490
84 2 23 25.000000 0.940000 10537.601459 8813.132495 13.375457 1724.469154 1724.468949 5038148.056850 5038147.455499 2830.537328 2830.537160 2281.613349 2079.760834 924.970137 924.968795 1318.465600 0.786243 1.618339 2028.197798 460.237786 12.785057 12.785024 379.168997 50.516441 29.839365 29.839438 -0.870427 -0.054890 0.549324 0.016539 0.042960 0.250353 3060.567754 19 30 0.000000 0.000000e+00 56.427297 0.147865
85 2 24 25.000000 0.980000 nan nan nan nan nan nan nan nan nan nan nan nan nan nan nan nan nan nan nan nan nan 0.000000 nan -1.000000 nan nan nan nan nan nan nan 19 30 0.000000 0.000000e+00 nan nan
86 2 25 25.000000 1.020000 nan nan nan nan nan nan nan nan nan nan nan nan nan nan nan nan nan nan nan nan nan 0.000000 nan -1.000000 nan nan nan nan nan nan nan 19 30 0.000000 0.000000e+00 nan nan
87 2 26 25.000000 1.060000 nan nan nan nan nan nan nan nan nan nan nan nan nan nan nan nan nan nan nan nan nan 0.000000 nan -1.000000 nan nan nan nan nan nan nan 19 30 0.000000 0.000000e+00 nan nan
88 2 27 25.000000 1.100000 nan nan nan nan nan nan nan nan nan nan nan nan nan nan nan nan nan nan nan nan nan 0.000000 nan -1.000000 nan nan nan nan nan nan nan 19 30 0.000000 0.000000e+00 nan nan
89 2 28 25.000000 1.140000 nan nan nan nan nan nan nan nan nan nan nan nan nan nan nan nan nan nan nan nan nan 0.000000 nan -1.000000 nan nan nan nan nan nan nan 19 30 0.000000 0.000000e+00 nan nan
90 2 29 25.000000 1.180000 nan nan nan nan nan nan nan nan nan nan nan nan nan nan nan nan nan nan nan nan nan 0.000000 nan -1.000000 nan nan nan nan nan nan nan 19 30 0.000000 0.000000e+00 nan nan
91 3 0 35.000000 0.020000 nan nan nan nan nan nan nan nan nan nan nan nan nan nan nan nan nan nan nan nan nan 0.000000 nan -1.000000 nan nan nan nan nan nan nan 19 30 0.000000 0.000000e+00 nan nan
92 3 1 35.000000 0.060000 nan nan nan nan nan nan nan nan nan nan nan nan nan nan nan nan nan nan nan nan nan 0.000000 nan -1.000000 nan nan nan nan nan nan nan 19 30 0.000000 0.000000e+00 nan nan
93 3 2 35.000000 0.100000 nan nan nan nan nan nan nan nan nan nan nan nan nan nan nan nan nan nan nan nan nan 0.000000 nan -1.000000 nan nan nan nan nan nan nan 19 30 0.000000 0.000000e+00 nan nan
94 3 3 35.000000 0.140000 nan nan nan nan nan nan nan nan nan nan nan nan nan nan nan nan nan nan nan nan nan 0.000000 nan -1.000000 nan nan nan nan nan nan nan 19 30 0.000000 0.000000e+00 nan nan
95 3 4 35.000000 0.180000 nan nan nan nan nan nan nan nan nan nan nan nan nan nan nan nan nan nan nan nan nan 0.000000 nan -1.000000 nan nan nan nan nan nan nan 19 30 0.000000 0.000000e+00 nan nan
96 3 5 35.000000 0.220000 nan nan nan nan nan nan nan nan nan nan nan nan nan nan nan nan nan nan nan nan nan 0.000000 nan -1.000000 nan nan nan nan nan nan nan 19 30 0.000000 0.000000e+00 nan nan
97 3 6 35.000000 0.260000 nan nan nan nan nan nan nan nan nan nan nan nan nan nan nan nan nan nan nan nan nan 0.000000 nan -1.000000 nan nan nan nan nan nan nan 19 30 0.000000 0.000000e+00 nan nan
98 3 7 35.000000 0.300000 nan nan nan nan nan nan nan nan nan nan nan nan nan nan nan nan nan nan nan nan nan 0.000000 nan -1.000000 nan nan nan nan nan nan nan 19 30 0.000000 0.000000e+00 nan nan
99 3 8 35.000000 0.340000 nan nan nan nan nan nan nan nan nan nan nan nan nan nan nan nan nan nan nan nan nan 0.000000 nan -1.000000 nan nan nan nan nan nan nan 19 30 0.000000 0.000000e+00 nan nan
100 3 9 35.000000 0.380000 nan nan nan nan nan nan nan nan nan nan nan nan nan nan nan nan nan nan nan nan nan 0.000000 nan -1.000000 nan nan nan nan nan nan nan 19 30 0.000000 0.000000e+00 nan nan
101 3 10 35.000000 0.420000 10541.069248 9012.340212 11.812333 1528.729045 1528.729021 4023598.607624 4023551.346223 2522.080635 2522.015814 2369.899811 2176.251540 432.677704 432.758838 1034.439211 0.740824 1.488761 2162.824329 241.374583 6.340133 6.367949 606.143042 21.713134 33.791948 33.900870 -0.987506 0.002755 0.718680 0.021614 0.064738 0.411715 5995.270993 19 30 0.000563 0.000000e+00 53.260105 -4.271682
102 3 11 35.000000 0.460000 10541.016558 9000.738606 11.900068 1540.277931 1540.277938 4078187.109564 4078049.663923 2539.879138 2539.784595 2367.509372 2173.648150 464.893555 465.094989 1048.378566 0.743521 1.495411 2157.454365 264.833804 6.960202 6.998214 593.919342 24.032508 34.573610 34.709703 -0.971575 0.001431 0.708889 0.021256 0.063203 0.399690 5841.083940 19 30 0.006465 0.000000e+00 53.678113 -2.889381
103 3 12 35.000000 0.500000 10540.621262 8988.190943 11.990193 1552.430306 1552.430305 4134234.223858 4133900.859449 2558.209822 2558.112724 2362.812090 2168.530983 501.670228 501.923184 1065.228215 0.746232 1.502209 2148.955429 290.718403 7.664774 7.704405 579.477085 26.642506 35.261428 35.394924 -0.958015 -0.003268 0.698270 0.020906 0.061683 0.387815 5696.266185 19 30 0.015538 0.000000e+00 54.152969 0.190852
104 3 13 35.000000 0.540000 10540.429443 8966.425980 12.121326 1574.003449 1574.003449 4214823.737031 4214172.527654 2586.908265 2586.824189 2365.649677 2171.622446 540.260640 540.548970 1083.963771 0.749888 1.511568 2148.466504 316.284254 8.335239 8.374586 566.072996 29.193579 35.680950 35.811238 -0.947420 -0.000965 0.687132 0.020428 0.059590 0.371287 5406.528298 19 30 0.020024 0.000000e+00 54.490056 -0.277073
105 3 14 35.000000 0.580000 10540.276364 8937.555534 12.282661 1602.720813 1602.720815 4313665.358332 4312673.869474 2623.311770 2623.239959 2374.232039 2180.968461 579.544214 579.870537 1104.098776 0.754166 1.522804 2154.160818 340.902624 8.953681 8.992659 553.683774 31.620571 35.880470 36.007728 -0.938663 0.002250 0.675865 0.019881 0.057157 0.352135 5027.377389 19 30 0.019787 0.000000e+00 54.697486 0.801383
106 3 15 35.000000 0.620000 10540.219185 8902.845195 12.469911 1637.373974 1637.373975 4428626.607833 4427360.911731 2666.221958 2666.149742 2387.496376 2195.400783 619.260574 619.627362 1125.487599 0.758942 1.535724 2164.957353 364.340854 9.512497 9.552799 542.090591 33.905176 35.885647 36.015206 -0.931898 0.000861 0.664451 0.019288 0.054501 0.331420 4595.976206 19 30 0.016550 0.000000e+00 54.798251 -0.375398
107 3 16 35.000000 0.660000 10540.150395 8866.650560 12.656237 1673.499819 1673.499821 4542900.560740 4541545.647583 2709.730937 2709.639699 2401.182932 2210.277160 659.118797 659.508813 1147.926889 0.763470 1.548364 2176.031107 387.574181 10.056475 10.099081 530.778234 36.136913 35.860773 35.991906 -0.927547 0.011676 0.653832 0.018736 0.052030 0.312297 4202.719761 19 30 0.012652 0.000000e+00 54.889239 3.489503
108 3 17 35.000000 0.700000 10540.076573 8832.324743 12.819750 1707.751816 1707.751816 4642417.954041 4641091.086704 2749.211195 2749.092096 2412.220157 2222.262752 698.746433 699.134119 1171.141659 0.767182 1.559019 2183.842912 411.438788 10.624710 10.669533 519.512015 38.378226 35.921077 36.050469 -0.921777 0.012276 0.644864 0.018278 0.050004 0.296638 3888.489425 19 30 0.009185 0.000000e+00 54.978905 3.578057
109 3 18 35.000000 0.740000 10539.985566 8802.147198 12.948083 1737.838351 1737.838353 4719021.849100 4717862.471065 2781.874644 2781.716127 2418.215065 2228.768664 738.412946 738.781661 1195.233287 0.769823 1.566766 2185.621298 436.427884 11.245099 11.292378 507.668956 40.684668 36.084577 36.209539 -0.915796 0.021804 0.637676 0.017936 0.048519 0.285032 3667.231047 19 30 0.005935 0.000000e+00 55.120267 7.051855
110 3 19 35.000000 0.780000 10539.856114 8776.458099 13.042985 1763.398002 1763.398000 4773952.319671 4772944.779104 2807.772948 2807.582107 2418.915686 2229.528818 778.012161 778.357879 1220.092315 0.771524 1.571832 2181.142809 461.968391 11.910317 11.958579 494.956219 43.025638 36.290040 36.406962 -0.906480 0.028303 0.631837 0.017694 0.047492 0.276816 3514.938617 19 30 0.003410 0.000000e+00 55.271631 9.200370
111 3 20 35.000000 0.820000 10539.766185 8753.278052 13.110566 1786.488113 1786.488118 4810394.314996 4809539.707294 2828.836293 2828.617949 2416.397921 2226.796930 817.592928 817.914855 1245.700196 0.772404 1.574476 2172.566176 488.447317 12.622522 12.670843 481.996852 45.380835 36.561173 36.668626 -0.894886 0.041960 0.627575 0.017535 0.046827 0.271145 3411.044523 19 30 0.001770 0.000000e+00 55.410551 12.855291
112 3 21 35.000000 0.860000 10539.661287 8729.017810 13.167079 1810.643457 1810.643462 4838103.995107 4837416.294339 2849.069542 2848.832400 2414.073629 2224.274520 857.401860 857.704645 1272.179833 0.772826 1.575751 2163.620774 515.889801 13.364754 13.411091 469.513910 47.694514 36.880174 36.975769 -0.882777 0.048557 0.624723 0.017414 0.046329 0.266515 3322.125177 19 30 0.000821 0.000000e+00 55.514308 14.265527
113 3 22 35.000000 0.900000 10539.647388 8706.387268 13.208808 1833.260106 1833.260105 4855949.276896 4855362.979378 2866.641322 2866.392435 2409.820538 2219.657784 896.801538 897.076089 1299.049567 0.772848 1.575817 2152.242067 542.894798 14.112816 14.157305 456.699204 49.928458 37.156701 37.241979 -0.871492 0.067186 0.622521 0.017336 0.046013 0.263156 3256.080666 19 30 0.000350 0.000000e+00 55.613564 19.997500
114 3 23 35.000000 0.940000 10539.520766 8681.618558 13.251079 1857.902186 1857.902193 4872855.186947 4872391.211376 2885.410294 2885.167546 2406.757995 2216.332488 936.502672 936.745661 1326.754198 0.772776 1.575599 2141.787060 569.980603 14.862808 14.902377 444.166016 52.071956 37.407508 37.478877 -0.863876 0.072788 0.620897 0.017262 0.045715 0.259813 3189.166997 19 30 0.000136 0.000000e+00 55.732247 20.055911
115 3 24 35.000000 0.980000 10539.321173 8656.458481 13.276540 1882.862674 1882.862677 4877180.850245 4876781.727445 2902.265666 2902.060231 2403.317062 2212.595434 976.346074 976.556435 1355.155615 0.772138 1.573676 2130.188329 598.227580 15.655638 15.686504 431.967050 54.167773 37.722518 37.776930 -0.859409 0.102072 0.620801 0.017243 0.045639 0.257831 3152.168542 19 30 0.000047 0.000000e+00 55.892562 27.412095
116 3 25 35.000000 1.020000 10539.312155 8624.663261 13.325021 1914.648881 1914.648879 4894575.587263 4894255.235772 2925.956601 2925.770935 2406.151996 2215.674408 1016.178866 1016.350135 1384.106883 0.771918 1.573016 2125.316938 626.291461 16.393554 16.419267 421.511155 56.058376 37.997223 38.040348 -0.860843 0.115550 0.621194 0.017167 0.045338 0.254091 3079.213012 19 30 0.000014 0.000000e+00 56.070596 31.353593
117 3 26 35.000000 1.060000 10539.076873 8593.576363 13.363395 1945.500478 1945.500495 4904745.401118 4904505.001486 2947.956719 2947.791916 2408.209228 2217.908325 1055.091412 1055.227806 1412.901267 0.771449 1.571608 2119.398036 653.658399 17.119428 17.140652 411.112757 57.832517 38.242203 38.275811 -0.859133 0.110757 0.622104 0.017123 0.045162 0.251190 3017.229455 19 30 0.000004 0.000000e+00 56.180629 28.669711
118 3 27 35.000000 1.100000 10538.968795 8557.172112 13.401923 1981.796679 1981.796668 4911906.694195 4911750.683986 2973.225949 2973.090768 2414.427030 2224.658071 1095.061827 1095.173944 1442.979638 0.770749 1.569515 2117.151353 683.208376 17.869624 17.884979 402.164921 59.517160 38.571529 38.596767 -0.866966 0.149476 0.624799 0.017091 0.045039 0.248312 2968.351263 19 30 0.000001 0.000000e+00 56.415543 42.294291
119 3 28 35.000000 1.140000 10539.471984 8522.563492 13.415428 2016.908531 2016.908476 4902068.323414 4901938.619626 2995.051668 2994.972190 2419.369183 2230.020829 1134.558062 1134.629707 1473.149293 0.769418 1.565567 2112.785352 713.534129 18.652535 18.660958 393.395976 61.130536 38.952871 38.966773 -0.865738 0.147745 0.628974 0.017134 0.045206 0.247288 2945.011481 19 30 0.000000 0.000000e+00 56.493051 42.644273
120 3 29 35.000000 1.180000 10539.208300 8483.774365 13.443748 2055.433799 2055.433919 4900111.672554 4900034.601497 3020.778150 3020.735539 2427.948832 2239.326056 1173.208361 1173.247874 1503.095088 0.768431 1.562664 2112.550675 742.772393 19.367837 19.371664 385.727719 62.556782 39.269648 39.278523 -0.872843 0.136532 0.633176 0.017142 0.045238 0.245218 2911.579653 19 30 0.000000 0.000000e+00 56.671000 39.248796
121 4 0 45.000000 0.020000 nan nan nan nan nan nan nan nan nan nan nan nan nan nan nan nan nan nan nan nan nan 0.000000 nan -1.000000 nan nan nan nan nan nan nan 19 30 0.000000 0.000000e+00 nan nan
122 4 1 45.000000 0.060000 nan nan nan nan nan nan nan nan nan nan nan nan nan nan nan nan nan nan nan nan nan 0.000000 nan -1.000000 nan nan nan nan nan nan nan 19 30 0.000000 0.000000e+00 nan nan
123 4 2 45.000000 0.100000 nan nan nan nan nan nan nan nan nan nan nan nan nan nan nan nan nan nan nan nan nan 0.000000 nan -1.000000 nan nan nan nan nan nan nan 19 30 0.000000 0.000000e+00 nan nan
124 4 3 45.000000 0.140000 nan nan nan nan nan nan nan nan nan nan nan nan nan nan nan nan nan nan nan nan nan 0.000000 nan -1.000000 nan nan nan nan nan nan nan 19 30 0.000000 0.000000e+00 nan nan
125 4 4 45.000000 0.180000 nan nan nan nan nan nan nan nan nan nan nan nan nan nan nan nan nan nan nan nan nan 0.000000 nan -1.000000 nan nan nan nan nan nan nan 19 30 0.000000 0.000000e+00 nan nan
126 4 5 45.000000 0.220000 nan nan nan nan nan nan nan nan nan nan nan nan nan nan nan nan nan nan nan nan nan 0.000000 nan -1.000000 nan nan nan nan nan nan nan 19 30 0.000000 0.000000e+00 nan nan
127 4 6 45.000000 0.260000 nan nan nan nan nan nan nan nan nan nan nan nan nan nan nan nan nan nan nan nan nan 0.000000 nan -1.000000 nan nan nan nan nan nan nan 19 30 0.000000 0.000000e+00 nan nan
128 4 7 45.000000 0.300000 nan nan nan nan nan nan nan nan nan nan nan nan nan nan nan nan nan nan nan nan nan 0.000000 nan -1.000000 nan nan nan nan nan nan nan 19 30 0.000000 0.000000e+00 nan nan
129 4 8 45.000000 0.340000 nan nan nan nan nan nan nan nan nan nan nan nan nan nan nan nan nan nan nan nan nan 0.000000 nan -1.000000 nan nan nan nan nan nan nan 19 30 0.000000 0.000000e+00 nan nan
130 4 9 45.000000 0.380000 nan nan nan nan nan nan nan nan nan nan nan nan nan nan nan nan nan nan nan nan nan 0.000000 nan -1.000000 nan nan nan nan nan nan nan 19 30 0.000000 0.000000e+00 nan nan
131 4 10 45.000000 0.420000 10541.109200 8940.839797 11.844778 1600.269726 1600.269388 4013524.498574 4013524.424423 2564.060152 2564.056657 2440.527572 2252.958163 434.937192 434.935761 1035.351817 0.737671 1.481130 2234.942406 284.346489 7.249957 7.250653 643.751335 23.831161 40.823395 40.826196 -0.994648 0.026687 0.751664 0.021682 0.065026 0.407212 5946.706580 19 30 0.000009 0.000000e+00 52.928596 60.741505
132 4 11 45.000000 0.460000 10541.375098 8925.141849 11.893115 1616.233233 1616.233234 4039294.016995 4039228.387839 2579.092259 2579.038242 2441.803079 2254.339799 468.708659 468.828390 1050.040155 0.738589 1.483337 2232.166615 315.404714 8.028048 8.042639 635.872279 26.382284 42.225032 42.279736 -0.984783 0.014972 0.748397 0.021510 0.064291 0.400600 5951.734040 19 30 0.001310 0.000000e+00 53.377902 19.658754
133 4 12 45.000000 0.500000 10540.900618 8901.100392 11.967436 1639.800208 1639.800211 4078653.552050 4078485.367640 2601.548177 2601.428473 2449.033024 2262.168961 504.162707 504.357053 1066.377187 0.740007 1.486770 2235.399241 346.985070 8.796468 8.823202 629.048513 28.881262 43.383035 43.470030 -0.975909 -0.001178 0.745395 0.021253 0.063191 0.390758 5850.785500 19 30 0.007313 0.000000e+00 53.725773 1.773724
134 4 13 45.000000 0.540000 10540.690235 8880.132846 12.039054 1660.557375 1660.557374 4117774.702411 4117461.225991 2622.172294 2622.005343 2451.456347 2264.792237 541.790134 542.045886 1084.711027 0.741482 1.490374 2233.096547 377.576073 9.563720 9.596909 619.079303 31.378989 44.054417 44.152925 -0.968389 -0.002883 0.740557 0.021007 0.062125 0.381541 5756.213122 19 30 0.017246 0.000000e+00 54.121513 -3.747184
135 4 14 45.000000 0.580000 10540.432632 8856.725476 12.118187 1683.707144 1683.707142 4161002.277738 4160467.175722 2645.066894 2644.869924 2454.598677 2268.193184 580.740894 581.049583 1104.718465 0.743084 1.494325 2231.190750 408.029605 10.326911 10.363464 608.517210 33.843075 44.502808 44.606075 -0.959886 0.002233 0.735488 0.020744 0.060979 0.371672 5622.943812 19 30 0.024850 0.000000e+00 54.448975 -0.366410
136 4 15 45.000000 0.620000 10540.280346 8828.507089 12.206681 1711.773246 1711.773243 4208502.161543 4207712.590723 2671.890818 2671.681161 2461.545436 2275.709030 619.922538 620.263249 1125.837806 0.744744 1.498463 2233.051887 438.555422 11.073895 11.111070 599.132430 36.203535 44.892414 44.995176 -0.952540 0.004273 0.731411 0.020466 0.059754 0.361001 5447.825159 19 30 0.027855 0.000000e+00 54.689736 0.342927
137 4 16 45.000000 0.660000 10540.159727 8797.186188 12.301740 1742.973524 1742.973524 4259138.266773 4258040.746176 2701.318239 2701.110411 2470.517854 2285.411149 659.399881 659.750343 1148.065670 0.746455 1.502775 2236.826567 468.733429 11.799098 11.835240 590.133237 38.459556 45.174099 45.273243 -0.945721 0.010492 0.727763 0.020180 0.058489 0.349959 5245.385727 19 30 0.025723 0.000000e+00 54.859891 3.484792
138 4 17 45.000000 0.700000 10540.075613 8763.711838 12.398586 1776.363760 1776.363761 4309993.177463 4308593.160493 2732.253637 2732.043442 2480.596813 2296.302725 699.175764 699.528187 1171.376947 0.748101 1.506965 2241.495816 498.701023 12.507678 12.543199 581.326911 40.625196 45.376205 45.472222 -0.940005 0.020193 0.724621 0.019903 0.057255 0.339137 5036.977874 19 30 0.021089 0.000000e+00 54.989547 6.581767
139 4 18 45.000000 0.740000 10539.989928 8728.901610 12.489451 1811.088300 1811.088303 4356038.692689 4354325.447387 2763.245034 2763.035701 2491.162481 2307.712322 738.929198 739.271014 1195.535822 0.749461 1.510463 2246.330152 528.712595 13.210056 13.244491 572.920985 42.701962 45.565631 45.658036 -0.936385 0.022800 0.722493 0.019660 0.056172 0.329361 4849.864123 19 30 0.015956 0.000000e+00 55.112745 7.643903
140 4 19 45.000000 0.780000 10539.907926 8694.229303 12.576596 1845.678606 1845.678608 4399481.614475 4397485.426090 2793.778658 2793.566708 2500.814684 2318.128498 778.633454 778.955925 1220.473925 0.750699 1.513673 2249.984280 557.934115 13.893308 13.926855 564.033642 44.688517 45.657338 45.746466 -0.932948 0.029453 0.720430 0.019438 0.055176 0.320314 4672.501467 19 30 0.011074 0.000000e+00 55.217403 9.317133
141 4 20 45.000000 0.820000 10539.826722 8658.153291 12.655946 1881.673415 1881.673415 4436655.914911 4434413.494674 2824.249909 2824.023431 2510.964472 2329.074544 818.560516 818.856911 1246.318944 0.751613 1.516061 2253.729517 587.615090 14.579688 14.613391 555.569097 46.605708 45.770635 45.857024 -0.931416 0.034709 0.719508 0.019253 0.054344 0.312345 4520.612411 19 30 0.007370 0.000000e+00 55.329586 11.978034
142 4 21 45.000000 0.860000 10539.734797 8622.699742 12.717653 1917.035035 1917.035039 4461651.483809 4459209.084969 2852.301047 2852.057578 2519.861675 2338.663831 858.333083 858.599572 1272.783365 0.751997 1.517067 2255.632533 617.632893 15.279596 15.313273 547.212509 48.459589 45.918005 46.000773 -0.930076 0.039262 0.719862 0.019130 0.053795 0.306319 4414.633307 19 30 0.004602 0.000000e+00 55.440714 13.097830
143 4 22 45.000000 0.900000 10539.670300 8586.853873 12.765687 1952.816412 1952.816411 4476685.854143 4474112.146124 2879.085101 2878.819912 2528.391990 2347.852574 898.268139 898.501658 1300.034422 0.751959 1.516968 2256.603567 648.191368 15.992540 16.026290 539.064051 50.251621 46.093158 46.171318 -0.929616 0.038582 0.721416 0.019058 0.053469 0.301729 4343.551935 19 30 0.002743 0.000000e+00 55.559747 12.982933
144 4 23 45.000000 0.940000 10539.530921 8550.288756 12.799163 1989.242150 1989.242150 4480941.470991 4478300.097133 2904.660152 2904.373328 2537.075070 2357.200790 937.993789 938.193853 1327.777080 0.751484 1.515722 2257.211937 679.256828 16.714506 16.747978 531.474844 51.959102 46.313230 46.386120 -0.929477 0.035517 0.724394 0.019037 0.053378 0.298586 4307.536356 19 30 0.001572 0.000000e+00 55.661461 11.763870
145 4 24 45.000000 0.980000 10539.493672 8514.630184 12.819605 2024.863475 2024.863473 4476569.868313 4473804.544866 2928.420658 2928.118275 2544.323866 2365.000971 977.764929 977.935319 1356.149607 0.750708 1.513698 2255.842745 710.213419 17.442848 17.475715 523.432886 53.609493 46.504246 46.571901 -0.928378 0.031810 0.727862 0.019059 0.053476 0.296684 4298.828431 19 30 0.000846 0.000000e+00 55.743368 11.033926
146 4 25 45.000000 1.020000 10539.459229 8477.858255 12.831502 2061.600960 2061.600959 4465561.861745 4462705.959066 2952.081545 2951.762943 2551.877898 2373.125884 1017.880546 1018.019361 1385.333060 0.749709 1.511105 2254.291379 741.550294 18.176456 18.208647 515.475982 55.195567 46.691896 46.754480 -0.928216 0.023289 0.732106 0.019113 0.053719 0.295585 4311.775961 19 30 0.000429 0.000000e+00 55.824814 7.339940
147 4 26 45.000000 1.060000 10539.368331 8442.811334 12.821030 2096.556982 2096.556981 4439820.714473 4436998.847354 2972.284317 2971.960636 2557.493478 2379.163412 1057.487586 1057.599572 1414.673504 0.748196 1.507210 2250.105797 772.944012 18.927867 18.958341 507.324932 56.720945 46.901880 46.957491 -0.927052 0.019254 0.737382 0.019240 0.054286 0.296559 4377.931987 19 30 0.000213 0.000000e+00 55.889370 7.002566
148 4 27 45.000000 1.100000 10539.363143 8406.329436 12.817556 2133.033686 2133.033691 4418276.208848 4415440.135265 2994.547668 2994.206550 2563.777916 2385.917614 1097.563895 1097.657888 1444.865775 0.746938 1.503999 2246.508826 803.617417 19.653442 19.683062 498.615877 58.181877 47.012823 47.064426 -0.927571 0.018181 0.742011 0.019347 0.054769 0.296882 4428.344065 19 30 0.000098 0.000000e+00 55.981097 7.493434
149 4 28 45.000000 1.140000 10539.277329 8370.217782 12.797191 2169.059534 2169.059532 4385294.528507 4382535.103301 3014.844096 3014.523902 2569.618474 2392.192458 1137.021719 1137.097777 1475.051058 0.745308 1.499879 2241.970573 834.357662 20.386648 20.412937 490.181093 59.565970 47.159125 47.202600 -0.928282 0.024918 0.747683 0.019514 0.055518 0.298785 4524.845623 19 30 0.000044 0.000000e+00 56.064192 10.986298
150 4 29 45.000000 1.180000 10539.102568 8332.292028 12.793130 2206.810513 2206.810524 4362680.954375 4359848.632618 3038.407319 3038.068683 2576.192711 2399.252913 1177.196490 1177.258661 1506.227813 0.744183 1.497061 2238.319690 863.909431 21.078783 21.104762 480.796621 60.902491 47.167165 47.208567 -0.929290 0.022115 0.751920 0.019632 0.056043 0.299175 4577.127221 19 30 0.000017 0.000000e+00 56.141562 9.840520
151 5 0 55.000000 0.020000 nan nan nan nan nan nan nan nan nan nan nan nan nan nan nan nan nan nan nan nan nan 0.000000 nan -1.000000 nan nan nan nan nan nan nan 19 30 0.000000 0.000000e+00 nan nan
152 5 1 55.000000 0.060000 nan nan nan nan nan nan nan nan nan nan nan nan nan nan nan nan nan nan nan nan nan 0.000000 nan -1.000000 nan nan nan nan nan nan nan 19 30 0.000000 0.000000e+00 nan nan
153 5 2 55.000000 0.100000 nan nan nan nan nan nan nan nan nan nan nan nan nan nan nan nan nan nan nan nan nan 0.000000 nan -1.000000 nan nan nan nan nan nan nan 19 30 0.000000 0.000000e+00 nan nan
154 5 3 55.000000 0.140000 nan nan nan nan nan nan nan nan nan nan nan nan nan nan nan nan nan nan nan nan nan 0.000000 nan -1.000000 nan nan nan nan nan nan nan 19 30 0.000000 0.000000e+00 nan nan
155 5 4 55.000000 0.180000 nan nan nan nan nan nan nan nan nan nan nan nan nan nan nan nan nan nan nan nan nan 0.000000 nan -1.000000 nan nan nan nan nan nan nan 19 30 0.000000 0.000000e+00 nan nan
156 5 5 55.000000 0.220000 nan nan nan nan nan nan nan nan nan nan nan nan nan nan nan nan nan nan nan nan nan 0.000000 nan -1.000000 nan nan nan nan nan nan nan 19 30 0.000000 0.000000e+00 nan nan
157 5 6 55.000000 0.260000 nan nan nan nan nan nan nan nan nan nan nan nan nan nan nan nan nan nan nan nan nan 0.000000 nan -1.000000 nan nan nan nan nan nan nan 19 30 0.000000 0.000000e+00 nan nan
158 5 7 55.000000 0.300000 nan nan nan nan nan nan nan nan nan nan nan nan nan nan nan nan nan nan nan nan nan 0.000000 nan -1.000000 nan nan nan nan nan nan nan 19 30 0.000000 0.000000e+00 nan nan
159 5 8 55.000000 0.340000 nan nan nan nan nan nan nan nan nan nan nan nan nan nan nan nan nan nan nan nan nan 0.000000 nan -1.000000 nan nan nan nan nan nan nan 19 30 0.000000 0.000000e+00 nan nan
160 5 9 55.000000 0.380000 nan nan nan nan nan nan nan nan nan nan nan nan nan nan nan nan nan nan nan nan nan 0.000000 nan -1.000000 nan nan nan nan nan nan nan 19 30 0.000000 0.000000e+00 nan nan
161 5 10 55.000000 0.420000 nan nan nan nan nan nan nan nan nan nan nan nan nan nan nan nan nan nan nan nan nan 0.000000 nan -1.000000 nan nan nan nan nan nan nan 19 30 0.000000 0.000000e+00 nan nan
162 5 11 55.000000 0.460000 nan nan nan nan nan nan nan nan nan nan nan nan nan nan nan nan nan nan nan nan nan 0.000000 nan -1.000000 nan nan nan nan nan nan nan 19 30 0.000000 0.000000e+00 nan nan
163 5 12 55.000000 0.500000 10541.920748 8817.007455 11.907540 1724.913405 1724.913277 4000175.084141 4000147.993849 2641.118409 2641.112229 2531.988465 2351.725163 508.879920 508.903111 1068.534812 0.733536 1.471343 2318.550218 393.619265 9.633800 9.635213 678.651847 30.113809 50.660139 50.666163 -0.991902 -0.013863 0.793955 0.021773 0.065414 0.398617 6142.728403 19 30 0.000049 0.000000e+00 53.069227 -0.520692
164 5 13 55.000000 0.540000 10541.179768 8786.855676 11.982599 1754.324107 1754.324078 4036485.503502 4036416.672083 2667.246797 2667.221334 2543.095796 2363.679734 546.196708 546.290383 1086.838282 0.734785 1.474274 2325.007338 425.820107 10.373166 10.378576 672.826958 32.328986 51.195623 51.212601 -0.988446 0.001427 0.792519 0.021528 0.064371 0.388760 6033.931770 19 30 0.000881 0.000000e+00 53.367807 1.821379
165 5 14 55.000000 0.580000 10540.992600 8759.425739 12.038836 1781.566832 1781.566846 4061580.284215 4061462.902622 2689.929032 2689.877940 2551.277698 2372.480463 583.171377 583.291228 1105.899148 0.735507 1.475977 2327.964038 457.435225 11.108972 11.116751 666.377323 34.467681 51.626884 51.649637 -0.984371 0.003925 0.791839 0.021363 0.063665 0.381547 5980.332875 19 30 0.003078 0.000000e+00 53.651372 3.132057
166 5 15 55.000000 0.620000 10540.797256 8733.823029 12.086339 1806.974207 1806.974212 4081599.030292 4081417.737206 2710.522310 2710.456334 2556.060619 2377.623086 621.372090 621.507150 1126.523593 0.736020 1.477193 2326.802646 488.959084 11.858885 11.867574 658.075360 36.612859 51.856868 51.881080 -0.980006 0.004440 0.790652 0.021235 0.063110 0.375587 5951.777938 19 30 0.005904 0.000000e+00 53.959313 1.538636
167 5 16 55.000000 0.660000 10540.546631 8710.046213 12.116760 1830.500401 1830.500403 4090878.704556 4090648.656058 2727.968815 2727.889364 2557.489153 2379.158764 660.583573 660.716663 1148.621250 0.736052 1.477268 2321.434011 520.903594 12.637705 12.647043 648.505095 38.772736 52.010686 52.035475 -0.975867 0.002029 0.789903 0.021176 0.062856 0.371840 5979.408526 19 30 0.007488 0.000000e+00 54.282838 1.998426
168 5 17 55.000000 0.700000 10540.375576 8684.151694 12.151691 1856.223866 1856.223868 4102159.853481 4101881.897731 2747.346421 2747.262081 2560.170654 2382.041022 699.880607 700.007441 1171.663213 0.736169 1.477547 2317.135676 552.269583 13.396679 13.405850 638.915487 40.839675 52.064234 52.087324 -0.971921 -0.000371 0.789233 0.021105 0.062548 0.367586 5977.445452 19 30 0.007872 0.000000e+00 54.558362 0.544234
169 5 18 55.000000 0.740000 10540.158787 8657.260602 12.181790 1882.898166 1882.898170 4109616.579219 4109301.527102 2766.786014 2766.696052 2562.787161 2384.852970 739.451051 739.570458 1195.721009 0.736115 1.477419 2312.354886 583.556825 14.154676 14.163692 629.155393 42.846665 52.074680 52.096664 -0.968811 0.004098 0.789066 0.021058 0.062346 0.363975 5985.389317 19 30 0.007336 0.000000e+00 54.817019 2.186224
170 5 19 55.000000 0.780000 10540.003602 8628.376514 12.210341 1911.627070 1911.627073 4115024.691484 4114678.531854 2787.383108 2787.291983 2566.713047 2389.071267 778.925916 779.034422 1220.524026 0.735970 1.477073 2308.650038 614.651543 14.900004 14.908512 619.819660 44.760132 52.071189 52.091366 -0.965472 0.009270 0.789601 0.021024 0.062200 0.360587 5987.388189 19 30 0.005851 0.000000e+00 55.019755 3.766857
171 5 20 55.000000 0.820000 10539.924383 8599.238039 12.234369 1940.686325 1940.686328 4117217.515170 4116845.794021 2807.776813 2807.687521 2570.037946 2392.643036 818.664743 818.764732 1246.258382 0.735710 1.476458 2303.937694 645.454722 15.642534 15.650367 609.976415 46.618740 52.011428 52.029484 -0.961669 0.006620 0.790268 0.021011 0.062142 0.357763 5995.464879 19 30 0.004275 0.000000e+00 55.188692 3.702264
172 5 21 55.000000 0.860000 10539.750317 8568.375176 12.258275 1971.375125 1971.375126 4118381.155407 4117987.572004 2829.271208 2829.188481 2574.255218 2397.172414 858.433082 858.520326 1272.729908 0.735430 1.475796 2299.897299 675.949699 16.371428 16.378289 600.224700 48.395807 51.922157 51.937870 -0.959002 0.008581 0.791258 0.021004 0.062111 0.354986 5999.228791 19 30 0.002759 0.000000e+00 55.345416 4.748962
173 5 22 55.000000 0.900000 10539.654797 8537.582640 12.280177 2002.072146 2002.072143 4118150.508112 4117770.327813 2850.699837 2850.625053 2577.733034 2400.906755 898.300163 898.378215 1299.949109 0.735136 1.475102 2294.818290 705.806107 17.090225 17.096073 589.794496 50.116774 51.767443 51.780347 -0.956729 0.011485 0.792006 0.021005 0.062117 0.352462 6003.195547 19 30 0.001700 0.000000e+00 55.496313 5.174090
174 5 23 55.000000 0.940000 10539.601971 8506.477987 12.295434 2033.123968 2033.123969 4113274.313486 4112909.449711 2871.739075 2871.672426 2581.252613 2404.685158 937.706792 937.775283 1327.481356 0.734681 1.474029 2289.535295 735.213467 17.797907 17.802815 579.496972 51.754739 51.617497 51.628053 -0.953647 0.012988 0.793286 0.021036 0.062248 0.350716 6021.420370 19 30 0.000952 0.000000e+00 55.600286 6.313548
175 5 24 55.000000 0.980000 10539.504516 8474.591892 12.311788 2064.912606 2064.912608 4108642.432469 4108319.654884 2893.533113 2893.472608 2584.610407 2408.289146 977.544982 977.606070 1355.912201 0.734287 1.473102 2283.817494 764.221348 18.497437 18.501505 568.577438 53.350909 51.410060 51.418998 -0.950474 0.009499 0.794257 0.021064 0.062373 0.348859 6029.047571 19 30 0.000477 0.000000e+00 55.678738 3.114718
176 5 25 55.000000 1.020000 10539.406532 8442.798883 12.319317 2096.607640 2096.607634 4098128.136870 4097857.240148 2914.429319 2914.381720 2587.518829 2411.410240 1017.104183 1017.156091 1384.698805 0.733691 1.471707 2277.312123 792.936845 19.194624 19.197596 557.588635 54.885334 51.213796 51.220545 -0.946760 0.014815 0.795718 0.021130 0.062658 0.348012 6061.961116 19 30 0.000214 0.000000e+00 55.734210 7.383147
177 5 26 55.000000 1.060000 10539.476963 8410.539674 12.326375 2128.937271 2128.937274 4087106.919406 4086887.527522 2935.896762 2935.857872 2590.581664 2414.696464 1056.607937 1056.652486 1413.965610 0.733131 1.470399 2270.802362 821.106355 19.877448 19.879638 546.351171 56.360834 50.988906 50.994240 -0.943887 0.026175 0.797081 0.021200 0.062959 0.347209 6093.553471 19 30 0.000085 0.000000e+00 55.766931 9.308630
178 5 27 55.000000 1.100000 10539.477571 8377.630647 12.327605 2161.846905 2161.846908 4071885.001603 4071706.159737 2957.275985 2957.243347 2593.646293 2417.984025 1096.231658 1096.268592 1443.810616 0.732452 1.468820 2263.954731 849.208879 20.559386 20.561056 534.993164 57.789479 50.767618 50.772023 -0.942958 0.020174 0.798796 0.021297 0.063379 0.347070 6151.153132 19 30 0.000029 0.000000e+00 55.860674 8.264373
179 5 28 55.000000 1.140000 10539.349205 8341.788975 12.330530 2197.560218 2197.560214 4056272.322735 4056153.685770 2980.865224 2980.842931 2599.282282 2424.028472 1135.560216 1135.588556 1473.887932 0.731824 1.467365 2259.726117 877.241078 21.215438 21.216552 524.596729 59.120261 50.576105 50.578835 -0.943213 0.029236 0.801190 0.021398 0.063813 0.346749 6206.343951 19 30 0.000009 0.000000e+00 55.945625 14.949013
180 5 29 55.000000 1.180000 10539.173662 8306.778921 12.316147 2232.394751 2232.394726 4029742.483028 4029681.944040 3002.226473 3002.210545 2603.976044 2429.060908 1174.421224 1174.443701 1504.028681 0.730820 1.465050 2254.053612 905.306141 21.881375 21.882106 514.257075 60.401358 50.427448 50.429224 -0.944172 0.054540 0.804490 0.021573 0.064563 0.348386 6331.550477 19 30 0.000002 0.000000e+00 56.022293 25.216867
181 6 0 65.000000 0.020000 nan nan nan nan nan nan nan nan nan nan nan nan nan nan nan nan nan nan nan nan nan 0.000000 nan -1.000000 nan nan nan nan nan nan nan 19 30 0.000000 0.000000e+00 nan nan
182 6 1 65.000000 0.060000 nan nan nan nan nan nan nan nan nan nan nan nan nan nan nan nan nan nan nan nan nan 0.000000 nan -1.000000 nan nan nan nan nan nan nan 19 30 0.000000 0.000000e+00 nan nan
183 6 2 65.000000 0.100000 nan nan nan nan nan nan nan nan nan nan nan nan nan nan nan nan nan nan nan nan nan 0.000000 nan -1.000000 nan nan nan nan nan nan nan 19 30 0.000000 0.000000e+00 nan nan
184 6 3 65.000000 0.140000 nan nan nan nan nan nan nan nan nan nan nan nan nan nan nan nan nan nan nan nan nan 0.000000 nan -1.000000 nan nan nan nan nan nan nan 19 30 0.000000 0.000000e+00 nan nan
185 6 4 65.000000 0.180000 nan nan nan nan nan nan nan nan nan nan nan nan nan nan nan nan nan nan nan nan nan 0.000000 nan -1.000000 nan nan nan nan nan nan nan 19 30 0.000000 0.000000e+00 nan nan
186 6 5 65.000000 0.220000 nan nan nan nan nan nan nan nan nan nan nan nan nan nan nan nan nan nan nan nan nan 0.000000 nan -1.000000 nan nan nan nan nan nan nan 19 30 0.000000 0.000000e+00 nan nan
187 6 6 65.000000 0.260000 nan nan nan nan nan nan nan nan nan nan nan nan nan nan nan nan nan nan nan nan nan 0.000000 nan -1.000000 nan nan nan nan nan nan nan 19 30 0.000000 0.000000e+00 nan nan
188 6 7 65.000000 0.300000 nan nan nan nan nan nan nan nan nan nan nan nan nan nan nan nan nan nan nan nan nan 0.000000 nan -1.000000 nan nan nan nan nan nan nan 19 30 0.000000 0.000000e+00 nan nan
189 6 8 65.000000 0.340000 nan nan nan nan nan nan nan nan nan nan nan nan nan nan nan nan nan nan nan nan nan 0.000000 nan -1.000000 nan nan nan nan nan nan nan 19 30 0.000000 0.000000e+00 nan nan
190 6 9 65.000000 0.380000 nan nan nan nan nan nan nan nan nan nan nan nan nan nan nan nan nan nan nan nan nan 0.000000 nan -1.000000 nan nan nan nan nan nan nan 19 30 0.000000 0.000000e+00 nan nan
191 6 10 65.000000 0.420000 nan nan nan nan nan nan nan nan nan nan nan nan nan nan nan nan nan nan nan nan nan 0.000000 nan -1.000000 nan nan nan nan nan nan nan 19 30 0.000000 0.000000e+00 nan nan
192 6 11 65.000000 0.460000 nan nan nan nan nan nan nan nan nan nan nan nan nan nan nan nan nan nan nan nan nan 0.000000 nan -1.000000 nan nan nan nan nan nan nan 19 30 0.000000 0.000000e+00 nan nan
193 6 12 65.000000 0.500000 nan nan nan nan nan nan nan nan nan nan nan nan nan nan nan nan nan nan nan nan nan 0.000000 nan -1.000000 nan nan nan nan nan nan nan 19 30 0.000000 0.000000e+00 nan nan
194 6 13 65.000000 0.540000 nan nan nan nan nan nan nan nan nan nan nan nan nan nan nan nan nan nan nan nan nan 0.000000 nan -1.000000 nan nan nan nan nan nan nan 19 30 0.000000 0.000000e+00 nan nan
195 6 14 65.000000 0.580000 nan nan nan nan nan nan nan nan nan nan nan nan nan nan nan nan nan nan nan nan nan 0.000000 nan -1.000000 nan nan nan nan nan nan nan 19 30 0.000000 0.000000e+00 nan nan
196 6 15 65.000000 0.620000 nan nan nan nan nan nan nan nan nan nan nan nan nan nan nan nan nan nan nan nan nan 0.000000 nan -1.000000 nan nan nan nan nan nan nan 19 30 0.000000 0.000000e+00 nan nan
197 6 16 65.000000 0.660000 nan nan nan nan nan nan nan nan nan nan nan nan nan nan nan nan nan nan nan nan nan 0.000000 nan -1.000000 nan nan nan nan nan nan nan 19 30 0.000000 0.000000e+00 nan nan
198 6 17 65.000000 0.700000 nan nan nan nan nan nan nan nan nan nan nan nan nan nan nan nan nan nan nan nan nan 0.000000 nan -1.000000 nan nan nan nan nan nan nan 19 30 0.000000 0.000000e+00 nan nan
199 6 18 65.000000 0.740000 nan nan nan nan nan nan nan nan nan nan nan nan nan nan nan nan nan nan nan nan nan 0.000000 nan -1.000000 nan nan nan nan nan nan nan 19 30 0.000000 0.000000e+00 nan nan
200 6 19 65.000000 0.780000 nan nan nan nan nan nan nan nan nan nan nan nan nan nan nan nan nan nan nan nan nan 0.000000 nan -1.000000 nan nan nan nan nan nan nan 19 30 0.000000 0.000000e+00 nan nan
201 6 20 65.000000 0.820000 nan nan nan nan nan nan nan nan nan nan nan nan nan nan nan nan nan nan nan nan nan 0.000000 nan -1.000000 nan nan nan nan nan nan nan 19 30 0.000000 0.000000e+00 nan nan
202 6 21 65.000000 0.860000 nan nan nan nan nan nan nan nan nan nan nan nan nan nan nan nan nan nan nan nan nan 0.000000 nan -1.000000 nan nan nan nan nan nan nan 19 30 0.000000 0.000000e+00 nan nan
203 6 22 65.000000 0.900000 nan nan nan nan nan nan nan nan nan nan nan nan nan nan nan nan nan nan nan nan nan 0.000000 nan -1.000000 nan nan nan nan nan nan nan 19 30 0.000000 0.000000e+00 nan nan
204 6 23 65.000000 0.940000 nan nan nan nan nan nan nan nan nan nan nan nan nan nan nan nan nan nan nan nan nan 0.000000 nan -1.000000 nan nan nan nan nan nan nan 19 30 0.000000 0.000000e+00 nan nan
205 6 24 65.000000 0.980000 nan nan nan nan nan nan nan nan nan nan nan nan nan nan nan nan nan nan nan nan nan 0.000000 nan -1.000000 nan nan nan nan nan nan nan 19 30 0.000000 0.000000e+00 nan nan
206 6 25 65.000000 1.020000 nan nan nan nan nan nan nan nan nan nan nan nan nan nan nan nan nan nan nan nan nan 0.000000 nan -1.000000 nan nan nan nan nan nan nan 19 30 0.000000 0.000000e+00 nan nan
207 6 26 65.000000 1.060000 nan nan nan nan nan nan nan nan nan nan nan nan nan nan nan nan nan nan nan nan nan 0.000000 nan -1.000000 nan nan nan nan nan nan nan 19 30 0.000000 0.000000e+00 nan nan
208 6 27 65.000000 1.100000 nan nan nan nan nan nan nan nan nan nan nan nan nan nan nan nan nan nan nan nan nan 0.000000 nan -1.000000 nan nan nan nan nan nan nan 19 30 0.000000 0.000000e+00 nan nan
209 6 28 65.000000 1.140000 nan nan nan nan nan nan nan nan nan nan nan nan nan nan nan nan nan nan nan nan nan 0.000000 nan -1.000000 nan nan nan nan nan nan nan 19 30 0.000000 0.000000e+00 nan nan
210 6 29 65.000000 1.180000 nan nan nan nan nan nan nan nan nan nan nan nan nan nan nan nan nan nan nan nan nan 0.000000 nan -1.000000 nan nan nan nan nan nan nan 19 30 0.000000 0.000000e+00 nan nan
211 7 0 75.000000 0.020000 nan nan nan nan nan nan nan nan nan nan nan nan nan nan nan nan nan nan nan nan nan 0.000000 nan -1.000000 nan nan nan nan nan nan nan 19 30 0.000000 0.000000e+00 nan nan
212 7 1 75.000000 0.060000 nan nan nan nan nan nan nan nan nan nan nan nan nan nan nan nan nan nan nan nan nan 0.000000 nan -1.000000 nan nan nan nan nan nan nan 19 30 0.000000 0.000000e+00 nan nan
213 7 2 75.000000 0.100000 nan nan nan nan nan nan nan nan nan nan nan nan nan nan nan nan nan nan nan nan nan 0.000000 nan -1.000000 nan nan nan nan nan nan nan 19 30 0.000000 0.000000e+00 nan nan
214 7 3 75.000000 0.140000 nan nan nan nan nan nan nan nan nan nan nan nan nan nan nan nan nan nan nan nan nan 0.000000 nan -1.000000 nan nan nan nan nan nan nan 19 30 0.000000 0.000000e+00 nan nan
215 7 4 75.000000 0.180000 nan nan nan nan nan nan nan nan nan nan nan nan nan nan nan nan nan nan nan nan nan 0.000000 nan -1.000000 nan nan nan nan nan nan nan 19 30 0.000000 0.000000e+00 nan nan
216 7 5 75.000000 0.220000 nan nan nan nan nan nan nan nan nan nan nan nan nan nan nan nan nan nan nan nan nan 0.000000 nan -1.000000 nan nan nan nan nan nan nan 19 30 0.000000 0.000000e+00 nan nan
217 7 6 75.000000 0.260000 nan nan nan nan nan nan nan nan nan nan nan nan nan nan nan nan nan nan nan nan nan 0.000000 nan -1.000000 nan nan nan nan nan nan nan 19 30 0.000000 0.000000e+00 nan nan
218 7 7 75.000000 0.300000 nan nan nan nan nan nan nan nan nan nan nan nan nan nan nan nan nan nan nan nan nan 0.000000 nan -1.000000 nan nan nan nan nan nan nan 19 30 0.000000 0.000000e+00 nan nan
219 7 8 75.000000 0.340000 nan nan nan nan nan nan nan nan nan nan nan nan nan nan nan nan nan nan nan nan nan 0.000000 nan -1.000000 nan nan nan nan nan nan nan 19 30 0.000000 0.000000e+00 nan nan
220 7 9 75.000000 0.380000 nan nan nan nan nan nan nan nan nan nan nan nan nan nan nan nan nan nan nan nan nan 0.000000 nan -1.000000 nan nan nan nan nan nan nan 19 30 0.000000 0.000000e+00 nan nan
221 7 10 75.000000 0.420000 nan nan nan nan nan nan nan nan nan nan nan nan nan nan nan nan nan nan nan nan nan 0.000000 nan -1.000000 nan nan nan nan nan nan nan 19 30 0.000000 0.000000e+00 nan nan
222 7 11 75.000000 0.460000 nan nan nan nan nan nan nan nan nan nan nan nan nan nan nan nan nan nan nan nan nan 0.000000 nan -1.000000 nan nan nan nan nan nan nan 19 30 0.000000 0.000000e+00 nan nan
223 7 12 75.000000 0.500000 nan nan nan nan nan nan nan nan nan nan nan nan nan nan nan nan nan nan nan nan nan 0.000000 nan -1.000000 nan nan nan nan nan nan nan 19 30 0.000000 0.000000e+00 nan nan
224 7 13 75.000000 0.540000 nan nan nan nan nan nan nan nan nan nan nan nan nan nan nan nan nan nan nan nan nan 0.000000 nan -1.000000 nan nan nan nan nan nan nan 19 30 0.000000 0.000000e+00 nan nan
225 7 14 75.000000 0.580000 nan nan nan nan nan nan nan nan nan nan nan nan nan nan nan nan nan nan nan nan nan 0.000000 nan -1.000000 nan nan nan nan nan nan nan 19 30 0.000000 0.000000e+00 nan nan
226 7 15 75.000000 0.620000 nan nan nan nan nan nan nan nan nan nan nan nan nan nan nan nan nan nan nan nan nan 0.000000 nan -1.000000 nan nan nan nan nan nan nan 19 30 0.000000 0.000000e+00 nan nan
227 7 16 75.000000 0.660000 nan nan nan nan nan nan nan nan nan nan nan nan nan nan nan nan nan nan nan nan nan 0.000000 nan -1.000000 nan nan nan nan nan nan nan 19 30 0.000000 0.000000e+00 nan nan
228 7 17 75.000000 0.700000 nan nan nan nan nan nan nan nan nan nan nan nan nan nan nan nan nan nan nan nan nan 0.000000 nan -1.000000 nan nan nan nan nan nan nan 19 30 0.000000 0.000000e+00 nan nan
229 7 18 75.000000 0.740000 nan nan nan nan nan nan nan nan nan nan nan nan nan nan nan nan nan nan nan nan nan 0.000000 nan -1.000000 nan nan nan nan nan nan nan 19 30 0.000000 0.000000e+00 nan nan
230 7 19 75.000000 0.780000 nan nan nan nan nan nan nan nan nan nan nan nan nan nan nan nan nan nan nan nan nan 0.000000 nan -1.000000 nan nan nan nan nan nan nan 19 30 0.000000 0.000000e+00 nan nan
231 7 20 75.000000 0.820000 nan nan nan nan nan nan nan nan nan nan nan nan nan nan nan nan nan nan nan nan nan 0.000000 nan -1.000000 nan nan nan nan nan nan nan 19 30 0.000000 0.000000e+00 nan nan
232 7 21 75.000000 0.860000 nan nan nan nan nan nan nan nan nan nan nan nan nan nan nan nan nan nan nan nan nan 0.000000 nan -1.000000 nan nan nan nan nan nan nan 19 30 0.000000 0.000000e+00 nan nan
233 7 22 75.000000 0.900000 nan nan nan nan nan nan nan nan nan nan nan nan nan nan nan nan nan nan nan nan nan 0.000000 nan -1.000000 nan nan nan nan nan nan nan 19 30 0.000000 0.000000e+00 nan nan
234 7 23 75.000000 0.940000 nan nan nan nan nan nan nan nan nan nan nan nan nan nan nan nan nan nan nan nan nan 0.000000 nan -1.000000 nan nan nan nan nan nan nan 19 30 0.000000 0.000000e+00 nan nan
235 7 24 75.000000 0.980000 nan nan nan nan nan nan nan nan nan nan nan nan nan nan nan nan nan nan nan nan nan 0.000000 nan -1.000000 nan nan nan nan nan nan nan 19 30 0.000000 0.000000e+00 nan nan
236 7 25 75.000000 1.020000 nan nan nan nan nan nan nan nan nan nan nan nan nan nan nan nan nan nan nan nan nan 0.000000 nan -1.000000 nan nan nan nan nan nan nan 19 30 0.000000 0.000000e+00 nan nan
237 7 26 75.000000 1.060000 nan nan nan nan nan nan nan nan nan nan nan nan nan nan nan nan nan nan nan nan nan 0.000000 nan -1.000000 nan nan nan nan nan nan nan 19 30 0.000000 0.000000e+00 nan nan
238 7 27 75.000000 1.100000 nan nan nan nan nan nan nan nan nan nan nan nan nan nan nan nan nan nan nan nan nan 0.000000 nan -1.000000 nan nan nan nan nan nan nan 19 30 0.000000 0.000000e+00 nan nan
239 7 28 75.000000 1.140000 nan nan nan nan nan nan nan nan nan nan nan nan nan nan nan nan nan nan nan nan nan 0.000000 nan -1.000000 nan nan nan nan nan nan nan 19 30 0.000000 0.000000e+00 nan nan
240 7 29 75.000000 1.180000 nan nan nan nan nan nan nan nan nan nan nan nan nan nan nan nan nan nan nan nan nan 0.000000 nan -1.000000 nan nan nan nan nan nan nan 19 30 0.000000 0.000000e+00 nan nan
241 8 0 85.000000 0.020000 nan nan nan nan nan nan nan nan nan nan nan nan nan nan nan nan nan nan nan nan nan 0.000000 nan -1.000000 nan nan nan nan nan nan nan 19 30 0.000000 0.000000e+00 nan nan
242 8 1 85.000000 0.060000 nan nan nan nan nan nan nan nan nan nan nan nan nan nan nan nan nan nan nan nan nan 0.000000 nan -1.000000 nan nan nan nan nan nan nan 19 30 0.000000 0.000000e+00 nan nan
243 8 2 85.000000 0.100000 nan nan nan nan nan nan nan nan nan nan nan nan nan nan nan nan nan nan nan nan nan 0.000000 nan -1.000000 nan nan nan nan nan nan nan 19 30 0.000000 0.000000e+00 nan nan
244 8 3 85.000000 0.140000 nan nan nan nan nan nan nan nan nan nan nan nan nan nan nan nan nan nan nan nan nan 0.000000 nan -1.000000 nan nan nan nan nan nan nan 19 30 0.000000 0.000000e+00 nan nan
245 8 4 85.000000 0.180000 nan nan nan nan nan nan nan nan nan nan nan nan nan nan nan nan nan nan nan nan nan 0.000000 nan -1.000000 nan nan nan nan nan nan nan 19 30 0.000000 0.000000e+00 nan nan
246 8 5 85.000000 0.220000 nan nan nan nan nan nan nan nan nan nan nan nan nan nan nan nan nan nan nan nan nan 0.000000 nan -1.000000 nan nan nan nan nan nan nan 19 30 0.000000 0.000000e+00 nan nan
247 8 6 85.000000 0.260000 nan nan nan nan nan nan nan nan nan nan nan nan nan nan nan nan nan nan nan nan nan 0.000000 nan -1.000000 nan nan nan nan nan nan nan 19 30 0.000000 0.000000e+00 nan nan
248 8 7 85.000000 0.300000 nan nan nan nan nan nan nan nan nan nan nan nan nan nan nan nan nan nan nan nan nan 0.000000 nan -1.000000 nan nan nan nan nan nan nan 19 30 0.000000 0.000000e+00 nan nan
249 8 8 85.000000 0.340000 nan nan nan nan nan nan nan nan nan nan nan nan nan nan nan nan nan nan nan nan nan 0.000000 nan -1.000000 nan nan nan nan nan nan nan 19 30 0.000000 0.000000e+00 nan nan
250 8 9 85.000000 0.380000 nan nan nan nan nan nan nan nan nan nan nan nan nan nan nan nan nan nan nan nan nan 0.000000 nan -1.000000 nan nan nan nan nan nan nan 19 30 0.000000 0.000000e+00 nan nan
251 8 10 85.000000 0.420000 nan nan nan nan nan nan nan nan nan nan nan nan nan nan nan nan nan nan nan nan nan 0.000000 nan -1.000000 nan nan nan nan nan nan nan 19 30 0.000000 0.000000e+00 nan nan
252 8 11 85.000000 0.460000 nan nan nan nan nan nan nan nan nan nan nan nan nan nan nan nan nan nan nan nan nan 0.000000 nan -1.000000 nan nan nan nan nan nan nan 19 30 0.000000 0.000000e+00 nan nan
253 8 12 85.000000 0.500000 nan nan nan nan nan nan nan nan nan nan nan nan nan nan nan nan nan nan nan nan nan 0.000000 nan -1.000000 nan nan nan nan nan nan nan 19 30 0.000000 0.000000e+00 nan nan
254 8 13 85.000000 0.540000 nan nan nan nan nan nan nan nan nan nan nan nan nan nan nan nan nan nan nan nan nan 0.000000 nan -1.000000 nan nan nan nan nan nan nan 19 30 0.000000 0.000000e+00 nan nan
255 8 14 85.000000 0.580000 nan nan nan nan nan nan nan nan nan nan nan nan nan nan nan nan nan nan nan nan nan 0.000000 nan -1.000000 nan nan nan nan nan nan nan 19 30 0.000000 0.000000e+00 nan nan
256 8 15 85.000000 0.620000 nan nan nan nan nan nan nan nan nan nan nan nan nan nan nan nan nan nan nan nan nan 0.000000 nan -1.000000 nan nan nan nan nan nan nan 19 30 0.000000 0.000000e+00 nan nan
257 8 16 85.000000 0.660000 nan nan nan nan nan nan nan nan nan nan nan nan nan nan nan nan nan nan nan nan nan 0.000000 nan -1.000000 nan nan nan nan nan nan nan 19 30 0.000000 0.000000e+00 nan nan
258 8 17 85.000000 0.700000 nan nan nan nan nan nan nan nan nan nan nan nan nan nan nan nan nan nan nan nan nan 0.000000 nan -1.000000 nan nan nan nan nan nan nan 19 30 0.000000 0.000000e+00 nan nan
259 8 18 85.000000 0.740000 nan nan nan nan nan nan nan nan nan nan nan nan nan nan nan nan nan nan nan nan nan 0.000000 nan -1.000000 nan nan nan nan nan nan nan 19 30 0.000000 0.000000e+00 nan nan
260 8 19 85.000000 0.780000 nan nan nan nan nan nan nan nan nan nan nan nan nan nan nan nan nan nan nan nan nan 0.000000 nan -1.000000 nan nan nan nan nan nan nan 19 30 0.000000 0.000000e+00 nan nan
261 8 20 85.000000 0.820000 nan nan nan nan nan nan nan nan nan nan nan nan nan nan nan nan nan nan nan nan nan 0.000000 nan -1.000000 nan nan nan nan nan nan nan 19 30 0.000000 0.000000e+00 nan nan
262 8 21 85.000000 0.860000 nan nan nan nan nan nan nan nan nan nan nan nan nan nan nan nan nan nan nan nan nan 0.000000 nan -1.000000 nan nan nan nan nan nan nan 19 30 0.000000 0.000000e+00 nan nan
263 8 22 85.000000 0.900000 nan nan nan nan nan nan nan nan nan nan nan nan nan nan nan nan nan nan nan nan nan 0.000000 nan -1.000000 nan nan nan nan nan nan nan 19 30 0.000000 0.000000e+00 nan nan
264 8 23 85.000000 0.940000 nan nan nan nan nan nan nan nan nan nan nan nan nan nan nan nan nan nan nan nan nan 0.000000 nan -1.000000 nan nan nan nan nan nan nan 19 30 0.000000 0.000000e+00 nan nan
265 8 24 85.000000 0.980000 nan nan nan nan nan nan nan nan nan nan nan nan nan nan nan nan nan nan nan nan nan 0.000000 nan -1.000000 nan nan nan nan nan nan nan 19 30 0.000000 0.000000e+00 nan nan
266 8 25 85.000000 1.020000 nan nan nan nan nan nan nan nan nan nan nan nan nan nan nan nan nan nan nan nan nan 0.000000 nan -1.000000 nan nan nan nan nan nan nan 19 30 0.000000 0.000000e+00 nan nan
267 8 26 85.000000 1.060000 nan nan nan nan nan nan nan nan nan nan nan nan nan nan nan nan nan nan nan nan nan 0.000000 nan -1.000000 nan nan nan nan nan nan nan 19 30 0.000000 0.000000e+00 nan nan
268 8 27 85.000000 1.100000 nan nan nan nan nan nan nan nan nan nan nan nan nan nan nan nan nan nan nan nan nan 0.000000 nan -1.000000 nan nan nan nan nan nan nan 19 30 0.000000 0.000000e+00 nan nan
269 8 28 85.000000 1.140000 nan nan nan nan nan nan nan nan nan nan nan nan nan nan nan nan nan nan nan nan nan 0.000000 nan -1.000000 nan nan nan nan nan nan nan 19 30 0.000000 0.000000e+00 nan nan
270 8 29 85.000000 1.180000 nan nan nan nan nan nan nan nan nan nan nan nan nan nan nan nan nan nan nan nan nan 0.000000 nan -1.000000 nan nan nan nan nan nan nan 19 30 0.000000 0.000000e+00 nan nan
271 9 0 95.000000 0.020000 nan nan nan nan nan nan nan nan nan nan nan nan nan nan nan nan nan nan nan nan nan 0.000000 nan -1.000000 nan nan nan nan nan nan nan 19 30 0.000000 0.000000e+00 nan nan
272 9 1 95.000000 0.060000 nan nan nan nan nan nan nan nan nan nan nan nan nan nan nan nan nan nan nan nan nan 0.000000 nan -1.000000 nan nan nan nan nan nan nan 19 30 0.000000 0.000000e+00 nan nan
273 9 2 95.000000 0.100000 nan nan nan nan nan nan nan nan nan nan nan nan nan nan nan nan nan nan nan nan nan 0.000000 nan -1.000000 nan nan nan nan nan nan nan 19 30 0.000000 0.000000e+00 nan nan
274 9 3 95.000000 0.140000 nan nan nan nan nan nan nan nan nan nan nan nan nan nan nan nan nan nan nan nan nan 0.000000 nan -1.000000 nan nan nan nan nan nan nan 19 30 0.000000 0.000000e+00 nan nan
275 9 4 95.000000 0.180000 nan nan nan nan nan nan nan nan nan nan nan nan nan nan nan nan nan nan nan nan nan 0.000000 nan -1.000000 nan nan nan nan nan nan nan 19 30 0.000000 0.000000e+00 nan nan
276 9 5 95.000000 0.220000 nan nan nan nan nan nan nan nan nan nan nan nan nan nan nan nan nan nan nan nan nan 0.000000 nan -1.000000 nan nan nan nan nan nan nan 19 30 0.000000 0.000000e+00 nan nan
277 9 6 95.000000 0.260000 nan nan nan nan nan nan nan nan nan nan nan nan nan nan nan nan nan nan nan nan nan 0.000000 nan -1.000000 nan nan nan nan nan nan nan 19 30 0.000000 0.000000e+00 nan nan
278 9 7 95.000000 0.300000 nan nan nan nan nan nan nan nan nan nan nan nan nan nan nan nan nan nan nan nan nan 0.000000 nan -1.000000 nan nan nan nan nan nan nan 19 30 0.000000 0.000000e+00 nan nan
279 9 8 95.000000 0.340000 nan nan nan nan nan nan nan nan nan nan nan nan nan nan nan nan nan nan nan nan nan 0.000000 nan -1.000000 nan nan nan nan nan nan nan 19 30 0.000000 0.000000e+00 nan nan
280 9 9 95.000000 0.380000 nan nan nan nan nan nan nan nan nan nan nan nan nan nan nan nan nan nan nan nan nan 0.000000 nan -1.000000 nan nan nan nan nan nan nan 19 30 0.000000 0.000000e+00 nan nan
281 9 10 95.000000 0.420000 nan nan nan nan nan nan nan nan nan nan nan nan nan nan nan nan nan nan nan nan nan 0.000000 nan -1.000000 nan nan nan nan nan nan nan 19 30 0.000000 0.000000e+00 nan nan
282 9 11 95.000000 0.460000 nan nan nan nan nan nan nan nan nan nan nan nan nan nan nan nan nan nan nan nan nan 0.000000 nan -1.000000 nan nan nan nan nan nan nan 19 30 0.000000 0.000000e+00 nan nan
283 9 12 95.000000 0.500000 nan nan nan nan nan nan nan nan nan nan nan nan nan nan nan nan nan nan nan nan nan 0.000000 nan -1.000000 nan nan nan nan nan nan nan 19 30 0.000000 0.000000e+00 nan nan
284 9 13 95.000000 0.540000 nan nan nan nan nan nan nan nan nan nan nan nan nan nan nan nan nan nan nan nan nan 0.000000 nan -1.000000 nan nan nan nan nan nan nan 19 30 0.000000 0.000000e+00 nan nan
285 9 14 95.000000 0.580000 nan nan nan nan nan nan nan nan nan nan nan nan nan nan nan nan nan nan nan nan nan 0.000000 nan -1.000000 nan nan nan nan nan nan nan 19 30 0.000000 0.000000e+00 nan nan
286 9 15 95.000000 0.620000 nan nan nan nan nan nan nan nan nan nan nan nan nan nan nan nan nan nan nan nan nan 0.000000 nan -1.000000 nan nan nan nan nan nan nan 19 30 0.000000 0.000000e+00 nan nan
287 9 16 95.000000 0.660000 nan nan nan nan nan nan nan nan nan nan nan nan nan nan nan nan nan nan nan nan nan 0.000000 nan -1.000000 nan nan nan nan nan nan nan 19 30 0.000000 0.000000e+00 nan nan
288 9 17 95.000000 0.700000 nan nan nan nan nan nan nan nan nan nan nan nan nan nan nan nan nan nan nan nan nan 0.000000 nan -1.000000 nan nan nan nan nan nan nan 19 30 0.000000 0.000000e+00 nan nan
289 9 18 95.000000 0.740000 nan nan nan nan nan nan nan nan nan nan nan nan nan nan nan nan nan nan nan nan nan 0.000000 nan -1.000000 nan nan nan nan nan nan nan 19 30 0.000000 0.000000e+00 nan nan
290 9 19 95.000000 0.780000 nan nan nan nan nan nan nan nan nan nan nan nan nan nan nan nan nan nan nan nan nan 0.000000 nan -1.000000 nan nan nan nan nan nan nan 19 30 0.000000 0.000000e+00 nan nan
291 9 20 95.000000 0.820000 nan nan nan nan nan nan nan nan nan nan nan nan nan nan nan nan nan nan nan nan nan 0.000000 nan -1.000000 nan nan nan nan nan nan nan 19 30 0.000000 0.000000e+00 nan nan
292 9 21 95.000000 0.860000 nan nan nan nan nan nan nan nan nan nan nan nan nan nan nan nan nan nan nan nan nan 0.000000 nan -1.000000 nan nan nan nan nan nan nan 19 30 0.000000 0.000000e+00 nan nan
293 9 22 95.000000 0.900000 nan nan nan nan nan nan nan nan nan nan nan nan nan nan nan nan nan nan nan nan nan 0.000000 nan -1.000000 nan nan nan nan nan nan nan 19 30 0.000000 0.000000e+00 nan nan
294 9 23 95.000000 0.940000 nan nan nan nan nan nan nan nan nan nan nan nan nan nan nan nan nan nan nan nan nan 0.000000 nan -1.000000 nan nan nan nan nan nan nan 19 30 0.000000 0.000000e+00 nan nan
295 9 24 95.000000 0.980000 nan nan nan nan nan nan nan nan nan nan nan nan nan nan nan nan nan nan nan nan nan 0.000000 nan -1.000000 nan nan nan nan nan nan nan 19 30 0.000000 0.000000e+00 nan nan
296 9 25 95.000000 1.020000 nan nan nan nan nan nan nan nan nan nan nan nan nan nan nan nan nan nan nan nan nan 0.000000 nan -1.000000 nan nan nan nan nan nan nan 19 30 0.000000 0.000000e+00 nan nan
297 9 26 95.000000 1.060000 nan nan nan nan nan nan nan nan nan nan nan nan nan nan nan nan nan nan nan nan nan 0.000000 nan -1.000000 nan nan nan nan nan nan nan 19 30 0.000000 0.000000e+00 nan nan
298 9 27 95.000000 1.100000 nan nan nan nan nan nan nan nan nan nan nan nan nan nan nan nan nan nan nan nan nan 0.000000 nan -1.000000 nan nan nan nan nan nan nan 19 30 0.000000 0.000000e+00 nan nan
299 9 28 95.000000 1.140000 nan nan nan nan nan nan nan nan nan nan nan nan nan nan nan nan nan nan nan nan nan 0.000000 nan -1.000000 nan nan nan nan nan nan nan 19 30 0.000000 0.000000e+00 nan nan
300 9 29 95.000000 1.180000 nan nan nan nan nan nan nan nan nan nan nan nan nan nan nan nan nan nan nan nan nan 0.000000 nan -1.000000 nan nan nan nan nan nan nan 19 30 0.000000 0.000000e+00 nan nan
301 10 0 105.000000 0.020000 nan nan nan nan nan nan nan nan nan nan nan nan nan nan nan nan nan nan nan nan nan 0.000000 nan -1.000000 nan nan nan nan nan nan nan 19 30 0.000000 0.000000e+00 nan nan
302 10 1 105.000000 0.060000 nan nan nan nan nan nan nan nan nan nan nan nan nan nan nan nan nan nan nan nan nan 0.000000 nan -1.000000 nan nan nan nan nan nan nan 19 30 0.000000 0.000000e+00 nan nan
303 10 2 105.000000 0.100000 nan nan nan nan nan nan nan nan nan nan nan nan nan nan nan nan nan nan nan nan nan 0.000000 nan -1.000000 nan nan nan nan nan nan nan 19 30 0.000000 0.000000e+00 nan nan
304 10 3 105.000000 0.140000 nan nan nan nan nan nan nan nan nan nan nan nan nan nan nan nan nan nan nan nan nan 0.000000 nan -1.000000 nan nan nan nan nan nan nan 19 30 0.000000 0.000000e+00 nan nan
305 10 4 105.000000 0.180000 nan nan nan nan nan nan nan nan nan nan nan nan nan nan nan nan nan nan nan nan nan 0.000000 nan -1.000000 nan nan nan nan nan nan nan 19 30 0.000000 0.000000e+00 nan nan
306 10 5 105.000000 0.220000 nan nan nan nan nan nan nan nan nan nan nan nan nan nan nan nan nan nan nan nan nan 0.000000 nan -1.000000 nan nan nan nan nan nan nan 19 30 0.000000 0.000000e+00 nan nan
307 10 6 105.000000 0.260000 nan nan nan nan nan nan nan nan nan nan nan nan nan nan nan nan nan nan nan nan nan 0.000000 nan -1.000000 nan nan nan nan nan nan nan 19 30 0.000000 0.000000e+00 nan nan
308 10 7 105.000000 0.300000 nan nan nan nan nan nan nan nan nan nan nan nan nan nan nan nan nan nan nan nan nan 0.000000 nan -1.000000 nan nan nan nan nan nan nan 19 30 0.000000 0.000000e+00 nan nan
309 10 8 105.000000 0.340000 nan nan nan nan nan nan nan nan nan nan nan nan nan nan nan nan nan nan nan nan nan 0.000000 nan -1.000000 nan nan nan nan nan nan nan 19 30 0.000000 0.000000e+00 nan nan
310 10 9 105.000000 0.380000 nan nan nan nan nan nan nan nan nan nan nan nan nan nan nan nan nan nan nan nan nan 0.000000 nan -1.000000 nan nan nan nan nan nan nan 19 30 0.000000 0.000000e+00 nan nan
311 10 10 105.000000 0.420000 nan nan nan nan nan nan nan nan nan nan nan nan nan nan nan nan nan nan nan nan nan 0.000000 nan -1.000000 nan nan nan nan nan nan nan 19 30 0.000000 0.000000e+00 nan nan
312 10 11 105.000000 0.460000 nan nan nan nan nan nan nan nan nan nan nan nan nan nan nan nan nan nan nan nan nan 0.000000 nan -1.000000 nan nan nan nan nan nan nan 19 30 0.000000 0.000000e+00 nan nan
313 10 12 105.000000 0.500000 nan nan nan nan nan nan nan nan nan nan nan nan nan nan nan nan nan nan nan nan nan 0.000000 nan -1.000000 nan nan nan nan nan nan nan 19 30 0.000000 0.000000e+00 nan nan
314 10 13 105.000000 0.540000 nan nan nan nan nan nan nan nan nan nan nan nan nan nan nan nan nan nan nan nan nan 0.000000 nan -1.000000 nan nan nan nan nan nan nan 19 30 0.000000 0.000000e+00 nan nan
315 10 14 105.000000 0.580000 nan nan nan nan nan nan nan nan nan nan nan nan nan nan nan nan nan nan nan nan nan 0.000000 nan -1.000000 nan nan nan nan nan nan nan 19 30 0.000000 0.000000e+00 nan nan
316 10 15 105.000000 0.620000 nan nan nan nan nan nan nan nan nan nan nan nan nan nan nan nan nan nan nan nan nan 0.000000 nan -1.000000 nan nan nan nan nan nan nan 19 30 0.000000 0.000000e+00 nan nan
317 10 16 105.000000 0.660000 nan nan nan nan nan nan nan nan nan nan nan nan nan nan nan nan nan nan nan nan nan 0.000000 nan -1.000000 nan nan nan nan nan nan nan 19 30 0.000000 0.000000e+00 nan nan
318 10 17 105.000000 0.700000 nan nan nan nan nan nan nan nan nan nan nan nan nan nan nan nan nan nan nan nan nan 0.000000 nan -1.000000 nan nan nan nan nan nan nan 19 30 0.000000 0.000000e+00 nan nan
319 10 18 105.000000 0.740000 nan nan nan nan nan nan nan nan nan nan nan nan nan nan nan nan nan nan nan nan nan 0.000000 nan -1.000000 nan nan nan nan nan nan nan 19 30 0.000000 0.000000e+00 nan nan
320 10 19 105.000000 0.780000 nan nan nan nan nan nan nan nan nan nan nan nan nan nan nan nan nan nan nan nan nan 0.000000 nan -1.000000 nan nan nan nan nan nan nan 19 30 0.000000 0.000000e+00 nan nan
321 10 20 105.000000 0.820000 nan nan nan nan nan nan nan nan nan nan nan nan nan nan nan nan nan nan nan nan nan 0.000000 nan -1.000000 nan nan nan nan nan nan nan 19 30 0.000000 0.000000e+00 nan nan
322 10 21 105.000000 0.860000 nan nan nan nan nan nan nan nan nan nan nan nan nan nan nan nan nan nan nan nan nan 0.000000 nan -1.000000 nan nan nan nan nan nan nan 19 30 0.000000 0.000000e+00 nan nan
323 10 22 105.000000 0.900000 nan nan nan nan nan nan nan nan nan nan nan nan nan nan nan nan nan nan nan nan nan 0.000000 nan -1.000000 nan nan nan nan nan nan nan 19 30 0.000000 0.000000e+00 nan nan
324 10 23 105.000000 0.940000 nan nan nan nan nan nan nan nan nan nan nan nan nan nan nan nan nan nan nan nan nan 0.000000 nan -1.000000 nan nan nan nan nan nan nan 19 30 0.000000 0.000000e+00 nan nan
325 10 24 105.000000 0.980000 nan nan nan nan nan nan nan nan nan nan nan nan nan nan nan nan nan nan nan nan nan 0.000000 nan -1.000000 nan nan nan nan nan nan nan 19 30 0.000000 0.000000e+00 nan nan
326 10 25 105.000000 1.020000 nan nan nan nan nan nan nan nan nan nan nan nan nan nan nan nan nan nan nan nan nan 0.000000 nan -1.000000 nan nan nan nan nan nan nan 19 30 0.000000 0.000000e+00 nan nan
327 10 26 105.000000 1.060000 nan nan nan nan nan nan nan nan nan nan nan nan nan nan nan nan nan nan nan nan nan 0.000000 nan -1.000000 nan nan nan nan nan nan nan 19 30 0.000000 0.000000e+00 nan nan
328 10 27 105.000000 1.100000 nan nan nan nan nan nan nan nan nan nan nan nan nan nan nan nan nan nan nan nan nan 0.000000 nan -1.000000 nan nan nan nan nan nan nan 19 30 0.000000 0.000000e+00 nan nan
329 10 28 105.000000 1.140000 nan nan nan nan nan nan nan nan nan nan nan nan nan nan nan nan nan nan nan nan nan 0.000000 nan -1.000000 nan nan nan nan nan nan nan 19 30 0.000000 0.000000e+00 nan nan
330 10 29 105.000000 1.180000 nan nan nan nan nan nan nan nan nan nan nan nan nan nan nan nan nan nan nan nan nan 0.000000 nan -1.000000 nan nan nan nan nan nan nan 19 30 0.000000 0.000000e+00 nan nan
331 11 0 115.000000 0.020000 nan nan nan nan nan nan nan nan nan nan nan nan nan nan nan nan nan nan nan nan nan 0.000000 nan -1.000000 nan nan nan nan nan nan nan 19 30 0.000000 0.000000e+00 nan nan
332 11 1 115.000000 0.060000 nan nan nan nan nan nan nan nan nan nan nan nan nan nan nan nan nan nan nan nan nan 0.000000 nan -1.000000 nan nan nan nan nan nan nan 19 30 0.000000 0.000000e+00 nan nan
333 11 2 115.000000 0.100000 nan nan nan nan nan nan nan nan nan nan nan nan nan nan nan nan nan nan nan nan nan 0.000000 nan -1.000000 nan nan nan nan nan nan nan 19 30 0.000000 0.000000e+00 nan nan
334 11 3 115.000000 0.140000 nan nan nan nan nan nan nan nan nan nan nan nan nan nan nan nan nan nan nan nan nan 0.000000 nan -1.000000 nan nan nan nan nan nan nan 19 30 0.000000 0.000000e+00 nan nan
335 11 4 115.000000 0.180000 nan nan nan nan nan nan nan nan nan nan nan nan nan nan nan nan nan nan nan nan nan 0.000000 nan -1.000000 nan nan nan nan nan nan nan 19 30 0.000000 0.000000e+00 nan nan
336 11 5 115.000000 0.220000 nan nan nan nan nan nan nan nan nan nan nan nan nan nan nan nan nan nan nan nan nan 0.000000 nan -1.000000 nan nan nan nan nan nan nan 19 30 0.000000 0.000000e+00 nan nan
337 11 6 115.000000 0.260000 nan nan nan nan nan nan nan nan nan nan nan nan nan nan nan nan nan nan nan nan nan 0.000000 nan -1.000000 nan nan nan nan nan nan nan 19 30 0.000000 0.000000e+00 nan nan
338 11 7 115.000000 0.300000 nan nan nan nan nan nan nan nan nan nan nan nan nan nan nan nan nan nan nan nan nan 0.000000 nan -1.000000 nan nan nan nan nan nan nan 19 30 0.000000 0.000000e+00 nan nan
339 11 8 115.000000 0.340000 nan nan nan nan nan nan nan nan nan nan nan nan nan nan nan nan nan nan nan nan nan 0.000000 nan -1.000000 nan nan nan nan nan nan nan 19 30 0.000000 0.000000e+00 nan nan
340 11 9 115.000000 0.380000 nan nan nan nan nan nan nan nan nan nan nan nan nan nan nan nan nan nan nan nan nan 0.000000 nan -1.000000 nan nan nan nan nan nan nan 19 30 0.000000 0.000000e+00 nan nan
341 11 10 115.000000 0.420000 nan nan nan nan nan nan nan nan nan nan nan nan nan nan nan nan nan nan nan nan nan 0.000000 nan -1.000000 nan nan nan nan nan nan nan 19 30 0.000000 0.000000e+00 nan nan
342 11 11 115.000000 0.460000 nan nan nan nan nan nan nan nan nan nan nan nan nan nan nan nan nan nan nan nan nan 0.000000 nan -1.000000 nan nan nan nan nan nan nan 19 30 0.000000 0.000000e+00 nan nan
343 11 12 115.000000 0.500000 nan nan nan nan nan nan nan nan nan nan nan nan nan nan nan nan nan nan nan nan nan 0.000000 nan -1.000000 nan nan nan nan nan nan nan 19 30 0.000000 0.000000e+00 nan nan
344 11 13 115.000000 0.540000 nan nan nan nan nan nan nan nan nan nan nan nan nan nan nan nan nan nan nan nan nan 0.000000 nan -1.000000 nan nan nan nan nan nan nan 19 30 0.000000 0.000000e+00 nan nan
345 11 14 115.000000 0.580000 nan nan nan nan nan nan nan nan nan nan nan nan nan nan nan nan nan nan nan nan nan 0.000000 nan -1.000000 nan nan nan nan nan nan nan 19 30 0.000000 0.000000e+00 nan nan
346 11 15 115.000000 0.620000 nan nan nan nan nan nan nan nan nan nan nan nan nan nan nan nan nan nan nan nan nan 0.000000 nan -1.000000 nan nan nan nan nan nan nan 19 30 0.000000 0.000000e+00 nan nan
347 11 16 115.000000 0.660000 nan nan nan nan nan nan nan nan nan nan nan nan nan nan nan nan nan nan nan nan nan 0.000000 nan -1.000000 nan nan nan nan nan nan nan 19 30 0.000000 0.000000e+00 nan nan
348 11 17 115.000000 0.700000 nan nan nan nan nan nan nan nan nan nan nan nan nan nan nan nan nan nan nan nan nan 0.000000 nan -1.000000 nan nan nan nan nan nan nan 19 30 0.000000 0.000000e+00 nan nan
349 11 18 115.000000 0.740000 nan nan nan nan nan nan nan nan nan nan nan nan nan nan nan nan nan nan nan nan nan 0.000000 nan -1.000000 nan nan nan nan nan nan nan 19 30 0.000000 0.000000e+00 nan nan
350 11 19 115.000000 0.780000 nan nan nan nan nan nan nan nan nan nan nan nan nan nan nan nan nan nan nan nan nan 0.000000 nan -1.000000 nan nan nan nan nan nan nan 19 30 0.000000 0.000000e+00 nan nan
351 11 20 115.000000 0.820000 nan nan nan nan nan nan nan nan nan nan nan nan nan nan nan nan nan nan nan nan nan 0.000000 nan -1.000000 nan nan nan nan nan nan nan 19 30 0.000000 0.000000e+00 nan nan
352 11 21 115.000000 0.860000 nan nan nan nan nan nan nan nan nan nan nan nan nan nan nan nan nan nan nan nan nan 0.000000 nan -1.000000 nan nan nan nan nan nan nan 19 30 0.000000 0.000000e+00 nan nan
353 11 22 115.000000 0.900000 nan nan nan nan nan nan nan nan nan nan nan nan nan nan nan nan nan nan nan nan nan 0.000000 nan -1.000000 nan nan nan nan nan nan nan 19 30 0.000000 0.000000e+00 nan nan
354 11 23 115.000000 0.940000 nan nan nan nan nan nan nan nan nan nan nan nan nan nan nan nan nan nan nan nan nan 0.000000 nan -1.000000 nan nan nan nan nan nan nan 19 30 0.000000 0.000000e+00 nan nan
355 11 24 115.000000 0.980000 nan nan nan nan nan nan nan nan nan nan nan nan nan nan nan nan nan nan nan nan nan 0.000000 nan -1.000000 nan nan nan nan nan nan nan 19 30 0.000000 0.000000e+00 nan nan
356 11 25 115.000000 1.020000 nan nan nan nan nan nan nan nan nan nan nan nan nan nan nan nan nan nan nan nan nan 0.000000 nan -1.000000 nan nan nan nan nan nan nan 19 30 0.000000 0.000000e+00 nan nan
357 11 26 115.000000 1.060000 nan nan nan nan nan nan nan nan nan nan nan nan nan nan nan nan nan nan nan nan nan 0.000000 nan -1.000000 nan nan nan nan nan nan nan 19 30 0.000000 0.000000e+00 nan nan
358 11 27 115.000000 1.100000 nan nan nan nan nan nan nan nan nan nan nan nan nan nan nan nan nan nan nan nan nan 0.000000 nan -1.000000 nan nan nan nan nan nan nan 19 30 0.000000 0.000000e+00 nan nan
359 11 28 115.000000 1.140000 nan nan nan nan nan nan nan nan nan nan nan nan nan nan nan nan nan nan nan nan nan 0.000000 nan -1.000000 nan nan nan nan nan nan nan 19 30 0.000000 0.000000e+00 nan nan
360 11 29 115.000000 1.180000 nan nan nan nan nan nan nan nan nan nan nan nan nan nan nan nan nan nan nan nan nan 0.000000 nan -1.000000 nan nan nan nan nan nan nan 19 30 0.000000 0.000000e+00 nan nan
361 12 0 125.000000 0.020000 nan nan nan nan nan nan nan nan nan nan nan nan nan nan nan nan nan nan nan nan nan 0.000000 nan -1.000000 nan nan nan nan nan nan nan 19 30 0.000000 0.000000e+00 nan nan
362 12 1 125.000000 0.060000 nan nan nan nan nan nan nan nan nan nan nan nan nan nan nan nan nan nan nan nan nan 0.000000 nan -1.000000 nan nan nan nan nan nan nan 19 30 0.000000 0.000000e+00 nan nan
363 12 2 125.000000 0.100000 nan nan nan nan nan nan nan nan nan nan nan nan nan nan nan nan nan nan nan nan nan 0.000000 nan -1.000000 nan nan nan nan nan nan nan 19 30 0.000000 0.000000e+00 nan nan
364 12 3 125.000000 0.140000 nan nan nan nan nan nan nan nan nan nan nan nan nan nan nan nan nan nan nan nan nan 0.000000 nan -1.000000 nan nan nan nan nan nan nan 19 30 0.000000 0.000000e+00 nan nan
365 12 4 125.000000 0.180000 nan nan nan nan nan nan nan nan nan nan nan nan nan nan nan nan nan nan nan nan nan 0.000000 nan -1.000000 nan nan nan nan nan nan nan 19 30 0.000000 0.000000e+00 nan nan
366 12 5 125.000000 0.220000 nan nan nan nan nan nan nan nan nan nan nan nan nan nan nan nan nan nan nan nan nan 0.000000 nan -1.000000 nan nan nan nan nan nan nan 19 30 0.000000 0.000000e+00 nan nan
367 12 6 125.000000 0.260000 nan nan nan nan nan nan nan nan nan nan nan nan nan nan nan nan nan nan nan nan nan 0.000000 nan -1.000000 nan nan nan nan nan nan nan 19 30 0.000000 0.000000e+00 nan nan
368 12 7 125.000000 0.300000 nan nan nan nan nan nan nan nan nan nan nan nan nan nan nan nan nan nan nan nan nan 0.000000 nan -1.000000 nan nan nan nan nan nan nan 19 30 0.000000 0.000000e+00 nan nan
369 12 8 125.000000 0.340000 nan nan nan nan nan nan nan nan nan nan nan nan nan nan nan nan nan nan nan nan nan 0.000000 nan -1.000000 nan nan nan nan nan nan nan 19 30 0.000000 0.000000e+00 nan nan
370 12 9 125.000000 0.380000 nan nan nan nan nan nan nan nan nan nan nan nan nan nan nan nan nan nan nan nan nan 0.000000 nan -1.000000 nan nan nan nan nan nan nan 19 30 0.000000 0.000000e+00 nan nan
371 12 10 125.000000 0.420000 nan nan nan nan nan nan nan nan nan nan nan nan nan nan nan nan nan nan nan nan nan 0.000000 nan -1.000000 nan nan nan nan nan nan nan 19 30 0.000000 0.000000e+00 nan nan
372 12 11 125.000000 0.460000 nan nan nan nan nan nan nan nan nan nan nan nan nan nan nan nan nan nan nan nan nan 0.000000 nan -1.000000 nan nan nan nan nan nan nan 19 30 0.000000 0.000000e+00 nan nan
373 12 12 125.000000 0.500000 nan nan nan nan nan nan nan nan nan nan nan nan nan nan nan nan nan nan nan nan nan 0.000000 nan -1.000000 nan nan nan nan nan nan nan 19 30 0.000000 0.000000e+00 nan nan
374 12 13 125.000000 0.540000 nan nan nan nan nan nan nan nan nan nan nan nan nan nan nan nan nan nan nan nan nan 0.000000 nan -1.000000 nan nan nan nan nan nan nan 19 30 0.000000 0.000000e+00 nan nan
375 12 14 125.000000 0.580000 nan nan nan nan nan nan nan nan nan nan nan nan nan nan nan nan nan nan nan nan nan 0.000000 nan -1.000000 nan nan nan nan nan nan nan 19 30 0.000000 0.000000e+00 nan nan
376 12 15 125.000000 0.620000 nan nan nan nan nan nan nan nan nan nan nan nan nan nan nan nan nan nan nan nan nan 0.000000 nan -1.000000 nan nan nan nan nan nan nan 19 30 0.000000 0.000000e+00 nan nan
377 12 16 125.000000 0.660000 nan nan nan nan nan nan nan nan nan nan nan nan nan nan nan nan nan nan nan nan nan 0.000000 nan -1.000000 nan nan nan nan nan nan nan 19 30 0.000000 0.000000e+00 nan nan
378 12 17 125.000000 0.700000 nan nan nan nan nan nan nan nan nan nan nan nan nan nan nan nan nan nan nan nan nan 0.000000 nan -1.000000 nan nan nan nan nan nan nan 19 30 0.000000 0.000000e+00 nan nan
379 12 18 125.000000 0.740000 nan nan nan nan nan nan nan nan nan nan nan nan nan nan nan nan nan nan nan nan nan 0.000000 nan -1.000000 nan nan nan nan nan nan nan 19 30 0.000000 0.000000e+00 nan nan
380 12 19 125.000000 0.780000 nan nan nan nan nan nan nan nan nan nan nan nan nan nan nan nan nan nan nan nan nan 0.000000 nan -1.000000 nan nan nan nan nan nan nan 19 30 0.000000 0.000000e+00 nan nan
381 12 20 125.000000 0.820000 nan nan nan nan nan nan nan nan nan nan nan nan nan nan nan nan nan nan nan nan nan 0.000000 nan -1.000000 nan nan nan nan nan nan nan 19 30 0.000000 0.000000e+00 nan nan
382 12 21 125.000000 0.860000 nan nan nan nan nan nan nan nan nan nan nan nan nan nan nan nan nan nan nan nan nan 0.000000 nan -1.000000 nan nan nan nan nan nan nan 19 30 0.000000 0.000000e+00 nan nan
383 12 22 125.000000 0.900000 nan nan nan nan nan nan nan nan nan nan nan nan nan nan nan nan nan nan nan nan nan 0.000000 nan -1.000000 nan nan nan nan nan nan nan 19 30 0.000000 0.000000e+00 nan nan
384 12 23 125.000000 0.940000 nan nan nan nan nan nan nan nan nan nan nan nan nan nan nan nan nan nan nan nan nan 0.000000 nan -1.000000 nan nan nan nan nan nan nan 19 30 0.000000 0.000000e+00 nan nan
385 12 24 125.000000 0.980000 nan nan nan nan nan nan nan nan nan nan nan nan nan nan nan nan nan nan nan nan nan 0.000000 nan -1.000000 nan nan nan nan nan nan nan 19 30 0.000000 0.000000e+00 nan nan
386 12 25 125.000000 1.020000 nan nan nan nan nan nan nan nan nan nan nan nan nan nan nan nan nan nan nan nan nan 0.000000 nan -1.000000 nan nan nan nan nan nan nan 19 30 0.000000 0.000000e+00 nan nan
387 12 26 125.000000 1.060000 nan nan nan nan nan nan nan nan nan nan nan nan nan nan nan nan nan nan nan nan nan 0.000000 nan -1.000000 nan nan nan nan nan nan nan 19 30 0.000000 0.000000e+00 nan nan
388 12 27 125.000000 1.100000 nan nan nan nan nan nan nan nan nan nan nan nan nan nan nan nan nan nan nan nan nan 0.000000 nan -1.000000 nan nan nan nan nan nan nan 19 30 0.000000 0.000000e+00 nan nan
389 12 28 125.000000 1.140000 nan nan nan nan nan nan nan nan nan nan nan nan nan nan nan nan nan nan nan nan nan 0.000000 nan -1.000000 nan nan nan nan nan nan nan 19 30 0.000000 0.000000e+00 nan nan
390 12 29 125.000000 1.180000 nan nan nan nan nan nan nan nan nan nan nan nan nan nan nan nan nan nan nan nan nan 0.000000 nan -1.000000 nan nan nan nan nan nan nan 19 30 0.000000 0.000000e+00 nan nan
391 13 0 135.000000 0.020000 nan nan nan nan nan nan nan nan nan nan nan nan nan nan nan nan nan nan nan nan nan 0.000000 nan -1.000000 nan nan nan nan nan nan nan 19 30 0.000000 0.000000e+00 nan nan
392 13 1 135.000000 0.060000 nan nan nan nan nan nan nan nan nan nan nan nan nan nan nan nan nan nan nan nan nan 0.000000 nan -1.000000 nan nan nan nan nan nan nan 19 30 0.000000 0.000000e+00 nan nan
393 13 2 135.000000 0.100000 nan nan nan nan nan nan nan nan nan nan nan nan nan nan nan nan nan nan nan nan nan 0.000000 nan -1.000000 nan nan nan nan nan nan nan 19 30 0.000000 0.000000e+00 nan nan
394 13 3 135.000000 0.140000 nan nan nan nan nan nan nan nan nan nan nan nan nan nan nan nan nan nan nan nan nan 0.000000 nan -1.000000 nan nan nan nan nan nan nan 19 30 0.000000 0.000000e+00 nan nan
395 13 4 135.000000 0.180000 nan nan nan nan nan nan nan nan nan nan nan nan nan nan nan nan nan nan nan nan nan 0.000000 nan -1.000000 nan nan nan nan nan nan nan 19 30 0.000000 0.000000e+00 nan nan
396 13 5 135.000000 0.220000 nan nan nan nan nan nan nan nan nan nan nan nan nan nan nan nan nan nan nan nan nan 0.000000 nan -1.000000 nan nan nan nan nan nan nan 19 30 0.000000 0.000000e+00 nan nan
397 13 6 135.000000 0.260000 nan nan nan nan nan nan nan nan nan nan nan nan nan nan nan nan nan nan nan nan nan 0.000000 nan -1.000000 nan nan nan nan nan nan nan 19 30 0.000000 0.000000e+00 nan nan
398 13 7 135.000000 0.300000 nan nan nan nan nan nan nan nan nan nan nan nan nan nan nan nan nan nan nan nan nan 0.000000 nan -1.000000 nan nan nan nan nan nan nan 19 30 0.000000 0.000000e+00 nan nan
399 13 8 135.000000 0.340000 nan nan nan nan nan nan nan nan nan nan nan nan nan nan nan nan nan nan nan nan nan 0.000000 nan -1.000000 nan nan nan nan nan nan nan 19 30 0.000000 0.000000e+00 nan nan
400 13 9 135.000000 0.380000 nan nan nan nan nan nan nan nan nan nan nan nan nan nan nan nan nan nan nan nan nan 0.000000 nan -1.000000 nan nan nan nan nan nan nan 19 30 0.000000 0.000000e+00 nan nan
401 13 10 135.000000 0.420000 nan nan nan nan nan nan nan nan nan nan nan nan nan nan nan nan nan nan nan nan nan 0.000000 nan -1.000000 nan nan nan nan nan nan nan 19 30 0.000000 0.000000e+00 nan nan
402 13 11 135.000000 0.460000 nan nan nan nan nan nan nan nan nan nan nan nan nan nan nan nan nan nan nan nan nan 0.000000 nan -1.000000 nan nan nan nan nan nan nan 19 30 0.000000 0.000000e+00 nan nan
403 13 12 135.000000 0.500000 nan nan nan nan nan nan nan nan nan nan nan nan nan nan nan nan nan nan nan nan nan 0.000000 nan -1.000000 nan nan nan nan nan nan nan 19 30 0.000000 0.000000e+00 nan nan
404 13 13 135.000000 0.540000 nan nan nan nan nan nan nan nan nan nan nan nan nan nan nan nan nan nan nan nan nan 0.000000 nan -1.000000 nan nan nan nan nan nan nan 19 30 0.000000 0.000000e+00 nan nan
405 13 14 135.000000 0.580000 nan nan nan nan nan nan nan nan nan nan nan nan nan nan nan nan nan nan nan nan nan 0.000000 nan -1.000000 nan nan nan nan nan nan nan 19 30 0.000000 0.000000e+00 nan nan
406 13 15 135.000000 0.620000 nan nan nan nan nan nan nan nan nan nan nan nan nan nan nan nan nan nan nan nan nan 0.000000 nan -1.000000 nan nan nan nan nan nan nan 19 30 0.000000 0.000000e+00 nan nan
407 13 16 135.000000 0.660000 nan nan nan nan nan nan nan nan nan nan nan nan nan nan nan nan nan nan nan nan nan 0.000000 nan -1.000000 nan nan nan nan nan nan nan 19 30 0.000000 0.000000e+00 nan nan
408 13 17 135.000000 0.700000 nan nan nan nan nan nan nan nan nan nan nan nan nan nan nan nan nan nan nan nan nan 0.000000 nan -1.000000 nan nan nan nan nan nan nan 19 30 0.000000 0.000000e+00 nan nan
409 13 18 135.000000 0.740000 nan nan nan nan nan nan nan nan nan nan nan nan nan nan nan nan nan nan nan nan nan 0.000000 nan -1.000000 nan nan nan nan nan nan nan 19 30 0.000000 0.000000e+00 nan nan
410 13 19 135.000000 0.780000 nan nan nan nan nan nan nan nan nan nan nan nan nan nan nan nan nan nan nan nan nan 0.000000 nan -1.000000 nan nan nan nan nan nan nan 19 30 0.000000 0.000000e+00 nan nan
411 13 20 135.000000 0.820000 nan nan nan nan nan nan nan nan nan nan nan nan nan nan nan nan nan nan nan nan nan 0.000000 nan -1.000000 nan nan nan nan nan nan nan 19 30 0.000000 0.000000e+00 nan nan
412 13 21 135.000000 0.860000 nan nan nan nan nan nan nan nan nan nan nan nan nan nan nan nan nan nan nan nan nan 0.000000 nan -1.000000 nan nan nan nan nan nan nan 19 30 0.000000 0.000000e+00 nan nan
413 13 22 135.000000 0.900000 nan nan nan nan nan nan nan nan nan nan nan nan nan nan nan nan nan nan nan nan nan 0.000000 nan -1.000000 nan nan nan nan nan nan nan 19 30 0.000000 0.000000e+00 nan nan
414 13 23 135.000000 0.940000 nan nan nan nan nan nan nan nan nan nan nan nan nan nan nan nan nan nan nan nan nan 0.000000 nan -1.000000 nan nan nan nan nan nan nan 19 30 0.000000 0.000000e+00 nan nan
415 13 24 135.000000 0.980000 nan nan nan nan nan nan nan nan nan nan nan nan nan nan nan nan nan nan nan nan nan 0.000000 nan -1.000000 nan nan nan nan nan nan nan 19 30 0.000000 0.000000e+00 nan nan
416 13 25 135.000000 1.020000 nan nan nan nan nan nan nan nan nan nan nan nan nan nan nan nan nan nan nan nan nan 0.000000 nan -1.000000 nan nan nan nan nan nan nan 19 30 0.000000 0.000000e+00 nan nan
417 13 26 135.000000 1.060000 nan nan nan nan nan nan nan nan nan nan nan nan nan nan nan nan nan nan nan nan nan 0.000000 nan -1.000000 nan nan nan nan nan nan nan 19 30 0.000000 0.000000e+00 nan nan
418 13 27 135.000000 1.100000 nan nan nan nan nan nan nan nan nan nan nan nan nan nan nan nan nan nan nan nan nan 0.000000 nan -1.000000 nan nan nan nan nan nan nan 19 30 0.000000 0.000000e+00 nan nan
419 13 28 135.000000 1.140000 nan nan nan nan nan nan nan nan nan nan nan nan nan nan nan nan nan nan nan nan nan 0.000000 nan -1.000000 nan nan nan nan nan nan nan 19 30 0.000000 0.000000e+00 nan nan
420 13 29 135.000000 1.180000 nan nan nan nan nan nan nan nan nan nan nan nan nan nan nan nan nan nan nan nan nan 0.000000 nan -1.000000 nan nan nan nan nan nan nan 19 30 0.000000 0.000000e+00 nan nan
421 14 0 145.000000 0.020000 nan nan nan nan nan nan nan nan nan nan nan nan nan nan nan nan nan nan nan nan nan 0.000000 nan -1.000000 nan nan nan nan nan nan nan 19 30 0.000000 0.000000e+00 nan nan
422 14 1 145.000000 0.060000 nan nan nan nan nan nan nan nan nan nan nan nan nan nan nan nan nan nan nan nan nan 0.000000 nan -1.000000 nan nan nan nan nan nan nan 19 30 0.000000 0.000000e+00 nan nan
423 14 2 145.000000 0.100000 nan nan nan nan nan nan nan nan nan nan nan nan nan nan nan nan nan nan nan nan nan 0.000000 nan -1.000000 nan nan nan nan nan nan nan 19 30 0.000000 0.000000e+00 nan nan
424 14 3 145.000000 0.140000 nan nan nan nan nan nan nan nan nan nan nan nan nan nan nan nan nan nan nan nan nan 0.000000 nan -1.000000 nan nan nan nan nan nan nan 19 30 0.000000 0.000000e+00 nan nan
425 14 4 145.000000 0.180000 nan nan nan nan nan nan nan nan nan nan nan nan nan nan nan nan nan nan nan nan nan 0.000000 nan -1.000000 nan nan nan nan nan nan nan 19 30 0.000000 0.000000e+00 nan nan
426 14 5 145.000000 0.220000 nan nan nan nan nan nan nan nan nan nan nan nan nan nan nan nan nan nan nan nan nan 0.000000 nan -1.000000 nan nan nan nan nan nan nan 19 30 0.000000 0.000000e+00 nan nan
427 14 6 145.000000 0.260000 nan nan nan nan nan nan nan nan nan nan nan nan nan nan nan nan nan nan nan nan nan 0.000000 nan -1.000000 nan nan nan nan nan nan nan 19 30 0.000000 0.000000e+00 nan nan
428 14 7 145.000000 0.300000 nan nan nan nan nan nan nan nan nan nan nan nan nan nan nan nan nan nan nan nan nan 0.000000 nan -1.000000 nan nan nan nan nan nan nan 19 30 0.000000 0.000000e+00 nan nan
429 14 8 145.000000 0.340000 nan nan nan nan nan nan nan nan nan nan nan nan nan nan nan nan nan nan nan nan nan 0.000000 nan -1.000000 nan nan nan nan nan nan nan 19 30 0.000000 0.000000e+00 nan nan
430 14 9 145.000000 0.380000 nan nan nan nan nan nan nan nan nan nan nan nan nan nan nan nan nan nan nan nan nan 0.000000 nan -1.000000 nan nan nan nan nan nan nan 19 30 0.000000 0.000000e+00 nan nan
431 14 10 145.000000 0.420000 nan nan nan nan nan nan nan nan nan nan nan nan nan nan nan nan nan nan nan nan nan 0.000000 nan -1.000000 nan nan nan nan nan nan nan 19 30 0.000000 0.000000e+00 nan nan
432 14 11 145.000000 0.460000 nan nan nan nan nan nan nan nan nan nan nan nan nan nan nan nan nan nan nan nan nan 0.000000 nan -1.000000 nan nan nan nan nan nan nan 19 30 0.000000 0.000000e+00 nan nan
433 14 12 145.000000 0.500000 nan nan nan nan nan nan nan nan nan nan nan nan nan nan nan nan nan nan nan nan nan 0.000000 nan -1.000000 nan nan nan nan nan nan nan 19 30 0.000000 0.000000e+00 nan nan
434 14 13 145.000000 0.540000 nan nan nan nan nan nan nan nan nan nan nan nan nan nan nan nan nan nan nan nan nan 0.000000 nan -1.000000 nan nan nan nan nan nan nan 19 30 0.000000 0.000000e+00 nan nan
435 14 14 145.000000 0.580000 nan nan nan nan nan nan nan nan nan nan nan nan nan nan nan nan nan nan nan nan nan 0.000000 nan -1.000000 nan nan nan nan nan nan nan 19 30 0.000000 0.000000e+00 nan nan
436 14 15 145.000000 0.620000 nan nan nan nan nan nan nan nan nan nan nan nan nan nan nan nan nan nan nan nan nan 0.000000 nan -1.000000 nan nan nan nan nan nan nan 19 30 0.000000 0.000000e+00 nan nan
437 14 16 145.000000 0.660000 nan nan nan nan nan nan nan nan nan nan nan nan nan nan nan nan nan nan nan nan nan 0.000000 nan -1.000000 nan nan nan nan nan nan nan 19 30 0.000000 0.000000e+00 nan nan
438 14 17 145.000000 0.700000 nan nan nan nan nan nan nan nan nan nan nan nan nan nan nan nan nan nan nan nan nan 0.000000 nan -1.000000 nan nan nan nan nan nan nan 19 30 0.000000 0.000000e+00 nan nan
439 14 18 145.000000 0.740000 nan nan nan nan nan nan nan nan nan nan nan nan nan nan nan nan nan nan nan nan nan 0.000000 nan -1.000000 nan nan nan nan nan nan nan 19 30 0.000000 0.000000e+00 nan nan
440 14 19 145.000000 0.780000 nan nan nan nan nan nan nan nan nan nan nan nan nan nan nan nan nan nan nan nan nan 0.000000 nan -1.000000 nan nan nan nan nan nan nan 19 30 0.000000 0.000000e+00 nan nan
441 14 20 145.000000 0.820000 nan nan nan nan nan nan nan nan nan nan nan nan nan nan nan nan nan nan nan nan nan 0.000000 nan -1.000000 nan nan nan nan nan nan nan 19 30 0.000000 0.000000e+00 nan nan
442 14 21 145.000000 0.860000 nan nan nan nan nan nan nan nan nan nan nan nan nan nan nan nan nan nan nan nan nan 0.000000 nan -1.000000 nan nan nan nan nan nan nan 19 30 0.000000 0.000000e+00 nan nan
443 14 22 145.000000 0.900000 nan nan nan nan nan nan nan nan nan nan nan nan nan nan nan nan nan nan nan nan nan 0.000000 nan -1.000000 nan nan nan nan nan nan nan 19 30 0.000000 0.000000e+00 nan nan
444 14 23 145.000000 0.940000 nan nan nan nan nan nan nan nan nan nan nan nan nan nan nan nan nan nan nan nan nan 0.000000 nan -1.000000 nan nan nan nan nan nan nan 19 30 0.000000 0.000000e+00 nan nan
445 14 24 145.000000 0.980000 nan nan nan nan nan nan nan nan nan nan nan nan nan nan nan nan nan nan nan nan nan 0.000000 nan -1.000000 nan nan nan nan nan nan nan 19 30 0.000000 0.000000e+00 nan nan
446 14 25 145.000000 1.020000 nan nan nan nan nan nan nan nan nan nan nan nan nan nan nan nan nan nan nan nan nan 0.000000 nan -1.000000 nan nan nan nan nan nan nan 19 30 0.000000 0.000000e+00 nan nan
447 14 26 145.000000 1.060000 nan nan nan nan nan nan nan nan nan nan nan nan nan nan nan nan nan nan nan nan nan 0.000000 nan -1.000000 nan nan nan nan nan nan nan 19 30 0.000000 0.000000e+00 nan nan
448 14 27 145.000000 1.100000 nan nan nan nan nan nan nan nan nan nan nan nan nan nan nan nan nan nan nan nan nan 0.000000 nan -1.000000 nan nan nan nan nan nan nan 19 30 0.000000 0.000000e+00 nan nan
449 14 28 145.000000 1.140000 nan nan nan nan nan nan nan nan nan nan nan nan nan nan nan nan nan nan nan nan nan 0.000000 nan -1.000000 nan nan nan nan nan nan nan 19 30 0.000000 0.000000e+00 nan nan
450 14 29 145.000000 1.180000 nan nan nan nan nan nan nan nan nan nan nan nan nan nan nan nan nan nan nan nan nan 0.000000 nan -1.000000 nan nan nan nan nan nan nan 19 30 0.000000 0.000000e+00 nan nan
451 15 0 155.000000 0.020000 nan nan nan nan nan nan nan nan nan nan nan nan nan nan nan nan nan nan nan nan nan 0.000000 nan -1.000000 nan nan nan nan nan nan nan 19 30 0.000000 0.000000e+00 nan nan
452 15 1 155.000000 0.060000 nan nan nan nan nan nan nan nan nan nan nan nan nan nan nan nan nan nan nan nan nan 0.000000 nan -1.000000 nan nan nan nan nan nan nan 19 30 0.000000 0.000000e+00 nan nan
453 15 2 155.000000 0.100000 nan nan nan nan nan nan nan nan nan nan nan nan nan nan nan nan nan nan nan nan nan 0.000000 nan -1.000000 nan nan nan nan nan nan nan 19 30 0.000000 0.000000e+00 nan nan
454 15 3 155.000000 0.140000 nan nan nan nan nan nan nan nan nan nan nan nan nan nan nan nan nan nan nan nan nan 0.000000 nan -1.000000 nan nan nan nan nan nan nan 19 30 0.000000 0.000000e+00 nan nan
455 15 4 155.000000 0.180000 nan nan nan nan nan nan nan nan nan nan nan nan nan nan nan nan nan nan nan nan nan 0.000000 nan -1.000000 nan nan nan nan nan nan nan 19 30 0.000000 0.000000e+00 nan nan
456 15 5 155.000000 0.220000 nan nan nan nan nan nan nan nan nan nan nan nan nan nan nan nan nan nan nan nan nan 0.000000 nan -1.000000 nan nan nan nan nan nan nan 19 30 0.000000 0.000000e+00 nan nan
457 15 6 155.000000 0.260000 nan nan nan nan nan nan nan nan nan nan nan nan nan nan nan nan nan nan nan nan nan 0.000000 nan -1.000000 nan nan nan nan nan nan nan 19 30 0.000000 0.000000e+00 nan nan
458 15 7 155.000000 0.300000 nan nan nan nan nan nan nan nan nan nan nan nan nan nan nan nan nan nan nan nan nan 0.000000 nan -1.000000 nan nan nan nan nan nan nan 19 30 0.000000 0.000000e+00 nan nan
459 15 8 155.000000 0.340000 nan nan nan nan nan nan nan nan nan nan nan nan nan nan nan nan nan nan nan nan nan 0.000000 nan -1.000000 nan nan nan nan nan nan nan 19 30 0.000000 0.000000e+00 nan nan
460 15 9 155.000000 0.380000 nan nan nan nan nan nan nan nan nan nan nan nan nan nan nan nan nan nan nan nan nan 0.000000 nan -1.000000 nan nan nan nan nan nan nan 19 30 0.000000 0.000000e+00 nan nan
461 15 10 155.000000 0.420000 nan nan nan nan nan nan nan nan nan nan nan nan nan nan nan nan nan nan nan nan nan 0.000000 nan -1.000000 nan nan nan nan nan nan nan 19 30 0.000000 0.000000e+00 nan nan
462 15 11 155.000000 0.460000 nan nan nan nan nan nan nan nan nan nan nan nan nan nan nan nan nan nan nan nan nan 0.000000 nan -1.000000 nan nan nan nan nan nan nan 19 30 0.000000 0.000000e+00 nan nan
463 15 12 155.000000 0.500000 nan nan nan nan nan nan nan nan nan nan nan nan nan nan nan nan nan nan nan nan nan 0.000000 nan -1.000000 nan nan nan nan nan nan nan 19 30 0.000000 0.000000e+00 nan nan
464 15 13 155.000000 0.540000 nan nan nan nan nan nan nan nan nan nan nan nan nan nan nan nan nan nan nan nan nan 0.000000 nan -1.000000 nan nan nan nan nan nan nan 19 30 0.000000 0.000000e+00 nan nan
465 15 14 155.000000 0.580000 nan nan nan nan nan nan nan nan nan nan nan nan nan nan nan nan nan nan nan nan nan 0.000000 nan -1.000000 nan nan nan nan nan nan nan 19 30 0.000000 0.000000e+00 nan nan
466 15 15 155.000000 0.620000 nan nan nan nan nan nan nan nan nan nan nan nan nan nan nan nan nan nan nan nan nan 0.000000 nan -1.000000 nan nan nan nan nan nan nan 19 30 0.000000 0.000000e+00 nan nan
467 15 16 155.000000 0.660000 nan nan nan nan nan nan nan nan nan nan nan nan nan nan nan nan nan nan nan nan nan 0.000000 nan -1.000000 nan nan nan nan nan nan nan 19 30 0.000000 0.000000e+00 nan nan
468 15 17 155.000000 0.700000 nan nan nan nan nan nan nan nan nan nan nan nan nan nan nan nan nan nan nan nan nan 0.000000 nan -1.000000 nan nan nan nan nan nan nan 19 30 0.000000 0.000000e+00 nan nan
469 15 18 155.000000 0.740000 nan nan nan nan nan nan nan nan nan nan nan nan nan nan nan nan nan nan nan nan nan 0.000000 nan -1.000000 nan nan nan nan nan nan nan 19 30 0.000000 0.000000e+00 nan nan
470 15 19 155.000000 0.780000 nan nan nan nan nan nan nan nan nan nan nan nan nan nan nan nan nan nan nan nan nan 0.000000 nan -1.000000 nan nan nan nan nan nan nan 19 30 0.000000 0.000000e+00 nan nan
471 15 20 155.000000 0.820000 nan nan nan nan nan nan nan nan nan nan nan nan nan nan nan nan nan nan nan nan nan 0.000000 nan -1.000000 nan nan nan nan nan nan nan 19 30 0.000000 0.000000e+00 nan nan
472 15 21 155.000000 0.860000 nan nan nan nan nan nan nan nan nan nan nan nan nan nan nan nan nan nan nan nan nan 0.000000 nan -1.000000 nan nan nan nan nan nan nan 19 30 0.000000 0.000000e+00 nan nan
473 15 22 155.000000 0.900000 nan nan nan nan nan nan nan nan nan nan nan nan nan nan nan nan nan nan nan nan nan 0.000000 nan -1.000000 nan nan nan nan nan nan nan 19 30 0.000000 0.000000e+00 nan nan
474 15 23 155.000000 0.940000 nan nan nan nan nan nan nan nan nan nan nan nan nan nan nan nan nan nan nan nan nan 0.000000 nan -1.000000 nan nan nan nan nan nan nan 19 30 0.000000 0.000000e+00 nan nan
475 15 24 155.000000 0.980000 nan nan nan nan nan nan nan nan nan nan nan nan nan nan nan nan nan nan nan nan nan 0.000000 nan -1.000000 nan nan nan nan nan nan nan 19 30 0.000000 0.000000e+00 nan nan
476 15 25 155.000000 1.020000 nan nan nan nan nan nan nan nan nan nan nan nan nan nan nan nan nan nan nan nan nan 0.000000 nan -1.000000 nan nan nan nan nan nan nan 19 30 0.000000 0.000000e+00 nan nan
477 15 26 155.000000 1.060000 nan nan nan nan nan nan nan nan nan nan nan nan nan nan nan nan nan nan nan nan nan 0.000000 nan -1.000000 nan nan nan nan nan nan nan 19 30 0.000000 0.000000e+00 nan nan
478 15 27 155.000000 1.100000 nan nan nan nan nan nan nan nan nan nan nan nan nan nan nan nan nan nan nan nan nan 0.000000 nan -1.000000 nan nan nan nan nan nan nan 19 30 0.000000 0.000000e+00 nan nan
479 15 28 155.000000 1.140000 nan nan nan nan nan nan nan nan nan nan nan nan nan nan nan nan nan nan nan nan nan 0.000000 nan -1.000000 nan nan nan nan nan nan nan 19 30 0.000000 0.000000e+00 nan nan
480 15 29 155.000000 1.180000 nan nan nan nan nan nan nan nan nan nan nan nan nan nan nan nan nan nan nan nan nan 0.000000 nan -1.000000 nan nan nan nan nan nan nan 19 30 0.000000 0.000000e+00 nan nan
481 16 0 165.000000 0.020000 nan nan nan nan nan nan nan nan nan nan nan nan nan nan nan nan nan nan nan nan nan 0.000000 nan -1.000000 nan nan nan nan nan nan nan 19 30 0.000000 0.000000e+00 nan nan
482 16 1 165.000000 0.060000 nan nan nan nan nan nan nan nan nan nan nan nan nan nan nan nan nan nan nan nan nan 0.000000 nan -1.000000 nan nan nan nan nan nan nan 19 30 0.000000 0.000000e+00 nan nan
483 16 2 165.000000 0.100000 nan nan nan nan nan nan nan nan nan nan nan nan nan nan nan nan nan nan nan nan nan 0.000000 nan -1.000000 nan nan nan nan nan nan nan 19 30 0.000000 0.000000e+00 nan nan
484 16 3 165.000000 0.140000 nan nan nan nan nan nan nan nan nan nan nan nan nan nan nan nan nan nan nan nan nan 0.000000 nan -1.000000 nan nan nan nan nan nan nan 19 30 0.000000 0.000000e+00 nan nan
485 16 4 165.000000 0.180000 nan nan nan nan nan nan nan nan nan nan nan nan nan nan nan nan nan nan nan nan nan 0.000000 nan -1.000000 nan nan nan nan nan nan nan 19 30 0.000000 0.000000e+00 nan nan
486 16 5 165.000000 0.220000 nan nan nan nan nan nan nan nan nan nan nan nan nan nan nan nan nan nan nan nan nan 0.000000 nan -1.000000 nan nan nan nan nan nan nan 19 30 0.000000 0.000000e+00 nan nan
487 16 6 165.000000 0.260000 nan nan nan nan nan nan nan nan nan nan nan nan nan nan nan nan nan nan nan nan nan 0.000000 nan -1.000000 nan nan nan nan nan nan nan 19 30 0.000000 0.000000e+00 nan nan
488 16 7 165.000000 0.300000 nan nan nan nan nan nan nan nan nan nan nan nan nan nan nan nan nan nan nan nan nan 0.000000 nan -1.000000 nan nan nan nan nan nan nan 19 30 0.000000 0.000000e+00 nan nan
489 16 8 165.000000 0.340000 nan nan nan nan nan nan nan nan nan nan nan nan nan nan nan nan nan nan nan nan nan 0.000000 nan -1.000000 nan nan nan nan nan nan nan 19 30 0.000000 0.000000e+00 nan nan
490 16 9 165.000000 0.380000 nan nan nan nan nan nan nan nan nan nan nan nan nan nan nan nan nan nan nan nan nan 0.000000 nan -1.000000 nan nan nan nan nan nan nan 19 30 0.000000 0.000000e+00 nan nan
491 16 10 165.000000 0.420000 nan nan nan nan nan nan nan nan nan nan nan nan nan nan nan nan nan nan nan nan nan 0.000000 nan -1.000000 nan nan nan nan nan nan nan 19 30 0.000000 0.000000e+00 nan nan
492 16 11 165.000000 0.460000 nan nan nan nan nan nan nan nan nan nan nan nan nan nan nan nan nan nan nan nan nan 0.000000 nan -1.000000 nan nan nan nan nan nan nan 19 30 0.000000 0.000000e+00 nan nan
493 16 12 165.000000 0.500000 nan nan nan nan nan nan nan nan nan nan nan nan nan nan nan nan nan nan nan nan nan 0.000000 nan -1.000000 nan nan nan nan nan nan nan 19 30 0.000000 0.000000e+00 nan nan
494 16 13 165.000000 0.540000 nan nan nan nan nan nan nan nan nan nan nan nan nan nan nan nan nan nan nan nan nan 0.000000 nan -1.000000 nan nan nan nan nan nan nan 19 30 0.000000 0.000000e+00 nan nan
495 16 14 165.000000 0.580000 nan nan nan nan nan nan nan nan nan nan nan nan nan nan nan nan nan nan nan nan nan 0.000000 nan -1.000000 nan nan nan nan nan nan nan 19 30 0.000000 0.000000e+00 nan nan
496 16 15 165.000000 0.620000 nan nan nan nan nan nan nan nan nan nan nan nan nan nan nan nan nan nan nan nan nan 0.000000 nan -1.000000 nan nan nan nan nan nan nan 19 30 0.000000 0.000000e+00 nan nan
497 16 16 165.000000 0.660000 nan nan nan nan nan nan nan nan nan nan nan nan nan nan nan nan nan nan nan nan nan 0.000000 nan -1.000000 nan nan nan nan nan nan nan 19 30 0.000000 0.000000e+00 nan nan
498 16 17 165.000000 0.700000 nan nan nan nan nan nan nan nan nan nan nan nan nan nan nan nan nan nan nan nan nan 0.000000 nan -1.000000 nan nan nan nan nan nan nan 19 30 0.000000 0.000000e+00 nan nan
499 16 18 165.000000 0.740000 nan nan nan nan nan nan nan nan nan nan nan nan nan nan nan nan nan nan nan nan nan 0.000000 nan -1.000000 nan nan nan nan nan nan nan 19 30 0.000000 0.000000e+00 nan nan
500 16 19 165.000000 0.780000 nan nan nan nan nan nan nan nan nan nan nan nan nan nan nan nan nan nan nan nan nan 0.000000 nan -1.000000 nan nan nan nan nan nan nan 19 30 0.000000 0.000000e+00 nan nan
501 16 20 165.000000 0.820000 nan nan nan nan nan nan nan nan nan nan nan nan nan nan nan nan nan nan nan nan nan 0.000000 nan -1.000000 nan nan nan nan nan nan nan 19 30 0.000000 0.000000e+00 nan nan
502 16 21 165.000000 0.860000 nan nan nan nan nan nan nan nan nan nan nan nan nan nan nan nan nan nan nan nan nan 0.000000 nan -1.000000 nan nan nan nan nan nan nan 19 30 0.000000 0.000000e+00 nan nan
503 16 22 165.000000 0.900000 nan nan nan nan nan nan nan nan nan nan nan nan nan nan nan nan nan nan nan nan nan 0.000000 nan -1.000000 nan nan nan nan nan nan nan 19 30 0.000000 0.000000e+00 nan nan
504 16 23 165.000000 0.940000 nan nan nan nan nan nan nan nan nan nan nan nan nan nan nan nan nan nan nan nan nan 0.000000 nan -1.000000 nan nan nan nan nan nan nan 19 30 0.000000 0.000000e+00 nan nan
505 16 24 165.000000 0.980000 nan nan nan nan nan nan nan nan nan nan nan nan nan nan nan nan nan nan nan nan nan 0.000000 nan -1.000000 nan nan nan nan nan nan nan 19 30 0.000000 0.000000e+00 nan nan
506 16 25 165.000000 1.020000 nan nan nan nan nan nan nan nan nan nan nan nan nan nan nan nan nan nan nan nan nan 0.000000 nan -1.000000 nan nan nan nan nan nan nan 19 30 0.000000 0.000000e+00 nan nan
507 16 26 165.000000 1.060000 nan nan nan nan nan nan nan nan nan nan nan nan nan nan nan nan nan nan nan nan nan 0.000000 nan -1.000000 nan nan nan nan nan nan nan 19 30 0.000000 0.000000e+00 nan nan
508 16 27 165.000000 1.100000 nan nan nan nan nan nan nan nan nan nan nan nan nan nan nan nan nan nan nan nan nan 0.000000 nan -1.000000 nan nan nan nan nan nan nan 19 30 0.000000 0.000000e+00 nan nan
509 16 28 165.000000 1.140000 nan nan nan nan nan nan nan nan nan nan nan nan nan nan nan nan nan nan nan nan nan 0.000000 nan -1.000000 nan nan nan nan nan nan nan 19 30 0.000000 0.000000e+00 nan nan
510 16 29 165.000000 1.180000 nan nan nan nan nan nan nan nan nan nan nan nan nan nan nan nan nan nan nan nan nan 0.000000 nan -1.000000 nan nan nan nan nan nan nan 19 30 0.000000 0.000000e+00 nan nan
511 17 0 175.000000 0.020000 nan nan nan nan nan nan nan nan nan nan nan nan nan nan nan nan nan nan nan nan nan 0.000000 nan -1.000000 nan nan nan nan nan nan nan 19 30 0.000000 0.000000e+00 nan nan
512 17 1 175.000000 0.060000 nan nan nan nan nan nan nan nan nan nan nan nan nan nan nan nan nan nan nan nan nan 0.000000 nan -1.000000 nan nan nan nan nan nan nan 19 30 0.000000 0.000000e+00 nan nan
513 17 2 175.000000 0.100000 nan nan nan nan nan nan nan nan nan nan nan nan nan nan nan nan nan nan nan nan nan 0.000000 nan -1.000000 nan nan nan nan nan nan nan 19 30 0.000000 0.000000e+00 nan nan
514 17 3 175.000000 0.140000 nan nan nan nan nan nan nan nan nan nan nan nan nan nan nan nan nan nan nan nan nan 0.000000 nan -1.000000 nan nan nan nan nan nan nan 19 30 0.000000 0.000000e+00 nan nan
515 17 4 175.000000 0.180000 nan nan nan nan nan nan nan nan nan nan nan nan nan nan nan nan nan nan nan nan nan 0.000000 nan -1.000000 nan nan nan nan nan nan nan 19 30 0.000000 0.000000e+00 nan nan
516 17 5 175.000000 0.220000 nan nan nan nan nan nan nan nan nan nan nan nan nan nan nan nan nan nan nan nan nan 0.000000 nan -1.000000 nan nan nan nan nan nan nan 19 30 0.000000 0.000000e+00 nan nan
517 17 6 175.000000 0.260000 nan nan nan nan nan nan nan nan nan nan nan nan nan nan nan nan nan nan nan nan nan 0.000000 nan -1.000000 nan nan nan nan nan nan nan 19 30 0.000000 0.000000e+00 nan nan
518 17 7 175.000000 0.300000 nan nan nan nan nan nan nan nan nan nan nan nan nan nan nan nan nan nan nan nan nan 0.000000 nan -1.000000 nan nan nan nan nan nan nan 19 30 0.000000 0.000000e+00 nan nan
519 17 8 175.000000 0.340000 nan nan nan nan nan nan nan nan nan nan nan nan nan nan nan nan nan nan nan nan nan 0.000000 nan -1.000000 nan nan nan nan nan nan nan 19 30 0.000000 0.000000e+00 nan nan
520 17 9 175.000000 0.380000 nan nan nan nan nan nan nan nan nan nan nan nan nan nan nan nan nan nan nan nan nan 0.000000 nan -1.000000 nan nan nan nan nan nan nan 19 30 0.000000 0.000000e+00 nan nan
521 17 10 175.000000 0.420000 nan nan nan nan nan nan nan nan nan nan nan nan nan nan nan nan nan nan nan nan nan 0.000000 nan -1.000000 nan nan nan nan nan nan nan 19 30 0.000000 0.000000e+00 nan nan
522 17 11 175.000000 0.460000 nan nan nan nan nan nan nan nan nan nan nan nan nan nan nan nan nan nan nan nan nan 0.000000 nan -1.000000 nan nan nan nan nan nan nan 19 30 0.000000 0.000000e+00 nan nan
523 17 12 175.000000 0.500000 nan nan nan nan nan nan nan nan nan nan nan nan nan nan nan nan nan nan nan nan nan 0.000000 nan -1.000000 nan nan nan nan nan nan nan 19 30 0.000000 0.000000e+00 nan nan
524 17 13 175.000000 0.540000 nan nan nan nan nan nan nan nan nan nan nan nan nan nan nan nan nan nan nan nan nan 0.000000 nan -1.000000 nan nan nan nan nan nan nan 19 30 0.000000 0.000000e+00 nan nan
525 17 14 175.000000 0.580000 nan nan nan nan nan nan nan nan nan nan nan nan nan nan nan nan nan nan nan nan nan 0.000000 nan -1.000000 nan nan nan nan nan nan nan 19 30 0.000000 0.000000e+00 nan nan
526 17 15 175.000000 0.620000 nan nan nan nan nan nan nan nan nan nan nan nan nan nan nan nan nan nan nan nan nan 0.000000 nan -1.000000 nan nan nan nan nan nan nan 19 30 0.000000 0.000000e+00 nan nan
527 17 16 175.000000 0.660000 nan nan nan nan nan nan nan nan nan nan nan nan nan nan nan nan nan nan nan nan nan 0.000000 nan -1.000000 nan nan nan nan nan nan nan 19 30 0.000000 0.000000e+00 nan nan
528 17 17 175.000000 0.700000 nan nan nan nan nan nan nan nan nan nan nan nan nan nan nan nan nan nan nan nan nan 0.000000 nan -1.000000 nan nan nan nan nan nan nan 19 30 0.000000 0.000000e+00 nan nan
529 17 18 175.000000 0.740000 nan nan nan nan nan nan nan nan nan nan nan nan nan nan nan nan nan nan nan nan nan 0.000000 nan -1.000000 nan nan nan nan nan nan nan 19 30 0.000000 0.000000e+00 nan nan
530 17 19 175.000000 0.780000 nan nan nan nan nan nan nan nan nan nan nan nan nan nan nan nan nan nan nan nan nan 0.000000 nan -1.000000 nan nan nan nan nan nan nan 19 30 0.000000 0.000000e+00 nan nan
531 17 20 175.000000 0.820000 nan nan nan nan nan nan nan nan nan nan nan nan nan nan nan nan nan nan nan nan nan 0.000000 nan -1.000000 nan nan nan nan nan nan nan 19 30 0.000000 0.000000e+00 nan nan
532 17 21 175.000000 0.860000 nan nan nan nan nan nan nan nan nan nan nan nan nan nan nan nan nan nan nan nan nan 0.000000 nan -1.000000 nan nan nan nan nan nan nan 19 30 0.000000 0.000000e+00 nan nan
533 17 22 175.000000 0.900000 nan nan nan nan nan nan nan nan nan nan nan nan nan nan nan nan nan nan nan nan nan 0.000000 nan -1.000000 nan nan nan nan nan nan nan 19 30 0.000000 0.000000e+00 nan nan
534 17 23 175.000000 0.940000 nan nan nan nan nan nan nan nan nan nan nan nan nan nan nan nan nan nan nan nan nan 0.000000 nan -1.000000 nan nan nan nan nan nan nan 19 30 0.000000 0.000000e+00 nan nan
535 17 24 175.000000 0.980000 nan nan nan nan nan nan nan nan nan nan nan nan nan nan nan nan nan nan nan nan nan 0.000000 nan -1.000000 nan nan nan nan nan nan nan 19 30 0.000000 0.000000e+00 nan nan
536 17 25 175.000000 1.020000 nan nan nan nan nan nan nan nan nan nan nan nan nan nan nan nan nan nan nan nan nan 0.000000 nan -1.000000 nan nan nan nan nan nan nan 19 30 0.000000 0.000000e+00 nan nan
537 17 26 175.000000 1.060000 nan nan nan nan nan nan nan nan nan nan nan nan nan nan nan nan nan nan nan nan nan 0.000000 nan -1.000000 nan nan nan nan nan nan nan 19 30 0.000000 0.000000e+00 nan nan
538 17 27 175.000000 1.100000 nan nan nan nan nan nan nan nan nan nan nan nan nan nan nan nan nan nan nan nan nan 0.000000 nan -1.000000 nan nan nan nan nan nan nan 19 30 0.000000 0.000000e+00 nan nan
539 17 28 175.000000 1.140000 nan nan nan nan nan nan nan nan nan nan nan nan nan nan nan nan nan nan nan nan nan 0.000000 nan -1.000000 nan nan nan nan nan nan nan 19 30 0.000000 0.000000e+00 nan nan
540 17 29 175.000000 1.180000 nan nan nan nan nan nan nan nan nan nan nan nan nan nan nan nan nan nan nan nan nan 0.000000 nan -1.000000 nan nan nan nan nan nan nan 19 30 0.000000 0.000000e+00 nan nan
541 18 0 185.000000 0.020000 nan nan nan nan nan nan nan nan nan nan nan nan nan nan nan nan nan nan nan nan nan 0.000000 nan -1.000000 nan nan nan nan nan nan nan 19 30 0.000000 0.000000e+00 nan nan
542 18 1 185.000000 0.060000 nan nan nan nan nan nan nan nan nan nan nan nan nan nan nan nan nan nan nan nan nan 0.000000 nan -1.000000 nan nan nan nan nan nan nan 19 30 0.000000 0.000000e+00 nan nan
543 18 2 185.000000 0.100000 nan nan nan nan nan nan nan nan nan nan nan nan nan nan nan nan nan nan nan nan nan 0.000000 nan -1.000000 nan nan nan nan nan nan nan 19 30 0.000000 0.000000e+00 nan nan
544 18 3 185.000000 0.140000 nan nan nan nan nan nan nan nan nan nan nan nan nan nan nan nan nan nan nan nan nan 0.000000 nan -1.000000 nan nan nan nan nan nan nan 19 30 0.000000 0.000000e+00 nan nan
545 18 4 185.000000 0.180000 nan nan nan nan nan nan nan nan nan nan nan nan nan nan nan nan nan nan nan nan nan 0.000000 nan -1.000000 nan nan nan nan nan nan nan 19 30 0.000000 0.000000e+00 nan nan
546 18 5 185.000000 0.220000 nan nan nan nan nan nan nan nan nan nan nan nan nan nan nan nan nan nan nan nan nan 0.000000 nan -1.000000 nan nan nan nan nan nan nan 19 30 0.000000 0.000000e+00 nan nan
547 18 6 185.000000 0.260000 nan nan nan nan nan nan nan nan nan nan nan nan nan nan nan nan nan nan nan nan nan 0.000000 nan -1.000000 nan nan nan nan nan nan nan 19 30 0.000000 0.000000e+00 nan nan
548 18 7 185.000000 0.300000 nan nan nan nan nan nan nan nan nan nan nan nan nan nan nan nan nan nan nan nan nan 0.000000 nan -1.000000 nan nan nan nan nan nan nan 19 30 0.000000 0.000000e+00 nan nan
549 18 8 185.000000 0.340000 nan nan nan nan nan nan nan nan nan nan nan nan nan nan nan nan nan nan nan nan nan 0.000000 nan -1.000000 nan nan nan nan nan nan nan 19 30 0.000000 0.000000e+00 nan nan
550 18 9 185.000000 0.380000 nan nan nan nan nan nan nan nan nan nan nan nan nan nan nan nan nan nan nan nan nan 0.000000 nan -1.000000 nan nan nan nan nan nan nan 19 30 0.000000 0.000000e+00 nan nan
551 18 10 185.000000 0.420000 nan nan nan nan nan nan nan nan nan nan nan nan nan nan nan nan nan nan nan nan nan 0.000000 nan -1.000000 nan nan nan nan nan nan nan 19 30 0.000000 0.000000e+00 nan nan
552 18 11 185.000000 0.460000 nan nan nan nan nan nan nan nan nan nan nan nan nan nan nan nan nan nan nan nan nan 0.000000 nan -1.000000 nan nan nan nan nan nan nan 19 30 0.000000 0.000000e+00 nan nan
553 18 12 185.000000 0.500000 nan nan nan nan nan nan nan nan nan nan nan nan nan nan nan nan nan nan nan nan nan 0.000000 nan -1.000000 nan nan nan nan nan nan nan 19 30 0.000000 0.000000e+00 nan nan
554 18 13 185.000000 0.540000 nan nan nan nan nan nan nan nan nan nan nan nan nan nan nan nan nan nan nan nan nan 0.000000 nan -1.000000 nan nan nan nan nan nan nan 19 30 0.000000 0.000000e+00 nan nan
555 18 14 185.000000 0.580000 nan nan nan nan nan nan nan nan nan nan nan nan nan nan nan nan nan nan nan nan nan 0.000000 nan -1.000000 nan nan nan nan nan nan nan 19 30 0.000000 0.000000e+00 nan nan
556 18 15 185.000000 0.620000 nan nan nan nan nan nan nan nan nan nan nan nan nan nan nan nan nan nan nan nan nan 0.000000 nan -1.000000 nan nan nan nan nan nan nan 19 30 0.000000 0.000000e+00 nan nan
557 18 16 185.000000 0.660000 nan nan nan nan nan nan nan nan nan nan nan nan nan nan nan nan nan nan nan nan nan 0.000000 nan -1.000000 nan nan nan nan nan nan nan 19 30 0.000000 0.000000e+00 nan nan
558 18 17 185.000000 0.700000 nan nan nan nan nan nan nan nan nan nan nan nan nan nan nan nan nan nan nan nan nan 0.000000 nan -1.000000 nan nan nan nan nan nan nan 19 30 0.000000 0.000000e+00 nan nan
559 18 18 185.000000 0.740000 nan nan nan nan nan nan nan nan nan nan nan nan nan nan nan nan nan nan nan nan nan 0.000000 nan -1.000000 nan nan nan nan nan nan nan 19 30 0.000000 0.000000e+00 nan nan
560 18 19 185.000000 0.780000 nan nan nan nan nan nan nan nan nan nan nan nan nan nan nan nan nan nan nan nan nan 0.000000 nan -1.000000 nan nan nan nan nan nan nan 19 30 0.000000 0.000000e+00 nan nan
561 18 20 185.000000 0.820000 nan nan nan nan nan nan nan nan nan nan nan nan nan nan nan nan nan nan nan nan nan 0.000000 nan -1.000000 nan nan nan nan nan nan nan 19 30 0.000000 0.000000e+00 nan nan
562 18 21 185.000000 0.860000 nan nan nan nan nan nan nan nan nan nan nan nan nan nan nan nan nan nan nan nan nan 0.000000 nan -1.000000 nan nan nan nan nan nan nan 19 30 0.000000 0.000000e+00 nan nan
563 18 22 185.000000 0.900000 nan nan nan nan nan nan nan nan nan nan nan nan nan nan nan nan nan nan nan nan nan 0.000000 nan -1.000000 nan nan nan nan nan nan nan 19 30 0.000000 0.000000e+00 nan nan
564 18 23 185.000000 0.940000 nan nan nan nan nan nan nan nan nan nan nan nan nan nan nan nan nan nan nan nan nan 0.000000 nan -1.000000 nan nan nan nan nan nan nan 19 30 0.000000 0.000000e+00 nan nan
565 18 24 185.000000 0.980000 nan nan nan nan nan nan nan nan nan nan nan nan nan nan nan nan nan nan nan nan nan 0.000000 nan -1.000000 nan nan nan nan nan nan nan 19 30 0.000000 0.000000e+00 nan nan
566 18 25 185.000000 1.020000 nan nan nan nan nan nan nan nan nan nan nan nan nan nan nan nan nan nan nan nan nan 0.000000 nan -1.000000 nan nan nan nan nan nan nan 19 30 0.000000 0.000000e+00 nan nan
567 18 26 185.000000 1.060000 nan nan nan nan nan nan nan nan nan nan nan nan nan nan nan nan nan nan nan nan nan 0.000000 nan -1.000000 nan nan nan nan nan nan nan 19 30 0.000000 0.000000e+00 nan nan
568 18 27 185.000000 1.100000 nan nan nan nan nan nan nan nan nan nan nan nan nan nan nan nan nan nan nan nan nan 0.000000 nan -1.000000 nan nan nan nan nan nan nan 19 30 0.000000 0.000000e+00 nan nan
569 18 28 185.000000 1.140000 nan nan nan nan nan nan nan nan nan nan nan nan nan nan nan nan nan nan nan nan nan 0.000000 nan -1.000000 nan nan nan nan nan nan nan 19 30 0.000000 0.000000e+00 nan nan
570 18 29 185.000000 1.180000 nan nan nan nan nan nan nan nan nan nan nan nan nan nan nan nan nan nan nan nan nan 0.000000 nan -1.000000 nan nan nan nan nan nan nan 19 30 0.000000 0.000000e+00 nan nan
