# histogram parameters 
#\ dx = np.float64(10.0)
#\ dy = np.float64(0.04000000000000001)
#\ nx = 19
#\ ny = 30
#\ xmin = np.float64(0.0)
#\ ymin = np.float64(3.469446951953614e-18)

# averaged kinematics results
# averaged kinematic varibles used as input to calculate the averaged 
# kinematics: Ei, omega, th_e, pf
#
# variables with _mc attached are from histograms not calculated
# alpha is the spectatror (neutron) alpha
#\ xb = th_nq
#\ yb = pm
# current header line:
#! i_b[i,0]/ i_x[i,1]/ i_y[i,2]/ xb[f,3]/ yb[f,4]/ Ei[f,5]/ kf[f,6]/ th_e[f,7]/ omega_mc[f,8]/ omega[f,9]/ Q2[f,10]/ Q2_calc[f,11]/ q_mc[f,12]/ q_lab[f,13]/ Ep_calc[f,14]/ pf[f,15]/ pm_mc[f,16]/ pm[f,17]/ En_calc[f,18]/ beta_cm[f,19]/ gamma_cm[f,20]/ PfPar_q[f,21]/ PfPerp_q[f,22]/ theta_pq[f,23]/ theta_pq_calc[f,24]/ PfPar_cm[f,25]/ th_pq_cm[f,26]/ th_nq_mc[f,27]/ th_nq_calc[f,28]/  cos_phi[f,29]/  sin_phi[f,30]/  alpha_c[f,31]/  GEp[f,32]/   GMp[f,33]/   sigMott[f,34]/   Ksig_cc1[f,35]/  nx[i,36]/ ny[i,37]/ cont[f,38]/ sig[f,39]/ th_p[f,40]/ phi_pq_histo[f,41]/      
1 0 0 5.000000 0.020000 nan nan nan nan nan nan nan nan nan nan nan nan nan nan nan nan nan nan nan nan nan 0.000000 nan -1.000000 nan nan nan nan nan nan nan 19 30 0.000000 0.000000e+00 nan nan
2 0 1 5.000000 0.060000 nan nan nan nan nan nan nan nan nan nan nan nan nan nan nan nan nan nan nan nan nan 0.000000 nan -1.000000 nan nan nan nan nan nan nan 19 30 0.000000 0.000000e+00 nan nan
3 0 2 5.000000 0.100000 nan nan nan nan nan nan nan nan nan nan nan nan nan nan nan nan nan nan nan nan nan 0.000000 nan -1.000000 nan nan nan nan nan nan nan 19 30 0.000000 0.000000e+00 nan nan
4 0 3 5.000000 0.140000 nan nan nan nan nan nan nan nan nan nan nan nan nan nan nan nan nan nan nan nan nan 0.000000 nan -1.000000 nan nan nan nan nan nan nan 19 30 0.000000 0.000000e+00 nan nan
5 0 4 5.000000 0.180000 nan nan nan nan nan nan nan nan nan nan nan nan nan nan nan nan nan nan nan nan nan 0.000000 nan -1.000000 nan nan nan nan nan nan nan 19 30 0.000000 0.000000e+00 nan nan
6 0 5 5.000000 0.220000 nan nan nan nan nan nan nan nan nan nan nan nan nan nan nan nan nan nan nan nan nan 0.000000 nan -1.000000 nan nan nan nan nan nan nan 19 30 0.000000 0.000000e+00 nan nan
7 0 6 5.000000 0.260000 nan nan nan nan nan nan nan nan nan nan nan nan nan nan nan nan nan nan nan nan nan 0.000000 nan -1.000000 nan nan nan nan nan nan nan 19 30 0.000000 0.000000e+00 nan nan
8 0 7 5.000000 0.300000 nan nan nan nan nan nan nan nan nan nan nan nan nan nan nan nan nan nan nan nan nan 0.000000 nan -1.000000 nan nan nan nan nan nan nan 19 30 0.000000 0.000000e+00 nan nan
9 0 8 5.000000 0.340000 nan nan nan nan nan nan nan nan nan nan nan nan nan nan nan nan nan nan nan nan nan 0.000000 nan -1.000000 nan nan nan nan nan nan nan 19 30 0.000000 0.000000e+00 nan nan
10 0 9 5.000000 0.380000 nan nan nan nan nan nan nan nan nan nan nan nan nan nan nan nan nan nan nan nan nan 0.000000 nan -1.000000 nan nan nan nan nan nan nan 19 30 0.000000 0.000000e+00 nan nan
11 0 10 5.000000 0.420000 nan nan nan nan nan nan nan nan nan nan nan nan nan nan nan nan nan nan nan nan nan 0.000000 nan -1.000000 nan nan nan nan nan nan nan 19 30 0.000000 0.000000e+00 nan nan
12 0 11 5.000000 0.460000 nan nan nan nan nan nan nan nan nan nan nan nan nan nan nan nan nan nan nan nan nan 0.000000 nan -1.000000 nan nan nan nan nan nan nan 19 30 0.000000 0.000000e+00 nan nan
13 0 12 5.000000 0.500000 nan nan nan nan nan nan nan nan nan nan nan nan nan nan nan nan nan nan nan nan nan 0.000000 nan -1.000000 nan nan nan nan nan nan nan 19 30 0.000000 0.000000e+00 nan nan
14 0 13 5.000000 0.540000 nan nan nan nan nan nan nan nan nan nan nan nan nan nan nan nan nan nan nan nan nan 0.000000 nan -1.000000 nan nan nan nan nan nan nan 19 30 0.000000 0.000000e+00 nan nan
15 0 14 5.000000 0.580000 nan nan nan nan nan nan nan nan nan nan nan nan nan nan nan nan nan nan nan nan nan 0.000000 nan -1.000000 nan nan nan nan nan nan nan 19 30 0.000000 0.000000e+00 nan nan
16 0 15 5.000000 0.620000 nan nan nan nan nan nan nan nan nan nan nan nan nan nan nan nan nan nan nan nan nan 0.000000 nan -1.000000 nan nan nan nan nan nan nan 19 30 0.000000 0.000000e+00 nan nan
17 0 16 5.000000 0.660000 nan nan nan nan nan nan nan nan nan nan nan nan nan nan nan nan nan nan nan nan nan 0.000000 nan -1.000000 nan nan nan nan nan nan nan 19 30 0.000000 0.000000e+00 nan nan
18 0 17 5.000000 0.700000 nan nan nan nan nan nan nan nan nan nan nan nan nan nan nan nan nan nan nan nan nan 0.000000 nan -1.000000 nan nan nan nan nan nan nan 19 30 0.000000 0.000000e+00 nan nan
19 0 18 5.000000 0.740000 nan nan nan nan nan nan nan nan nan nan nan nan nan nan nan nan nan nan nan nan nan 0.000000 nan -1.000000 nan nan nan nan nan nan nan 19 30 0.000000 0.000000e+00 nan nan
20 0 19 5.000000 0.780000 nan nan nan nan nan nan nan nan nan nan nan nan nan nan nan nan nan nan nan nan nan 0.000000 nan -1.000000 nan nan nan nan nan nan nan 19 30 0.000000 0.000000e+00 nan nan
21 0 20 5.000000 0.820000 nan nan nan nan nan nan nan nan nan nan nan nan nan nan nan nan nan nan nan nan nan 0.000000 nan -1.000000 nan nan nan nan nan nan nan 19 30 0.000000 0.000000e+00 nan nan
22 0 21 5.000000 0.860000 nan nan nan nan nan nan nan nan nan nan nan nan nan nan nan nan nan nan nan nan nan 0.000000 nan -1.000000 nan nan nan nan nan nan nan 19 30 0.000000 0.000000e+00 nan nan
23 0 22 5.000000 0.900000 nan nan nan nan nan nan nan nan nan nan nan nan nan nan nan nan nan nan nan nan nan 0.000000 nan -1.000000 nan nan nan nan nan nan nan 19 30 0.000000 0.000000e+00 nan nan
24 0 23 5.000000 0.940000 nan nan nan nan nan nan nan nan nan nan nan nan nan nan nan nan nan nan nan nan nan 0.000000 nan -1.000000 nan nan nan nan nan nan nan 19 30 0.000000 0.000000e+00 nan nan
25 0 24 5.000000 0.980000 nan nan nan nan nan nan nan nan nan nan nan nan nan nan nan nan nan nan nan nan nan 0.000000 nan -1.000000 nan nan nan nan nan nan nan 19 30 0.000000 0.000000e+00 nan nan
26 0 25 5.000000 1.020000 nan nan nan nan nan nan nan nan nan nan nan nan nan nan nan nan nan nan nan nan nan 0.000000 nan -1.000000 nan nan nan nan nan nan nan 19 30 0.000000 0.000000e+00 nan nan
27 0 26 5.000000 1.060000 nan nan nan nan nan nan nan nan nan nan nan nan nan nan nan nan nan nan nan nan nan 0.000000 nan -1.000000 nan nan nan nan nan nan nan 19 30 0.000000 0.000000e+00 nan nan
28 0 27 5.000000 1.100000 nan nan nan nan nan nan nan nan nan nan nan nan nan nan nan nan nan nan nan nan nan 0.000000 nan -1.000000 nan nan nan nan nan nan nan 19 30 0.000000 0.000000e+00 nan nan
29 0 28 5.000000 1.140000 nan nan nan nan nan nan nan nan nan nan nan nan nan nan nan nan nan nan nan nan nan 0.000000 nan -1.000000 nan nan nan nan nan nan nan 19 30 0.000000 0.000000e+00 nan nan
30 0 29 5.000000 1.180000 nan nan nan nan nan nan nan nan nan nan nan nan nan nan nan nan nan nan nan nan nan 0.000000 nan -1.000000 nan nan nan nan nan nan nan 19 30 0.000000 0.000000e+00 nan nan
31 1 0 15.000000 0.020000 nan nan nan nan nan nan nan nan nan nan nan nan nan nan nan nan nan nan nan nan nan 0.000000 nan -1.000000 nan nan nan nan nan nan nan 19 30 0.000000 0.000000e+00 nan nan
32 1 1 15.000000 0.060000 nan nan nan nan nan nan nan nan nan nan nan nan nan nan nan nan nan nan nan nan nan 0.000000 nan -1.000000 nan nan nan nan nan nan nan 19 30 0.000000 0.000000e+00 nan nan
33 1 2 15.000000 0.100000 nan nan nan nan nan nan nan nan nan nan nan nan nan nan nan nan nan nan nan nan nan 0.000000 nan -1.000000 nan nan nan nan nan nan nan 19 30 0.000000 0.000000e+00 nan nan
34 1 3 15.000000 0.140000 nan nan nan nan nan nan nan nan nan nan nan nan nan nan nan nan nan nan nan nan nan 0.000000 nan -1.000000 nan nan nan nan nan nan nan 19 30 0.000000 0.000000e+00 nan nan
35 1 4 15.000000 0.180000 nan nan nan nan nan nan nan nan nan nan nan nan nan nan nan nan nan nan nan nan nan 0.000000 nan -1.000000 nan nan nan nan nan nan nan 19 30 0.000000 0.000000e+00 nan nan
36 1 5 15.000000 0.220000 nan nan nan nan nan nan nan nan nan nan nan nan nan nan nan nan nan nan nan nan nan 0.000000 nan -1.000000 nan nan nan nan nan nan nan 19 30 0.000000 0.000000e+00 nan nan
37 1 6 15.000000 0.260000 nan nan nan nan nan nan nan nan nan nan nan nan nan nan nan nan nan nan nan nan nan 0.000000 nan -1.000000 nan nan nan nan nan nan nan 19 30 0.000000 0.000000e+00 nan nan
38 1 7 15.000000 0.300000 nan nan nan nan nan nan nan nan nan nan nan nan nan nan nan nan nan nan nan nan nan 0.000000 nan -1.000000 nan nan nan nan nan nan nan 19 30 0.000000 0.000000e+00 nan nan
39 1 8 15.000000 0.340000 nan nan nan nan nan nan nan nan nan nan nan nan nan nan nan nan nan nan nan nan nan 0.000000 nan -1.000000 nan nan nan nan nan nan nan 19 30 0.000000 0.000000e+00 nan nan
40 1 9 15.000000 0.380000 nan nan nan nan nan nan nan nan nan nan nan nan nan nan nan nan nan nan nan nan nan 0.000000 nan -1.000000 nan nan nan nan nan nan nan 19 30 0.000000 0.000000e+00 nan nan
41 1 10 15.000000 0.420000 nan nan nan nan nan nan nan nan nan nan nan nan nan nan nan nan nan nan nan nan nan 0.000000 nan -1.000000 nan nan nan nan nan nan nan 19 30 0.000000 0.000000e+00 nan nan
42 1 11 15.000000 0.460000 10540.022199 9076.684386 12.106940 1463.337486 1463.337799 4255748.629793 4255746.096610 2529.253551 2529.249614 2285.166775 2083.658524 477.144790 477.147961 1053.781023 0.757499 1.531778 2077.902122 154.776025 4.256368 4.259906 531.359185 16.239956 18.918665 18.927861 -0.999408 -0.028185 0.641183 0.020192 0.058545 0.373087 5007.312021 19 30 0.000004 0.000000e+00 53.078593 -178.384590
43 1 12 15.000000 0.500000 10541.439920 9058.289809 12.262463 1483.150147 1483.150097 4357214.250547 4357104.162147 2560.629618 2560.632416 2293.031241 2092.280556 502.890440 502.984817 1065.728856 0.762374 1.545269 2085.711815 165.662756 4.532883 4.541323 521.626888 17.619255 19.201815 19.229896 -0.984840 0.017146 0.628810 0.019646 0.056107 0.354387 4658.981131 19 30 0.000061 0.000000e+00 53.155595 23.040471
44 1 13 15.000000 0.540000 10541.474485 9032.275189 12.499882 1509.199257 1509.199282 4513922.430157 4513795.657526 2606.045501 2606.046456 2299.440132 2099.302402 543.270094 543.361687 1085.369150 0.769924 1.567066 2091.924869 175.843445 4.792787 4.804885 503.859135 19.238643 18.841353 18.882071 -0.978889 0.023648 0.607991 0.018867 0.052615 0.328168 4185.135134 19 30 0.000137 0.000000e+00 53.279904 14.282748
45 1 14 15.000000 0.580000 10541.274957 9005.710494 12.720968 1535.564466 1535.564448 4660498.744503 4660381.261970 2649.218206 2649.214872 2306.026870 2106.515032 581.763590 581.865019 1105.147578 0.776628 1.587405 2098.202421 186.955021 5.076338 5.091749 487.772234 20.971001 18.691458 18.741748 -0.975649 -0.013419 0.589778 0.018191 0.049625 0.305910 3798.770488 19 30 0.000226 0.000000e+00 53.405184 -3.735335
46 1 15 15.000000 0.620000 10541.140698 8981.463539 12.928483 1559.677129 1559.677145 4800148.305874 4799998.432857 2689.350567 2689.347733 2309.320387 2110.119974 620.398028 620.497278 1125.966758 0.782860 1.607205 2100.914754 196.884485 5.335326 5.353763 470.976804 22.686603 18.442651 18.499787 -0.971691 -0.010617 0.572109 0.017576 0.046999 0.286706 3477.421349 19 30 0.000264 0.000000e+00 53.507509 -2.172937
47 1 16 15.000000 0.660000 10541.109801 8958.430897 13.115375 1582.678883 1582.678890 4926614.691727 4926486.188483 2726.057920 2726.051844 2310.784866 2111.722603 658.681743 658.772507 1147.504024 0.788266 1.625132 2101.344810 209.098872 5.663073 5.682634 454.763155 24.692844 18.448144 18.506171 -0.967453 -0.005398 0.556424 0.017027 0.044789 0.270677 3223.826235 19 30 0.000259 0.000000e+00 53.661640 -4.394629
48 1 17 15.000000 0.700000 10540.758022 8949.195515 13.217820 1591.562491 1591.562492 4998123.581368 4998081.309319 2744.301344 2744.294531 2298.815833 2098.618567 694.403033 694.458792 1168.356659 0.791508 1.636236 2086.707388 223.275981 6.092168 6.107365 437.163598 27.055119 18.707750 18.754314 -0.954044 -0.021456 0.543623 0.016715 0.043604 0.262382 3129.005522 19 30 0.000114 0.000000e+00 53.975326 -8.448209
49 1 18 15.000000 0.740000 10540.941215 8943.965671 13.266500 1596.975458 1596.975529 5031950.529565 5031944.361318 2753.594152 2753.593144 2286.335193 2084.939872 724.157451 724.158541 1186.250336 0.792952 1.641270 2070.902142 241.533823 6.650914 6.652475 423.362964 29.705294 19.478976 19.483611 -0.939234 0.042900 0.535949 0.016567 0.043059 0.258535 3110.991424 19 30 0.000005 0.000000e+00 54.361455 20.094206
50 1 19 15.000000 0.780000 nan nan nan nan nan nan nan nan nan nan nan nan nan nan nan nan nan nan nan nan nan 0.000000 nan -1.000000 nan nan nan nan nan nan nan 19 30 0.000000 0.000000e+00 nan nan
51 1 20 15.000000 0.820000 nan nan nan nan nan nan nan nan nan nan nan nan nan nan nan nan nan nan nan nan nan 0.000000 nan -1.000000 nan nan nan nan nan nan nan 19 30 0.000000 0.000000e+00 nan nan
52 1 21 15.000000 0.860000 nan nan nan nan nan nan nan nan nan nan nan nan nan nan nan nan nan nan nan nan nan 0.000000 nan -1.000000 nan nan nan nan nan nan nan 19 30 0.000000 0.000000e+00 nan nan
53 1 22 15.000000 0.900000 nan nan nan nan nan nan nan nan nan nan nan nan nan nan nan nan nan nan nan nan nan 0.000000 nan -1.000000 nan nan nan nan nan nan nan 19 30 0.000000 0.000000e+00 nan nan
54 1 23 15.000000 0.940000 nan nan nan nan nan nan nan nan nan nan nan nan nan nan nan nan nan nan nan nan nan 0.000000 nan -1.000000 nan nan nan nan nan nan nan 19 30 0.000000 0.000000e+00 nan nan
55 1 24 15.000000 0.980000 nan nan nan nan nan nan nan nan nan nan nan nan nan nan nan nan nan nan nan nan nan 0.000000 nan -1.000000 nan nan nan nan nan nan nan 19 30 0.000000 0.000000e+00 nan nan
56 1 25 15.000000 1.020000 nan nan nan nan nan nan nan nan nan nan nan nan nan nan nan nan nan nan nan nan nan 0.000000 nan -1.000000 nan nan nan nan nan nan nan 19 30 0.000000 0.000000e+00 nan nan
57 1 26 15.000000 1.060000 nan nan nan nan nan nan nan nan nan nan nan nan nan nan nan nan nan nan nan nan nan 0.000000 nan -1.000000 nan nan nan nan nan nan nan 19 30 0.000000 0.000000e+00 nan nan
58 1 27 15.000000 1.100000 nan nan nan nan nan nan nan nan nan nan nan nan nan nan nan nan nan nan nan nan nan 0.000000 nan -1.000000 nan nan nan nan nan nan nan 19 30 0.000000 0.000000e+00 nan nan
59 1 28 15.000000 1.140000 nan nan nan nan nan nan nan nan nan nan nan nan nan nan nan nan nan nan nan nan nan 0.000000 nan -1.000000 nan nan nan nan nan nan nan 19 30 0.000000 0.000000e+00 nan nan
60 1 29 15.000000 1.180000 nan nan nan nan nan nan nan nan nan nan nan nan nan nan nan nan nan nan nan nan nan 0.000000 nan -1.000000 nan nan nan nan nan nan nan 19 30 0.000000 0.000000e+00 nan nan
61 2 0 25.000000 0.020000 nan nan nan nan nan nan nan nan nan nan nan nan nan nan nan nan nan nan nan nan nan 0.000000 nan -1.000000 nan nan nan nan nan nan nan 19 30 0.000000 0.000000e+00 nan nan
62 2 1 25.000000 0.060000 nan nan nan nan nan nan nan nan nan nan nan nan nan nan nan nan nan nan nan nan nan 0.000000 nan -1.000000 nan nan nan nan nan nan nan 19 30 0.000000 0.000000e+00 nan nan
63 2 2 25.000000 0.100000 nan nan nan nan nan nan nan nan nan nan nan nan nan nan nan nan nan nan nan nan nan 0.000000 nan -1.000000 nan nan nan nan nan nan nan 19 30 0.000000 0.000000e+00 nan nan
64 2 3 25.000000 0.140000 nan nan nan nan nan nan nan nan nan nan nan nan nan nan nan nan nan nan nan nan nan 0.000000 nan -1.000000 nan nan nan nan nan nan nan 19 30 0.000000 0.000000e+00 nan nan
65 2 4 25.000000 0.180000 nan nan nan nan nan nan nan nan nan nan nan nan nan nan nan nan nan nan nan nan nan 0.000000 nan -1.000000 nan nan nan nan nan nan nan 19 30 0.000000 0.000000e+00 nan nan
66 2 5 25.000000 0.220000 nan nan nan nan nan nan nan nan nan nan nan nan nan nan nan nan nan nan nan nan nan 0.000000 nan -1.000000 nan nan nan nan nan nan nan 19 30 0.000000 0.000000e+00 nan nan
67 2 6 25.000000 0.260000 nan nan nan nan nan nan nan nan nan nan nan nan nan nan nan nan nan nan nan nan nan 0.000000 nan -1.000000 nan nan nan nan nan nan nan 19 30 0.000000 0.000000e+00 nan nan
68 2 7 25.000000 0.300000 nan nan nan nan nan nan nan nan nan nan nan nan nan nan nan nan nan nan nan nan nan 0.000000 nan -1.000000 nan nan nan nan nan nan nan 19 30 0.000000 0.000000e+00 nan nan
69 2 8 25.000000 0.340000 nan nan nan nan nan nan nan nan nan nan nan nan nan nan nan nan nan nan nan nan nan 0.000000 nan -1.000000 nan nan nan nan nan nan nan 19 30 0.000000 0.000000e+00 nan nan
70 2 9 25.000000 0.380000 nan nan nan nan nan nan nan nan nan nan nan nan nan nan nan nan nan nan nan nan nan 0.000000 nan -1.000000 nan nan nan nan nan nan nan 19 30 0.000000 0.000000e+00 nan nan
71 2 10 25.000000 0.420000 10541.294693 9069.512512 11.789472 1471.782153 1471.782168 4033611.426877 4033559.888271 2489.944048 2489.920207 2313.920796 2115.153683 430.359930 430.440249 1033.471372 0.743839 1.496202 2106.151615 194.937108 5.267893 5.288006 575.989091 18.697818 26.845920 26.928512 -0.980690 -0.015054 0.691492 0.021547 0.064452 0.414906 5967.808618 19 30 0.000513 0.000000e+00 53.242356 -3.247351
72 2 11 25.000000 0.460000 10541.100096 9054.224185 11.930540 1486.875900 1486.875897 4123477.975077 4123275.403224 2516.779962 2516.758895 2315.051043 2116.390083 462.812745 462.963828 1047.434854 0.748482 1.507942 2105.653989 212.904350 5.745581 5.773600 562.282621 20.738818 27.270647 27.378883 -0.968506 -0.005241 0.677259 0.020971 0.061968 0.395609 5635.722639 19 30 0.003150 0.000000e+00 53.583373 -4.346827
73 2 12 25.000000 0.500000 10540.841794 9029.744925 12.140049 1511.096844 1511.096854 4257503.276554 4257169.921043 2557.478968 2557.456475 2321.806065 2123.777074 501.056576 501.227914 1064.900789 0.755146 1.525420 2111.430510 228.670636 6.147603 6.181115 546.297223 22.713348 27.022784 27.143515 -0.962229 -0.005910 0.658682 0.020184 0.058510 0.368969 5118.819390 19 30 0.004955 0.000000e+00 53.816703 0.905349
74 2 13 25.000000 0.540000 10540.745995 9003.142095 12.355898 1537.603893 1537.603886 4396700.307106 4396277.148914 2600.125448 2600.096702 2329.260752 2131.924320 540.343339 540.527638 1083.953133 0.761774 1.543583 2117.889314 244.225637 6.538602 6.578041 530.251238 24.730077 26.724871 26.861041 -0.956626 -0.004496 0.640451 0.019444 0.055203 0.343814 4635.274833 19 30 0.005947 0.000000e+00 54.009101 -0.488919
75 2 14 25.000000 0.580000 10540.677821 8974.479767 12.566367 1566.198040 1566.198039 4532726.137638 4532214.069049 2642.986524 2642.951071 2337.616070 2141.049869 579.842293 580.047960 1104.191969 0.767896 1.561099 2125.054337 261.225207 6.965358 7.008004 515.175155 26.887787 26.629414 26.766209 -0.951249 -0.006398 0.624006 0.018780 0.052226 0.321313 4212.990292 19 30 0.006284 0.000000e+00 54.177421 -0.925357
76 2 15 25.000000 0.620000 10540.552531 8945.380021 12.773212 1595.172501 1595.172495 4667377.019620 4666784.127309 2685.439424 2685.397441 2345.147065 2149.269739 619.678492 619.895841 1125.635430 0.773715 1.578449 2131.239272 277.812125 7.379760 7.426766 499.994349 29.057887 26.481025 26.625652 -0.947958 -0.006996 0.608235 0.018163 0.049500 0.300967 3839.257472 19 30 0.005762 0.000000e+00 54.334184 -2.547554
77 2 16 25.000000 0.660000 10540.376734 8921.460776 12.945958 1618.915942 1618.915943 4780990.346199 4780427.822443 2720.590065 2720.536097 2346.789199 2151.061413 658.978477 659.177795 1147.736744 0.778514 1.593301 2130.805488 294.504964 7.818729 7.869165 484.041893 31.317530 26.392306 26.537037 -0.941944 -0.004843 0.593898 0.017661 0.047355 0.285199 3564.823064 19 30 0.004841 0.000000e+00 54.525408 -0.778530
78 2 17 25.000000 0.700000 10540.183324 8903.800495 13.071759 1636.382818 1636.382815 4864071.995708 4863644.397643 2746.228813 2746.159703 2341.234406 2144.999813 698.330430 698.491935 1170.758409 0.781938 1.604218 2121.968055 313.489665 8.352782 8.403823 467.258317 33.858173 26.533401 26.667314 -0.933070 -0.002280 0.581723 0.017300 0.045868 0.274364 3396.043084 19 30 0.003225 0.000000e+00 54.804327 0.099656
79 2 18 25.000000 0.740000 10540.011302 8889.773269 13.154989 1650.238016 1650.238018 4917950.174918 4917663.349315 2764.295935 2764.226631 2331.459129 2134.325965 737.291722 737.414775 1194.388889 0.783989 1.610891 2107.735218 335.856480 9.010809 9.053666 450.882769 36.681928 26.988354 27.093972 -0.917911 0.001542 0.572496 0.017066 0.044938 0.267480 3300.504777 19 30 0.001628 0.000000e+00 55.102017 3.072799
80 2 19 25.000000 0.780000 10539.843370 8873.799468 13.218334 1666.043881 1666.043887 4956086.806361 4955926.180708 2780.627620 2780.580589 2322.835261 2124.902187 776.271314 776.359822 1218.818626 0.785108 1.614573 2093.825870 362.080833 9.786223 9.811008 436.175916 39.696937 27.741804 27.799748 -0.897209 0.004147 0.566287 0.016899 0.044296 0.262387 3225.282634 19 30 0.000582 0.000000e+00 55.336798 2.765516
81 2 20 25.000000 0.820000 10539.644712 8859.724342 13.259822 1679.920360 1679.920355 4979034.415237 4978942.047140 2793.067075 2793.040359 2311.609337 2112.624761 815.138182 815.202570 1243.921018 0.785548 1.616030 2076.536875 388.816136 10.592026 10.605407 421.228471 42.708645 28.455297 28.486812 -0.864543 0.003357 0.561342 0.016799 0.043916 0.259121 3164.856700 19 30 0.000153 0.000000e+00 55.397106 3.015845
82 2 21 25.000000 0.860000 10539.919173 8844.386673 13.302190 1695.532493 1695.532485 5002166.424434 5002123.200953 2806.602489 2806.591101 2300.855307 2100.852398 854.851497 854.894875 1270.287178 0.785908 1.617226 2059.382493 415.360739 11.397223 11.403112 406.119086 45.644551 29.054603 29.068949 -0.836466 0.045005 0.556724 0.016698 0.043538 0.255815 3096.106295 19 30 0.000030 0.000000e+00 55.429102 17.004995
83 2 22 25.000000 0.900000 10539.651238 8827.961014 13.346591 1711.690214 1711.690209 5025950.308354 5025941.440837 2820.612249 2820.607171 2291.847977 2090.983692 891.832656 891.858855 1295.452232 0.786276 1.618448 2044.351570 439.134899 12.120755 12.123146 392.193865 48.231778 29.491087 29.497238 -0.811670 -0.100526 0.552592 0.016593 0.043155 0.252432 3017.217096 19 30 0.000003 0.000000e+00 55.407896 -14.327626
84 2 23 25.000000 0.940000 10537.599519 8813.136141 13.375440 1724.463567 1724.463363 5038136.261207 5038135.658991 2830.531840 2830.531673 2281.615376 2079.763059 924.959284 924.957942 1318.457987 0.786243 1.618338 2028.201423 460.231861 12.784875 12.784843 379.173170 50.515770 29.839327 29.839401 -0.870348 -0.056411 0.549326 0.016539 0.042960 0.250354 3060.496404 19 30 0.000000 0.000000e+00 56.426275 -0.321390
85 2 24 25.000000 0.980000 nan nan nan nan nan nan nan nan nan nan nan nan nan nan nan nan nan nan nan nan nan 0.000000 nan -1.000000 nan nan nan nan nan nan nan 19 30 0.000000 0.000000e+00 nan nan
86 2 25 25.000000 1.020000 nan nan nan nan nan nan nan nan nan nan nan nan nan nan nan nan nan nan nan nan nan 0.000000 nan -1.000000 nan nan nan nan nan nan nan 19 30 0.000000 0.000000e+00 nan nan
87 2 26 25.000000 1.060000 nan nan nan nan nan nan nan nan nan nan nan nan nan nan nan nan nan nan nan nan nan 0.000000 nan -1.000000 nan nan nan nan nan nan nan 19 30 0.000000 0.000000e+00 nan nan
88 2 27 25.000000 1.100000 nan nan nan nan nan nan nan nan nan nan nan nan nan nan nan nan nan nan nan nan nan 0.000000 nan -1.000000 nan nan nan nan nan nan nan 19 30 0.000000 0.000000e+00 nan nan
89 2 28 25.000000 1.140000 nan nan nan nan nan nan nan nan nan nan nan nan nan nan nan nan nan nan nan nan nan 0.000000 nan -1.000000 nan nan nan nan nan nan nan 19 30 0.000000 0.000000e+00 nan nan
90 2 29 25.000000 1.180000 nan nan nan nan nan nan nan nan nan nan nan nan nan nan nan nan nan nan nan nan nan 0.000000 nan -1.000000 nan nan nan nan nan nan nan 19 30 0.000000 0.000000e+00 nan nan
91 3 0 35.000000 0.020000 nan nan nan nan nan nan nan nan nan nan nan nan nan nan nan nan nan nan nan nan nan 0.000000 nan -1.000000 nan nan nan nan nan nan nan 19 30 0.000000 0.000000e+00 nan nan
92 3 1 35.000000 0.060000 nan nan nan nan nan nan nan nan nan nan nan nan nan nan nan nan nan nan nan nan nan 0.000000 nan -1.000000 nan nan nan nan nan nan nan 19 30 0.000000 0.000000e+00 nan nan
93 3 2 35.000000 0.100000 nan nan nan nan nan nan nan nan nan nan nan nan nan nan nan nan nan nan nan nan nan 0.000000 nan -1.000000 nan nan nan nan nan nan nan 19 30 0.000000 0.000000e+00 nan nan
94 3 3 35.000000 0.140000 nan nan nan nan nan nan nan nan nan nan nan nan nan nan nan nan nan nan nan nan nan 0.000000 nan -1.000000 nan nan nan nan nan nan nan 19 30 0.000000 0.000000e+00 nan nan
95 3 4 35.000000 0.180000 nan nan nan nan nan nan nan nan nan nan nan nan nan nan nan nan nan nan nan nan nan 0.000000 nan -1.000000 nan nan nan nan nan nan nan 19 30 0.000000 0.000000e+00 nan nan
96 3 5 35.000000 0.220000 nan nan nan nan nan nan nan nan nan nan nan nan nan nan nan nan nan nan nan nan nan 0.000000 nan -1.000000 nan nan nan nan nan nan nan 19 30 0.000000 0.000000e+00 nan nan
97 3 6 35.000000 0.260000 nan nan nan nan nan nan nan nan nan nan nan nan nan nan nan nan nan nan nan nan nan 0.000000 nan -1.000000 nan nan nan nan nan nan nan 19 30 0.000000 0.000000e+00 nan nan
98 3 7 35.000000 0.300000 nan nan nan nan nan nan nan nan nan nan nan nan nan nan nan nan nan nan nan nan nan 0.000000 nan -1.000000 nan nan nan nan nan nan nan 19 30 0.000000 0.000000e+00 nan nan
99 3 8 35.000000 0.340000 nan nan nan nan nan nan nan nan nan nan nan nan nan nan nan nan nan nan nan nan nan 0.000000 nan -1.000000 nan nan nan nan nan nan nan 19 30 0.000000 0.000000e+00 nan nan
100 3 9 35.000000 0.380000 nan nan nan nan nan nan nan nan nan nan nan nan nan nan nan nan nan nan nan nan nan 0.000000 nan -1.000000 nan nan nan nan nan nan nan 19 30 0.000000 0.000000e+00 nan nan
101 3 10 35.000000 0.420000 10541.061726 9013.227978 11.812596 1527.833759 1527.833734 4024170.251287 4024123.021617 2521.649700 2521.586592 2369.012432 2175.285167 432.659521 432.739934 1034.431302 0.740893 1.488930 2161.932626 240.650941 6.324355 6.351611 605.620077 21.671036 33.680406 33.787193 -0.987420 0.002815 0.718180 0.021610 0.064722 0.411679 5992.855141 19 30 0.000621 0.000000e+00 53.261702 -3.495019
102 3 11 35.000000 0.460000 10541.012271 9002.148490 11.900135 1538.863760 1538.863767 4078871.467299 4078732.479218 2539.155058 2539.061672 2366.081561 2172.092910 464.924301 465.125734 1048.392206 0.743617 1.495650 2156.009039 263.842054 6.939094 6.976893 593.099974 23.982013 34.423315 34.558604 -0.971323 0.001281 0.708135 0.021252 0.063184 0.399681 5839.495759 19 30 0.007200 0.000000e+00 53.683048 -2.800866
103 3 12 35.000000 0.500000 10540.620244 8989.608171 11.991698 1551.012060 1551.012059 4135924.561278 4135586.898970 2557.678393 2557.581926 2361.374599 2166.964617 501.711102 501.964026 1065.247460 0.746386 1.502599 2147.534936 289.532985 7.638540 7.678380 578.558541 26.585148 35.091589 35.225804 -0.957755 -0.003236 0.697344 0.020895 0.061638 0.387620 5689.725293 19 30 0.017441 0.000000e+00 54.155773 0.308424
104 3 13 35.000000 0.540000 10540.431805 8967.501924 12.125870 1572.929866 1572.929866 4218483.665067 4217827.518316 2586.962213 2586.877632 2364.562586 2170.438176 540.288161 540.576059 1083.977280 0.750137 1.512213 2147.476004 314.878843 8.301684 8.341690 565.159378 29.124389 35.493406 35.625697 -0.947314 -0.000882 0.686036 0.020407 0.059497 0.370730 5390.430951 19 30 0.022683 0.000000e+00 54.486727 -0.220049
105 3 14 35.000000 0.580000 10540.280558 8938.273332 12.290489 1602.007209 1602.007211 4319491.726187 4318499.731401 2623.988035 2623.914411 2373.497203 2180.168486 579.585900 579.910961 1104.120008 0.754515 1.523733 2153.607735 339.276220 8.912762 8.952713 552.762409 31.540899 35.676587 35.806439 -0.938903 0.002074 0.674581 0.019849 0.057018 0.351237 5003.269200 19 30 0.022644 0.000000e+00 54.690617 0.776837
106 3 15 35.000000 0.620000 10540.223105 8903.468382 12.480065 1636.754707 1636.754708 4436114.401418 4434857.403337 2667.250726 2667.175168 2386.857009 2194.705455 619.299235 619.663871 1125.507700 0.759367 1.536896 2164.569511 362.451192 9.464311 9.505832 541.092160 33.816198 35.664665 35.797042 -0.932416 0.000659 0.662968 0.019251 0.054334 0.330340 4568.536309 19 30 0.019161 0.000000e+00 54.791176 -0.450841
107 3 16 35.000000 0.660000 10540.155396 8867.576662 12.666859 1672.578718 1672.578720 4550953.871736 4549618.885160 2710.656810 2710.560543 2400.253794 2209.267736 659.135911 659.522801 1147.934926 0.763928 1.549663 2175.386212 385.433211 10.003298 10.047350 529.620994 36.045363 35.627512 35.761480 -0.928023 0.011120 0.652174 0.018698 0.051861 0.311248 4177.098450 19 30 0.014785 0.000000e+00 54.884131 3.251159
108 3 17 35.000000 0.700000 10540.077260 8833.658419 12.830515 1706.418827 1706.418826 4650854.055238 4649558.304357 2749.930609 2749.804268 2410.890679 2220.819561 698.745572 699.128237 1171.138147 0.767667 1.560429 2182.824953 409.041253 10.566968 10.613609 518.163078 38.287788 35.675698 35.808167 -0.922218 0.011789 0.643019 0.018240 0.049837 0.295642 3865.100128 19 30 0.010765 0.000000e+00 54.977173 3.414457
109 3 18 35.000000 0.740000 10539.983005 8804.111021 12.957930 1735.871967 1735.871969 4727186.013145 4726063.303718 2782.131024 2781.962400 2416.275273 2226.663838 738.375527 738.738640 1195.206696 0.770310 1.568212 2184.000018 433.792310 11.184389 11.234042 506.089920 40.601357 35.830279 35.959040 -0.915992 0.021055 0.635660 0.017900 0.048364 0.284165 3647.361194 19 30 0.006923 0.000000e+00 55.122867 6.810603
110 3 19 35.000000 0.780000 10539.851718 8778.902208 13.052482 1760.949497 1760.949496 4782165.870354 4781197.033844 2807.719193 2807.514944 2416.507401 2226.915731 777.954441 778.294833 1220.052095 0.772025 1.573336 2179.071390 459.131296 11.846968 11.898211 493.189237 42.951798 36.029892 36.151296 -0.906408 0.027348 0.629662 0.017658 0.047341 0.276010 3496.689923 19 30 0.003932 0.000000e+00 55.276319 8.934845
111 3 20 35.000000 0.820000 10539.766169 8756.170142 13.119725 1783.596009 1783.596012 4818639.745116 4817823.672535 2828.493756 2828.257133 2413.562338 2223.719590 817.510204 817.828768 1245.643674 0.772916 1.576022 2170.086161 485.442960 12.557216 12.609335 480.066306 45.319061 36.298109 36.411135 -0.894387 0.041014 0.625260 0.017499 0.046678 0.270387 3393.699503 19 30 0.001997 0.000000e+00 55.414775 12.642021
112 3 21 35.000000 0.860000 10539.664192 8732.273066 13.175302 1807.391106 1807.391111 4845893.889956 4845241.119219 2848.400266 2848.140402 2410.903784 2220.833787 857.280000 857.582265 1272.097327 0.773321 1.577249 2160.806242 512.853872 13.300993 13.351744 467.504255 47.648512 36.626617 36.728432 -0.881695 0.047246 0.622376 0.017380 0.046191 0.265848 3306.262459 19 30 0.000896 0.000000e+00 55.515348 14.024791
113 3 22 35.000000 0.900000 10539.648982 8709.834888 13.217117 1829.814079 1829.814079 4863928.257217 4863372.743555 2865.863314 2865.587602 2406.484131 2216.035092 896.640998 896.917342 1298.939947 0.773349 1.577337 2149.287481 539.791491 14.048800 14.098189 454.642640 49.894039 36.909113 37.001053 -0.870092 0.066028 0.620116 0.017301 0.045872 0.262493 3239.889213 19 30 0.000365 0.000000e+00 55.612171 19.804053
114 3 23 35.000000 0.940000 10539.519229 8685.000877 13.258645 1854.518329 1854.518337 4880272.180872 4879831.586128 2884.548060 2884.279780 2403.518955 2212.814728 936.294663 936.540540 1326.609382 0.773239 1.577001 2138.924035 567.056431 14.804314 14.848273 442.238455 52.049888 37.186315 37.263380 -0.862396 0.070714 0.618641 0.017230 0.045586 0.259219 3174.304522 19 30 0.000133 0.000000e+00 55.731127 19.602387
115 3 24 35.000000 0.980000 10539.325871 8659.220808 13.284109 1880.105045 1880.105048 4884259.662693 4883879.162111 2901.722010 2901.495158 2400.746467 2209.802989 976.083846 976.296875 1354.968581 0.772555 1.574931 2127.997316 595.698477 15.604478 15.638732 430.412150 54.150625 37.542654 37.601160 -0.858477 0.099037 0.618872 0.017212 0.045516 0.257242 3137.893419 19 30 0.000043 0.000000e+00 55.894831 26.728509
116 3 25 35.000000 1.020000 10539.303128 8627.113093 13.332154 1912.190022 1912.190020 4901160.131301 4900860.207678 2925.497054 2925.291589 2403.945521 2213.278049 1015.831474 1016.006401 1383.854499 0.772293 1.574143 2123.491149 624.007260 16.347342 16.375907 420.202825 56.043907 37.845625 37.892108 -0.860175 0.112167 0.619492 0.017139 0.045224 0.253547 3066.150852 19 30 0.000012 0.000000e+00 56.074668 30.468486
117 3 26 35.000000 1.060000 10539.087775 8595.762235 13.369444 1943.325508 1943.325524 4910410.574523 4910179.910550 2947.500434 2947.319800 2406.352632 2215.892291 1054.661562 1054.801478 1412.582892 0.771765 1.572554 2117.901575 651.668294 17.079516 17.102884 410.064643 57.819696 38.120325 38.156481 -0.858590 0.110258 0.620675 0.017098 0.045065 0.250734 3006.184490 19 30 0.000003 0.000000e+00 56.184489 28.528951
118 3 27 35.000000 1.100000 10539.004795 8558.896750 13.407012 1980.108045 1980.108030 4916618.843939 4916472.262954 2972.905504 2972.759673 2413.251320 2223.382016 1094.383234 1094.498031 1442.466710 0.771000 1.570266 2116.350312 681.534259 17.833602 17.850262 401.568618 59.492869 38.486254 38.512925 -0.866736 0.144348 0.623753 0.017071 0.044958 0.247933 2959.325674 19 30 0.000001 0.000000e+00 56.419360 40.657678
119 3 28 35.000000 1.140000 10539.517423 8523.510104 13.420076 2016.007362 2016.007303 4906016.321333 4905886.563929 2995.107743 2995.024543 2419.078234 2229.705173 1133.765154 1133.837308 1472.539069 0.769609 1.566133 2112.865846 712.308272 18.621609 18.630452 393.288905 61.095462 38.905170 38.919504 -0.865753 0.146649 0.628354 0.017117 0.045138 0.246942 2937.162628 19 30 0.000000 0.000000e+00 56.493997 42.279320
120 3 29 35.000000 1.180000 10539.159885 8484.905254 13.448617 2054.254488 2054.254616 4904274.482252 4904199.716045 3020.667309 3020.622741 2427.707115 2239.063976 1172.007983 1172.046454 1502.157501 0.768633 1.563257 2112.788891 741.303306 19.330140 19.334178 385.770495 62.507759 39.224887 39.233795 -0.872692 0.122384 0.632551 0.017124 0.045167 0.244865 2903.305599 19 30 0.000000 0.000000e+00 56.667365 35.051177
121 4 0 45.000000 0.020000 nan nan nan nan nan nan nan nan nan nan nan nan nan nan nan nan nan nan nan nan nan 0.000000 nan -1.000000 nan nan nan nan nan nan nan 19 30 0.000000 0.000000e+00 nan nan
122 4 1 45.000000 0.060000 nan nan nan nan nan nan nan nan nan nan nan nan nan nan nan nan nan nan nan nan nan 0.000000 nan -1.000000 nan nan nan nan nan nan nan 19 30 0.000000 0.000000e+00 nan nan
123 4 2 45.000000 0.100000 nan nan nan nan nan nan nan nan nan nan nan nan nan nan nan nan nan nan nan nan nan 0.000000 nan -1.000000 nan nan nan nan nan nan nan 19 30 0.000000 0.000000e+00 nan nan
124 4 3 45.000000 0.140000 nan nan nan nan nan nan nan nan nan nan nan nan nan nan nan nan nan nan nan nan nan 0.000000 nan -1.000000 nan nan nan nan nan nan nan 19 30 0.000000 0.000000e+00 nan nan
125 4 4 45.000000 0.180000 nan nan nan nan nan nan nan nan nan nan nan nan nan nan nan nan nan nan nan nan nan 0.000000 nan -1.000000 nan nan nan nan nan nan nan 19 30 0.000000 0.000000e+00 nan nan
126 4 5 45.000000 0.220000 nan nan nan nan nan nan nan nan nan nan nan nan nan nan nan nan nan nan nan nan nan 0.000000 nan -1.000000 nan nan nan nan nan nan nan 19 30 0.000000 0.000000e+00 nan nan
127 4 6 45.000000 0.260000 nan nan nan nan nan nan nan nan nan nan nan nan nan nan nan nan nan nan nan nan nan 0.000000 nan -1.000000 nan nan nan nan nan nan nan 19 30 0.000000 0.000000e+00 nan nan
128 4 7 45.000000 0.300000 nan nan nan nan nan nan nan nan nan nan nan nan nan nan nan nan nan nan nan nan nan 0.000000 nan -1.000000 nan nan nan nan nan nan nan 19 30 0.000000 0.000000e+00 nan nan
129 4 8 45.000000 0.340000 nan nan nan nan nan nan nan nan nan nan nan nan nan nan nan nan nan nan nan nan nan 0.000000 nan -1.000000 nan nan nan nan nan nan nan 19 30 0.000000 0.000000e+00 nan nan
130 4 9 45.000000 0.380000 nan nan nan nan nan nan nan nan nan nan nan nan nan nan nan nan nan nan nan nan nan 0.000000 nan -1.000000 nan nan nan nan nan nan nan 19 30 0.000000 0.000000e+00 nan nan
131 4 10 45.000000 0.420000 10541.112063 8940.886230 11.844776 1600.226158 1600.225819 4013545.060413 4013544.986200 2564.036988 2564.033474 2440.484777 2252.911805 434.935362 434.933916 1035.351042 0.737674 1.481137 2234.899010 284.320270 7.249432 7.250131 643.727186 23.830003 40.819045 40.821841 -0.994637 0.025880 0.751641 0.021682 0.065026 0.407212 5946.648113 19 30 0.000009 0.000000e+00 52.928897 59.317681
132 4 11 45.000000 0.460000 10541.371397 8925.907834 11.893263 1615.463546 1615.463548 4039740.430055 4039674.398694 2578.693977 2578.642448 2441.065260 2253.540604 468.637740 468.757014 1050.008289 0.738639 1.483456 2231.427820 314.920848 8.018984 8.033086 635.456710 26.362183 42.154868 42.207773 -0.984684 0.014644 0.747998 0.021507 0.064278 0.400580 5950.328793 19 30 0.001239 0.000000e+00 53.382629 19.441649
133 4 12 45.000000 0.500000 10540.892756 8902.831423 11.968492 1638.061314 1638.061317 4080162.759232 4079992.544041 2600.736628 2600.622507 2447.338458 2260.334308 504.069572 504.263323 1066.332859 0.740144 1.487103 2233.708867 345.913110 8.777094 8.802924 628.042398 28.845088 43.228332 43.312502 -0.975593 -0.001481 0.744407 0.021244 0.063149 0.390621 5845.441514 19 30 0.006723 0.000000e+00 53.737394 1.653388
134 4 13 45.000000 0.540000 10540.678740 8882.586728 12.041340 1658.092000 1658.091998 4120473.206225 4120152.770526 2621.117990 2620.958192 2449.031664 2262.167489 541.708508 541.964449 1084.670334 0.741703 1.490917 2230.691463 376.054975 9.536824 9.569077 617.592586 31.337428 43.841407 43.937548 -0.967888 -0.002983 0.739068 0.020990 0.062053 0.381252 5746.294728 19 30 0.015509 0.000000e+00 54.139023 -3.781717
135 4 14 45.000000 0.580000 10540.422273 8859.558561 12.123073 1680.863699 1680.863697 4165688.181493 4165138.118416 2644.134138 2643.944191 2451.793913 2265.157621 580.664375 580.976038 1104.679784 0.743417 1.495153 2228.459817 406.086064 10.291671 10.327532 606.663935 33.797388 44.242584 44.344597 -0.959250 0.002445 0.733525 0.020716 0.060856 0.371073 5603.960570 19 30 0.021873 0.000000e+00 54.467686 -0.170358
136 4 15 45.000000 0.620000 10540.271788 8831.322911 12.215639 1708.948866 1708.948862 4216020.452917 4215207.480618 2671.479559 2671.275668 2458.769278 2272.705880 619.828781 620.175718 1125.789585 0.745217 1.499652 2230.448907 436.222062 11.029163 11.065994 597.058121 36.152577 44.596524 44.699187 -0.951768 0.004583 0.729020 0.020422 0.059563 0.359942 5415.409474 19 30 0.023903 0.000000e+00 54.703826 0.535763
137 4 16 45.000000 0.660000 10540.158117 8799.570289 12.316918 1740.587812 1740.587813 4270805.084374 4269670.186314 2701.927910 2701.724657 2468.186421 2282.890681 659.296281 659.655886 1148.011392 0.747117 1.504456 2234.824349 465.993552 11.742093 11.778244 587.940119 38.399878 44.844222 44.944310 -0.944948 0.010997 0.724921 0.020115 0.058201 0.348234 5194.199208 19 30 0.021473 0.000000e+00 54.865493 3.613413
138 4 17 45.000000 0.700000 10540.076734 8765.645414 12.420894 1774.431304 1774.431305 4326455.185255 4325005.107475 2733.996622 2733.790695 2478.720303 2294.275483 699.071915 699.434502 1171.321002 0.748975 1.509211 2240.131799 495.489169 12.436576 12.472300 578.980932 40.556757 45.008406 45.106017 -0.939402 0.020037 0.721250 0.019815 0.056863 0.336702 4966.598548 19 30 0.017072 0.000000e+00 54.989311 6.472998
139 4 18 45.000000 0.740000 10539.995968 8730.247697 12.520267 1809.748254 1809.748256 4378211.916115 4376430.766450 2766.362141 2766.156090 2489.888996 2306.337544 738.811719 739.163367 1195.469260 0.750580 1.513364 2245.796964 524.965582 13.121939 13.156916 570.441556 42.622723 45.157705 45.252485 -0.936069 0.022568 0.718534 0.019546 0.055659 0.326124 4758.148822 19 30 0.012445 0.000000e+00 55.106943 7.530423
140 4 19 45.000000 0.780000 10539.915271 8695.079093 12.616214 1844.836161 1844.836163 4427627.385216 4425557.793959 2798.240267 2798.031141 2500.065430 2317.320178 778.479784 778.809904 1220.380733 0.752069 1.517256 2250.226244 553.583472 13.786739 13.821007 561.392577 44.598717 45.208948 45.300607 -0.933049 0.028891 0.715837 0.019297 0.054542 0.316301 4560.868952 19 30 0.008296 0.000000e+00 55.210385 9.155158
141 4 20 45.000000 0.820000 10539.828907 8658.826927 12.704670 1881.001965 1881.001966 4471150.679238 4468831.439020 2829.890088 2829.664262 2510.411341 2328.478206 818.374037 818.676815 1246.200624 0.753249 1.520368 2254.433333 582.529918 14.453160 14.487941 552.605859 46.510062 45.271849 45.361211 -0.931793 0.033959 0.714127 0.019083 0.053585 0.307571 4389.210253 19 30 0.005247 0.000000e+00 55.323938 11.606397
142 4 21 45.000000 0.860000 10539.740448 8623.397337 12.775692 1916.343092 1916.343096 4502726.206077 4500199.439422 2859.017035 2858.770768 2519.330849 2338.091867 858.089748 858.360714 1272.622247 0.753905 1.522107 2256.644869 611.741381 15.132211 15.167473 543.863870 48.361556 45.367600 45.453851 -0.930644 0.037903 0.713623 0.018932 0.052906 0.300779 4262.670014 19 30 0.003066 0.000000e+00 55.438286 12.588470
143 4 22 45.000000 0.900000 10539.667561 8587.877207 12.832577 1951.790338 1951.790339 4524125.179195 4521463.155444 2886.614180 2886.338283 2527.570354 2346.967735 897.968186 898.205834 1299.829985 0.754125 1.522694 2257.606565 641.459389 15.825380 15.861571 535.230741 50.158536 45.491475 45.574101 -0.930036 0.037366 0.714264 0.018831 0.052453 0.295474 4171.062852 19 30 0.001679 0.000000e+00 55.559023 12.487158
144 4 23 45.000000 0.940000 10539.521370 8551.858614 12.874430 1987.662740 1987.662741 4534479.915179 4531730.135772 2912.787290 2912.478894 2535.769224 2355.795240 937.601720 937.806654 1327.503517 0.753889 1.522066 2258.011762 671.680053 16.528908 16.565913 527.126711 51.875589 45.664993 45.743637 -0.929818 0.034853 0.716327 0.018782 0.052236 0.291651 4114.617225 19 30 0.000862 0.000000e+00 55.668615 11.400938
145 4 24 45.000000 0.980000 10539.485004 8516.575751 12.905142 2022.909238 2022.909237 4537385.289706 4534484.060771 2937.450955 2937.115225 2542.712712 2363.267566 977.282812 977.459496 1355.806526 0.753393 1.520748 2256.678978 701.736119 17.236147 17.273586 518.602871 53.534549 45.808203 45.882883 -0.928718 0.031770 0.718811 0.018769 0.052178 0.288881 4079.697457 19 30 0.000405 0.000000e+00 55.756976 10.911549
146 4 25 45.000000 1.020000 10539.440021 8480.314647 12.926637 2059.125359 2059.125358 4533176.223434 4530148.092025 2961.807568 2961.443117 2549.867597 2370.964026 1017.240680 1017.386086 1384.867761 0.752641 1.518762 2255.073080 732.199303 17.950288 17.988087 510.210099 55.130499 45.957887 46.028625 -0.928433 0.023918 0.722140 0.018789 0.052269 0.286962 4066.292030 19 30 0.000173 0.000000e+00 55.844915 7.662810
147 4 26 45.000000 1.060000 10539.344592 8445.762872 12.920401 2093.581706 2093.581704 4510400.226201 4507316.074473 2982.063088 2981.677452 2555.082520 2376.571552 1056.724642 1056.844603 1414.109184 0.751205 1.514994 2250.674741 763.253268 18.695599 18.732927 501.892365 56.672285 46.171196 46.236424 -0.926738 0.020070 0.727045 0.018898 0.052753 0.287523 4114.575596 19 30 0.000069 0.000000e+00 55.908042 7.246359
148 4 27 45.000000 1.100000 10539.360307 8409.897079 12.919017 2129.463208 2129.463213 4490376.935942 4487224.864932 3004.047557 3003.637535 2560.983218 2382.914328 1096.534982 1096.636515 1444.089995 0.749958 1.511750 2246.860238 793.662251 19.418147 19.454835 493.177843 58.143384 46.301248 46.362809 -0.926913 0.017736 0.731521 0.018994 0.053185 0.287646 4153.391992 19 30 0.000024 0.000000e+00 55.999334 7.187276
149 4 28 45.000000 1.140000 10539.260152 8373.016947 12.890020 2166.243191 2166.243189 4450722.844857 4447556.590123 3023.664260 3023.270769 2567.627588 2390.053783 1135.945886 1136.026784 1474.225601 0.747991 1.506685 2242.929498 825.605447 20.174997 20.208281 485.704960 59.531635 46.561347 46.614474 -0.927829 0.023342 0.738516 0.019188 0.054052 0.290254 4265.657524 19 30 0.000008 0.000000e+00 56.081177 10.128821
150 4 29 45.000000 1.180000 10539.080247 8335.120600 12.867725 2203.959620 2203.959631 4415387.846631 4412113.566170 3045.008733 3044.593835 2574.322048 2397.244181 1175.937907 1176.004259 1505.247583 0.746303 1.502389 2238.943190 856.687256 20.905784 20.938359 477.338482 60.873839 46.707845 46.758526 -0.928814 0.022522 0.744596 0.019364 0.054844 0.292285 4362.865831 19 30 0.000002 0.000000e+00 56.157344 10.123462
151 5 0 55.000000 0.020000 nan nan nan nan nan nan nan nan nan nan nan nan nan nan nan nan nan nan nan nan nan 0.000000 nan -1.000000 nan nan nan nan nan nan nan 19 30 0.000000 0.000000e+00 nan nan
152 5 1 55.000000 0.060000 nan nan nan nan nan nan nan nan nan nan nan nan nan nan nan nan nan nan nan nan nan 0.000000 nan -1.000000 nan nan nan nan nan nan nan 19 30 0.000000 0.000000e+00 nan nan
153 5 2 55.000000 0.100000 nan nan nan nan nan nan nan nan nan nan nan nan nan nan nan nan nan nan nan nan nan 0.000000 nan -1.000000 nan nan nan nan nan nan nan 19 30 0.000000 0.000000e+00 nan nan
154 5 3 55.000000 0.140000 nan nan nan nan nan nan nan nan nan nan nan nan nan nan nan nan nan nan nan nan nan 0.000000 nan -1.000000 nan nan nan nan nan nan nan 19 30 0.000000 0.000000e+00 nan nan
155 5 4 55.000000 0.180000 nan nan nan nan nan nan nan nan nan nan nan nan nan nan nan nan nan nan nan nan nan 0.000000 nan -1.000000 nan nan nan nan nan nan nan 19 30 0.000000 0.000000e+00 nan nan
156 5 5 55.000000 0.220000 nan nan nan nan nan nan nan nan nan nan nan nan nan nan nan nan nan nan nan nan nan 0.000000 nan -1.000000 nan nan nan nan nan nan nan 19 30 0.000000 0.000000e+00 nan nan
157 5 6 55.000000 0.260000 nan nan nan nan nan nan nan nan nan nan nan nan nan nan nan nan nan nan nan nan nan 0.000000 nan -1.000000 nan nan nan nan nan nan nan 19 30 0.000000 0.000000e+00 nan nan
158 5 7 55.000000 0.300000 nan nan nan nan nan nan nan nan nan nan nan nan nan nan nan nan nan nan nan nan nan 0.000000 nan -1.000000 nan nan nan nan nan nan nan 19 30 0.000000 0.000000e+00 nan nan
159 5 8 55.000000 0.340000 nan nan nan nan nan nan nan nan nan nan nan nan nan nan nan nan nan nan nan nan nan 0.000000 nan -1.000000 nan nan nan nan nan nan nan 19 30 0.000000 0.000000e+00 nan nan
160 5 9 55.000000 0.380000 nan nan nan nan nan nan nan nan nan nan nan nan nan nan nan nan nan nan nan nan nan 0.000000 nan -1.000000 nan nan nan nan nan nan nan 19 30 0.000000 0.000000e+00 nan nan
161 5 10 55.000000 0.420000 nan nan nan nan nan nan nan nan nan nan nan nan nan nan nan nan nan nan nan nan nan 0.000000 nan -1.000000 nan nan nan nan nan nan nan 19 30 0.000000 0.000000e+00 nan nan
162 5 11 55.000000 0.460000 nan nan nan nan nan nan nan nan nan nan nan nan nan nan nan nan nan nan nan nan nan 0.000000 nan -1.000000 nan nan nan nan nan nan nan 19 30 0.000000 0.000000e+00 nan nan
163 5 12 55.000000 0.500000 10541.918683 8817.116902 11.907558 1724.801896 1724.801767 4000235.977925 4000208.836638 2641.057054 2641.050922 2531.898596 2351.628405 508.834333 508.857669 1068.513171 0.733541 1.471357 2318.465331 393.541185 9.632272 9.633683 678.608875 30.110450 50.652500 50.658537 -0.991908 -0.013144 0.793907 0.021773 0.065412 0.398615 6142.437527 19 30 0.000036 0.000000e+00 53.069862 -0.011775
164 5 13 55.000000 0.540000 10541.179146 8787.275089 11.983197 1753.904071 1753.904042 4037079.317934 4037010.469754 2667.080924 2667.056403 2542.741088 2363.298097 546.066102 546.160401 1086.772953 0.734825 1.474367 2324.674603 425.518374 10.367508 10.372834 672.614771 32.318800 51.162339 51.179050 -0.988400 0.001693 0.792271 0.021524 0.064354 0.388682 6030.880229 19 30 0.000626 0.000000e+00 53.370361 2.273394
165 5 14 55.000000 0.580000 10540.984614 8760.252156 12.040149 1780.732429 1780.732443 4062843.420770 4062725.556657 2689.608618 2689.560111 2550.526469 2371.672601 583.013539 583.133518 1105.815974 0.735588 1.476168 2327.242988 456.914655 11.100245 11.107769 665.910316 34.455983 51.564711 51.586830 -0.984291 0.003950 0.791322 0.021355 0.063629 0.381381 5974.446988 19 30 0.002077 0.000000e+00 53.658718 3.136652
166 5 15 55.000000 0.620000 10540.791019 8734.872275 12.088961 1805.918723 1805.918728 4083852.798017 4083670.308862 2710.230551 2710.168401 2555.096766 2376.586867 621.205528 621.341048 1126.431963 0.736153 1.477508 2325.891114 488.257785 11.847218 11.855548 657.415789 36.600996 51.772445 51.795920 -0.979905 0.004444 0.789891 0.021220 0.063048 0.375261 5940.882403 19 30 0.003786 0.000000e+00 53.969409 1.500042
167 5 16 55.000000 0.660000 10540.540059 8711.355462 12.120770 1829.184580 1829.184582 4094191.460776 4093959.327148 2727.687602 2727.613529 2556.286799 2377.866240 660.385868 660.519387 1148.507783 0.736239 1.477712 2320.313604 519.992915 12.622688 12.631543 647.645837 38.760877 51.905225 51.929120 -0.975792 0.002097 0.788883 0.021155 0.062765 0.371347 5963.111051 19 30 0.004533 0.000000e+00 54.297071 2.029494
168 5 17 55.000000 0.700000 10540.369478 8685.560022 12.157237 1854.809440 1854.809441 4106557.465016 4106276.269330 2747.184928 2747.106538 2558.881565 2380.655480 699.670061 699.797633 1171.537876 0.736407 1.478112 2315.963714 551.210116 13.378920 13.387585 637.931854 40.828918 51.946080 51.968368 -0.971840 -0.000862 0.788018 0.021077 0.062428 0.366915 5955.211500 19 30 0.004483 0.000000e+00 54.574231 0.085392
169 5 18 55.000000 0.740000 10540.150921 8658.813275 12.188770 1881.337627 1881.337631 4115046.986074 4114728.831641 2766.698833 2766.615281 2561.382580 2383.343529 739.197942 739.318282 1195.565051 0.736400 1.478095 2311.108280 582.327137 14.133877 14.142362 628.052446 42.836528 51.945604 51.966828 -0.968718 0.004202 0.787659 0.021024 0.062199 0.363141 5957.400360 19 30 0.003895 0.000000e+00 54.834431 2.134866
170 5 19 55.000000 0.780000 10539.994100 8629.934126 12.218776 1910.059956 1910.059959 4121433.243371 4121083.462691 2787.451468 2787.366590 2565.330799 2387.586179 778.635184 778.744757 1220.339160 0.736294 1.477844 2307.471310 613.305728 14.876572 14.884580 618.674497 44.750316 51.938227 51.957773 -0.965337 0.009342 0.788070 0.020985 0.062027 0.359591 5953.512645 19 30 0.002863 0.000000e+00 55.036366 3.770874
171 5 20 55.000000 0.820000 10539.916289 8600.696499 12.244137 1939.219772 1939.219774 4124469.681188 4124093.016999 2808.048094 2807.964805 2568.786942 2391.299230 818.335610 818.436602 1246.042832 0.736066 1.477301 2302.938388 644.039431 15.616808 15.624173 608.858842 46.608407 51.880485 51.898072 -0.961585 0.006813 0.788679 0.020966 0.061946 0.356621 5956.420445 19 30 0.001909 0.000000e+00 55.204836 3.787887
172 5 21 55.000000 0.860000 10539.745003 8569.574001 12.269381 1970.170986 1970.170987 4126399.446531 4125999.132067 2829.843002 2829.765512 2573.298852 2396.145370 858.064936 858.152968 1272.482135 0.735810 1.476696 2299.246866 674.519446 16.343388 16.349863 599.223718 48.383031 51.799097 51.814472 -0.958979 0.008159 0.789687 0.020954 0.061895 0.353701 5955.138537 19 30 0.001112 0.000000e+00 55.359364 4.711596
173 5 22 55.000000 0.900000 10539.647375 8538.564274 12.291152 2001.083089 2001.083086 4125964.695696 4125577.104803 2851.370401 2851.299812 2577.008445 2400.128784 897.916856 897.995487 1299.684640 0.735498 1.475956 2294.415489 704.468414 17.062830 17.068377 588.952312 50.103576 51.660827 51.673527 -0.956815 0.011622 0.790578 0.020957 0.061907 0.351203 5959.912921 19 30 0.000612 0.000000e+00 55.509108 5.349530
174 5 23 55.000000 0.940000 10539.603103 8507.200628 12.305981 2032.402459 2032.402460 4120665.392756 4120292.209582 2872.510617 2872.447035 2580.825288 2404.226449 937.290211 937.358801 1327.187172 0.735015 1.474815 2289.444349 733.995498 17.771147 17.775842 578.864291 51.738982 51.529884 51.540360 -0.953910 0.012767 0.792051 0.020990 0.062049 0.349513 5980.245851 19 30 0.000302 0.000000e+00 55.613604 6.218738
175 5 24 55.000000 0.980000 10539.505263 8475.118368 12.320441 2064.386877 2064.386879 4114660.819555 4114330.140266 2894.194445 2894.136024 2584.422771 2408.087772 977.076186 977.137090 1355.574108 0.734553 1.473728 2283.948135 763.195671 18.473453 18.477376 568.200041 53.332275 51.348134 51.357071 -0.950804 0.009418 0.793330 0.021027 0.062210 0.347878 5995.431552 19 30 0.000132 0.000000e+00 55.690006 3.099743
176 5 25 55.000000 1.020000 10539.396255 8443.028837 12.325501 2096.367409 2096.367403 4102342.464223 4102063.964408 2914.977765 2914.930574 2587.639756 2411.539997 1016.612906 1016.664376 1384.337647 0.733874 1.472135 2277.711016 792.185387 19.174676 19.177618 557.511674 54.863491 51.180555 51.187432 -0.947262 0.014495 0.795174 0.021104 0.062543 0.347313 6038.724381 19 30 0.000051 0.000000e+00 55.745395 7.282879
177 5 26 55.000000 1.060000 10539.465271 8410.588711 12.329557 2128.876541 2128.876544 4089234.776022 4089009.076594 2936.214503 2936.175134 2590.886967 2415.024002 1056.118564 1056.162628 1413.599577 0.733221 1.470610 2271.319870 820.638151 19.862804 19.865017 546.517093 56.337735 50.981217 50.986695 -0.944481 0.026087 0.796904 0.021186 0.062901 0.346851 6082.683093 19 30 0.000017 0.000000e+00 55.777070 9.157000
178 5 27 55.000000 1.100000 10539.468903 8377.602665 12.328012 2161.866220 2161.866223 4072141.435606 4071956.715357 2957.333475 2957.299830 2594.081104 2418.450419 1095.685018 1095.721316 1443.395119 0.732462 1.468844 2264.552172 848.943983 20.548474 20.550209 535.371829 57.763129 50.780652 50.785175 -0.943565 0.020709 0.798930 0.021295 0.063372 0.347025 6151.571554 19 30 0.000005 0.000000e+00 55.868679 8.365200
179 5 28 55.000000 1.140000 10539.363550 8341.817360 12.328974 2197.546179 2197.546175 4055275.710410 4055153.241948 2980.687726 2980.664764 2599.693373 2424.469280 1135.009206 1135.036722 1473.462802 0.731783 1.467269 2260.251727 877.105135 21.207899 21.209061 525.049679 59.094561 50.599151 50.601921 -0.943739 0.030285 0.801487 0.021405 0.063842 0.346924 6214.492079 19 30 0.000001 0.000000e+00 55.951913 15.436062
180 5 29 55.000000 1.180000 10539.169011 8306.804589 12.314514 2232.364432 2232.364406 4028689.856130 4028627.914771 3002.028517 3002.012451 2604.191798 2429.292196 1174.106422 1174.128556 1503.782608 0.730777 1.464951 2254.314678 905.276701 21.878431 21.879167 514.537381 60.387147 50.443815 50.445580 -0.944534 0.054631 0.804717 0.021580 0.064593 0.348572 6339.785486 19 30 0.000000 0.000000e+00 56.027277 25.140875
181 6 0 65.000000 0.020000 nan nan nan nan nan nan nan nan nan nan nan nan nan nan nan nan nan nan nan nan nan 0.000000 nan -1.000000 nan nan nan nan nan nan nan 19 30 0.000000 0.000000e+00 nan nan
182 6 1 65.000000 0.060000 nan nan nan nan nan nan nan nan nan nan nan nan nan nan nan nan nan nan nan nan nan 0.000000 nan -1.000000 nan nan nan nan nan nan nan 19 30 0.000000 0.000000e+00 nan nan
183 6 2 65.000000 0.100000 nan nan nan nan nan nan nan nan nan nan nan nan nan nan nan nan nan nan nan nan nan 0.000000 nan -1.000000 nan nan nan nan nan nan nan 19 30 0.000000 0.000000e+00 nan nan
184 6 3 65.000000 0.140000 nan nan nan nan nan nan nan nan nan nan nan nan nan nan nan nan nan nan nan nan nan 0.000000 nan -1.000000 nan nan nan nan nan nan nan 19 30 0.000000 0.000000e+00 nan nan
185 6 4 65.000000 0.180000 nan nan nan nan nan nan nan nan nan nan nan nan nan nan nan nan nan nan nan nan nan 0.000000 nan -1.000000 nan nan nan nan nan nan nan 19 30 0.000000 0.000000e+00 nan nan
186 6 5 65.000000 0.220000 nan nan nan nan nan nan nan nan nan nan nan nan nan nan nan nan nan nan nan nan nan 0.000000 nan -1.000000 nan nan nan nan nan nan nan 19 30 0.000000 0.000000e+00 nan nan
187 6 6 65.000000 0.260000 nan nan nan nan nan nan nan nan nan nan nan nan nan nan nan nan nan nan nan nan nan 0.000000 nan -1.000000 nan nan nan nan nan nan nan 19 30 0.000000 0.000000e+00 nan nan
188 6 7 65.000000 0.300000 nan nan nan nan nan nan nan nan nan nan nan nan nan nan nan nan nan nan nan nan nan 0.000000 nan -1.000000 nan nan nan nan nan nan nan 19 30 0.000000 0.000000e+00 nan nan
189 6 8 65.000000 0.340000 nan nan nan nan nan nan nan nan nan nan nan nan nan nan nan nan nan nan nan nan nan 0.000000 nan -1.000000 nan nan nan nan nan nan nan 19 30 0.000000 0.000000e+00 nan nan
190 6 9 65.000000 0.380000 nan nan nan nan nan nan nan nan nan nan nan nan nan nan nan nan nan nan nan nan nan 0.000000 nan -1.000000 nan nan nan nan nan nan nan 19 30 0.000000 0.000000e+00 nan nan
191 6 10 65.000000 0.420000 nan nan nan nan nan nan nan nan nan nan nan nan nan nan nan nan nan nan nan nan nan 0.000000 nan -1.000000 nan nan nan nan nan nan nan 19 30 0.000000 0.000000e+00 nan nan
192 6 11 65.000000 0.460000 nan nan nan nan nan nan nan nan nan nan nan nan nan nan nan nan nan nan nan nan nan 0.000000 nan -1.000000 nan nan nan nan nan nan nan 19 30 0.000000 0.000000e+00 nan nan
193 6 12 65.000000 0.500000 nan nan nan nan nan nan nan nan nan nan nan nan nan nan nan nan nan nan nan nan nan 0.000000 nan -1.000000 nan nan nan nan nan nan nan 19 30 0.000000 0.000000e+00 nan nan
194 6 13 65.000000 0.540000 nan nan nan nan nan nan nan nan nan nan nan nan nan nan nan nan nan nan nan nan nan 0.000000 nan -1.000000 nan nan nan nan nan nan nan 19 30 0.000000 0.000000e+00 nan nan
195 6 14 65.000000 0.580000 nan nan nan nan nan nan nan nan nan nan nan nan nan nan nan nan nan nan nan nan nan 0.000000 nan -1.000000 nan nan nan nan nan nan nan 19 30 0.000000 0.000000e+00 nan nan
196 6 15 65.000000 0.620000 nan nan nan nan nan nan nan nan nan nan nan nan nan nan nan nan nan nan nan nan nan 0.000000 nan -1.000000 nan nan nan nan nan nan nan 19 30 0.000000 0.000000e+00 nan nan
197 6 16 65.000000 0.660000 nan nan nan nan nan nan nan nan nan nan nan nan nan nan nan nan nan nan nan nan nan 0.000000 nan -1.000000 nan nan nan nan nan nan nan 19 30 0.000000 0.000000e+00 nan nan
198 6 17 65.000000 0.700000 nan nan nan nan nan nan nan nan nan nan nan nan nan nan nan nan nan nan nan nan nan 0.000000 nan -1.000000 nan nan nan nan nan nan nan 19 30 0.000000 0.000000e+00 nan nan
199 6 18 65.000000 0.740000 nan nan nan nan nan nan nan nan nan nan nan nan nan nan nan nan nan nan nan nan nan 0.000000 nan -1.000000 nan nan nan nan nan nan nan 19 30 0.000000 0.000000e+00 nan nan
200 6 19 65.000000 0.780000 nan nan nan nan nan nan nan nan nan nan nan nan nan nan nan nan nan nan nan nan nan 0.000000 nan -1.000000 nan nan nan nan nan nan nan 19 30 0.000000 0.000000e+00 nan nan
201 6 20 65.000000 0.820000 nan nan nan nan nan nan nan nan nan nan nan nan nan nan nan nan nan nan nan nan nan 0.000000 nan -1.000000 nan nan nan nan nan nan nan 19 30 0.000000 0.000000e+00 nan nan
202 6 21 65.000000 0.860000 nan nan nan nan nan nan nan nan nan nan nan nan nan nan nan nan nan nan nan nan nan 0.000000 nan -1.000000 nan nan nan nan nan nan nan 19 30 0.000000 0.000000e+00 nan nan
203 6 22 65.000000 0.900000 nan nan nan nan nan nan nan nan nan nan nan nan nan nan nan nan nan nan nan nan nan 0.000000 nan -1.000000 nan nan nan nan nan nan nan 19 30 0.000000 0.000000e+00 nan nan
204 6 23 65.000000 0.940000 nan nan nan nan nan nan nan nan nan nan nan nan nan nan nan nan nan nan nan nan nan 0.000000 nan -1.000000 nan nan nan nan nan nan nan 19 30 0.000000 0.000000e+00 nan nan
205 6 24 65.000000 0.980000 nan nan nan nan nan nan nan nan nan nan nan nan nan nan nan nan nan nan nan nan nan 0.000000 nan -1.000000 nan nan nan nan nan nan nan 19 30 0.000000 0.000000e+00 nan nan
206 6 25 65.000000 1.020000 nan nan nan nan nan nan nan nan nan nan nan nan nan nan nan nan nan nan nan nan nan 0.000000 nan -1.000000 nan nan nan nan nan nan nan 19 30 0.000000 0.000000e+00 nan nan
207 6 26 65.000000 1.060000 nan nan nan nan nan nan nan nan nan nan nan nan nan nan nan nan nan nan nan nan nan 0.000000 nan -1.000000 nan nan nan nan nan nan nan 19 30 0.000000 0.000000e+00 nan nan
208 6 27 65.000000 1.100000 nan nan nan nan nan nan nan nan nan nan nan nan nan nan nan nan nan nan nan nan nan 0.000000 nan -1.000000 nan nan nan nan nan nan nan 19 30 0.000000 0.000000e+00 nan nan
209 6 28 65.000000 1.140000 nan nan nan nan nan nan nan nan nan nan nan nan nan nan nan nan nan nan nan nan nan 0.000000 nan -1.000000 nan nan nan nan nan nan nan 19 30 0.000000 0.000000e+00 nan nan
210 6 29 65.000000 1.180000 nan nan nan nan nan nan nan nan nan nan nan nan nan nan nan nan nan nan nan nan nan 0.000000 nan -1.000000 nan nan nan nan nan nan nan 19 30 0.000000 0.000000e+00 nan nan
211 7 0 75.000000 0.020000 nan nan nan nan nan nan nan nan nan nan nan nan nan nan nan nan nan nan nan nan nan 0.000000 nan -1.000000 nan nan nan nan nan nan nan 19 30 0.000000 0.000000e+00 nan nan
212 7 1 75.000000 0.060000 nan nan nan nan nan nan nan nan nan nan nan nan nan nan nan nan nan nan nan nan nan 0.000000 nan -1.000000 nan nan nan nan nan nan nan 19 30 0.000000 0.000000e+00 nan nan
213 7 2 75.000000 0.100000 nan nan nan nan nan nan nan nan nan nan nan nan nan nan nan nan nan nan nan nan nan 0.000000 nan -1.000000 nan nan nan nan nan nan nan 19 30 0.000000 0.000000e+00 nan nan
214 7 3 75.000000 0.140000 nan nan nan nan nan nan nan nan nan nan nan nan nan nan nan nan nan nan nan nan nan 0.000000 nan -1.000000 nan nan nan nan nan nan nan 19 30 0.000000 0.000000e+00 nan nan
215 7 4 75.000000 0.180000 nan nan nan nan nan nan nan nan nan nan nan nan nan nan nan nan nan nan nan nan nan 0.000000 nan -1.000000 nan nan nan nan nan nan nan 19 30 0.000000 0.000000e+00 nan nan
216 7 5 75.000000 0.220000 nan nan nan nan nan nan nan nan nan nan nan nan nan nan nan nan nan nan nan nan nan 0.000000 nan -1.000000 nan nan nan nan nan nan nan 19 30 0.000000 0.000000e+00 nan nan
217 7 6 75.000000 0.260000 nan nan nan nan nan nan nan nan nan nan nan nan nan nan nan nan nan nan nan nan nan 0.000000 nan -1.000000 nan nan nan nan nan nan nan 19 30 0.000000 0.000000e+00 nan nan
218 7 7 75.000000 0.300000 nan nan nan nan nan nan nan nan nan nan nan nan nan nan nan nan nan nan nan nan nan 0.000000 nan -1.000000 nan nan nan nan nan nan nan 19 30 0.000000 0.000000e+00 nan nan
219 7 8 75.000000 0.340000 nan nan nan nan nan nan nan nan nan nan nan nan nan nan nan nan nan nan nan nan nan 0.000000 nan -1.000000 nan nan nan nan nan nan nan 19 30 0.000000 0.000000e+00 nan nan
220 7 9 75.000000 0.380000 nan nan nan nan nan nan nan nan nan nan nan nan nan nan nan nan nan nan nan nan nan 0.000000 nan -1.000000 nan nan nan nan nan nan nan 19 30 0.000000 0.000000e+00 nan nan
221 7 10 75.000000 0.420000 nan nan nan nan nan nan nan nan nan nan nan nan nan nan nan nan nan nan nan nan nan 0.000000 nan -1.000000 nan nan nan nan nan nan nan 19 30 0.000000 0.000000e+00 nan nan
222 7 11 75.000000 0.460000 nan nan nan nan nan nan nan nan nan nan nan nan nan nan nan nan nan nan nan nan nan 0.000000 nan -1.000000 nan nan nan nan nan nan nan 19 30 0.000000 0.000000e+00 nan nan
223 7 12 75.000000 0.500000 nan nan nan nan nan nan nan nan nan nan nan nan nan nan nan nan nan nan nan nan nan 0.000000 nan -1.000000 nan nan nan nan nan nan nan 19 30 0.000000 0.000000e+00 nan nan
224 7 13 75.000000 0.540000 nan nan nan nan nan nan nan nan nan nan nan nan nan nan nan nan nan nan nan nan nan 0.000000 nan -1.000000 nan nan nan nan nan nan nan 19 30 0.000000 0.000000e+00 nan nan
225 7 14 75.000000 0.580000 nan nan nan nan nan nan nan nan nan nan nan nan nan nan nan nan nan nan nan nan nan 0.000000 nan -1.000000 nan nan nan nan nan nan nan 19 30 0.000000 0.000000e+00 nan nan
226 7 15 75.000000 0.620000 nan nan nan nan nan nan nan nan nan nan nan nan nan nan nan nan nan nan nan nan nan 0.000000 nan -1.000000 nan nan nan nan nan nan nan 19 30 0.000000 0.000000e+00 nan nan
227 7 16 75.000000 0.660000 nan nan nan nan nan nan nan nan nan nan nan nan nan nan nan nan nan nan nan nan nan 0.000000 nan -1.000000 nan nan nan nan nan nan nan 19 30 0.000000 0.000000e+00 nan nan
228 7 17 75.000000 0.700000 nan nan nan nan nan nan nan nan nan nan nan nan nan nan nan nan nan nan nan nan nan 0.000000 nan -1.000000 nan nan nan nan nan nan nan 19 30 0.000000 0.000000e+00 nan nan
229 7 18 75.000000 0.740000 nan nan nan nan nan nan nan nan nan nan nan nan nan nan nan nan nan nan nan nan nan 0.000000 nan -1.000000 nan nan nan nan nan nan nan 19 30 0.000000 0.000000e+00 nan nan
230 7 19 75.000000 0.780000 nan nan nan nan nan nan nan nan nan nan nan nan nan nan nan nan nan nan nan nan nan 0.000000 nan -1.000000 nan nan nan nan nan nan nan 19 30 0.000000 0.000000e+00 nan nan
231 7 20 75.000000 0.820000 nan nan nan nan nan nan nan nan nan nan nan nan nan nan nan nan nan nan nan nan nan 0.000000 nan -1.000000 nan nan nan nan nan nan nan 19 30 0.000000 0.000000e+00 nan nan
232 7 21 75.000000 0.860000 nan nan nan nan nan nan nan nan nan nan nan nan nan nan nan nan nan nan nan nan nan 0.000000 nan -1.000000 nan nan nan nan nan nan nan 19 30 0.000000 0.000000e+00 nan nan
233 7 22 75.000000 0.900000 nan nan nan nan nan nan nan nan nan nan nan nan nan nan nan nan nan nan nan nan nan 0.000000 nan -1.000000 nan nan nan nan nan nan nan 19 30 0.000000 0.000000e+00 nan nan
234 7 23 75.000000 0.940000 nan nan nan nan nan nan nan nan nan nan nan nan nan nan nan nan nan nan nan nan nan 0.000000 nan -1.000000 nan nan nan nan nan nan nan 19 30 0.000000 0.000000e+00 nan nan
235 7 24 75.000000 0.980000 nan nan nan nan nan nan nan nan nan nan nan nan nan nan nan nan nan nan nan nan nan 0.000000 nan -1.000000 nan nan nan nan nan nan nan 19 30 0.000000 0.000000e+00 nan nan
236 7 25 75.000000 1.020000 nan nan nan nan nan nan nan nan nan nan nan nan nan nan nan nan nan nan nan nan nan 0.000000 nan -1.000000 nan nan nan nan nan nan nan 19 30 0.000000 0.000000e+00 nan nan
237 7 26 75.000000 1.060000 nan nan nan nan nan nan nan nan nan nan nan nan nan nan nan nan nan nan nan nan nan 0.000000 nan -1.000000 nan nan nan nan nan nan nan 19 30 0.000000 0.000000e+00 nan nan
238 7 27 75.000000 1.100000 nan nan nan nan nan nan nan nan nan nan nan nan nan nan nan nan nan nan nan nan nan 0.000000 nan -1.000000 nan nan nan nan nan nan nan 19 30 0.000000 0.000000e+00 nan nan
239 7 28 75.000000 1.140000 nan nan nan nan nan nan nan nan nan nan nan nan nan nan nan nan nan nan nan nan nan 0.000000 nan -1.000000 nan nan nan nan nan nan nan 19 30 0.000000 0.000000e+00 nan nan
240 7 29 75.000000 1.180000 nan nan nan nan nan nan nan nan nan nan nan nan nan nan nan nan nan nan nan nan nan 0.000000 nan -1.000000 nan nan nan nan nan nan nan 19 30 0.000000 0.000000e+00 nan nan
241 8 0 85.000000 0.020000 nan nan nan nan nan nan nan nan nan nan nan nan nan nan nan nan nan nan nan nan nan 0.000000 nan -1.000000 nan nan nan nan nan nan nan 19 30 0.000000 0.000000e+00 nan nan
242 8 1 85.000000 0.060000 nan nan nan nan nan nan nan nan nan nan nan nan nan nan nan nan nan nan nan nan nan 0.000000 nan -1.000000 nan nan nan nan nan nan nan 19 30 0.000000 0.000000e+00 nan nan
243 8 2 85.000000 0.100000 nan nan nan nan nan nan nan nan nan nan nan nan nan nan nan nan nan nan nan nan nan 0.000000 nan -1.000000 nan nan nan nan nan nan nan 19 30 0.000000 0.000000e+00 nan nan
244 8 3 85.000000 0.140000 nan nan nan nan nan nan nan nan nan nan nan nan nan nan nan nan nan nan nan nan nan 0.000000 nan -1.000000 nan nan nan nan nan nan nan 19 30 0.000000 0.000000e+00 nan nan
245 8 4 85.000000 0.180000 nan nan nan nan nan nan nan nan nan nan nan nan nan nan nan nan nan nan nan nan nan 0.000000 nan -1.000000 nan nan nan nan nan nan nan 19 30 0.000000 0.000000e+00 nan nan
246 8 5 85.000000 0.220000 nan nan nan nan nan nan nan nan nan nan nan nan nan nan nan nan nan nan nan nan nan 0.000000 nan -1.000000 nan nan nan nan nan nan nan 19 30 0.000000 0.000000e+00 nan nan
247 8 6 85.000000 0.260000 nan nan nan nan nan nan nan nan nan nan nan nan nan nan nan nan nan nan nan nan nan 0.000000 nan -1.000000 nan nan nan nan nan nan nan 19 30 0.000000 0.000000e+00 nan nan
248 8 7 85.000000 0.300000 nan nan nan nan nan nan nan nan nan nan nan nan nan nan nan nan nan nan nan nan nan 0.000000 nan -1.000000 nan nan nan nan nan nan nan 19 30 0.000000 0.000000e+00 nan nan
249 8 8 85.000000 0.340000 nan nan nan nan nan nan nan nan nan nan nan nan nan nan nan nan nan nan nan nan nan 0.000000 nan -1.000000 nan nan nan nan nan nan nan 19 30 0.000000 0.000000e+00 nan nan
250 8 9 85.000000 0.380000 nan nan nan nan nan nan nan nan nan nan nan nan nan nan nan nan nan nan nan nan nan 0.000000 nan -1.000000 nan nan nan nan nan nan nan 19 30 0.000000 0.000000e+00 nan nan
251 8 10 85.000000 0.420000 nan nan nan nan nan nan nan nan nan nan nan nan nan nan nan nan nan nan nan nan nan 0.000000 nan -1.000000 nan nan nan nan nan nan nan 19 30 0.000000 0.000000e+00 nan nan
252 8 11 85.000000 0.460000 nan nan nan nan nan nan nan nan nan nan nan nan nan nan nan nan nan nan nan nan nan 0.000000 nan -1.000000 nan nan nan nan nan nan nan 19 30 0.000000 0.000000e+00 nan nan
253 8 12 85.000000 0.500000 nan nan nan nan nan nan nan nan nan nan nan nan nan nan nan nan nan nan nan nan nan 0.000000 nan -1.000000 nan nan nan nan nan nan nan 19 30 0.000000 0.000000e+00 nan nan
254 8 13 85.000000 0.540000 nan nan nan nan nan nan nan nan nan nan nan nan nan nan nan nan nan nan nan nan nan 0.000000 nan -1.000000 nan nan nan nan nan nan nan 19 30 0.000000 0.000000e+00 nan nan
255 8 14 85.000000 0.580000 nan nan nan nan nan nan nan nan nan nan nan nan nan nan nan nan nan nan nan nan nan 0.000000 nan -1.000000 nan nan nan nan nan nan nan 19 30 0.000000 0.000000e+00 nan nan
256 8 15 85.000000 0.620000 nan nan nan nan nan nan nan nan nan nan nan nan nan nan nan nan nan nan nan nan nan 0.000000 nan -1.000000 nan nan nan nan nan nan nan 19 30 0.000000 0.000000e+00 nan nan
257 8 16 85.000000 0.660000 nan nan nan nan nan nan nan nan nan nan nan nan nan nan nan nan nan nan nan nan nan 0.000000 nan -1.000000 nan nan nan nan nan nan nan 19 30 0.000000 0.000000e+00 nan nan
258 8 17 85.000000 0.700000 nan nan nan nan nan nan nan nan nan nan nan nan nan nan nan nan nan nan nan nan nan 0.000000 nan -1.000000 nan nan nan nan nan nan nan 19 30 0.000000 0.000000e+00 nan nan
259 8 18 85.000000 0.740000 nan nan nan nan nan nan nan nan nan nan nan nan nan nan nan nan nan nan nan nan nan 0.000000 nan -1.000000 nan nan nan nan nan nan nan 19 30 0.000000 0.000000e+00 nan nan
260 8 19 85.000000 0.780000 nan nan nan nan nan nan nan nan nan nan nan nan nan nan nan nan nan nan nan nan nan 0.000000 nan -1.000000 nan nan nan nan nan nan nan 19 30 0.000000 0.000000e+00 nan nan
261 8 20 85.000000 0.820000 nan nan nan nan nan nan nan nan nan nan nan nan nan nan nan nan nan nan nan nan nan 0.000000 nan -1.000000 nan nan nan nan nan nan nan 19 30 0.000000 0.000000e+00 nan nan
262 8 21 85.000000 0.860000 nan nan nan nan nan nan nan nan nan nan nan nan nan nan nan nan nan nan nan nan nan 0.000000 nan -1.000000 nan nan nan nan nan nan nan 19 30 0.000000 0.000000e+00 nan nan
263 8 22 85.000000 0.900000 nan nan nan nan nan nan nan nan nan nan nan nan nan nan nan nan nan nan nan nan nan 0.000000 nan -1.000000 nan nan nan nan nan nan nan 19 30 0.000000 0.000000e+00 nan nan
264 8 23 85.000000 0.940000 nan nan nan nan nan nan nan nan nan nan nan nan nan nan nan nan nan nan nan nan nan 0.000000 nan -1.000000 nan nan nan nan nan nan nan 19 30 0.000000 0.000000e+00 nan nan
265 8 24 85.000000 0.980000 nan nan nan nan nan nan nan nan nan nan nan nan nan nan nan nan nan nan nan nan nan 0.000000 nan -1.000000 nan nan nan nan nan nan nan 19 30 0.000000 0.000000e+00 nan nan
266 8 25 85.000000 1.020000 nan nan nan nan nan nan nan nan nan nan nan nan nan nan nan nan nan nan nan nan nan 0.000000 nan -1.000000 nan nan nan nan nan nan nan 19 30 0.000000 0.000000e+00 nan nan
267 8 26 85.000000 1.060000 nan nan nan nan nan nan nan nan nan nan nan nan nan nan nan nan nan nan nan nan nan 0.000000 nan -1.000000 nan nan nan nan nan nan nan 19 30 0.000000 0.000000e+00 nan nan
268 8 27 85.000000 1.100000 nan nan nan nan nan nan nan nan nan nan nan nan nan nan nan nan nan nan nan nan nan 0.000000 nan -1.000000 nan nan nan nan nan nan nan 19 30 0.000000 0.000000e+00 nan nan
269 8 28 85.000000 1.140000 nan nan nan nan nan nan nan nan nan nan nan nan nan nan nan nan nan nan nan nan nan 0.000000 nan -1.000000 nan nan nan nan nan nan nan 19 30 0.000000 0.000000e+00 nan nan
270 8 29 85.000000 1.180000 nan nan nan nan nan nan nan nan nan nan nan nan nan nan nan nan nan nan nan nan nan 0.000000 nan -1.000000 nan nan nan nan nan nan nan 19 30 0.000000 0.000000e+00 nan nan
271 9 0 95.000000 0.020000 nan nan nan nan nan nan nan nan nan nan nan nan nan nan nan nan nan nan nan nan nan 0.000000 nan -1.000000 nan nan nan nan nan nan nan 19 30 0.000000 0.000000e+00 nan nan
272 9 1 95.000000 0.060000 nan nan nan nan nan nan nan nan nan nan nan nan nan nan nan nan nan nan nan nan nan 0.000000 nan -1.000000 nan nan nan nan nan nan nan 19 30 0.000000 0.000000e+00 nan nan
273 9 2 95.000000 0.100000 nan nan nan nan nan nan nan nan nan nan nan nan nan nan nan nan nan nan nan nan nan 0.000000 nan -1.000000 nan nan nan nan nan nan nan 19 30 0.000000 0.000000e+00 nan nan
274 9 3 95.000000 0.140000 nan nan nan nan nan nan nan nan nan nan nan nan nan nan nan nan nan nan nan nan nan 0.000000 nan -1.000000 nan nan nan nan nan nan nan 19 30 0.000000 0.000000e+00 nan nan
275 9 4 95.000000 0.180000 nan nan nan nan nan nan nan nan nan nan nan nan nan nan nan nan nan nan nan nan nan 0.000000 nan -1.000000 nan nan nan nan nan nan nan 19 30 0.000000 0.000000e+00 nan nan
276 9 5 95.000000 0.220000 nan nan nan nan nan nan nan nan nan nan nan nan nan nan nan nan nan nan nan nan nan 0.000000 nan -1.000000 nan nan nan nan nan nan nan 19 30 0.000000 0.000000e+00 nan nan
277 9 6 95.000000 0.260000 nan nan nan nan nan nan nan nan nan nan nan nan nan nan nan nan nan nan nan nan nan 0.000000 nan -1.000000 nan nan nan nan nan nan nan 19 30 0.000000 0.000000e+00 nan nan
278 9 7 95.000000 0.300000 nan nan nan nan nan nan nan nan nan nan nan nan nan nan nan nan nan nan nan nan nan 0.000000 nan -1.000000 nan nan nan nan nan nan nan 19 30 0.000000 0.000000e+00 nan nan
279 9 8 95.000000 0.340000 nan nan nan nan nan nan nan nan nan nan nan nan nan nan nan nan nan nan nan nan nan 0.000000 nan -1.000000 nan nan nan nan nan nan nan 19 30 0.000000 0.000000e+00 nan nan
280 9 9 95.000000 0.380000 nan nan nan nan nan nan nan nan nan nan nan nan nan nan nan nan nan nan nan nan nan 0.000000 nan -1.000000 nan nan nan nan nan nan nan 19 30 0.000000 0.000000e+00 nan nan
281 9 10 95.000000 0.420000 nan nan nan nan nan nan nan nan nan nan nan nan nan nan nan nan nan nan nan nan nan 0.000000 nan -1.000000 nan nan nan nan nan nan nan 19 30 0.000000 0.000000e+00 nan nan
282 9 11 95.000000 0.460000 nan nan nan nan nan nan nan nan nan nan nan nan nan nan nan nan nan nan nan nan nan 0.000000 nan -1.000000 nan nan nan nan nan nan nan 19 30 0.000000 0.000000e+00 nan nan
283 9 12 95.000000 0.500000 nan nan nan nan nan nan nan nan nan nan nan nan nan nan nan nan nan nan nan nan nan 0.000000 nan -1.000000 nan nan nan nan nan nan nan 19 30 0.000000 0.000000e+00 nan nan
284 9 13 95.000000 0.540000 nan nan nan nan nan nan nan nan nan nan nan nan nan nan nan nan nan nan nan nan nan 0.000000 nan -1.000000 nan nan nan nan nan nan nan 19 30 0.000000 0.000000e+00 nan nan
285 9 14 95.000000 0.580000 nan nan nan nan nan nan nan nan nan nan nan nan nan nan nan nan nan nan nan nan nan 0.000000 nan -1.000000 nan nan nan nan nan nan nan 19 30 0.000000 0.000000e+00 nan nan
286 9 15 95.000000 0.620000 nan nan nan nan nan nan nan nan nan nan nan nan nan nan nan nan nan nan nan nan nan 0.000000 nan -1.000000 nan nan nan nan nan nan nan 19 30 0.000000 0.000000e+00 nan nan
287 9 16 95.000000 0.660000 nan nan nan nan nan nan nan nan nan nan nan nan nan nan nan nan nan nan nan nan nan 0.000000 nan -1.000000 nan nan nan nan nan nan nan 19 30 0.000000 0.000000e+00 nan nan
288 9 17 95.000000 0.700000 nan nan nan nan nan nan nan nan nan nan nan nan nan nan nan nan nan nan nan nan nan 0.000000 nan -1.000000 nan nan nan nan nan nan nan 19 30 0.000000 0.000000e+00 nan nan
289 9 18 95.000000 0.740000 nan nan nan nan nan nan nan nan nan nan nan nan nan nan nan nan nan nan nan nan nan 0.000000 nan -1.000000 nan nan nan nan nan nan nan 19 30 0.000000 0.000000e+00 nan nan
290 9 19 95.000000 0.780000 nan nan nan nan nan nan nan nan nan nan nan nan nan nan nan nan nan nan nan nan nan 0.000000 nan -1.000000 nan nan nan nan nan nan nan 19 30 0.000000 0.000000e+00 nan nan
291 9 20 95.000000 0.820000 nan nan nan nan nan nan nan nan nan nan nan nan nan nan nan nan nan nan nan nan nan 0.000000 nan -1.000000 nan nan nan nan nan nan nan 19 30 0.000000 0.000000e+00 nan nan
292 9 21 95.000000 0.860000 nan nan nan nan nan nan nan nan nan nan nan nan nan nan nan nan nan nan nan nan nan 0.000000 nan -1.000000 nan nan nan nan nan nan nan 19 30 0.000000 0.000000e+00 nan nan
293 9 22 95.000000 0.900000 nan nan nan nan nan nan nan nan nan nan nan nan nan nan nan nan nan nan nan nan nan 0.000000 nan -1.000000 nan nan nan nan nan nan nan 19 30 0.000000 0.000000e+00 nan nan
294 9 23 95.000000 0.940000 nan nan nan nan nan nan nan nan nan nan nan nan nan nan nan nan nan nan nan nan nan 0.000000 nan -1.000000 nan nan nan nan nan nan nan 19 30 0.000000 0.000000e+00 nan nan
295 9 24 95.000000 0.980000 nan nan nan nan nan nan nan nan nan nan nan nan nan nan nan nan nan nan nan nan nan 0.000000 nan -1.000000 nan nan nan nan nan nan nan 19 30 0.000000 0.000000e+00 nan nan
296 9 25 95.000000 1.020000 nan nan nan nan nan nan nan nan nan nan nan nan nan nan nan nan nan nan nan nan nan 0.000000 nan -1.000000 nan nan nan nan nan nan nan 19 30 0.000000 0.000000e+00 nan nan
297 9 26 95.000000 1.060000 nan nan nan nan nan nan nan nan nan nan nan nan nan nan nan nan nan nan nan nan nan 0.000000 nan -1.000000 nan nan nan nan nan nan nan 19 30 0.000000 0.000000e+00 nan nan
298 9 27 95.000000 1.100000 nan nan nan nan nan nan nan nan nan nan nan nan nan nan nan nan nan nan nan nan nan 0.000000 nan -1.000000 nan nan nan nan nan nan nan 19 30 0.000000 0.000000e+00 nan nan
299 9 28 95.000000 1.140000 nan nan nan nan nan nan nan nan nan nan nan nan nan nan nan nan nan nan nan nan nan 0.000000 nan -1.000000 nan nan nan nan nan nan nan 19 30 0.000000 0.000000e+00 nan nan
300 9 29 95.000000 1.180000 nan nan nan nan nan nan nan nan nan nan nan nan nan nan nan nan nan nan nan nan nan 0.000000 nan -1.000000 nan nan nan nan nan nan nan 19 30 0.000000 0.000000e+00 nan nan
301 10 0 105.000000 0.020000 nan nan nan nan nan nan nan nan nan nan nan nan nan nan nan nan nan nan nan nan nan 0.000000 nan -1.000000 nan nan nan nan nan nan nan 19 30 0.000000 0.000000e+00 nan nan
302 10 1 105.000000 0.060000 nan nan nan nan nan nan nan nan nan nan nan nan nan nan nan nan nan nan nan nan nan 0.000000 nan -1.000000 nan nan nan nan nan nan nan 19 30 0.000000 0.000000e+00 nan nan
303 10 2 105.000000 0.100000 nan nan nan nan nan nan nan nan nan nan nan nan nan nan nan nan nan nan nan nan nan 0.000000 nan -1.000000 nan nan nan nan nan nan nan 19 30 0.000000 0.000000e+00 nan nan
304 10 3 105.000000 0.140000 nan nan nan nan nan nan nan nan nan nan nan nan nan nan nan nan nan nan nan nan nan 0.000000 nan -1.000000 nan nan nan nan nan nan nan 19 30 0.000000 0.000000e+00 nan nan
305 10 4 105.000000 0.180000 nan nan nan nan nan nan nan nan nan nan nan nan nan nan nan nan nan nan nan nan nan 0.000000 nan -1.000000 nan nan nan nan nan nan nan 19 30 0.000000 0.000000e+00 nan nan
306 10 5 105.000000 0.220000 nan nan nan nan nan nan nan nan nan nan nan nan nan nan nan nan nan nan nan nan nan 0.000000 nan -1.000000 nan nan nan nan nan nan nan 19 30 0.000000 0.000000e+00 nan nan
307 10 6 105.000000 0.260000 nan nan nan nan nan nan nan nan nan nan nan nan nan nan nan nan nan nan nan nan nan 0.000000 nan -1.000000 nan nan nan nan nan nan nan 19 30 0.000000 0.000000e+00 nan nan
308 10 7 105.000000 0.300000 nan nan nan nan nan nan nan nan nan nan nan nan nan nan nan nan nan nan nan nan nan 0.000000 nan -1.000000 nan nan nan nan nan nan nan 19 30 0.000000 0.000000e+00 nan nan
309 10 8 105.000000 0.340000 nan nan nan nan nan nan nan nan nan nan nan nan nan nan nan nan nan nan nan nan nan 0.000000 nan -1.000000 nan nan nan nan nan nan nan 19 30 0.000000 0.000000e+00 nan nan
310 10 9 105.000000 0.380000 nan nan nan nan nan nan nan nan nan nan nan nan nan nan nan nan nan nan nan nan nan 0.000000 nan -1.000000 nan nan nan nan nan nan nan 19 30 0.000000 0.000000e+00 nan nan
311 10 10 105.000000 0.420000 nan nan nan nan nan nan nan nan nan nan nan nan nan nan nan nan nan nan nan nan nan 0.000000 nan -1.000000 nan nan nan nan nan nan nan 19 30 0.000000 0.000000e+00 nan nan
312 10 11 105.000000 0.460000 nan nan nan nan nan nan nan nan nan nan nan nan nan nan nan nan nan nan nan nan nan 0.000000 nan -1.000000 nan nan nan nan nan nan nan 19 30 0.000000 0.000000e+00 nan nan
313 10 12 105.000000 0.500000 nan nan nan nan nan nan nan nan nan nan nan nan nan nan nan nan nan nan nan nan nan 0.000000 nan -1.000000 nan nan nan nan nan nan nan 19 30 0.000000 0.000000e+00 nan nan
314 10 13 105.000000 0.540000 nan nan nan nan nan nan nan nan nan nan nan nan nan nan nan nan nan nan nan nan nan 0.000000 nan -1.000000 nan nan nan nan nan nan nan 19 30 0.000000 0.000000e+00 nan nan
315 10 14 105.000000 0.580000 nan nan nan nan nan nan nan nan nan nan nan nan nan nan nan nan nan nan nan nan nan 0.000000 nan -1.000000 nan nan nan nan nan nan nan 19 30 0.000000 0.000000e+00 nan nan
316 10 15 105.000000 0.620000 nan nan nan nan nan nan nan nan nan nan nan nan nan nan nan nan nan nan nan nan nan 0.000000 nan -1.000000 nan nan nan nan nan nan nan 19 30 0.000000 0.000000e+00 nan nan
317 10 16 105.000000 0.660000 nan nan nan nan nan nan nan nan nan nan nan nan nan nan nan nan nan nan nan nan nan 0.000000 nan -1.000000 nan nan nan nan nan nan nan 19 30 0.000000 0.000000e+00 nan nan
318 10 17 105.000000 0.700000 nan nan nan nan nan nan nan nan nan nan nan nan nan nan nan nan nan nan nan nan nan 0.000000 nan -1.000000 nan nan nan nan nan nan nan 19 30 0.000000 0.000000e+00 nan nan
319 10 18 105.000000 0.740000 nan nan nan nan nan nan nan nan nan nan nan nan nan nan nan nan nan nan nan nan nan 0.000000 nan -1.000000 nan nan nan nan nan nan nan 19 30 0.000000 0.000000e+00 nan nan
320 10 19 105.000000 0.780000 nan nan nan nan nan nan nan nan nan nan nan nan nan nan nan nan nan nan nan nan nan 0.000000 nan -1.000000 nan nan nan nan nan nan nan 19 30 0.000000 0.000000e+00 nan nan
321 10 20 105.000000 0.820000 nan nan nan nan nan nan nan nan nan nan nan nan nan nan nan nan nan nan nan nan nan 0.000000 nan -1.000000 nan nan nan nan nan nan nan 19 30 0.000000 0.000000e+00 nan nan
322 10 21 105.000000 0.860000 nan nan nan nan nan nan nan nan nan nan nan nan nan nan nan nan nan nan nan nan nan 0.000000 nan -1.000000 nan nan nan nan nan nan nan 19 30 0.000000 0.000000e+00 nan nan
323 10 22 105.000000 0.900000 nan nan nan nan nan nan nan nan nan nan nan nan nan nan nan nan nan nan nan nan nan 0.000000 nan -1.000000 nan nan nan nan nan nan nan 19 30 0.000000 0.000000e+00 nan nan
324 10 23 105.000000 0.940000 nan nan nan nan nan nan nan nan nan nan nan nan nan nan nan nan nan nan nan nan nan 0.000000 nan -1.000000 nan nan nan nan nan nan nan 19 30 0.000000 0.000000e+00 nan nan
325 10 24 105.000000 0.980000 nan nan nan nan nan nan nan nan nan nan nan nan nan nan nan nan nan nan nan nan nan 0.000000 nan -1.000000 nan nan nan nan nan nan nan 19 30 0.000000 0.000000e+00 nan nan
326 10 25 105.000000 1.020000 nan nan nan nan nan nan nan nan nan nan nan nan nan nan nan nan nan nan nan nan nan 0.000000 nan -1.000000 nan nan nan nan nan nan nan 19 30 0.000000 0.000000e+00 nan nan
327 10 26 105.000000 1.060000 nan nan nan nan nan nan nan nan nan nan nan nan nan nan nan nan nan nan nan nan nan 0.000000 nan -1.000000 nan nan nan nan nan nan nan 19 30 0.000000 0.000000e+00 nan nan
328 10 27 105.000000 1.100000 nan nan nan nan nan nan nan nan nan nan nan nan nan nan nan nan nan nan nan nan nan 0.000000 nan -1.000000 nan nan nan nan nan nan nan 19 30 0.000000 0.000000e+00 nan nan
329 10 28 105.000000 1.140000 nan nan nan nan nan nan nan nan nan nan nan nan nan nan nan nan nan nan nan nan nan 0.000000 nan -1.000000 nan nan nan nan nan nan nan 19 30 0.000000 0.000000e+00 nan nan
330 10 29 105.000000 1.180000 nan nan nan nan nan nan nan nan nan nan nan nan nan nan nan nan nan nan nan nan nan 0.000000 nan -1.000000 nan nan nan nan nan nan nan 19 30 0.000000 0.000000e+00 nan nan
331 11 0 115.000000 0.020000 nan nan nan nan nan nan nan nan nan nan nan nan nan nan nan nan nan nan nan nan nan 0.000000 nan -1.000000 nan nan nan nan nan nan nan 19 30 0.000000 0.000000e+00 nan nan
332 11 1 115.000000 0.060000 nan nan nan nan nan nan nan nan nan nan nan nan nan nan nan nan nan nan nan nan nan 0.000000 nan -1.000000 nan nan nan nan nan nan nan 19 30 0.000000 0.000000e+00 nan nan
333 11 2 115.000000 0.100000 nan nan nan nan nan nan nan nan nan nan nan nan nan nan nan nan nan nan nan nan nan 0.000000 nan -1.000000 nan nan nan nan nan nan nan 19 30 0.000000 0.000000e+00 nan nan
334 11 3 115.000000 0.140000 nan nan nan nan nan nan nan nan nan nan nan nan nan nan nan nan nan nan nan nan nan 0.000000 nan -1.000000 nan nan nan nan nan nan nan 19 30 0.000000 0.000000e+00 nan nan
335 11 4 115.000000 0.180000 nan nan nan nan nan nan nan nan nan nan nan nan nan nan nan nan nan nan nan nan nan 0.000000 nan -1.000000 nan nan nan nan nan nan nan 19 30 0.000000 0.000000e+00 nan nan
336 11 5 115.000000 0.220000 nan nan nan nan nan nan nan nan nan nan nan nan nan nan nan nan nan nan nan nan nan 0.000000 nan -1.000000 nan nan nan nan nan nan nan 19 30 0.000000 0.000000e+00 nan nan
337 11 6 115.000000 0.260000 nan nan nan nan nan nan nan nan nan nan nan nan nan nan nan nan nan nan nan nan nan 0.000000 nan -1.000000 nan nan nan nan nan nan nan 19 30 0.000000 0.000000e+00 nan nan
338 11 7 115.000000 0.300000 nan nan nan nan nan nan nan nan nan nan nan nan nan nan nan nan nan nan nan nan nan 0.000000 nan -1.000000 nan nan nan nan nan nan nan 19 30 0.000000 0.000000e+00 nan nan
339 11 8 115.000000 0.340000 nan nan nan nan nan nan nan nan nan nan nan nan nan nan nan nan nan nan nan nan nan 0.000000 nan -1.000000 nan nan nan nan nan nan nan 19 30 0.000000 0.000000e+00 nan nan
340 11 9 115.000000 0.380000 nan nan nan nan nan nan nan nan nan nan nan nan nan nan nan nan nan nan nan nan nan 0.000000 nan -1.000000 nan nan nan nan nan nan nan 19 30 0.000000 0.000000e+00 nan nan
341 11 10 115.000000 0.420000 nan nan nan nan nan nan nan nan nan nan nan nan nan nan nan nan nan nan nan nan nan 0.000000 nan -1.000000 nan nan nan nan nan nan nan 19 30 0.000000 0.000000e+00 nan nan
342 11 11 115.000000 0.460000 nan nan nan nan nan nan nan nan nan nan nan nan nan nan nan nan nan nan nan nan nan 0.000000 nan -1.000000 nan nan nan nan nan nan nan 19 30 0.000000 0.000000e+00 nan nan
343 11 12 115.000000 0.500000 nan nan nan nan nan nan nan nan nan nan nan nan nan nan nan nan nan nan nan nan nan 0.000000 nan -1.000000 nan nan nan nan nan nan nan 19 30 0.000000 0.000000e+00 nan nan
344 11 13 115.000000 0.540000 nan nan nan nan nan nan nan nan nan nan nan nan nan nan nan nan nan nan nan nan nan 0.000000 nan -1.000000 nan nan nan nan nan nan nan 19 30 0.000000 0.000000e+00 nan nan
345 11 14 115.000000 0.580000 nan nan nan nan nan nan nan nan nan nan nan nan nan nan nan nan nan nan nan nan nan 0.000000 nan -1.000000 nan nan nan nan nan nan nan 19 30 0.000000 0.000000e+00 nan nan
346 11 15 115.000000 0.620000 nan nan nan nan nan nan nan nan nan nan nan nan nan nan nan nan nan nan nan nan nan 0.000000 nan -1.000000 nan nan nan nan nan nan nan 19 30 0.000000 0.000000e+00 nan nan
347 11 16 115.000000 0.660000 nan nan nan nan nan nan nan nan nan nan nan nan nan nan nan nan nan nan nan nan nan 0.000000 nan -1.000000 nan nan nan nan nan nan nan 19 30 0.000000 0.000000e+00 nan nan
348 11 17 115.000000 0.700000 nan nan nan nan nan nan nan nan nan nan nan nan nan nan nan nan nan nan nan nan nan 0.000000 nan -1.000000 nan nan nan nan nan nan nan 19 30 0.000000 0.000000e+00 nan nan
349 11 18 115.000000 0.740000 nan nan nan nan nan nan nan nan nan nan nan nan nan nan nan nan nan nan nan nan nan 0.000000 nan -1.000000 nan nan nan nan nan nan nan 19 30 0.000000 0.000000e+00 nan nan
350 11 19 115.000000 0.780000 nan nan nan nan nan nan nan nan nan nan nan nan nan nan nan nan nan nan nan nan nan 0.000000 nan -1.000000 nan nan nan nan nan nan nan 19 30 0.000000 0.000000e+00 nan nan
351 11 20 115.000000 0.820000 nan nan nan nan nan nan nan nan nan nan nan nan nan nan nan nan nan nan nan nan nan 0.000000 nan -1.000000 nan nan nan nan nan nan nan 19 30 0.000000 0.000000e+00 nan nan
352 11 21 115.000000 0.860000 nan nan nan nan nan nan nan nan nan nan nan nan nan nan nan nan nan nan nan nan nan 0.000000 nan -1.000000 nan nan nan nan nan nan nan 19 30 0.000000 0.000000e+00 nan nan
353 11 22 115.000000 0.900000 nan nan nan nan nan nan nan nan nan nan nan nan nan nan nan nan nan nan nan nan nan 0.000000 nan -1.000000 nan nan nan nan nan nan nan 19 30 0.000000 0.000000e+00 nan nan
354 11 23 115.000000 0.940000 nan nan nan nan nan nan nan nan nan nan nan nan nan nan nan nan nan nan nan nan nan 0.000000 nan -1.000000 nan nan nan nan nan nan nan 19 30 0.000000 0.000000e+00 nan nan
355 11 24 115.000000 0.980000 nan nan nan nan nan nan nan nan nan nan nan nan nan nan nan nan nan nan nan nan nan 0.000000 nan -1.000000 nan nan nan nan nan nan nan 19 30 0.000000 0.000000e+00 nan nan
356 11 25 115.000000 1.020000 nan nan nan nan nan nan nan nan nan nan nan nan nan nan nan nan nan nan nan nan nan 0.000000 nan -1.000000 nan nan nan nan nan nan nan 19 30 0.000000 0.000000e+00 nan nan
357 11 26 115.000000 1.060000 nan nan nan nan nan nan nan nan nan nan nan nan nan nan nan nan nan nan nan nan nan 0.000000 nan -1.000000 nan nan nan nan nan nan nan 19 30 0.000000 0.000000e+00 nan nan
358 11 27 115.000000 1.100000 nan nan nan nan nan nan nan nan nan nan nan nan nan nan nan nan nan nan nan nan nan 0.000000 nan -1.000000 nan nan nan nan nan nan nan 19 30 0.000000 0.000000e+00 nan nan
359 11 28 115.000000 1.140000 nan nan nan nan nan nan nan nan nan nan nan nan nan nan nan nan nan nan nan nan nan 0.000000 nan -1.000000 nan nan nan nan nan nan nan 19 30 0.000000 0.000000e+00 nan nan
360 11 29 115.000000 1.180000 nan nan nan nan nan nan nan nan nan nan nan nan nan nan nan nan nan nan nan nan nan 0.000000 nan -1.000000 nan nan nan nan nan nan nan 19 30 0.000000 0.000000e+00 nan nan
361 12 0 125.000000 0.020000 nan nan nan nan nan nan nan nan nan nan nan nan nan nan nan nan nan nan nan nan nan 0.000000 nan -1.000000 nan nan nan nan nan nan nan 19 30 0.000000 0.000000e+00 nan nan
362 12 1 125.000000 0.060000 nan nan nan nan nan nan nan nan nan nan nan nan nan nan nan nan nan nan nan nan nan 0.000000 nan -1.000000 nan nan nan nan nan nan nan 19 30 0.000000 0.000000e+00 nan nan
363 12 2 125.000000 0.100000 nan nan nan nan nan nan nan nan nan nan nan nan nan nan nan nan nan nan nan nan nan 0.000000 nan -1.000000 nan nan nan nan nan nan nan 19 30 0.000000 0.000000e+00 nan nan
364 12 3 125.000000 0.140000 nan nan nan nan nan nan nan nan nan nan nan nan nan nan nan nan nan nan nan nan nan 0.000000 nan -1.000000 nan nan nan nan nan nan nan 19 30 0.000000 0.000000e+00 nan nan
365 12 4 125.000000 0.180000 nan nan nan nan nan nan nan nan nan nan nan nan nan nan nan nan nan nan nan nan nan 0.000000 nan -1.000000 nan nan nan nan nan nan nan 19 30 0.000000 0.000000e+00 nan nan
366 12 5 125.000000 0.220000 nan nan nan nan nan nan nan nan nan nan nan nan nan nan nan nan nan nan nan nan nan 0.000000 nan -1.000000 nan nan nan nan nan nan nan 19 30 0.000000 0.000000e+00 nan nan
367 12 6 125.000000 0.260000 nan nan nan nan nan nan nan nan nan nan nan nan nan nan nan nan nan nan nan nan nan 0.000000 nan -1.000000 nan nan nan nan nan nan nan 19 30 0.000000 0.000000e+00 nan nan
368 12 7 125.000000 0.300000 nan nan nan nan nan nan nan nan nan nan nan nan nan nan nan nan nan nan nan nan nan 0.000000 nan -1.000000 nan nan nan nan nan nan nan 19 30 0.000000 0.000000e+00 nan nan
369 12 8 125.000000 0.340000 nan nan nan nan nan nan nan nan nan nan nan nan nan nan nan nan nan nan nan nan nan 0.000000 nan -1.000000 nan nan nan nan nan nan nan 19 30 0.000000 0.000000e+00 nan nan
370 12 9 125.000000 0.380000 nan nan nan nan nan nan nan nan nan nan nan nan nan nan nan nan nan nan nan nan nan 0.000000 nan -1.000000 nan nan nan nan nan nan nan 19 30 0.000000 0.000000e+00 nan nan
371 12 10 125.000000 0.420000 nan nan nan nan nan nan nan nan nan nan nan nan nan nan nan nan nan nan nan nan nan 0.000000 nan -1.000000 nan nan nan nan nan nan nan 19 30 0.000000 0.000000e+00 nan nan
372 12 11 125.000000 0.460000 nan nan nan nan nan nan nan nan nan nan nan nan nan nan nan nan nan nan nan nan nan 0.000000 nan -1.000000 nan nan nan nan nan nan nan 19 30 0.000000 0.000000e+00 nan nan
373 12 12 125.000000 0.500000 nan nan nan nan nan nan nan nan nan nan nan nan nan nan nan nan nan nan nan nan nan 0.000000 nan -1.000000 nan nan nan nan nan nan nan 19 30 0.000000 0.000000e+00 nan nan
374 12 13 125.000000 0.540000 nan nan nan nan nan nan nan nan nan nan nan nan nan nan nan nan nan nan nan nan nan 0.000000 nan -1.000000 nan nan nan nan nan nan nan 19 30 0.000000 0.000000e+00 nan nan
375 12 14 125.000000 0.580000 nan nan nan nan nan nan nan nan nan nan nan nan nan nan nan nan nan nan nan nan nan 0.000000 nan -1.000000 nan nan nan nan nan nan nan 19 30 0.000000 0.000000e+00 nan nan
376 12 15 125.000000 0.620000 nan nan nan nan nan nan nan nan nan nan nan nan nan nan nan nan nan nan nan nan nan 0.000000 nan -1.000000 nan nan nan nan nan nan nan 19 30 0.000000 0.000000e+00 nan nan
377 12 16 125.000000 0.660000 nan nan nan nan nan nan nan nan nan nan nan nan nan nan nan nan nan nan nan nan nan 0.000000 nan -1.000000 nan nan nan nan nan nan nan 19 30 0.000000 0.000000e+00 nan nan
378 12 17 125.000000 0.700000 nan nan nan nan nan nan nan nan nan nan nan nan nan nan nan nan nan nan nan nan nan 0.000000 nan -1.000000 nan nan nan nan nan nan nan 19 30 0.000000 0.000000e+00 nan nan
379 12 18 125.000000 0.740000 nan nan nan nan nan nan nan nan nan nan nan nan nan nan nan nan nan nan nan nan nan 0.000000 nan -1.000000 nan nan nan nan nan nan nan 19 30 0.000000 0.000000e+00 nan nan
380 12 19 125.000000 0.780000 nan nan nan nan nan nan nan nan nan nan nan nan nan nan nan nan nan nan nan nan nan 0.000000 nan -1.000000 nan nan nan nan nan nan nan 19 30 0.000000 0.000000e+00 nan nan
381 12 20 125.000000 0.820000 nan nan nan nan nan nan nan nan nan nan nan nan nan nan nan nan nan nan nan nan nan 0.000000 nan -1.000000 nan nan nan nan nan nan nan 19 30 0.000000 0.000000e+00 nan nan
382 12 21 125.000000 0.860000 nan nan nan nan nan nan nan nan nan nan nan nan nan nan nan nan nan nan nan nan nan 0.000000 nan -1.000000 nan nan nan nan nan nan nan 19 30 0.000000 0.000000e+00 nan nan
383 12 22 125.000000 0.900000 nan nan nan nan nan nan nan nan nan nan nan nan nan nan nan nan nan nan nan nan nan 0.000000 nan -1.000000 nan nan nan nan nan nan nan 19 30 0.000000 0.000000e+00 nan nan
384 12 23 125.000000 0.940000 nan nan nan nan nan nan nan nan nan nan nan nan nan nan nan nan nan nan nan nan nan 0.000000 nan -1.000000 nan nan nan nan nan nan nan 19 30 0.000000 0.000000e+00 nan nan
385 12 24 125.000000 0.980000 nan nan nan nan nan nan nan nan nan nan nan nan nan nan nan nan nan nan nan nan nan 0.000000 nan -1.000000 nan nan nan nan nan nan nan 19 30 0.000000 0.000000e+00 nan nan
386 12 25 125.000000 1.020000 nan nan nan nan nan nan nan nan nan nan nan nan nan nan nan nan nan nan nan nan nan 0.000000 nan -1.000000 nan nan nan nan nan nan nan 19 30 0.000000 0.000000e+00 nan nan
387 12 26 125.000000 1.060000 nan nan nan nan nan nan nan nan nan nan nan nan nan nan nan nan nan nan nan nan nan 0.000000 nan -1.000000 nan nan nan nan nan nan nan 19 30 0.000000 0.000000e+00 nan nan
388 12 27 125.000000 1.100000 nan nan nan nan nan nan nan nan nan nan nan nan nan nan nan nan nan nan nan nan nan 0.000000 nan -1.000000 nan nan nan nan nan nan nan 19 30 0.000000 0.000000e+00 nan nan
389 12 28 125.000000 1.140000 nan nan nan nan nan nan nan nan nan nan nan nan nan nan nan nan nan nan nan nan nan 0.000000 nan -1.000000 nan nan nan nan nan nan nan 19 30 0.000000 0.000000e+00 nan nan
390 12 29 125.000000 1.180000 nan nan nan nan nan nan nan nan nan nan nan nan nan nan nan nan nan nan nan nan nan 0.000000 nan -1.000000 nan nan nan nan nan nan nan 19 30 0.000000 0.000000e+00 nan nan
391 13 0 135.000000 0.020000 nan nan nan nan nan nan nan nan nan nan nan nan nan nan nan nan nan nan nan nan nan 0.000000 nan -1.000000 nan nan nan nan nan nan nan 19 30 0.000000 0.000000e+00 nan nan
392 13 1 135.000000 0.060000 nan nan nan nan nan nan nan nan nan nan nan nan nan nan nan nan nan nan nan nan nan 0.000000 nan -1.000000 nan nan nan nan nan nan nan 19 30 0.000000 0.000000e+00 nan nan
393 13 2 135.000000 0.100000 nan nan nan nan nan nan nan nan nan nan nan nan nan nan nan nan nan nan nan nan nan 0.000000 nan -1.000000 nan nan nan nan nan nan nan 19 30 0.000000 0.000000e+00 nan nan
394 13 3 135.000000 0.140000 nan nan nan nan nan nan nan nan nan nan nan nan nan nan nan nan nan nan nan nan nan 0.000000 nan -1.000000 nan nan nan nan nan nan nan 19 30 0.000000 0.000000e+00 nan nan
395 13 4 135.000000 0.180000 nan nan nan nan nan nan nan nan nan nan nan nan nan nan nan nan nan nan nan nan nan 0.000000 nan -1.000000 nan nan nan nan nan nan nan 19 30 0.000000 0.000000e+00 nan nan
396 13 5 135.000000 0.220000 nan nan nan nan nan nan nan nan nan nan nan nan nan nan nan nan nan nan nan nan nan 0.000000 nan -1.000000 nan nan nan nan nan nan nan 19 30 0.000000 0.000000e+00 nan nan
397 13 6 135.000000 0.260000 nan nan nan nan nan nan nan nan nan nan nan nan nan nan nan nan nan nan nan nan nan 0.000000 nan -1.000000 nan nan nan nan nan nan nan 19 30 0.000000 0.000000e+00 nan nan
398 13 7 135.000000 0.300000 nan nan nan nan nan nan nan nan nan nan nan nan nan nan nan nan nan nan nan nan nan 0.000000 nan -1.000000 nan nan nan nan nan nan nan 19 30 0.000000 0.000000e+00 nan nan
399 13 8 135.000000 0.340000 nan nan nan nan nan nan nan nan nan nan nan nan nan nan nan nan nan nan nan nan nan 0.000000 nan -1.000000 nan nan nan nan nan nan nan 19 30 0.000000 0.000000e+00 nan nan
400 13 9 135.000000 0.380000 nan nan nan nan nan nan nan nan nan nan nan nan nan nan nan nan nan nan nan nan nan 0.000000 nan -1.000000 nan nan nan nan nan nan nan 19 30 0.000000 0.000000e+00 nan nan
401 13 10 135.000000 0.420000 nan nan nan nan nan nan nan nan nan nan nan nan nan nan nan nan nan nan nan nan nan 0.000000 nan -1.000000 nan nan nan nan nan nan nan 19 30 0.000000 0.000000e+00 nan nan
402 13 11 135.000000 0.460000 nan nan nan nan nan nan nan nan nan nan nan nan nan nan nan nan nan nan nan nan nan 0.000000 nan -1.000000 nan nan nan nan nan nan nan 19 30 0.000000 0.000000e+00 nan nan
403 13 12 135.000000 0.500000 nan nan nan nan nan nan nan nan nan nan nan nan nan nan nan nan nan nan nan nan nan 0.000000 nan -1.000000 nan nan nan nan nan nan nan 19 30 0.000000 0.000000e+00 nan nan
404 13 13 135.000000 0.540000 nan nan nan nan nan nan nan nan nan nan nan nan nan nan nan nan nan nan nan nan nan 0.000000 nan -1.000000 nan nan nan nan nan nan nan 19 30 0.000000 0.000000e+00 nan nan
405 13 14 135.000000 0.580000 nan nan nan nan nan nan nan nan nan nan nan nan nan nan nan nan nan nan nan nan nan 0.000000 nan -1.000000 nan nan nan nan nan nan nan 19 30 0.000000 0.000000e+00 nan nan
406 13 15 135.000000 0.620000 nan nan nan nan nan nan nan nan nan nan nan nan nan nan nan nan nan nan nan nan nan 0.000000 nan -1.000000 nan nan nan nan nan nan nan 19 30 0.000000 0.000000e+00 nan nan
407 13 16 135.000000 0.660000 nan nan nan nan nan nan nan nan nan nan nan nan nan nan nan nan nan nan nan nan nan 0.000000 nan -1.000000 nan nan nan nan nan nan nan 19 30 0.000000 0.000000e+00 nan nan
408 13 17 135.000000 0.700000 nan nan nan nan nan nan nan nan nan nan nan nan nan nan nan nan nan nan nan nan nan 0.000000 nan -1.000000 nan nan nan nan nan nan nan 19 30 0.000000 0.000000e+00 nan nan
409 13 18 135.000000 0.740000 nan nan nan nan nan nan nan nan nan nan nan nan nan nan nan nan nan nan nan nan nan 0.000000 nan -1.000000 nan nan nan nan nan nan nan 19 30 0.000000 0.000000e+00 nan nan
410 13 19 135.000000 0.780000 nan nan nan nan nan nan nan nan nan nan nan nan nan nan nan nan nan nan nan nan nan 0.000000 nan -1.000000 nan nan nan nan nan nan nan 19 30 0.000000 0.000000e+00 nan nan
411 13 20 135.000000 0.820000 nan nan nan nan nan nan nan nan nan nan nan nan nan nan nan nan nan nan nan nan nan 0.000000 nan -1.000000 nan nan nan nan nan nan nan 19 30 0.000000 0.000000e+00 nan nan
412 13 21 135.000000 0.860000 nan nan nan nan nan nan nan nan nan nan nan nan nan nan nan nan nan nan nan nan nan 0.000000 nan -1.000000 nan nan nan nan nan nan nan 19 30 0.000000 0.000000e+00 nan nan
413 13 22 135.000000 0.900000 nan nan nan nan nan nan nan nan nan nan nan nan nan nan nan nan nan nan nan nan nan 0.000000 nan -1.000000 nan nan nan nan nan nan nan 19 30 0.000000 0.000000e+00 nan nan
414 13 23 135.000000 0.940000 nan nan nan nan nan nan nan nan nan nan nan nan nan nan nan nan nan nan nan nan nan 0.000000 nan -1.000000 nan nan nan nan nan nan nan 19 30 0.000000 0.000000e+00 nan nan
415 13 24 135.000000 0.980000 nan nan nan nan nan nan nan nan nan nan nan nan nan nan nan nan nan nan nan nan nan 0.000000 nan -1.000000 nan nan nan nan nan nan nan 19 30 0.000000 0.000000e+00 nan nan
416 13 25 135.000000 1.020000 nan nan nan nan nan nan nan nan nan nan nan nan nan nan nan nan nan nan nan nan nan 0.000000 nan -1.000000 nan nan nan nan nan nan nan 19 30 0.000000 0.000000e+00 nan nan
417 13 26 135.000000 1.060000 nan nan nan nan nan nan nan nan nan nan nan nan nan nan nan nan nan nan nan nan nan 0.000000 nan -1.000000 nan nan nan nan nan nan nan 19 30 0.000000 0.000000e+00 nan nan
418 13 27 135.000000 1.100000 nan nan nan nan nan nan nan nan nan nan nan nan nan nan nan nan nan nan nan nan nan 0.000000 nan -1.000000 nan nan nan nan nan nan nan 19 30 0.000000 0.000000e+00 nan nan
419 13 28 135.000000 1.140000 nan nan nan nan nan nan nan nan nan nan nan nan nan nan nan nan nan nan nan nan nan 0.000000 nan -1.000000 nan nan nan nan nan nan nan 19 30 0.000000 0.000000e+00 nan nan
420 13 29 135.000000 1.180000 nan nan nan nan nan nan nan nan nan nan nan nan nan nan nan nan nan nan nan nan nan 0.000000 nan -1.000000 nan nan nan nan nan nan nan 19 30 0.000000 0.000000e+00 nan nan
421 14 0 145.000000 0.020000 nan nan nan nan nan nan nan nan nan nan nan nan nan nan nan nan nan nan nan nan nan 0.000000 nan -1.000000 nan nan nan nan nan nan nan 19 30 0.000000 0.000000e+00 nan nan
422 14 1 145.000000 0.060000 nan nan nan nan nan nan nan nan nan nan nan nan nan nan nan nan nan nan nan nan nan 0.000000 nan -1.000000 nan nan nan nan nan nan nan 19 30 0.000000 0.000000e+00 nan nan
423 14 2 145.000000 0.100000 nan nan nan nan nan nan nan nan nan nan nan nan nan nan nan nan nan nan nan nan nan 0.000000 nan -1.000000 nan nan nan nan nan nan nan 19 30 0.000000 0.000000e+00 nan nan
424 14 3 145.000000 0.140000 nan nan nan nan nan nan nan nan nan nan nan nan nan nan nan nan nan nan nan nan nan 0.000000 nan -1.000000 nan nan nan nan nan nan nan 19 30 0.000000 0.000000e+00 nan nan
425 14 4 145.000000 0.180000 nan nan nan nan nan nan nan nan nan nan nan nan nan nan nan nan nan nan nan nan nan 0.000000 nan -1.000000 nan nan nan nan nan nan nan 19 30 0.000000 0.000000e+00 nan nan
426 14 5 145.000000 0.220000 nan nan nan nan nan nan nan nan nan nan nan nan nan nan nan nan nan nan nan nan nan 0.000000 nan -1.000000 nan nan nan nan nan nan nan 19 30 0.000000 0.000000e+00 nan nan
427 14 6 145.000000 0.260000 nan nan nan nan nan nan nan nan nan nan nan nan nan nan nan nan nan nan nan nan nan 0.000000 nan -1.000000 nan nan nan nan nan nan nan 19 30 0.000000 0.000000e+00 nan nan
428 14 7 145.000000 0.300000 nan nan nan nan nan nan nan nan nan nan nan nan nan nan nan nan nan nan nan nan nan 0.000000 nan -1.000000 nan nan nan nan nan nan nan 19 30 0.000000 0.000000e+00 nan nan
429 14 8 145.000000 0.340000 nan nan nan nan nan nan nan nan nan nan nan nan nan nan nan nan nan nan nan nan nan 0.000000 nan -1.000000 nan nan nan nan nan nan nan 19 30 0.000000 0.000000e+00 nan nan
430 14 9 145.000000 0.380000 nan nan nan nan nan nan nan nan nan nan nan nan nan nan nan nan nan nan nan nan nan 0.000000 nan -1.000000 nan nan nan nan nan nan nan 19 30 0.000000 0.000000e+00 nan nan
431 14 10 145.000000 0.420000 nan nan nan nan nan nan nan nan nan nan nan nan nan nan nan nan nan nan nan nan nan 0.000000 nan -1.000000 nan nan nan nan nan nan nan 19 30 0.000000 0.000000e+00 nan nan
432 14 11 145.000000 0.460000 nan nan nan nan nan nan nan nan nan nan nan nan nan nan nan nan nan nan nan nan nan 0.000000 nan -1.000000 nan nan nan nan nan nan nan 19 30 0.000000 0.000000e+00 nan nan
433 14 12 145.000000 0.500000 nan nan nan nan nan nan nan nan nan nan nan nan nan nan nan nan nan nan nan nan nan 0.000000 nan -1.000000 nan nan nan nan nan nan nan 19 30 0.000000 0.000000e+00 nan nan
434 14 13 145.000000 0.540000 nan nan nan nan nan nan nan nan nan nan nan nan nan nan nan nan nan nan nan nan nan 0.000000 nan -1.000000 nan nan nan nan nan nan nan 19 30 0.000000 0.000000e+00 nan nan
435 14 14 145.000000 0.580000 nan nan nan nan nan nan nan nan nan nan nan nan nan nan nan nan nan nan nan nan nan 0.000000 nan -1.000000 nan nan nan nan nan nan nan 19 30 0.000000 0.000000e+00 nan nan
436 14 15 145.000000 0.620000 nan nan nan nan nan nan nan nan nan nan nan nan nan nan nan nan nan nan nan nan nan 0.000000 nan -1.000000 nan nan nan nan nan nan nan 19 30 0.000000 0.000000e+00 nan nan
437 14 16 145.000000 0.660000 nan nan nan nan nan nan nan nan nan nan nan nan nan nan nan nan nan nan nan nan nan 0.000000 nan -1.000000 nan nan nan nan nan nan nan 19 30 0.000000 0.000000e+00 nan nan
438 14 17 145.000000 0.700000 nan nan nan nan nan nan nan nan nan nan nan nan nan nan nan nan nan nan nan nan nan 0.000000 nan -1.000000 nan nan nan nan nan nan nan 19 30 0.000000 0.000000e+00 nan nan
439 14 18 145.000000 0.740000 nan nan nan nan nan nan nan nan nan nan nan nan nan nan nan nan nan nan nan nan nan 0.000000 nan -1.000000 nan nan nan nan nan nan nan 19 30 0.000000 0.000000e+00 nan nan
440 14 19 145.000000 0.780000 nan nan nan nan nan nan nan nan nan nan nan nan nan nan nan nan nan nan nan nan nan 0.000000 nan -1.000000 nan nan nan nan nan nan nan 19 30 0.000000 0.000000e+00 nan nan
441 14 20 145.000000 0.820000 nan nan nan nan nan nan nan nan nan nan nan nan nan nan nan nan nan nan nan nan nan 0.000000 nan -1.000000 nan nan nan nan nan nan nan 19 30 0.000000 0.000000e+00 nan nan
442 14 21 145.000000 0.860000 nan nan nan nan nan nan nan nan nan nan nan nan nan nan nan nan nan nan nan nan nan 0.000000 nan -1.000000 nan nan nan nan nan nan nan 19 30 0.000000 0.000000e+00 nan nan
443 14 22 145.000000 0.900000 nan nan nan nan nan nan nan nan nan nan nan nan nan nan nan nan nan nan nan nan nan 0.000000 nan -1.000000 nan nan nan nan nan nan nan 19 30 0.000000 0.000000e+00 nan nan
444 14 23 145.000000 0.940000 nan nan nan nan nan nan nan nan nan nan nan nan nan nan nan nan nan nan nan nan nan 0.000000 nan -1.000000 nan nan nan nan nan nan nan 19 30 0.000000 0.000000e+00 nan nan
445 14 24 145.000000 0.980000 nan nan nan nan nan nan nan nan nan nan nan nan nan nan nan nan nan nan nan nan nan 0.000000 nan -1.000000 nan nan nan nan nan nan nan 19 30 0.000000 0.000000e+00 nan nan
446 14 25 145.000000 1.020000 nan nan nan nan nan nan nan nan nan nan nan nan nan nan nan nan nan nan nan nan nan 0.000000 nan -1.000000 nan nan nan nan nan nan nan 19 30 0.000000 0.000000e+00 nan nan
447 14 26 145.000000 1.060000 nan nan nan nan nan nan nan nan nan nan nan nan nan nan nan nan nan nan nan nan nan 0.000000 nan -1.000000 nan nan nan nan nan nan nan 19 30 0.000000 0.000000e+00 nan nan
448 14 27 145.000000 1.100000 nan nan nan nan nan nan nan nan nan nan nan nan nan nan nan nan nan nan nan nan nan 0.000000 nan -1.000000 nan nan nan nan nan nan nan 19 30 0.000000 0.000000e+00 nan nan
449 14 28 145.000000 1.140000 nan nan nan nan nan nan nan nan nan nan nan nan nan nan nan nan nan nan nan nan nan 0.000000 nan -1.000000 nan nan nan nan nan nan nan 19 30 0.000000 0.000000e+00 nan nan
450 14 29 145.000000 1.180000 nan nan nan nan nan nan nan nan nan nan nan nan nan nan nan nan nan nan nan nan nan 0.000000 nan -1.000000 nan nan nan nan nan nan nan 19 30 0.000000 0.000000e+00 nan nan
451 15 0 155.000000 0.020000 nan nan nan nan nan nan nan nan nan nan nan nan nan nan nan nan nan nan nan nan nan 0.000000 nan -1.000000 nan nan nan nan nan nan nan 19 30 0.000000 0.000000e+00 nan nan
452 15 1 155.000000 0.060000 nan nan nan nan nan nan nan nan nan nan nan nan nan nan nan nan nan nan nan nan nan 0.000000 nan -1.000000 nan nan nan nan nan nan nan 19 30 0.000000 0.000000e+00 nan nan
453 15 2 155.000000 0.100000 nan nan nan nan nan nan nan nan nan nan nan nan nan nan nan nan nan nan nan nan nan 0.000000 nan -1.000000 nan nan nan nan nan nan nan 19 30 0.000000 0.000000e+00 nan nan
454 15 3 155.000000 0.140000 nan nan nan nan nan nan nan nan nan nan nan nan nan nan nan nan nan nan nan nan nan 0.000000 nan -1.000000 nan nan nan nan nan nan nan 19 30 0.000000 0.000000e+00 nan nan
455 15 4 155.000000 0.180000 nan nan nan nan nan nan nan nan nan nan nan nan nan nan nan nan nan nan nan nan nan 0.000000 nan -1.000000 nan nan nan nan nan nan nan 19 30 0.000000 0.000000e+00 nan nan
456 15 5 155.000000 0.220000 nan nan nan nan nan nan nan nan nan nan nan nan nan nan nan nan nan nan nan nan nan 0.000000 nan -1.000000 nan nan nan nan nan nan nan 19 30 0.000000 0.000000e+00 nan nan
457 15 6 155.000000 0.260000 nan nan nan nan nan nan nan nan nan nan nan nan nan nan nan nan nan nan nan nan nan 0.000000 nan -1.000000 nan nan nan nan nan nan nan 19 30 0.000000 0.000000e+00 nan nan
458 15 7 155.000000 0.300000 nan nan nan nan nan nan nan nan nan nan nan nan nan nan nan nan nan nan nan nan nan 0.000000 nan -1.000000 nan nan nan nan nan nan nan 19 30 0.000000 0.000000e+00 nan nan
459 15 8 155.000000 0.340000 nan nan nan nan nan nan nan nan nan nan nan nan nan nan nan nan nan nan nan nan nan 0.000000 nan -1.000000 nan nan nan nan nan nan nan 19 30 0.000000 0.000000e+00 nan nan
460 15 9 155.000000 0.380000 nan nan nan nan nan nan nan nan nan nan nan nan nan nan nan nan nan nan nan nan nan 0.000000 nan -1.000000 nan nan nan nan nan nan nan 19 30 0.000000 0.000000e+00 nan nan
461 15 10 155.000000 0.420000 nan nan nan nan nan nan nan nan nan nan nan nan nan nan nan nan nan nan nan nan nan 0.000000 nan -1.000000 nan nan nan nan nan nan nan 19 30 0.000000 0.000000e+00 nan nan
462 15 11 155.000000 0.460000 nan nan nan nan nan nan nan nan nan nan nan nan nan nan nan nan nan nan nan nan nan 0.000000 nan -1.000000 nan nan nan nan nan nan nan 19 30 0.000000 0.000000e+00 nan nan
463 15 12 155.000000 0.500000 nan nan nan nan nan nan nan nan nan nan nan nan nan nan nan nan nan nan nan nan nan 0.000000 nan -1.000000 nan nan nan nan nan nan nan 19 30 0.000000 0.000000e+00 nan nan
464 15 13 155.000000 0.540000 nan nan nan nan nan nan nan nan nan nan nan nan nan nan nan nan nan nan nan nan nan 0.000000 nan -1.000000 nan nan nan nan nan nan nan 19 30 0.000000 0.000000e+00 nan nan
465 15 14 155.000000 0.580000 nan nan nan nan nan nan nan nan nan nan nan nan nan nan nan nan nan nan nan nan nan 0.000000 nan -1.000000 nan nan nan nan nan nan nan 19 30 0.000000 0.000000e+00 nan nan
466 15 15 155.000000 0.620000 nan nan nan nan nan nan nan nan nan nan nan nan nan nan nan nan nan nan nan nan nan 0.000000 nan -1.000000 nan nan nan nan nan nan nan 19 30 0.000000 0.000000e+00 nan nan
467 15 16 155.000000 0.660000 nan nan nan nan nan nan nan nan nan nan nan nan nan nan nan nan nan nan nan nan nan 0.000000 nan -1.000000 nan nan nan nan nan nan nan 19 30 0.000000 0.000000e+00 nan nan
468 15 17 155.000000 0.700000 nan nan nan nan nan nan nan nan nan nan nan nan nan nan nan nan nan nan nan nan nan 0.000000 nan -1.000000 nan nan nan nan nan nan nan 19 30 0.000000 0.000000e+00 nan nan
469 15 18 155.000000 0.740000 nan nan nan nan nan nan nan nan nan nan nan nan nan nan nan nan nan nan nan nan nan 0.000000 nan -1.000000 nan nan nan nan nan nan nan 19 30 0.000000 0.000000e+00 nan nan
470 15 19 155.000000 0.780000 nan nan nan nan nan nan nan nan nan nan nan nan nan nan nan nan nan nan nan nan nan 0.000000 nan -1.000000 nan nan nan nan nan nan nan 19 30 0.000000 0.000000e+00 nan nan
471 15 20 155.000000 0.820000 nan nan nan nan nan nan nan nan nan nan nan nan nan nan nan nan nan nan nan nan nan 0.000000 nan -1.000000 nan nan nan nan nan nan nan 19 30 0.000000 0.000000e+00 nan nan
472 15 21 155.000000 0.860000 nan nan nan nan nan nan nan nan nan nan nan nan nan nan nan nan nan nan nan nan nan 0.000000 nan -1.000000 nan nan nan nan nan nan nan 19 30 0.000000 0.000000e+00 nan nan
473 15 22 155.000000 0.900000 nan nan nan nan nan nan nan nan nan nan nan nan nan nan nan nan nan nan nan nan nan 0.000000 nan -1.000000 nan nan nan nan nan nan nan 19 30 0.000000 0.000000e+00 nan nan
474 15 23 155.000000 0.940000 nan nan nan nan nan nan nan nan nan nan nan nan nan nan nan nan nan nan nan nan nan 0.000000 nan -1.000000 nan nan nan nan nan nan nan 19 30 0.000000 0.000000e+00 nan nan
475 15 24 155.000000 0.980000 nan nan nan nan nan nan nan nan nan nan nan nan nan nan nan nan nan nan nan nan nan 0.000000 nan -1.000000 nan nan nan nan nan nan nan 19 30 0.000000 0.000000e+00 nan nan
476 15 25 155.000000 1.020000 nan nan nan nan nan nan nan nan nan nan nan nan nan nan nan nan nan nan nan nan nan 0.000000 nan -1.000000 nan nan nan nan nan nan nan 19 30 0.000000 0.000000e+00 nan nan
477 15 26 155.000000 1.060000 nan nan nan nan nan nan nan nan nan nan nan nan nan nan nan nan nan nan nan nan nan 0.000000 nan -1.000000 nan nan nan nan nan nan nan 19 30 0.000000 0.000000e+00 nan nan
478 15 27 155.000000 1.100000 nan nan nan nan nan nan nan nan nan nan nan nan nan nan nan nan nan nan nan nan nan 0.000000 nan -1.000000 nan nan nan nan nan nan nan 19 30 0.000000 0.000000e+00 nan nan
479 15 28 155.000000 1.140000 nan nan nan nan nan nan nan nan nan nan nan nan nan nan nan nan nan nan nan nan nan 0.000000 nan -1.000000 nan nan nan nan nan nan nan 19 30 0.000000 0.000000e+00 nan nan
480 15 29 155.000000 1.180000 nan nan nan nan nan nan nan nan nan nan nan nan nan nan nan nan nan nan nan nan nan 0.000000 nan -1.000000 nan nan nan nan nan nan nan 19 30 0.000000 0.000000e+00 nan nan
481 16 0 165.000000 0.020000 nan nan nan nan nan nan nan nan nan nan nan nan nan nan nan nan nan nan nan nan nan 0.000000 nan -1.000000 nan nan nan nan nan nan nan 19 30 0.000000 0.000000e+00 nan nan
482 16 1 165.000000 0.060000 nan nan nan nan nan nan nan nan nan nan nan nan nan nan nan nan nan nan nan nan nan 0.000000 nan -1.000000 nan nan nan nan nan nan nan 19 30 0.000000 0.000000e+00 nan nan
483 16 2 165.000000 0.100000 nan nan nan nan nan nan nan nan nan nan nan nan nan nan nan nan nan nan nan nan nan 0.000000 nan -1.000000 nan nan nan nan nan nan nan 19 30 0.000000 0.000000e+00 nan nan
484 16 3 165.000000 0.140000 nan nan nan nan nan nan nan nan nan nan nan nan nan nan nan nan nan nan nan nan nan 0.000000 nan -1.000000 nan nan nan nan nan nan nan 19 30 0.000000 0.000000e+00 nan nan
485 16 4 165.000000 0.180000 nan nan nan nan nan nan nan nan nan nan nan nan nan nan nan nan nan nan nan nan nan 0.000000 nan -1.000000 nan nan nan nan nan nan nan 19 30 0.000000 0.000000e+00 nan nan
486 16 5 165.000000 0.220000 nan nan nan nan nan nan nan nan nan nan nan nan nan nan nan nan nan nan nan nan nan 0.000000 nan -1.000000 nan nan nan nan nan nan nan 19 30 0.000000 0.000000e+00 nan nan
487 16 6 165.000000 0.260000 nan nan nan nan nan nan nan nan nan nan nan nan nan nan nan nan nan nan nan nan nan 0.000000 nan -1.000000 nan nan nan nan nan nan nan 19 30 0.000000 0.000000e+00 nan nan
488 16 7 165.000000 0.300000 nan nan nan nan nan nan nan nan nan nan nan nan nan nan nan nan nan nan nan nan nan 0.000000 nan -1.000000 nan nan nan nan nan nan nan 19 30 0.000000 0.000000e+00 nan nan
489 16 8 165.000000 0.340000 nan nan nan nan nan nan nan nan nan nan nan nan nan nan nan nan nan nan nan nan nan 0.000000 nan -1.000000 nan nan nan nan nan nan nan 19 30 0.000000 0.000000e+00 nan nan
490 16 9 165.000000 0.380000 nan nan nan nan nan nan nan nan nan nan nan nan nan nan nan nan nan nan nan nan nan 0.000000 nan -1.000000 nan nan nan nan nan nan nan 19 30 0.000000 0.000000e+00 nan nan
491 16 10 165.000000 0.420000 nan nan nan nan nan nan nan nan nan nan nan nan nan nan nan nan nan nan nan nan nan 0.000000 nan -1.000000 nan nan nan nan nan nan nan 19 30 0.000000 0.000000e+00 nan nan
492 16 11 165.000000 0.460000 nan nan nan nan nan nan nan nan nan nan nan nan nan nan nan nan nan nan nan nan nan 0.000000 nan -1.000000 nan nan nan nan nan nan nan 19 30 0.000000 0.000000e+00 nan nan
493 16 12 165.000000 0.500000 nan nan nan nan nan nan nan nan nan nan nan nan nan nan nan nan nan nan nan nan nan 0.000000 nan -1.000000 nan nan nan nan nan nan nan 19 30 0.000000 0.000000e+00 nan nan
494 16 13 165.000000 0.540000 nan nan nan nan nan nan nan nan nan nan nan nan nan nan nan nan nan nan nan nan nan 0.000000 nan -1.000000 nan nan nan nan nan nan nan 19 30 0.000000 0.000000e+00 nan nan
495 16 14 165.000000 0.580000 nan nan nan nan nan nan nan nan nan nan nan nan nan nan nan nan nan nan nan nan nan 0.000000 nan -1.000000 nan nan nan nan nan nan nan 19 30 0.000000 0.000000e+00 nan nan
496 16 15 165.000000 0.620000 nan nan nan nan nan nan nan nan nan nan nan nan nan nan nan nan nan nan nan nan nan 0.000000 nan -1.000000 nan nan nan nan nan nan nan 19 30 0.000000 0.000000e+00 nan nan
497 16 16 165.000000 0.660000 nan nan nan nan nan nan nan nan nan nan nan nan nan nan nan nan nan nan nan nan nan 0.000000 nan -1.000000 nan nan nan nan nan nan nan 19 30 0.000000 0.000000e+00 nan nan
498 16 17 165.000000 0.700000 nan nan nan nan nan nan nan nan nan nan nan nan nan nan nan nan nan nan nan nan nan 0.000000 nan -1.000000 nan nan nan nan nan nan nan 19 30 0.000000 0.000000e+00 nan nan
499 16 18 165.000000 0.740000 nan nan nan nan nan nan nan nan nan nan nan nan nan nan nan nan nan nan nan nan nan 0.000000 nan -1.000000 nan nan nan nan nan nan nan 19 30 0.000000 0.000000e+00 nan nan
500 16 19 165.000000 0.780000 nan nan nan nan nan nan nan nan nan nan nan nan nan nan nan nan nan nan nan nan nan 0.000000 nan -1.000000 nan nan nan nan nan nan nan 19 30 0.000000 0.000000e+00 nan nan
501 16 20 165.000000 0.820000 nan nan nan nan nan nan nan nan nan nan nan nan nan nan nan nan nan nan nan nan nan 0.000000 nan -1.000000 nan nan nan nan nan nan nan 19 30 0.000000 0.000000e+00 nan nan
502 16 21 165.000000 0.860000 nan nan nan nan nan nan nan nan nan nan nan nan nan nan nan nan nan nan nan nan nan 0.000000 nan -1.000000 nan nan nan nan nan nan nan 19 30 0.000000 0.000000e+00 nan nan
503 16 22 165.000000 0.900000 nan nan nan nan nan nan nan nan nan nan nan nan nan nan nan nan nan nan nan nan nan 0.000000 nan -1.000000 nan nan nan nan nan nan nan 19 30 0.000000 0.000000e+00 nan nan
504 16 23 165.000000 0.940000 nan nan nan nan nan nan nan nan nan nan nan nan nan nan nan nan nan nan nan nan nan 0.000000 nan -1.000000 nan nan nan nan nan nan nan 19 30 0.000000 0.000000e+00 nan nan
505 16 24 165.000000 0.980000 nan nan nan nan nan nan nan nan nan nan nan nan nan nan nan nan nan nan nan nan nan 0.000000 nan -1.000000 nan nan nan nan nan nan nan 19 30 0.000000 0.000000e+00 nan nan
506 16 25 165.000000 1.020000 nan nan nan nan nan nan nan nan nan nan nan nan nan nan nan nan nan nan nan nan nan 0.000000 nan -1.000000 nan nan nan nan nan nan nan 19 30 0.000000 0.000000e+00 nan nan
507 16 26 165.000000 1.060000 nan nan nan nan nan nan nan nan nan nan nan nan nan nan nan nan nan nan nan nan nan 0.000000 nan -1.000000 nan nan nan nan nan nan nan 19 30 0.000000 0.000000e+00 nan nan
508 16 27 165.000000 1.100000 nan nan nan nan nan nan nan nan nan nan nan nan nan nan nan nan nan nan nan nan nan 0.000000 nan -1.000000 nan nan nan nan nan nan nan 19 30 0.000000 0.000000e+00 nan nan
509 16 28 165.000000 1.140000 nan nan nan nan nan nan nan nan nan nan nan nan nan nan nan nan nan nan nan nan nan 0.000000 nan -1.000000 nan nan nan nan nan nan nan 19 30 0.000000 0.000000e+00 nan nan
510 16 29 165.000000 1.180000 nan nan nan nan nan nan nan nan nan nan nan nan nan nan nan nan nan nan nan nan nan 0.000000 nan -1.000000 nan nan nan nan nan nan nan 19 30 0.000000 0.000000e+00 nan nan
511 17 0 175.000000 0.020000 nan nan nan nan nan nan nan nan nan nan nan nan nan nan nan nan nan nan nan nan nan 0.000000 nan -1.000000 nan nan nan nan nan nan nan 19 30 0.000000 0.000000e+00 nan nan
512 17 1 175.000000 0.060000 nan nan nan nan nan nan nan nan nan nan nan nan nan nan nan nan nan nan nan nan nan 0.000000 nan -1.000000 nan nan nan nan nan nan nan 19 30 0.000000 0.000000e+00 nan nan
513 17 2 175.000000 0.100000 nan nan nan nan nan nan nan nan nan nan nan nan nan nan nan nan nan nan nan nan nan 0.000000 nan -1.000000 nan nan nan nan nan nan nan 19 30 0.000000 0.000000e+00 nan nan
514 17 3 175.000000 0.140000 nan nan nan nan nan nan nan nan nan nan nan nan nan nan nan nan nan nan nan nan nan 0.000000 nan -1.000000 nan nan nan nan nan nan nan 19 30 0.000000 0.000000e+00 nan nan
515 17 4 175.000000 0.180000 nan nan nan nan nan nan nan nan nan nan nan nan nan nan nan nan nan nan nan nan nan 0.000000 nan -1.000000 nan nan nan nan nan nan nan 19 30 0.000000 0.000000e+00 nan nan
516 17 5 175.000000 0.220000 nan nan nan nan nan nan nan nan nan nan nan nan nan nan nan nan nan nan nan nan nan 0.000000 nan -1.000000 nan nan nan nan nan nan nan 19 30 0.000000 0.000000e+00 nan nan
517 17 6 175.000000 0.260000 nan nan nan nan nan nan nan nan nan nan nan nan nan nan nan nan nan nan nan nan nan 0.000000 nan -1.000000 nan nan nan nan nan nan nan 19 30 0.000000 0.000000e+00 nan nan
518 17 7 175.000000 0.300000 nan nan nan nan nan nan nan nan nan nan nan nan nan nan nan nan nan nan nan nan nan 0.000000 nan -1.000000 nan nan nan nan nan nan nan 19 30 0.000000 0.000000e+00 nan nan
519 17 8 175.000000 0.340000 nan nan nan nan nan nan nan nan nan nan nan nan nan nan nan nan nan nan nan nan nan 0.000000 nan -1.000000 nan nan nan nan nan nan nan 19 30 0.000000 0.000000e+00 nan nan
520 17 9 175.000000 0.380000 nan nan nan nan nan nan nan nan nan nan nan nan nan nan nan nan nan nan nan nan nan 0.000000 nan -1.000000 nan nan nan nan nan nan nan 19 30 0.000000 0.000000e+00 nan nan
521 17 10 175.000000 0.420000 nan nan nan nan nan nan nan nan nan nan nan nan nan nan nan nan nan nan nan nan nan 0.000000 nan -1.000000 nan nan nan nan nan nan nan 19 30 0.000000 0.000000e+00 nan nan
522 17 11 175.000000 0.460000 nan nan nan nan nan nan nan nan nan nan nan nan nan nan nan nan nan nan nan nan nan 0.000000 nan -1.000000 nan nan nan nan nan nan nan 19 30 0.000000 0.000000e+00 nan nan
523 17 12 175.000000 0.500000 nan nan nan nan nan nan nan nan nan nan nan nan nan nan nan nan nan nan nan nan nan 0.000000 nan -1.000000 nan nan nan nan nan nan nan 19 30 0.000000 0.000000e+00 nan nan
524 17 13 175.000000 0.540000 nan nan nan nan nan nan nan nan nan nan nan nan nan nan nan nan nan nan nan nan nan 0.000000 nan -1.000000 nan nan nan nan nan nan nan 19 30 0.000000 0.000000e+00 nan nan
525 17 14 175.000000 0.580000 nan nan nan nan nan nan nan nan nan nan nan nan nan nan nan nan nan nan nan nan nan 0.000000 nan -1.000000 nan nan nan nan nan nan nan 19 30 0.000000 0.000000e+00 nan nan
526 17 15 175.000000 0.620000 nan nan nan nan nan nan nan nan nan nan nan nan nan nan nan nan nan nan nan nan nan 0.000000 nan -1.000000 nan nan nan nan nan nan nan 19 30 0.000000 0.000000e+00 nan nan
527 17 16 175.000000 0.660000 nan nan nan nan nan nan nan nan nan nan nan nan nan nan nan nan nan nan nan nan nan 0.000000 nan -1.000000 nan nan nan nan nan nan nan 19 30 0.000000 0.000000e+00 nan nan
528 17 17 175.000000 0.700000 nan nan nan nan nan nan nan nan nan nan nan nan nan nan nan nan nan nan nan nan nan 0.000000 nan -1.000000 nan nan nan nan nan nan nan 19 30 0.000000 0.000000e+00 nan nan
529 17 18 175.000000 0.740000 nan nan nan nan nan nan nan nan nan nan nan nan nan nan nan nan nan nan nan nan nan 0.000000 nan -1.000000 nan nan nan nan nan nan nan 19 30 0.000000 0.000000e+00 nan nan
530 17 19 175.000000 0.780000 nan nan nan nan nan nan nan nan nan nan nan nan nan nan nan nan nan nan nan nan nan 0.000000 nan -1.000000 nan nan nan nan nan nan nan 19 30 0.000000 0.000000e+00 nan nan
531 17 20 175.000000 0.820000 nan nan nan nan nan nan nan nan nan nan nan nan nan nan nan nan nan nan nan nan nan 0.000000 nan -1.000000 nan nan nan nan nan nan nan 19 30 0.000000 0.000000e+00 nan nan
532 17 21 175.000000 0.860000 nan nan nan nan nan nan nan nan nan nan nan nan nan nan nan nan nan nan nan nan nan 0.000000 nan -1.000000 nan nan nan nan nan nan nan 19 30 0.000000 0.000000e+00 nan nan
533 17 22 175.000000 0.900000 nan nan nan nan nan nan nan nan nan nan nan nan nan nan nan nan nan nan nan nan nan 0.000000 nan -1.000000 nan nan nan nan nan nan nan 19 30 0.000000 0.000000e+00 nan nan
534 17 23 175.000000 0.940000 nan nan nan nan nan nan nan nan nan nan nan nan nan nan nan nan nan nan nan nan nan 0.000000 nan -1.000000 nan nan nan nan nan nan nan 19 30 0.000000 0.000000e+00 nan nan
535 17 24 175.000000 0.980000 nan nan nan nan nan nan nan nan nan nan nan nan nan nan nan nan nan nan nan nan nan 0.000000 nan -1.000000 nan nan nan nan nan nan nan 19 30 0.000000 0.000000e+00 nan nan
536 17 25 175.000000 1.020000 nan nan nan nan nan nan nan nan nan nan nan nan nan nan nan nan nan nan nan nan nan 0.000000 nan -1.000000 nan nan nan nan nan nan nan 19 30 0.000000 0.000000e+00 nan nan
537 17 26 175.000000 1.060000 nan nan nan nan nan nan nan nan nan nan nan nan nan nan nan nan nan nan nan nan nan 0.000000 nan -1.000000 nan nan nan nan nan nan nan 19 30 0.000000 0.000000e+00 nan nan
538 17 27 175.000000 1.100000 nan nan nan nan nan nan nan nan nan nan nan nan nan nan nan nan nan nan nan nan nan 0.000000 nan -1.000000 nan nan nan nan nan nan nan 19 30 0.000000 0.000000e+00 nan nan
539 17 28 175.000000 1.140000 nan nan nan nan nan nan nan nan nan nan nan nan nan nan nan nan nan nan nan nan nan 0.000000 nan -1.000000 nan nan nan nan nan nan nan 19 30 0.000000 0.000000e+00 nan nan
540 17 29 175.000000 1.180000 nan nan nan nan nan nan nan nan nan nan nan nan nan nan nan nan nan nan nan nan nan 0.000000 nan -1.000000 nan nan nan nan nan nan nan 19 30 0.000000 0.000000e+00 nan nan
541 18 0 185.000000 0.020000 nan nan nan nan nan nan nan nan nan nan nan nan nan nan nan nan nan nan nan nan nan 0.000000 nan -1.000000 nan nan nan nan nan nan nan 19 30 0.000000 0.000000e+00 nan nan
542 18 1 185.000000 0.060000 nan nan nan nan nan nan nan nan nan nan nan nan nan nan nan nan nan nan nan nan nan 0.000000 nan -1.000000 nan nan nan nan nan nan nan 19 30 0.000000 0.000000e+00 nan nan
543 18 2 185.000000 0.100000 nan nan nan nan nan nan nan nan nan nan nan nan nan nan nan nan nan nan nan nan nan 0.000000 nan -1.000000 nan nan nan nan nan nan nan 19 30 0.000000 0.000000e+00 nan nan
544 18 3 185.000000 0.140000 nan nan nan nan nan nan nan nan nan nan nan nan nan nan nan nan nan nan nan nan nan 0.000000 nan -1.000000 nan nan nan nan nan nan nan 19 30 0.000000 0.000000e+00 nan nan
545 18 4 185.000000 0.180000 nan nan nan nan nan nan nan nan nan nan nan nan nan nan nan nan nan nan nan nan nan 0.000000 nan -1.000000 nan nan nan nan nan nan nan 19 30 0.000000 0.000000e+00 nan nan
546 18 5 185.000000 0.220000 nan nan nan nan nan nan nan nan nan nan nan nan nan nan nan nan nan nan nan nan nan 0.000000 nan -1.000000 nan nan nan nan nan nan nan 19 30 0.000000 0.000000e+00 nan nan
547 18 6 185.000000 0.260000 nan nan nan nan nan nan nan nan nan nan nan nan nan nan nan nan nan nan nan nan nan 0.000000 nan -1.000000 nan nan nan nan nan nan nan 19 30 0.000000 0.000000e+00 nan nan
548 18 7 185.000000 0.300000 nan nan nan nan nan nan nan nan nan nan nan nan nan nan nan nan nan nan nan nan nan 0.000000 nan -1.000000 nan nan nan nan nan nan nan 19 30 0.000000 0.000000e+00 nan nan
549 18 8 185.000000 0.340000 nan nan nan nan nan nan nan nan nan nan nan nan nan nan nan nan nan nan nan nan nan 0.000000 nan -1.000000 nan nan nan nan nan nan nan 19 30 0.000000 0.000000e+00 nan nan
550 18 9 185.000000 0.380000 nan nan nan nan nan nan nan nan nan nan nan nan nan nan nan nan nan nan nan nan nan 0.000000 nan -1.000000 nan nan nan nan nan nan nan 19 30 0.000000 0.000000e+00 nan nan
551 18 10 185.000000 0.420000 nan nan nan nan nan nan nan nan nan nan nan nan nan nan nan nan nan nan nan nan nan 0.000000 nan -1.000000 nan nan nan nan nan nan nan 19 30 0.000000 0.000000e+00 nan nan
552 18 11 185.000000 0.460000 nan nan nan nan nan nan nan nan nan nan nan nan nan nan nan nan nan nan nan nan nan 0.000000 nan -1.000000 nan nan nan nan nan nan nan 19 30 0.000000 0.000000e+00 nan nan
553 18 12 185.000000 0.500000 nan nan nan nan nan nan nan nan nan nan nan nan nan nan nan nan nan nan nan nan nan 0.000000 nan -1.000000 nan nan nan nan nan nan nan 19 30 0.000000 0.000000e+00 nan nan
554 18 13 185.000000 0.540000 nan nan nan nan nan nan nan nan nan nan nan nan nan nan nan nan nan nan nan nan nan 0.000000 nan -1.000000 nan nan nan nan nan nan nan 19 30 0.000000 0.000000e+00 nan nan
555 18 14 185.000000 0.580000 nan nan nan nan nan nan nan nan nan nan nan nan nan nan nan nan nan nan nan nan nan 0.000000 nan -1.000000 nan nan nan nan nan nan nan 19 30 0.000000 0.000000e+00 nan nan
556 18 15 185.000000 0.620000 nan nan nan nan nan nan nan nan nan nan nan nan nan nan nan nan nan nan nan nan nan 0.000000 nan -1.000000 nan nan nan nan nan nan nan 19 30 0.000000 0.000000e+00 nan nan
557 18 16 185.000000 0.660000 nan nan nan nan nan nan nan nan nan nan nan nan nan nan nan nan nan nan nan nan nan 0.000000 nan -1.000000 nan nan nan nan nan nan nan 19 30 0.000000 0.000000e+00 nan nan
558 18 17 185.000000 0.700000 nan nan nan nan nan nan nan nan nan nan nan nan nan nan nan nan nan nan nan nan nan 0.000000 nan -1.000000 nan nan nan nan nan nan nan 19 30 0.000000 0.000000e+00 nan nan
559 18 18 185.000000 0.740000 nan nan nan nan nan nan nan nan nan nan nan nan nan nan nan nan nan nan nan nan nan 0.000000 nan -1.000000 nan nan nan nan nan nan nan 19 30 0.000000 0.000000e+00 nan nan
560 18 19 185.000000 0.780000 nan nan nan nan nan nan nan nan nan nan nan nan nan nan nan nan nan nan nan nan nan 0.000000 nan -1.000000 nan nan nan nan nan nan nan 19 30 0.000000 0.000000e+00 nan nan
561 18 20 185.000000 0.820000 nan nan nan nan nan nan nan nan nan nan nan nan nan nan nan nan nan nan nan nan nan 0.000000 nan -1.000000 nan nan nan nan nan nan nan 19 30 0.000000 0.000000e+00 nan nan
562 18 21 185.000000 0.860000 nan nan nan nan nan nan nan nan nan nan nan nan nan nan nan nan nan nan nan nan nan 0.000000 nan -1.000000 nan nan nan nan nan nan nan 19 30 0.000000 0.000000e+00 nan nan
563 18 22 185.000000 0.900000 nan nan nan nan nan nan nan nan nan nan nan nan nan nan nan nan nan nan nan nan nan 0.000000 nan -1.000000 nan nan nan nan nan nan nan 19 30 0.000000 0.000000e+00 nan nan
564 18 23 185.000000 0.940000 nan nan nan nan nan nan nan nan nan nan nan nan nan nan nan nan nan nan nan nan nan 0.000000 nan -1.000000 nan nan nan nan nan nan nan 19 30 0.000000 0.000000e+00 nan nan
565 18 24 185.000000 0.980000 nan nan nan nan nan nan nan nan nan nan nan nan nan nan nan nan nan nan nan nan nan 0.000000 nan -1.000000 nan nan nan nan nan nan nan 19 30 0.000000 0.000000e+00 nan nan
566 18 25 185.000000 1.020000 nan nan nan nan nan nan nan nan nan nan nan nan nan nan nan nan nan nan nan nan nan 0.000000 nan -1.000000 nan nan nan nan nan nan nan 19 30 0.000000 0.000000e+00 nan nan
567 18 26 185.000000 1.060000 nan nan nan nan nan nan nan nan nan nan nan nan nan nan nan nan nan nan nan nan nan 0.000000 nan -1.000000 nan nan nan nan nan nan nan 19 30 0.000000 0.000000e+00 nan nan
568 18 27 185.000000 1.100000 nan nan nan nan nan nan nan nan nan nan nan nan nan nan nan nan nan nan nan nan nan 0.000000 nan -1.000000 nan nan nan nan nan nan nan 19 30 0.000000 0.000000e+00 nan nan
569 18 28 185.000000 1.140000 nan nan nan nan nan nan nan nan nan nan nan nan nan nan nan nan nan nan nan nan nan 0.000000 nan -1.000000 nan nan nan nan nan nan nan 19 30 0.000000 0.000000e+00 nan nan
570 18 29 185.000000 1.180000 nan nan nan nan nan nan nan nan nan nan nan nan nan nan nan nan nan nan nan nan nan 0.000000 nan -1.000000 nan nan nan nan nan nan nan 19 30 0.000000 0.000000e+00 nan nan
