# histogram parameters 
#\ dx = np.float64(10.0)
#\ dy = np.float64(0.04000000000000001)
#\ nx = 19
#\ ny = 30
#\ xmin = np.float64(0.0)
#\ ymin = np.float64(3.469446951953614e-18)

# averaged kinematics results
# averaged kinematic varibles used as input to calculate the averaged 
# kinematics: Ei, omega, th_e, pf
#
# variables with _mc attached are from histograms not calculated
# alpha is the spectatror (neutron) alpha
#\ xb = th_nq
#\ yb = pm
# current header line:
#! i_b[i,0]/ i_x[i,1]/ i_y[i,2]/ xb[f,3]/ yb[f,4]/ Ei[f,5]/ kf[f,6]/ th_e[f,7]/ omega_mc[f,8]/ omega[f,9]/ Q2[f,10]/ Q2_calc[f,11]/ q_mc[f,12]/ q_lab[f,13]/ Ep_calc[f,14]/ pf[f,15]/ pm_mc[f,16]/ pm[f,17]/ En_calc[f,18]/ beta_cm[f,19]/ gamma_cm[f,20]/ PfPar_q[f,21]/ PfPerp_q[f,22]/ theta_pq[f,23]/ theta_pq_calc[f,24]/ PfPar_cm[f,25]/ th_pq_cm[f,26]/ th_nq_mc[f,27]/ th_nq_calc[f,28]/  cos_phi[f,29]/  sin_phi[f,30]/  alpha_c[f,31]/  GEp[f,32]/   GMp[f,33]/   sigMott[f,34]/   Ksig_cc1[f,35]/  nx[i,36]/ ny[i,37]/ cont[f,38]/        
1 0 0 5.000000 0.020000 nan nan nan nan nan nan nan nan nan nan nan nan nan nan nan nan nan nan nan nan nan 0.000000 nan -1.000000 nan nan nan nan nan nan nan 19 30 0.000000
2 0 1 5.000000 0.060000 nan nan nan nan nan nan nan nan nan nan nan nan nan nan nan nan nan nan nan nan nan 0.000000 nan -1.000000 nan nan nan nan nan nan nan 19 30 0.000000
3 0 2 5.000000 0.100000 nan nan nan nan nan nan nan nan nan nan nan nan nan nan nan nan nan nan nan nan nan 0.000000 nan -1.000000 nan nan nan nan nan nan nan 19 30 0.000000
4 0 3 5.000000 0.140000 nan nan nan nan nan nan nan nan nan nan nan nan nan nan nan nan nan nan nan nan nan 0.000000 nan -1.000000 nan nan nan nan nan nan nan 19 30 0.000000
5 0 4 5.000000 0.180000 nan nan nan nan nan nan nan nan nan nan nan nan nan nan nan nan nan nan nan nan nan 0.000000 nan -1.000000 nan nan nan nan nan nan nan 19 30 0.000000
6 0 5 5.000000 0.220000 nan nan nan nan nan nan nan nan nan nan nan nan nan nan nan nan nan nan nan nan nan 0.000000 nan -1.000000 nan nan nan nan nan nan nan 19 30 0.000000
7 0 6 5.000000 0.260000 nan nan nan nan nan nan nan nan nan nan nan nan nan nan nan nan nan nan nan nan nan 0.000000 nan -1.000000 nan nan nan nan nan nan nan 19 30 0.000000
8 0 7 5.000000 0.300000 nan nan nan nan nan nan nan nan nan nan nan nan nan nan nan nan nan nan nan nan nan 0.000000 nan -1.000000 nan nan nan nan nan nan nan 19 30 0.000000
9 0 8 5.000000 0.340000 nan nan nan nan nan nan nan nan nan nan nan nan nan nan nan nan nan nan nan nan nan 0.000000 nan -1.000000 nan nan nan nan nan nan nan 19 30 0.000000
10 0 9 5.000000 0.380000 nan nan nan nan nan nan nan nan nan nan nan nan nan nan nan nan nan nan nan nan nan 0.000000 nan -1.000000 nan nan nan nan nan nan nan 19 30 0.000000
11 0 10 5.000000 0.420000 nan nan nan nan nan nan nan nan nan nan nan nan nan nan nan nan nan nan nan nan nan 0.000000 nan -1.000000 nan nan nan nan nan nan nan 19 30 0.000000
12 0 11 5.000000 0.460000 nan nan nan nan nan nan nan nan nan nan nan nan nan nan nan nan nan nan nan nan nan 0.000000 nan -1.000000 nan nan nan nan nan nan nan 19 30 0.000000
13 0 12 5.000000 0.500000 nan nan nan nan nan nan nan nan nan nan nan nan nan nan nan nan nan nan nan nan nan 0.000000 nan -1.000000 nan nan nan nan nan nan nan 19 30 0.000000
14 0 13 5.000000 0.540000 nan nan nan nan nan nan nan nan nan nan nan nan nan nan nan nan nan nan nan nan nan 0.000000 nan -1.000000 nan nan nan nan nan nan nan 19 30 0.000000
15 0 14 5.000000 0.580000 nan nan nan nan nan nan nan nan nan nan nan nan nan nan nan nan nan nan nan nan nan 0.000000 nan -1.000000 nan nan nan nan nan nan nan 19 30 0.000000
16 0 15 5.000000 0.620000 nan nan nan nan nan nan nan nan nan nan nan nan nan nan nan nan nan nan nan nan nan 0.000000 nan -1.000000 nan nan nan nan nan nan nan 19 30 0.000000
17 0 16 5.000000 0.660000 nan nan nan nan nan nan nan nan nan nan nan nan nan nan nan nan nan nan nan nan nan 0.000000 nan -1.000000 nan nan nan nan nan nan nan 19 30 0.000000
18 0 17 5.000000 0.700000 nan nan nan nan nan nan nan nan nan nan nan nan nan nan nan nan nan nan nan nan nan 0.000000 nan -1.000000 nan nan nan nan nan nan nan 19 30 0.000000
19 0 18 5.000000 0.740000 nan nan nan nan nan nan nan nan nan nan nan nan nan nan nan nan nan nan nan nan nan 0.000000 nan -1.000000 nan nan nan nan nan nan nan 19 30 0.000000
20 0 19 5.000000 0.780000 nan nan nan nan nan nan nan nan nan nan nan nan nan nan nan nan nan nan nan nan nan 0.000000 nan -1.000000 nan nan nan nan nan nan nan 19 30 0.000000
21 0 20 5.000000 0.820000 nan nan nan nan nan nan nan nan nan nan nan nan nan nan nan nan nan nan nan nan nan 0.000000 nan -1.000000 nan nan nan nan nan nan nan 19 30 0.000000
22 0 21 5.000000 0.860000 nan nan nan nan nan nan nan nan nan nan nan nan nan nan nan nan nan nan nan nan nan 0.000000 nan -1.000000 nan nan nan nan nan nan nan 19 30 0.000000
23 0 22 5.000000 0.900000 nan nan nan nan nan nan nan nan nan nan nan nan nan nan nan nan nan nan nan nan nan 0.000000 nan -1.000000 nan nan nan nan nan nan nan 19 30 0.000000
24 0 23 5.000000 0.940000 nan nan nan nan nan nan nan nan nan nan nan nan nan nan nan nan nan nan nan nan nan 0.000000 nan -1.000000 nan nan nan nan nan nan nan 19 30 0.000000
25 0 24 5.000000 0.980000 nan nan nan nan nan nan nan nan nan nan nan nan nan nan nan nan nan nan nan nan nan 0.000000 nan -1.000000 nan nan nan nan nan nan nan 19 30 0.000000
26 0 25 5.000000 1.020000 nan nan nan nan nan nan nan nan nan nan nan nan nan nan nan nan nan nan nan nan nan 0.000000 nan -1.000000 nan nan nan nan nan nan nan 19 30 0.000000
27 0 26 5.000000 1.060000 nan nan nan nan nan nan nan nan nan nan nan nan nan nan nan nan nan nan nan nan nan 0.000000 nan -1.000000 nan nan nan nan nan nan nan 19 30 0.000000
28 0 27 5.000000 1.100000 nan nan nan nan nan nan nan nan nan nan nan nan nan nan nan nan nan nan nan nan nan 0.000000 nan -1.000000 nan nan nan nan nan nan nan 19 30 0.000000
29 0 28 5.000000 1.140000 nan nan nan nan nan nan nan nan nan nan nan nan nan nan nan nan nan nan nan nan nan 0.000000 nan -1.000000 nan nan nan nan nan nan nan 19 30 0.000000
30 0 29 5.000000 1.180000 nan nan nan nan nan nan nan nan nan nan nan nan nan nan nan nan nan nan nan nan nan 0.000000 nan -1.000000 nan nan nan nan nan nan nan 19 30 0.000000
31 1 0 15.000000 0.020000 nan nan nan nan nan nan nan nan nan nan nan nan nan nan nan nan nan nan nan nan nan 0.000000 nan -1.000000 nan nan nan nan nan nan nan 19 30 0.000000
32 1 1 15.000000 0.060000 nan nan nan nan nan nan nan nan nan nan nan nan nan nan nan nan nan nan nan nan nan 0.000000 nan -1.000000 nan nan nan nan nan nan nan 19 30 0.000000
33 1 2 15.000000 0.100000 nan nan nan nan nan nan nan nan nan nan nan nan nan nan nan nan nan nan nan nan nan 0.000000 nan -1.000000 nan nan nan nan nan nan nan 19 30 0.000000
34 1 3 15.000000 0.140000 nan nan nan nan nan nan nan nan nan nan nan nan nan nan nan nan nan nan nan nan nan 0.000000 nan -1.000000 nan nan nan nan nan nan nan 19 30 0.000000
35 1 4 15.000000 0.180000 nan nan nan nan nan nan nan nan nan nan nan nan nan nan nan nan nan nan nan nan nan 0.000000 nan -1.000000 nan nan nan nan nan nan nan 19 30 0.000000
36 1 5 15.000000 0.220000 nan nan nan nan nan nan nan nan nan nan nan nan nan nan nan nan nan nan nan nan nan 0.000000 nan -1.000000 nan nan nan nan nan nan nan 19 30 0.000000
37 1 6 15.000000 0.260000 nan nan nan nan nan nan nan nan nan nan nan nan nan nan nan nan nan nan nan nan nan 0.000000 nan -1.000000 nan nan nan nan nan nan nan 19 30 0.000000
38 1 7 15.000000 0.300000 nan nan nan nan nan nan nan nan nan nan nan nan nan nan nan nan nan nan nan nan nan 0.000000 nan -1.000000 nan nan nan nan nan nan nan 19 30 0.000000
39 1 8 15.000000 0.340000 nan nan nan nan nan nan nan nan nan nan nan nan nan nan nan nan nan nan nan nan nan 0.000000 nan -1.000000 nan nan nan nan nan nan nan 19 30 0.000000
40 1 9 15.000000 0.380000 nan nan nan nan nan nan nan nan nan nan nan nan nan nan nan nan nan nan nan nan nan 0.000000 nan -1.000000 nan nan nan nan nan nan nan 19 30 0.000000
41 1 10 15.000000 0.420000 nan nan nan nan nan nan nan nan nan nan nan nan nan nan nan nan nan nan nan nan nan 0.000000 nan -1.000000 nan nan nan nan nan nan nan 19 30 0.000000
42 1 11 15.000000 0.460000 nan nan nan nan nan nan nan nan nan nan nan nan nan nan nan nan nan nan nan nan nan 0.000000 nan -1.000000 nan nan nan nan nan nan nan 19 30 0.000000
43 1 12 15.000000 0.500000 nan nan nan nan nan nan nan nan nan nan nan nan nan nan nan nan nan nan nan nan nan 0.000000 nan -1.000000 nan nan nan nan nan nan nan 19 30 0.000000
44 1 13 15.000000 0.540000 nan nan nan nan nan nan nan nan nan nan nan nan nan nan nan nan nan nan nan nan nan 0.000000 nan -1.000000 nan nan nan nan nan nan nan 19 30 0.000000
45 1 14 15.000000 0.580000 nan nan nan nan nan nan nan nan nan nan nan nan nan nan nan nan nan nan nan nan nan 0.000000 nan -1.000000 nan nan nan nan nan nan nan 19 30 0.000000
46 1 15 15.000000 0.620000 nan nan nan nan nan nan nan nan nan nan nan nan nan nan nan nan nan nan nan nan nan 0.000000 nan -1.000000 nan nan nan nan nan nan nan 19 30 0.000000
47 1 16 15.000000 0.660000 nan nan nan nan nan nan nan nan nan nan nan nan nan nan nan nan nan nan nan nan nan 0.000000 nan -1.000000 nan nan nan nan nan nan nan 19 30 0.000000
48 1 17 15.000000 0.700000 nan nan nan nan nan nan nan nan nan nan nan nan nan nan nan nan nan nan nan nan nan 0.000000 nan -1.000000 nan nan nan nan nan nan nan 19 30 0.000000
49 1 18 15.000000 0.740000 nan nan nan nan nan nan nan nan nan nan nan nan nan nan nan nan nan nan nan nan nan 0.000000 nan -1.000000 nan nan nan nan nan nan nan 19 30 0.000000
50 1 19 15.000000 0.780000 nan nan nan nan nan nan nan nan nan nan nan nan nan nan nan nan nan nan nan nan nan 0.000000 nan -1.000000 nan nan nan nan nan nan nan 19 30 0.000000
51 1 20 15.000000 0.820000 10544.045900 8997.661115 13.165634 1546.384520 1546.384770 4987276.500000 4987276.754615 2716.354490 2716.354655 2166.185447 1952.435670 833.234741 833.230332 1255.809323 0.793793 1.644227 1932.058991 281.341606 8.285322 8.285036 349.491535 38.834156 19.734457 19.733865 -0.626510 -0.779413 0.501842 0.016763 0.043780 0.266410 3299.436731 19 30 0.000000
52 1 21 15.000000 0.860000 10543.434600 8989.470685 13.212255 1553.964110 1553.963900 5017640.000000 5017640.408621 2726.250980 2726.250944 2165.622470 1951.811040 845.456787 845.451920 1263.951430 0.794924 1.648237 1930.713975 286.199023 8.432128 8.431828 344.825150 39.692097 19.787098 19.786488 -0.472041 -0.881577 0.498543 0.016630 0.043288 0.262692 3093.528235 19 30 0.000000
53 1 22 15.000000 0.900000 nan nan nan nan nan nan nan nan nan nan nan nan nan nan nan nan nan nan nan nan nan 0.000000 nan -1.000000 nan nan nan nan nan nan nan 19 30 0.000000
54 1 23 15.000000 0.940000 nan nan nan nan nan nan nan nan nan nan nan nan nan nan nan nan nan nan nan nan nan 0.000000 nan -1.000000 nan nan nan nan nan nan nan 19 30 0.000000
55 1 24 15.000000 0.980000 nan nan nan nan nan nan nan nan nan nan nan nan nan nan nan nan nan nan nan nan nan 0.000000 nan -1.000000 nan nan nan nan nan nan nan 19 30 0.000000
56 1 25 15.000000 1.020000 nan nan nan nan nan nan nan nan nan nan nan nan nan nan nan nan nan nan nan nan nan 0.000000 nan -1.000000 nan nan nan nan nan nan nan 19 30 0.000000
57 1 26 15.000000 1.060000 nan nan nan nan nan nan nan nan nan nan nan nan nan nan nan nan nan nan nan nan nan 0.000000 nan -1.000000 nan nan nan nan nan nan nan 19 30 0.000000
58 1 27 15.000000 1.100000 nan nan nan nan nan nan nan nan nan nan nan nan nan nan nan nan nan nan nan nan nan 0.000000 nan -1.000000 nan nan nan nan nan nan nan 19 30 0.000000
59 1 28 15.000000 1.140000 nan nan nan nan nan nan nan nan nan nan nan nan nan nan nan nan nan nan nan nan nan 0.000000 nan -1.000000 nan nan nan nan nan nan nan 19 30 0.000000
60 1 29 15.000000 1.180000 nan nan nan nan nan nan nan nan nan nan nan nan nan nan nan nan nan nan nan nan nan 0.000000 nan -1.000000 nan nan nan nan nan nan nan 19 30 0.000000
61 2 0 25.000000 0.020000 nan nan nan nan nan nan nan nan nan nan nan nan nan nan nan nan nan nan nan nan nan 0.000000 nan -1.000000 nan nan nan nan nan nan nan 19 30 0.000000
62 2 1 25.000000 0.060000 nan nan nan nan nan nan nan nan nan nan nan nan nan nan nan nan nan nan nan nan nan 0.000000 nan -1.000000 nan nan nan nan nan nan nan 19 30 0.000000
63 2 2 25.000000 0.100000 nan nan nan nan nan nan nan nan nan nan nan nan nan nan nan nan nan nan nan nan nan 0.000000 nan -1.000000 nan nan nan nan nan nan nan 19 30 0.000000
64 2 3 25.000000 0.140000 nan nan nan nan nan nan nan nan nan nan nan nan nan nan nan nan nan nan nan nan nan 0.000000 nan -1.000000 nan nan nan nan nan nan nan 19 30 0.000000
65 2 4 25.000000 0.180000 nan nan nan nan nan nan nan nan nan nan nan nan nan nan nan nan nan nan nan nan nan 0.000000 nan -1.000000 nan nan nan nan nan nan nan 19 30 0.000000
66 2 5 25.000000 0.220000 nan nan nan nan nan nan nan nan nan nan nan nan nan nan nan nan nan nan nan nan nan 0.000000 nan -1.000000 nan nan nan nan nan nan nan 19 30 0.000000
67 2 6 25.000000 0.260000 nan nan nan nan nan nan nan nan nan nan nan nan nan nan nan nan nan nan nan nan nan 0.000000 nan -1.000000 nan nan nan nan nan nan nan 19 30 0.000000
68 2 7 25.000000 0.300000 nan nan nan nan nan nan nan nan nan nan nan nan nan nan nan nan nan nan nan nan nan 0.000000 nan -1.000000 nan nan nan nan nan nan nan 19 30 0.000000
69 2 8 25.000000 0.340000 nan nan nan nan nan nan nan nan nan nan nan nan nan nan nan nan nan nan nan nan nan 0.000000 nan -1.000000 nan nan nan nan nan nan nan 19 30 0.000000
70 2 9 25.000000 0.380000 nan nan nan nan nan nan nan nan nan nan nan nan nan nan nan nan nan nan nan nan nan 0.000000 nan -1.000000 nan nan nan nan nan nan nan 19 30 0.000000
71 2 10 25.000000 0.420000 nan nan nan nan nan nan nan nan nan nan nan nan nan nan nan nan nan nan nan nan nan 0.000000 nan -1.000000 nan nan nan nan nan nan nan 19 30 0.000000
72 2 11 25.000000 0.460000 nan nan nan nan nan nan nan nan nan nan nan nan nan nan nan nan nan nan nan nan nan 0.000000 nan -1.000000 nan nan nan nan nan nan nan 19 30 0.000000
73 2 12 25.000000 0.500000 nan nan nan nan nan nan nan nan nan nan nan nan nan nan nan nan nan nan nan nan nan 0.000000 nan -1.000000 nan nan nan nan nan nan nan 19 30 0.000000
74 2 13 25.000000 0.540000 nan nan nan nan nan nan nan nan nan nan nan nan nan nan nan nan nan nan nan nan nan 0.000000 nan -1.000000 nan nan nan nan nan nan nan 19 30 0.000000
75 2 14 25.000000 0.580000 10541.620496 9132.511139 11.774193 1409.109401 1409.109343 4051282.729771 4051219.085438 2456.996475 2456.991703 2176.718351 1964.115179 587.208104 587.266490 1108.000992 0.748007 1.506725 1943.367314 284.731307 8.328250 8.335351 474.870846 30.946791 28.981821 29.002104 -0.082558 0.060862 0.632608 0.021430 0.063952 0.417042 5306.724790 19 30 0.000044
76 2 15 25.000000 0.620000 10541.342987 9107.747513 11.944896 1433.595457 1433.595459 4157828.755312 4157697.282433 2492.570960 2492.567597 2182.375153 1970.382441 621.978011 622.062915 1126.830306 0.753222 1.520298 1947.457299 299.694901 8.739553 8.748636 461.628485 32.992130 28.778839 28.801451 -0.101733 0.012847 0.619137 0.020761 0.061052 0.393688 4878.444092 19 30 0.000174
77 2 16 25.000000 0.660000 10541.279532 9079.537777 12.137585 1461.741747 1461.741740 4279284.555713 4279091.949646 2532.950826 2532.939175 2188.300354 1976.943118 661.374906 661.464149 1149.051386 0.758967 1.535793 1951.596437 315.555765 9.170372 9.184726 446.530523 35.248219 28.459657 28.493333 -0.080856 -0.014660 0.604224 0.020063 0.057970 0.369238 4374.017127 19 30 0.000284
78 2 17 25.000000 0.700000 10540.985172 9051.656179 12.319597 1489.328979 1489.328978 4394475.199801 4394233.366441 2571.463784 2571.445930 2192.714728 1981.828330 700.851450 700.946092 1172.224250 0.764188 1.550403 1953.891420 331.589884 9.613563 9.631752 431.392157 37.547706 28.189391 28.233142 -0.050136 0.010934 0.590347 0.019455 0.055250 0.347876 3931.233415 19 30 0.000390
79 2 18 25.000000 0.740000 10540.975241 9021.809130 12.498168 1519.166109 1519.166096 4507422.435970 4507120.161429 2610.579018 2610.552775 2198.845193 1988.609020 739.804519 739.909763 1195.930904 0.768991 1.564310 1957.839211 348.470172 10.069874 10.092225 417.587457 39.844467 28.045329 28.096830 -0.054215 0.004442 0.578158 0.018899 0.052758 0.328380 3580.070760 19 30 0.000429
80 2 19 25.000000 0.780000 10540.768502 8992.315808 12.670972 1548.452685 1548.452680 4617258.999511 4616870.725456 2648.536084 2648.504564 2202.925410 1993.119669 779.884472 779.994849 1221.137270 0.773498 1.577787 1959.352953 365.324542 10.535453 10.561617 402.959288 42.195581 27.870727 27.928405 -0.043214 0.002584 0.566204 0.018388 0.050487 0.310807 3253.800793 19 30 0.000437
81 2 20 25.000000 0.820000 10540.746490 8961.581951 12.842827 1579.164524 1579.164525 4726671.759938 4726209.156325 2687.041590 2687.000140 2207.888815 1998.604182 819.601991 819.719284 1246.885710 0.777764 1.590948 1961.750684 382.037865 10.989141 11.020041 389.040347 44.479687 27.712622 27.778805 -0.055455 0.002223 0.555189 0.017899 0.048361 0.294470 2983.699928 19 30 0.000379
82 2 21 25.000000 0.860000 10540.592475 8932.849323 12.992775 1607.743140 1607.743137 4821638.428252 4821162.443701 2721.448835 2721.396781 2210.304621 2001.272638 858.873606 858.992583 1273.048517 0.781258 1.602029 1960.982762 399.548216 11.482839 11.516321 375.139158 46.804694 27.650349 27.719012 -0.046647 0.007270 0.545608 0.017484 0.046618 0.281090 2742.361128 19 30 0.000314
83 2 22 25.000000 0.900000 10540.438023 8908.280648 13.094588 1632.157352 1632.157360 4883510.483041 4883146.604736 2747.246267 2747.195707 2207.885775 1998.600823 898.179622 898.280504 1299.881584 0.783175 1.608231 1953.734423 421.102192 12.135848 12.163289 361.165955 49.381358 27.902127 27.955585 -0.023766 0.004382 0.538994 0.017215 0.045529 0.272439 2559.833644 19 30 0.000203
84 2 23 25.000000 0.940000 10540.210529 8885.581847 13.170215 1654.628665 1654.628667 4927007.807098 4926772.521587 2768.538210 2768.495719 2202.816844 1992.999674 937.611052 937.691009 1327.421823 0.784223 1.611659 1942.815325 444.428076 12.865553 12.884979 347.014136 52.016906 28.255444 28.291660 -0.032367 -0.006882 0.534014 0.017026 0.044784 0.266233 2448.223878 19 30 0.000108
85 2 24 25.000000 0.980000 10539.986980 8863.592283 13.228139 1676.394678 1676.394682 4957748.232041 4957607.321794 2787.127413 2787.096420 2196.717243 1986.255849 976.677747 976.739359 1355.287439 0.784654 1.613077 1930.162678 468.704957 13.636482 13.649050 333.098128 54.599443 28.654029 28.676714 -0.010264 0.000438 0.530408 0.016892 0.044268 0.261601 2324.163401 19 30 0.000047
86 2 25 25.000000 1.020000 10539.818269 8842.180936 13.277098 1697.637320 1697.637318 4982142.731930 4982063.704730 2804.307797 2804.288888 2189.313308 1978.064310 1016.071409 1016.114697 1383.934011 0.784801 1.613560 1915.688064 492.826190 14.419770 14.426964 318.697973 57.110294 29.000311 29.013153 -0.003831 0.002460 0.527194 0.016786 0.043865 0.257763 2228.462005 19 30 0.000016
87 2 26 25.000000 1.060000 10539.500094 8820.046936 13.322801 1719.453148 1719.453143 5003590.950178 5003558.808328 2821.372442 2821.361005 2182.270205 1970.266200 1055.051649 1055.082755 1412.792939 0.784788 1.613515 1901.356682 516.518795 15.193911 15.198081 304.531764 59.477034 29.303550 29.311198 -0.012459 0.009471 0.524485 0.016691 0.043515 0.254252 2152.797012 19 30 0.000004
88 2 27 25.000000 1.100000 10539.258769 8798.661181 13.362296 1740.597562 1740.597573 5020818.182630 5020815.609449 2837.344359 2837.339515 2174.946117 1962.150929 1092.887668 1092.909107 1441.261456 0.784617 1.612955 1886.640886 539.094086 15.944761 15.946907 290.558042 61.676458 29.550823 29.555424 0.032214 0.019465 0.522116 0.016616 0.043237 0.251264 2029.602739 19 30 0.000001
89 2 28 25.000000 1.140000 10539.218527 8778.677128 13.390659 1760.541291 1760.541384 5030588.013049 5030584.023114 2851.333934 2851.331266 2167.766820 1954.190021 1128.423876 1128.436511 1468.384564 0.784162 1.611457 1872.034266 560.665984 16.671857 16.672726 277.419108 63.673665 29.789924 29.791950 -0.034503 0.143606 0.520546 0.016573 0.043080 0.249139 2035.720452 19 30 0.000000
90 2 29 25.000000 1.180000 10542.221700 8760.872055 13.427266 1781.349120 1781.349630 5049180.500000 5049180.573917 2867.470210 2867.470502 2161.062001 1946.749760 1164.015870 1164.012649 1495.897629 0.784113 1.611298 1858.309659 580.103301 17.336800 17.336651 263.918176 65.536824 29.892065 29.891896 -0.916906 0.399103 0.518044 0.016491 0.042785 0.246286 3040.768576 19 30 0.000000
91 3 0 35.000000 0.020000 nan nan nan nan nan nan nan nan nan nan nan nan nan nan nan nan nan nan nan nan nan 0.000000 nan -1.000000 nan nan nan nan nan nan nan 19 30 0.000000
92 3 1 35.000000 0.060000 nan nan nan nan nan nan nan nan nan nan nan nan nan nan nan nan nan nan nan nan nan 0.000000 nan -1.000000 nan nan nan nan nan nan nan 19 30 0.000000
93 3 2 35.000000 0.100000 nan nan nan nan nan nan nan nan nan nan nan nan nan nan nan nan nan nan nan nan nan 0.000000 nan -1.000000 nan nan nan nan nan nan nan 19 30 0.000000
94 3 3 35.000000 0.140000 nan nan nan nan nan nan nan nan nan nan nan nan nan nan nan nan nan nan nan nan nan 0.000000 nan -1.000000 nan nan nan nan nan nan nan 19 30 0.000000
95 3 4 35.000000 0.180000 nan nan nan nan nan nan nan nan nan nan nan nan nan nan nan nan nan nan nan nan nan 0.000000 nan -1.000000 nan nan nan nan nan nan nan 19 30 0.000000
96 3 5 35.000000 0.220000 nan nan nan nan nan nan nan nan nan nan nan nan nan nan nan nan nan nan nan nan nan 0.000000 nan -1.000000 nan nan nan nan nan nan nan 19 30 0.000000
97 3 6 35.000000 0.260000 nan nan nan nan nan nan nan nan nan nan nan nan nan nan nan nan nan nan nan nan nan 0.000000 nan -1.000000 nan nan nan nan nan nan nan 19 30 0.000000
98 3 7 35.000000 0.300000 nan nan nan nan nan nan nan nan nan nan nan nan nan nan nan nan nan nan nan nan nan 0.000000 nan -1.000000 nan nan nan nan nan nan nan 19 30 0.000000
99 3 8 35.000000 0.340000 nan nan nan nan nan nan nan nan nan nan nan nan nan nan nan nan nan nan nan nan nan 0.000000 nan -1.000000 nan nan nan nan nan nan nan 19 30 0.000000
100 3 9 35.000000 0.380000 nan nan nan nan nan nan nan nan nan nan nan nan nan nan nan nan nan nan nan nan nan 0.000000 nan -1.000000 nan nan nan nan nan nan nan 19 30 0.000000
101 3 10 35.000000 0.420000 nan nan nan nan nan nan nan nan nan nan nan nan nan nan nan nan nan nan nan nan nan 0.000000 nan -1.000000 nan nan nan nan nan nan nan 19 30 0.000000
102 3 11 35.000000 0.460000 nan nan nan nan nan nan nan nan nan nan nan nan nan nan nan nan nan nan nan nan nan 0.000000 nan -1.000000 nan nan nan nan nan nan nan 19 30 0.000000
103 3 12 35.000000 0.500000 nan nan nan nan nan nan nan nan nan nan nan nan nan nan nan nan nan nan nan nan nan 0.000000 nan -1.000000 nan nan nan nan nan nan nan 19 30 0.000000
104 3 13 35.000000 0.540000 nan nan nan nan nan nan nan nan nan nan nan nan nan nan nan nan nan nan nan nan nan 0.000000 nan -1.000000 nan nan nan nan nan nan nan 19 30 0.000000
105 3 14 35.000000 0.580000 10541.218181 9093.230036 11.758381 1447.988141 1447.988131 4022892.111381 4022851.617849 2473.848503 2473.766611 2213.304306 2004.585145 591.498211 591.581025 1110.293825 0.744304 1.497362 1978.342398 323.300106 9.252100 9.281218 495.584358 33.118878 33.053003 33.127353 -0.026893 0.011903 0.654419 0.021619 0.064758 0.419326 5096.585896 19 30 0.000191
106 3 15 35.000000 0.620000 10541.122577 9062.920972 11.842832 1478.201593 1478.201590 4067121.193615 4067000.072079 2500.559445 2500.415968 2225.569311 2018.119028 624.455543 624.616981 1128.242280 0.745545 1.500475 1986.617062 355.185948 10.090866 10.136771 491.189345 35.871223 34.545271 34.655861 -0.056022 -0.007418 0.653965 0.021328 0.063510 0.407479 4880.445390 19 30 0.001594
107 3 16 35.000000 0.660000 10540.922140 9037.197758 11.929270 1503.724373 1503.724368 4114887.980711 4114579.226920 2525.172835 2525.027961 2229.934940 2022.932399 661.893150 662.068558 1149.399427 0.747197 1.504658 1986.054625 384.502951 10.911675 10.956990 481.271346 38.622467 35.401228 35.504016 -0.053351 -0.012270 0.649689 0.021025 0.062203 0.395791 4628.887201 19 30 0.003732
108 3 17 35.000000 0.700000 10540.572986 9010.726964 12.026641 1529.846007 1529.846008 4169956.654136 4169387.768046 2551.571985 2551.434219 2233.329397 2026.673592 700.593102 700.782793 1172.126611 0.749220 1.509840 1984.398780 411.785543 11.679034 11.723152 469.778843 41.236247 35.889492 35.987444 -0.031389 0.000382 0.644011 0.020691 0.060745 0.383130 4325.652356 19 30 0.005174
109 3 18 35.000000 0.740000 10540.465386 8982.534785 12.135844 1557.930586 1557.930586 4232702.119299 4231838.753909 2580.638563 2580.501204 2237.533857 2031.305840 739.824046 740.032316 1196.006730 0.751557 1.515914 1983.634426 437.490432 12.392732 12.437469 457.806428 43.700072 36.142306 36.240610 -0.036013 0.000767 0.637677 0.020327 0.059143 0.369508 4061.816159 19 30 0.005424
110 3 19 35.000000 0.780000 10540.296370 8951.463360 12.258444 1588.832996 1588.832996 4303633.206308 4302441.986979 2612.955493 2612.820751 2243.508223 2037.884884 779.447241 779.677787 1220.934773 0.754182 1.522846 1984.810787 462.061617 13.060025 13.104975 445.884839 46.020724 36.244353 36.343971 -0.036414 0.001334 0.631062 0.019936 0.057403 0.354930 3775.696157 19 30 0.004859
111 3 20 35.000000 0.820000 10540.238222 8916.565258 12.395262 1623.672945 1623.672949 4382929.446246 4381468.582559 2649.253862 2649.109742 2252.638413 2047.931999 819.097571 819.352385 1246.644536 0.757044 1.530540 1989.436187 485.972357 13.680770 13.727184 434.812058 48.180178 36.276844 36.378559 -0.038155 0.005760 0.624726 0.019520 0.055543 0.339491 3480.785293 19 30 0.003864
112 3 21 35.000000 0.860000 10540.174604 8879.647609 12.539558 1660.526982 1660.526980 4466761.792231 4465072.676904 2687.619859 2687.456517 2263.032445 2059.359488 858.796027 859.075602 1273.104535 0.759998 1.538638 1995.450545 509.056602 14.262490 14.311394 423.972760 50.210446 36.234014 36.339114 -0.025879 -0.002326 0.618476 0.019102 0.053667 0.324106 3171.608547 19 30 0.002856
113 3 22 35.000000 0.900000 10540.069533 8841.378478 12.679479 1698.691038 1698.691040 4546946.091397 4545146.712299 2726.126285 2725.930660 2273.881425 2071.275546 898.761677 899.058901 1300.419615 0.762647 1.546038 2001.623446 532.621787 14.848708 14.900828 413.494247 52.176471 36.222103 36.329031 -0.026468 -0.000096 0.613169 0.018719 0.051954 0.310013 2914.210722 19 30 0.001966
114 3 23 35.000000 0.940000 10540.032514 8804.356496 12.798248 1735.676003 1735.676003 4612708.605153 4610933.138627 2761.301422 2761.069417 2283.067845 2081.356394 938.508019 938.817985 1328.218158 0.764567 1.551483 2005.413099 557.102089 15.471312 15.525249 403.161004 54.107671 36.293778 36.399224 -0.023598 -0.002449 0.609390 0.018415 0.050606 0.298643 2701.599092 19 30 0.001295
115 3 24 35.000000 0.980000 10539.957117 8766.700919 12.906649 1773.256180 1773.256184 4670622.816048 4668953.264228 2795.519800 2795.244311 2292.287492 2091.465420 978.215364 978.530264 1356.578691 0.766058 1.555764 2008.786287 582.241577 16.108002 16.164096 393.235456 55.965618 36.411047 36.513803 -0.030063 -0.004270 0.606792 0.018153 0.049458 0.288720 2529.701838 19 30 0.000787
116 3 25 35.000000 1.020000 10539.903624 8729.470927 12.995612 1810.432681 1810.432682 4714652.605360 4713137.665011 2827.113935 2826.801047 2300.492320 2100.454848 1017.998432 1018.315048 1385.550362 0.766893 1.558179 2010.355346 608.590136 16.786098 16.842515 383.504402 57.782831 36.604541 36.701365 -0.021549 0.001582 0.605710 0.017957 0.048608 0.280881 2371.395590 19 30 0.000452
117 3 26 35.000000 1.060000 10539.786312 8691.482760 13.072089 1848.303539 1848.303537 4749071.107966 4747726.914364 2857.599848 2857.263180 2308.865358 2109.621980 1057.789472 1058.100695 1415.048179 0.767274 1.559286 2011.519411 635.841613 17.487192 17.541754 374.207406 59.522210 36.847652 36.936341 -0.023784 -0.002105 0.605923 0.017804 0.047958 0.274357 2250.055217 19 30 0.000241
118 3 27 35.000000 1.100000 10539.718042 8652.948244 13.138427 1886.769781 1886.769782 4775699.853934 4774530.712051 2887.295500 2886.941448 2317.325798 2118.878125 1097.598778 1097.905619 1445.053984 0.767318 1.559413 2012.281664 663.601546 18.199564 18.251299 365.146012 61.178259 37.107079 37.187473 -0.022366 0.002237 0.607083 0.017687 0.047463 0.268849 2141.185977 19 30 0.000120
119 3 28 35.000000 1.140000 10539.581110 8613.412072 13.195810 1926.169023 1926.169023 4795065.728106 4794075.705847 2916.539934 2916.196634 2326.212536 2128.593530 1137.476856 1137.766315 1475.566486 0.767061 1.558666 2012.998867 691.914720 18.923491 18.969042 356.391909 62.747879 37.385919 37.454723 -0.017757 -0.003797 0.609184 0.017602 0.047106 0.264200 2043.011683 19 30 0.000058
120 3 29 35.000000 1.180000 10539.446542 8573.068652 13.246579 1966.377874 1966.377874 4809037.515964 4808182.940589 2945.632996 2945.305567 2335.377085 2138.605102 1177.475937 1177.748616 1506.610789 0.766610 1.557358 2013.605141 720.434673 19.646861 19.686371 347.730215 64.234919 37.654061 37.712885 -0.021726 0.004690 0.611889 0.017541 0.046851 0.260171 1966.841475 19 30 0.000026
121 4 0 45.000000 0.020000 nan nan nan nan nan nan nan nan nan nan nan nan nan nan nan nan nan nan nan nan nan 0.000000 nan -1.000000 nan nan nan nan nan nan nan 19 30 0.000000
122 4 1 45.000000 0.060000 nan nan nan nan nan nan nan nan nan nan nan nan nan nan nan nan nan nan nan nan nan 0.000000 nan -1.000000 nan nan nan nan nan nan nan 19 30 0.000000
123 4 2 45.000000 0.100000 nan nan nan nan nan nan nan nan nan nan nan nan nan nan nan nan nan nan nan nan nan 0.000000 nan -1.000000 nan nan nan nan nan nan nan 19 30 0.000000
124 4 3 45.000000 0.140000 nan nan nan nan nan nan nan nan nan nan nan nan nan nan nan nan nan nan nan nan nan 0.000000 nan -1.000000 nan nan nan nan nan nan nan 19 30 0.000000
125 4 4 45.000000 0.180000 nan nan nan nan nan nan nan nan nan nan nan nan nan nan nan nan nan nan nan nan nan 0.000000 nan -1.000000 nan nan nan nan nan nan nan 19 30 0.000000
126 4 5 45.000000 0.220000 nan nan nan nan nan nan nan nan nan nan nan nan nan nan nan nan nan nan nan nan nan 0.000000 nan -1.000000 nan nan nan nan nan nan nan 19 30 0.000000
127 4 6 45.000000 0.260000 nan nan nan nan nan nan nan nan nan nan nan nan nan nan nan nan nan nan nan nan nan 0.000000 nan -1.000000 nan nan nan nan nan nan nan 19 30 0.000000
128 4 7 45.000000 0.300000 nan nan nan nan nan nan nan nan nan nan nan nan nan nan nan nan nan nan nan nan nan 0.000000 nan -1.000000 nan nan nan nan nan nan nan 19 30 0.000000
129 4 8 45.000000 0.340000 nan nan nan nan nan nan nan nan nan nan nan nan nan nan nan nan nan nan nan nan nan 0.000000 nan -1.000000 nan nan nan nan nan nan nan 19 30 0.000000
130 4 9 45.000000 0.380000 nan nan nan nan nan nan nan nan nan nan nan nan nan nan nan nan nan nan nan nan nan 0.000000 nan -1.000000 nan nan nan nan nan nan nan 19 30 0.000000
131 4 10 45.000000 0.420000 nan nan nan nan nan nan nan nan nan nan nan nan nan nan nan nan nan nan nan nan nan 0.000000 nan -1.000000 nan nan nan nan nan nan nan 19 30 0.000000
132 4 11 45.000000 0.460000 nan nan nan nan nan nan nan nan nan nan nan nan nan nan nan nan nan nan nan nan nan 0.000000 nan -1.000000 nan nan nan nan nan nan nan 19 30 0.000000
133 4 12 45.000000 0.500000 nan nan nan nan nan nan nan nan nan nan nan nan nan nan nan nan nan nan nan nan nan 0.000000 nan -1.000000 nan nan nan nan nan nan nan 19 30 0.000000
134 4 13 45.000000 0.540000 nan nan nan nan nan nan nan nan nan nan nan nan nan nan nan nan nan nan nan nan nan 0.000000 nan -1.000000 nan nan nan nan nan nan nan 19 30 0.000000
135 4 14 45.000000 0.580000 nan nan nan nan nan nan nan nan nan nan nan nan nan nan nan nan nan nan nan nan nan 0.000000 nan -1.000000 nan nan nan nan nan nan nan 19 30 0.000000
136 4 15 45.000000 0.620000 10541.329563 8979.264915 11.825070 1562.064659 1562.064634 4017546.342385 4017503.329172 2541.193277 2541.170842 2306.668158 2107.217038 629.548809 629.596204 1131.006476 0.739212 1.484841 2066.276170 413.359929 11.306919 11.312724 536.263878 37.625554 41.021207 41.037108 -0.028857 -0.051903 0.698314 0.021655 0.064912 0.409921 4651.612361 19 30 0.000086
137 4 16 45.000000 0.660000 10541.136154 8951.658506 11.888324 1589.477617 1589.477634 4047964.082230 4047885.653992 2564.105638 2564.044618 2314.189325 2115.447444 664.569991 664.667322 1150.898309 0.739965 1.486668 2068.540455 443.010466 12.075678 12.088184 529.433252 39.921366 41.768200 41.798626 -0.069414 0.038185 0.697550 0.021452 0.064046 0.401265 4564.294667 19 30 0.000715
138 4 17 45.000000 0.700000 10540.908139 8923.318797 11.946164 1617.589328 1617.589328 4074369.018318 4074199.242535 2586.777464 2586.657008 2320.013296 2121.816992 702.404192 702.553341 1173.186032 0.740484 1.487931 2068.175370 474.086478 12.890205 12.910820 521.137928 42.293230 42.393872 42.439006 -0.064757 -0.002458 0.696816 0.021281 0.063310 0.393553 4395.151776 19 30 0.002013
139 4 18 45.000000 0.740000 10540.725896 8893.349192 12.004382 1647.376690 1647.376690 4100242.054278 4099972.863704 2610.516677 2610.330022 2326.047526 2128.413200 741.344173 741.538328 1196.939163 0.740942 1.489051 2067.571225 505.264268 13.704459 13.732554 512.388597 44.598893 42.893761 42.951035 -0.056854 0.004704 0.696258 0.021117 0.062600 0.385974 4220.308742 19 30 0.003514
140 4 19 45.000000 0.780000 10540.574029 8860.186348 12.066303 1680.387666 1680.387666 4127142.840527 4126715.939761 2636.618448 2636.364665 2334.391375 2137.528654 780.493430 780.728930 1221.606291 0.741385 1.490136 2069.120004 536.443059 14.499833 14.534573 504.316354 46.768075 43.333629 43.401410 -0.048605 -0.008909 0.696451 0.020950 0.061876 0.378108 4037.491793 19 30 0.004567
141 4 20 45.000000 0.820000 10540.428740 8825.172944 12.125991 1715.255782 1715.255781 4151552.674975 4150964.789773 2663.589000 2663.281281 2343.609053 2147.591453 820.018172 820.283534 1247.256728 0.741682 1.490865 2071.195264 567.714035 15.289499 15.328284 496.431456 48.832275 43.722880 43.796166 -0.042979 0.004250 0.697312 0.020802 0.061230 0.370715 3870.108446 19 30 0.004922
142 4 21 45.000000 0.860000 10540.336229 8788.052531 12.186729 1752.283683 1752.283682 4175639.086015 4174824.412779 2692.054735 2691.713677 2354.233301 2159.180421 859.621844 859.899121 1273.660381 0.741949 1.491523 2074.506699 598.733702 16.058457 16.098932 488.898159 50.766519 44.055111 44.129596 -0.040334 -0.002800 0.698677 0.020659 0.060603 0.363372 3711.872051 19 30 0.004538
143 4 22 45.000000 0.900000 10540.241801 8750.841824 12.244951 1789.399962 1789.399962 4197835.495859 4196774.641246 2720.423542 2720.060085 2364.267949 2170.117184 899.256945 899.525160 1300.742012 0.742170 1.492066 2076.974329 628.956458 16.806387 16.847541 480.871605 52.600110 44.289730 44.363609 -0.033804 -0.004148 0.699957 0.020529 0.060035 0.356504 3556.747753 19 30 0.003792
144 4 23 45.000000 0.940000 10540.115108 8713.142518 12.298475 1826.972574 1826.972575 4216444.547317 4215114.018739 2748.641489 2748.261780 2374.108399 2180.833865 938.926940 939.180158 1328.474176 0.742255 1.492276 2078.935833 658.833929 17.542692 17.583888 472.665332 54.343317 44.475484 44.547392 -0.037145 0.000649 0.701545 0.020423 0.059566 0.350334 3438.211113 19 30 0.002880
145 4 24 45.000000 0.980000 10540.039526 8674.708748 12.348629 1865.330762 1865.330763 4232234.848845 4230654.962924 2777.095106 2776.709171 2383.989254 2191.586279 978.819155 979.047052 1356.951509 0.742249 1.492260 2080.634016 688.485663 18.269283 18.309476 464.272994 56.006661 44.617193 44.685935 -0.040459 0.001345 0.703385 0.020334 0.059173 0.344672 3330.325660 19 30 0.002038
146 4 25 45.000000 1.020000 10539.960403 8637.279984 12.395870 1902.680403 1902.680404 4246346.671851 4244534.371239 2804.796144 2804.412076 2392.434019 2200.769454 1018.526792 1018.731394 1385.856385 0.742244 1.492248 2080.703426 716.979388 18.974590 19.013188 455.037693 57.598363 44.668358 44.732381 -0.035993 -0.003649 0.704738 0.020255 0.058824 0.339442 3215.683265 19 30 0.001366
147 4 26 45.000000 1.060000 10539.903224 8599.325286 12.438984 1940.577922 1940.577923 4257215.461653 4255191.463760 2832.523097 2832.143029 2400.774566 2209.833517 1058.409660 1058.589014 1415.413356 0.742139 1.491990 2080.365908 745.279720 19.672974 19.709786 445.592963 59.125351 44.691779 44.751331 -0.032680 -0.006950 0.706322 0.020196 0.058559 0.334755 3114.539124 19 30 0.000847
148 4 27 45.000000 1.100000 10539.821989 8562.066578 12.479519 1977.755397 1977.755396 4266498.764653 4264270.147375 2859.702995 2859.333236 2407.992499 2217.672998 1098.172200 1098.325336 1445.372897 0.742035 1.491734 2078.726150 772.639063 20.354798 20.389533 435.453066 60.594747 44.651247 44.706080 -0.033368 0.005164 0.707524 0.020145 0.058335 0.330423 3029.512945 19 30 0.000506
149 4 28 45.000000 1.140000 10539.687888 8525.999722 12.517629 2013.688151 2013.688151 4274470.020027 4272123.779172 2886.021679 2885.665218 2413.506247 2223.658710 1137.924466 1138.058643 1475.791904 0.741950 1.491524 2075.179106 798.930371 21.024151 21.056379 424.305623 62.027581 44.538831 44.588619 -0.027753 -0.000557 0.708099 0.020101 0.058141 0.326418 2938.243464 19 30 0.000286
150 4 29 45.000000 1.180000 10539.620492 8489.207700 12.558102 2050.412776 2050.412776 4283565.140551 4281102.046856 2913.301401 2912.952900 2419.311429 2229.958171 1177.761735 1177.877250 1506.711348 0.741960 1.491549 2071.886096 824.622003 21.672465 21.702826 412.940091 63.399992 44.388396 44.434356 -0.031612 -0.002363 0.708460 0.020052 0.057921 0.322226 2864.430725 19 30 0.000151
151 5 0 55.000000 0.020000 nan nan nan nan nan nan nan nan nan nan nan nan nan nan nan nan nan nan nan nan nan 0.000000 nan -1.000000 nan nan nan nan nan nan nan 19 30 0.000000
152 5 1 55.000000 0.060000 nan nan nan nan nan nan nan nan nan nan nan nan nan nan nan nan nan nan nan nan nan 0.000000 nan -1.000000 nan nan nan nan nan nan nan 19 30 0.000000
153 5 2 55.000000 0.100000 nan nan nan nan nan nan nan nan nan nan nan nan nan nan nan nan nan nan nan nan nan 0.000000 nan -1.000000 nan nan nan nan nan nan nan 19 30 0.000000
154 5 3 55.000000 0.140000 nan nan nan nan nan nan nan nan nan nan nan nan nan nan nan nan nan nan nan nan nan 0.000000 nan -1.000000 nan nan nan nan nan nan nan 19 30 0.000000
155 5 4 55.000000 0.180000 nan nan nan nan nan nan nan nan nan nan nan nan nan nan nan nan nan nan nan nan nan 0.000000 nan -1.000000 nan nan nan nan nan nan nan 19 30 0.000000
156 5 5 55.000000 0.220000 nan nan nan nan nan nan nan nan nan nan nan nan nan nan nan nan nan nan nan nan nan 0.000000 nan -1.000000 nan nan nan nan nan nan nan 19 30 0.000000
157 5 6 55.000000 0.260000 nan nan nan nan nan nan nan nan nan nan nan nan nan nan nan nan nan nan nan nan nan 0.000000 nan -1.000000 nan nan nan nan nan nan nan 19 30 0.000000
158 5 7 55.000000 0.300000 nan nan nan nan nan nan nan nan nan nan nan nan nan nan nan nan nan nan nan nan nan 0.000000 nan -1.000000 nan nan nan nan nan nan nan 19 30 0.000000
159 5 8 55.000000 0.340000 nan nan nan nan nan nan nan nan nan nan nan nan nan nan nan nan nan nan nan nan nan 0.000000 nan -1.000000 nan nan nan nan nan nan nan 19 30 0.000000
160 5 9 55.000000 0.380000 nan nan nan nan nan nan nan nan nan nan nan nan nan nan nan nan nan nan nan nan nan 0.000000 nan -1.000000 nan nan nan nan nan nan nan 19 30 0.000000
161 5 10 55.000000 0.420000 nan nan nan nan nan nan nan nan nan nan nan nan nan nan nan nan nan nan nan nan nan 0.000000 nan -1.000000 nan nan nan nan nan nan nan 19 30 0.000000
162 5 11 55.000000 0.460000 nan nan nan nan nan nan nan nan nan nan nan nan nan nan nan nan nan nan nan nan nan 0.000000 nan -1.000000 nan nan nan nan nan nan nan 19 30 0.000000
163 5 12 55.000000 0.500000 nan nan nan nan nan nan nan nan nan nan nan nan nan nan nan nan nan nan nan nan nan 0.000000 nan -1.000000 nan nan nan nan nan nan nan 19 30 0.000000
164 5 13 55.000000 0.540000 nan nan nan nan nan nan nan nan nan nan nan nan nan nan nan nan nan nan nan nan nan 0.000000 nan -1.000000 nan nan nan nan nan nan nan 19 30 0.000000
165 5 14 55.000000 0.580000 nan nan nan nan nan nan nan nan nan nan nan nan nan nan nan nan nan nan nan nan nan 0.000000 nan -1.000000 nan nan nan nan nan nan nan 19 30 0.000000
166 5 15 55.000000 0.620000 nan nan nan nan nan nan nan nan nan nan nan nan nan nan nan nan nan nan nan nan nan 0.000000 nan -1.000000 nan nan nan nan nan nan nan 19 30 0.000000
167 5 16 55.000000 0.660000 nan nan nan nan nan nan nan nan nan nan nan nan nan nan nan nan nan nan nan nan nan 0.000000 nan -1.000000 nan nan nan nan nan nan nan 19 30 0.000000
168 5 17 55.000000 0.700000 nan nan nan nan nan nan nan nan nan nan nan nan nan nan nan nan nan nan nan nan nan 0.000000 nan -1.000000 nan nan nan nan nan nan nan 19 30 0.000000
169 5 18 55.000000 0.740000 10539.529300 8764.579085 11.857438 1774.949830 1774.950200 3942195.500000 3942195.243686 2663.201660 2663.201730 2447.812140 2260.847170 750.883057 750.878571 1202.748060 0.729532 1.462103 2185.387352 579.234018 14.844968 14.844833 584.299120 44.750581 50.480699 50.480529 -0.706006 0.708206 0.771562 0.022181 0.067131 0.405594 6445.164520 19 30 0.000000
170 5 19 55.000000 0.780000 10537.465580 8736.772129 11.924830 1800.693324 1800.693436 3973554.965943 3973544.116650 2686.273421 2686.268968 2452.246830 2265.647848 784.543030 784.557396 1224.056606 0.730698 1.464771 2184.008930 602.714826 15.426934 15.427759 574.419065 46.377002 50.193501 50.194559 -0.010497 0.177588 0.768223 0.021958 0.066194 0.396642 4166.109353 19 30 0.000004
171 5 20 55.000000 0.820000 10541.055457 8701.387818 11.975309 1839.667678 1839.667624 3992307.464583 3992263.845655 2716.006263 2715.997204 2465.510291 2279.997072 824.066605 824.095941 1249.767334 0.731035 1.465545 2189.967891 634.371564 16.153386 16.154803 568.036437 48.157725 50.329983 50.334027 -0.167621 -0.012348 0.770290 0.021828 0.065644 0.389718 4457.842947 19 30 0.000013
172 5 21 55.000000 0.860000 10540.987449 8676.489645 11.983822 1864.497803 1864.497789 3986475.580710 3986455.922268 2731.824289 2731.814036 2467.533592 2282.184849 858.242778 858.289472 1272.574197 0.730411 1.464111 2184.357104 661.023241 16.834792 16.836699 559.355683 49.762211 50.365767 50.368575 0.101635 0.016407 0.771758 0.021868 0.065814 0.388615 3729.643056 19 30 0.000011
173 5 22 55.000000 0.900000 10540.810097 8646.652349 12.010007 1894.157806 1894.157733 3990019.304344 3989996.013057 2752.793984 2752.785777 2470.390347 2285.273314 897.516695 897.550736 1299.377387 0.730227 1.463690 2178.648704 689.901403 17.569925 17.571163 548.449430 51.516430 50.229993 50.232717 0.050062 0.014097 0.771889 0.021843 0.065710 0.385244 3799.910747 19 30 0.000011
174 5 23 55.000000 0.940000 10541.283700 8615.819405 12.006813 1925.464262 1925.464280 3973858.510608 3973840.096114 2771.515713 2771.507314 2473.302847 2288.421427 938.159988 938.185861 1327.771433 0.729138 1.461205 2171.730280 721.429289 18.375102 18.376024 538.236858 53.274479 50.258576 50.260770 -0.071984 -0.201331 0.774820 0.021956 0.066186 0.385620 4135.125349 19 30 0.000005
175 5 24 55.000000 0.980000 10540.284498 8588.110449 12.007553 1952.173742 1952.174034 3961190.744038 3961171.244927 2787.868852 2787.858444 2474.345838 2289.548641 974.139167 974.171793 1353.438196 0.728322 1.459353 2163.879057 748.104543 19.070120 19.071487 527.934160 54.789545 50.166947 50.169175 -0.065046 -0.273945 0.776378 0.022045 0.066562 0.385598 4119.132787 19 30 0.000001
176 5 25 55.000000 1.020000 10539.781023 8518.778029 12.117099 2021.002761 2021.002979 4000973.794114 4000752.370981 2843.440569 2843.449562 2503.771803 2321.318352 1028.177569 1028.213146 1392.841176 0.729723 1.462539 2183.351904 788.348499 19.856123 19.853261 521.089597 56.535740 50.056136 50.059987 -0.794825 0.585991 0.779874 0.021769 0.065396 0.371852 6239.362941 19 30 0.000000
177 5 26 55.000000 1.060000 10539.122100 8431.436505 12.274477 2107.686280 2107.685580 4062610.000000 4062609.981151 2916.324950 2916.324482 2556.026521 2377.586430 1074.394410 1074.389453 1427.269059 0.732139 1.468093 2229.442077 826.138765 20.332726 20.332616 525.689483 57.530545 50.258689 50.258608 -0.082228 0.996614 0.788009 0.021356 0.063633 0.353154 3576.310902 19 30 0.000000
178 5 27 55.000000 1.100000 10539.123955 8435.261961 12.222613 2103.861987 2103.861978 4030298.065686 4030309.248936 2908.021187 2908.013836 2543.759510 2364.393812 1085.577855 1085.580961 1435.712468 0.730754 1.464898 2212.578287 833.579883 20.643477 20.643697 518.158914 58.134635 50.161695 50.162574 -0.037317 -0.147180 0.787892 0.021569 0.064545 0.359198 3571.059623 19 30 0.000000
179 5 28 55.000000 1.140000 nan nan nan nan nan nan nan nan nan nan nan nan nan nan nan nan nan nan nan nan nan 0.000000 nan -1.000000 nan nan nan nan nan nan nan 19 30 0.000000
180 5 29 55.000000 1.180000 nan nan nan nan nan nan nan nan nan nan nan nan nan nan nan nan nan nan nan nan nan 0.000000 nan -1.000000 nan nan nan nan nan nan nan 19 30 0.000000
181 6 0 65.000000 0.020000 nan nan nan nan nan nan nan nan nan nan nan nan nan nan nan nan nan nan nan nan nan 0.000000 nan -1.000000 nan nan nan nan nan nan nan 19 30 0.000000
182 6 1 65.000000 0.060000 nan nan nan nan nan nan nan nan nan nan nan nan nan nan nan nan nan nan nan nan nan 0.000000 nan -1.000000 nan nan nan nan nan nan nan 19 30 0.000000
183 6 2 65.000000 0.100000 nan nan nan nan nan nan nan nan nan nan nan nan nan nan nan nan nan nan nan nan nan 0.000000 nan -1.000000 nan nan nan nan nan nan nan 19 30 0.000000
184 6 3 65.000000 0.140000 nan nan nan nan nan nan nan nan nan nan nan nan nan nan nan nan nan nan nan nan nan 0.000000 nan -1.000000 nan nan nan nan nan nan nan 19 30 0.000000
185 6 4 65.000000 0.180000 nan nan nan nan nan nan nan nan nan nan nan nan nan nan nan nan nan nan nan nan nan 0.000000 nan -1.000000 nan nan nan nan nan nan nan 19 30 0.000000
186 6 5 65.000000 0.220000 nan nan nan nan nan nan nan nan nan nan nan nan nan nan nan nan nan nan nan nan nan 0.000000 nan -1.000000 nan nan nan nan nan nan nan 19 30 0.000000
187 6 6 65.000000 0.260000 nan nan nan nan nan nan nan nan nan nan nan nan nan nan nan nan nan nan nan nan nan 0.000000 nan -1.000000 nan nan nan nan nan nan nan 19 30 0.000000
188 6 7 65.000000 0.300000 nan nan nan nan nan nan nan nan nan nan nan nan nan nan nan nan nan nan nan nan nan 0.000000 nan -1.000000 nan nan nan nan nan nan nan 19 30 0.000000
189 6 8 65.000000 0.340000 nan nan nan nan nan nan nan nan nan nan nan nan nan nan nan nan nan nan nan nan nan 0.000000 nan -1.000000 nan nan nan nan nan nan nan 19 30 0.000000
190 6 9 65.000000 0.380000 nan nan nan nan nan nan nan nan nan nan nan nan nan nan nan nan nan nan nan nan nan 0.000000 nan -1.000000 nan nan nan nan nan nan nan 19 30 0.000000
191 6 10 65.000000 0.420000 nan nan nan nan nan nan nan nan nan nan nan nan nan nan nan nan nan nan nan nan nan 0.000000 nan -1.000000 nan nan nan nan nan nan nan 19 30 0.000000
192 6 11 65.000000 0.460000 nan nan nan nan nan nan nan nan nan nan nan nan nan nan nan nan nan nan nan nan nan 0.000000 nan -1.000000 nan nan nan nan nan nan nan 19 30 0.000000
193 6 12 65.000000 0.500000 nan nan nan nan nan nan nan nan nan nan nan nan nan nan nan nan nan nan nan nan nan 0.000000 nan -1.000000 nan nan nan nan nan nan nan 19 30 0.000000
194 6 13 65.000000 0.540000 nan nan nan nan nan nan nan nan nan nan nan nan nan nan nan nan nan nan nan nan nan 0.000000 nan -1.000000 nan nan nan nan nan nan nan 19 30 0.000000
195 6 14 65.000000 0.580000 nan nan nan nan nan nan nan nan nan nan nan nan nan nan nan nan nan nan nan nan nan 0.000000 nan -1.000000 nan nan nan nan nan nan nan 19 30 0.000000
196 6 15 65.000000 0.620000 nan nan nan nan nan nan nan nan nan nan nan nan nan nan nan nan nan nan nan nan nan 0.000000 nan -1.000000 nan nan nan nan nan nan nan 19 30 0.000000
197 6 16 65.000000 0.660000 nan nan nan nan nan nan nan nan nan nan nan nan nan nan nan nan nan nan nan nan nan 0.000000 nan -1.000000 nan nan nan nan nan nan nan 19 30 0.000000
198 6 17 65.000000 0.700000 nan nan nan nan nan nan nan nan nan nan nan nan nan nan nan nan nan nan nan nan nan 0.000000 nan -1.000000 nan nan nan nan nan nan nan 19 30 0.000000
199 6 18 65.000000 0.740000 nan nan nan nan nan nan nan nan nan nan nan nan nan nan nan nan nan nan nan nan nan 0.000000 nan -1.000000 nan nan nan nan nan nan nan 19 30 0.000000
200 6 19 65.000000 0.780000 nan nan nan nan nan nan nan nan nan nan nan nan nan nan nan nan nan nan nan nan nan 0.000000 nan -1.000000 nan nan nan nan nan nan nan 19 30 0.000000
201 6 20 65.000000 0.820000 nan nan nan nan nan nan nan nan nan nan nan nan nan nan nan nan nan nan nan nan nan 0.000000 nan -1.000000 nan nan nan nan nan nan nan 19 30 0.000000
202 6 21 65.000000 0.860000 nan nan nan nan nan nan nan nan nan nan nan nan nan nan nan nan nan nan nan nan nan 0.000000 nan -1.000000 nan nan nan nan nan nan nan 19 30 0.000000
203 6 22 65.000000 0.900000 nan nan nan nan nan nan nan nan nan nan nan nan nan nan nan nan nan nan nan nan nan 0.000000 nan -1.000000 nan nan nan nan nan nan nan 19 30 0.000000
204 6 23 65.000000 0.940000 nan nan nan nan nan nan nan nan nan nan nan nan nan nan nan nan nan nan nan nan nan 0.000000 nan -1.000000 nan nan nan nan nan nan nan 19 30 0.000000
205 6 24 65.000000 0.980000 nan nan nan nan nan nan nan nan nan nan nan nan nan nan nan nan nan nan nan nan nan 0.000000 nan -1.000000 nan nan nan nan nan nan nan 19 30 0.000000
206 6 25 65.000000 1.020000 nan nan nan nan nan nan nan nan nan nan nan nan nan nan nan nan nan nan nan nan nan 0.000000 nan -1.000000 nan nan nan nan nan nan nan 19 30 0.000000
207 6 26 65.000000 1.060000 nan nan nan nan nan nan nan nan nan nan nan nan nan nan nan nan nan nan nan nan nan 0.000000 nan -1.000000 nan nan nan nan nan nan nan 19 30 0.000000
208 6 27 65.000000 1.100000 nan nan nan nan nan nan nan nan nan nan nan nan nan nan nan nan nan nan nan nan nan 0.000000 nan -1.000000 nan nan nan nan nan nan nan 19 30 0.000000
209 6 28 65.000000 1.140000 nan nan nan nan nan nan nan nan nan nan nan nan nan nan nan nan nan nan nan nan nan 0.000000 nan -1.000000 nan nan nan nan nan nan nan 19 30 0.000000
210 6 29 65.000000 1.180000 nan nan nan nan nan nan nan nan nan nan nan nan nan nan nan nan nan nan nan nan nan 0.000000 nan -1.000000 nan nan nan nan nan nan nan 19 30 0.000000
211 7 0 75.000000 0.020000 nan nan nan nan nan nan nan nan nan nan nan nan nan nan nan nan nan nan nan nan nan 0.000000 nan -1.000000 nan nan nan nan nan nan nan 19 30 0.000000
212 7 1 75.000000 0.060000 nan nan nan nan nan nan nan nan nan nan nan nan nan nan nan nan nan nan nan nan nan 0.000000 nan -1.000000 nan nan nan nan nan nan nan 19 30 0.000000
213 7 2 75.000000 0.100000 nan nan nan nan nan nan nan nan nan nan nan nan nan nan nan nan nan nan nan nan nan 0.000000 nan -1.000000 nan nan nan nan nan nan nan 19 30 0.000000
214 7 3 75.000000 0.140000 nan nan nan nan nan nan nan nan nan nan nan nan nan nan nan nan nan nan nan nan nan 0.000000 nan -1.000000 nan nan nan nan nan nan nan 19 30 0.000000
215 7 4 75.000000 0.180000 nan nan nan nan nan nan nan nan nan nan nan nan nan nan nan nan nan nan nan nan nan 0.000000 nan -1.000000 nan nan nan nan nan nan nan 19 30 0.000000
216 7 5 75.000000 0.220000 nan nan nan nan nan nan nan nan nan nan nan nan nan nan nan nan nan nan nan nan nan 0.000000 nan -1.000000 nan nan nan nan nan nan nan 19 30 0.000000
217 7 6 75.000000 0.260000 nan nan nan nan nan nan nan nan nan nan nan nan nan nan nan nan nan nan nan nan nan 0.000000 nan -1.000000 nan nan nan nan nan nan nan 19 30 0.000000
218 7 7 75.000000 0.300000 nan nan nan nan nan nan nan nan nan nan nan nan nan nan nan nan nan nan nan nan nan 0.000000 nan -1.000000 nan nan nan nan nan nan nan 19 30 0.000000
219 7 8 75.000000 0.340000 nan nan nan nan nan nan nan nan nan nan nan nan nan nan nan nan nan nan nan nan nan 0.000000 nan -1.000000 nan nan nan nan nan nan nan 19 30 0.000000
220 7 9 75.000000 0.380000 nan nan nan nan nan nan nan nan nan nan nan nan nan nan nan nan nan nan nan nan nan 0.000000 nan -1.000000 nan nan nan nan nan nan nan 19 30 0.000000
221 7 10 75.000000 0.420000 nan nan nan nan nan nan nan nan nan nan nan nan nan nan nan nan nan nan nan nan nan 0.000000 nan -1.000000 nan nan nan nan nan nan nan 19 30 0.000000
222 7 11 75.000000 0.460000 nan nan nan nan nan nan nan nan nan nan nan nan nan nan nan nan nan nan nan nan nan 0.000000 nan -1.000000 nan nan nan nan nan nan nan 19 30 0.000000
223 7 12 75.000000 0.500000 nan nan nan nan nan nan nan nan nan nan nan nan nan nan nan nan nan nan nan nan nan 0.000000 nan -1.000000 nan nan nan nan nan nan nan 19 30 0.000000
224 7 13 75.000000 0.540000 nan nan nan nan nan nan nan nan nan nan nan nan nan nan nan nan nan nan nan nan nan 0.000000 nan -1.000000 nan nan nan nan nan nan nan 19 30 0.000000
225 7 14 75.000000 0.580000 nan nan nan nan nan nan nan nan nan nan nan nan nan nan nan nan nan nan nan nan nan 0.000000 nan -1.000000 nan nan nan nan nan nan nan 19 30 0.000000
226 7 15 75.000000 0.620000 nan nan nan nan nan nan nan nan nan nan nan nan nan nan nan nan nan nan nan nan nan 0.000000 nan -1.000000 nan nan nan nan nan nan nan 19 30 0.000000
227 7 16 75.000000 0.660000 nan nan nan nan nan nan nan nan nan nan nan nan nan nan nan nan nan nan nan nan nan 0.000000 nan -1.000000 nan nan nan nan nan nan nan 19 30 0.000000
228 7 17 75.000000 0.700000 nan nan nan nan nan nan nan nan nan nan nan nan nan nan nan nan nan nan nan nan nan 0.000000 nan -1.000000 nan nan nan nan nan nan nan 19 30 0.000000
229 7 18 75.000000 0.740000 nan nan nan nan nan nan nan nan nan nan nan nan nan nan nan nan nan nan nan nan nan 0.000000 nan -1.000000 nan nan nan nan nan nan nan 19 30 0.000000
230 7 19 75.000000 0.780000 nan nan nan nan nan nan nan nan nan nan nan nan nan nan nan nan nan nan nan nan nan 0.000000 nan -1.000000 nan nan nan nan nan nan nan 19 30 0.000000
231 7 20 75.000000 0.820000 nan nan nan nan nan nan nan nan nan nan nan nan nan nan nan nan nan nan nan nan nan 0.000000 nan -1.000000 nan nan nan nan nan nan nan 19 30 0.000000
232 7 21 75.000000 0.860000 nan nan nan nan nan nan nan nan nan nan nan nan nan nan nan nan nan nan nan nan nan 0.000000 nan -1.000000 nan nan nan nan nan nan nan 19 30 0.000000
233 7 22 75.000000 0.900000 nan nan nan nan nan nan nan nan nan nan nan nan nan nan nan nan nan nan nan nan nan 0.000000 nan -1.000000 nan nan nan nan nan nan nan 19 30 0.000000
234 7 23 75.000000 0.940000 nan nan nan nan nan nan nan nan nan nan nan nan nan nan nan nan nan nan nan nan nan 0.000000 nan -1.000000 nan nan nan nan nan nan nan 19 30 0.000000
235 7 24 75.000000 0.980000 nan nan nan nan nan nan nan nan nan nan nan nan nan nan nan nan nan nan nan nan nan 0.000000 nan -1.000000 nan nan nan nan nan nan nan 19 30 0.000000
236 7 25 75.000000 1.020000 nan nan nan nan nan nan nan nan nan nan nan nan nan nan nan nan nan nan nan nan nan 0.000000 nan -1.000000 nan nan nan nan nan nan nan 19 30 0.000000
237 7 26 75.000000 1.060000 nan nan nan nan nan nan nan nan nan nan nan nan nan nan nan nan nan nan nan nan nan 0.000000 nan -1.000000 nan nan nan nan nan nan nan 19 30 0.000000
238 7 27 75.000000 1.100000 nan nan nan nan nan nan nan nan nan nan nan nan nan nan nan nan nan nan nan nan nan 0.000000 nan -1.000000 nan nan nan nan nan nan nan 19 30 0.000000
239 7 28 75.000000 1.140000 nan nan nan nan nan nan nan nan nan nan nan nan nan nan nan nan nan nan nan nan nan 0.000000 nan -1.000000 nan nan nan nan nan nan nan 19 30 0.000000
240 7 29 75.000000 1.180000 nan nan nan nan nan nan nan nan nan nan nan nan nan nan nan nan nan nan nan nan nan 0.000000 nan -1.000000 nan nan nan nan nan nan nan 19 30 0.000000
241 8 0 85.000000 0.020000 nan nan nan nan nan nan nan nan nan nan nan nan nan nan nan nan nan nan nan nan nan 0.000000 nan -1.000000 nan nan nan nan nan nan nan 19 30 0.000000
242 8 1 85.000000 0.060000 nan nan nan nan nan nan nan nan nan nan nan nan nan nan nan nan nan nan nan nan nan 0.000000 nan -1.000000 nan nan nan nan nan nan nan 19 30 0.000000
243 8 2 85.000000 0.100000 nan nan nan nan nan nan nan nan nan nan nan nan nan nan nan nan nan nan nan nan nan 0.000000 nan -1.000000 nan nan nan nan nan nan nan 19 30 0.000000
244 8 3 85.000000 0.140000 nan nan nan nan nan nan nan nan nan nan nan nan nan nan nan nan nan nan nan nan nan 0.000000 nan -1.000000 nan nan nan nan nan nan nan 19 30 0.000000
245 8 4 85.000000 0.180000 nan nan nan nan nan nan nan nan nan nan nan nan nan nan nan nan nan nan nan nan nan 0.000000 nan -1.000000 nan nan nan nan nan nan nan 19 30 0.000000
246 8 5 85.000000 0.220000 nan nan nan nan nan nan nan nan nan nan nan nan nan nan nan nan nan nan nan nan nan 0.000000 nan -1.000000 nan nan nan nan nan nan nan 19 30 0.000000
247 8 6 85.000000 0.260000 nan nan nan nan nan nan nan nan nan nan nan nan nan nan nan nan nan nan nan nan nan 0.000000 nan -1.000000 nan nan nan nan nan nan nan 19 30 0.000000
248 8 7 85.000000 0.300000 nan nan nan nan nan nan nan nan nan nan nan nan nan nan nan nan nan nan nan nan nan 0.000000 nan -1.000000 nan nan nan nan nan nan nan 19 30 0.000000
249 8 8 85.000000 0.340000 nan nan nan nan nan nan nan nan nan nan nan nan nan nan nan nan nan nan nan nan nan 0.000000 nan -1.000000 nan nan nan nan nan nan nan 19 30 0.000000
250 8 9 85.000000 0.380000 nan nan nan nan nan nan nan nan nan nan nan nan nan nan nan nan nan nan nan nan nan 0.000000 nan -1.000000 nan nan nan nan nan nan nan 19 30 0.000000
251 8 10 85.000000 0.420000 nan nan nan nan nan nan nan nan nan nan nan nan nan nan nan nan nan nan nan nan nan 0.000000 nan -1.000000 nan nan nan nan nan nan nan 19 30 0.000000
252 8 11 85.000000 0.460000 nan nan nan nan nan nan nan nan nan nan nan nan nan nan nan nan nan nan nan nan nan 0.000000 nan -1.000000 nan nan nan nan nan nan nan 19 30 0.000000
253 8 12 85.000000 0.500000 nan nan nan nan nan nan nan nan nan nan nan nan nan nan nan nan nan nan nan nan nan 0.000000 nan -1.000000 nan nan nan nan nan nan nan 19 30 0.000000
254 8 13 85.000000 0.540000 nan nan nan nan nan nan nan nan nan nan nan nan nan nan nan nan nan nan nan nan nan 0.000000 nan -1.000000 nan nan nan nan nan nan nan 19 30 0.000000
255 8 14 85.000000 0.580000 nan nan nan nan nan nan nan nan nan nan nan nan nan nan nan nan nan nan nan nan nan 0.000000 nan -1.000000 nan nan nan nan nan nan nan 19 30 0.000000
256 8 15 85.000000 0.620000 nan nan nan nan nan nan nan nan nan nan nan nan nan nan nan nan nan nan nan nan nan 0.000000 nan -1.000000 nan nan nan nan nan nan nan 19 30 0.000000
257 8 16 85.000000 0.660000 nan nan nan nan nan nan nan nan nan nan nan nan nan nan nan nan nan nan nan nan nan 0.000000 nan -1.000000 nan nan nan nan nan nan nan 19 30 0.000000
258 8 17 85.000000 0.700000 nan nan nan nan nan nan nan nan nan nan nan nan nan nan nan nan nan nan nan nan nan 0.000000 nan -1.000000 nan nan nan nan nan nan nan 19 30 0.000000
259 8 18 85.000000 0.740000 nan nan nan nan nan nan nan nan nan nan nan nan nan nan nan nan nan nan nan nan nan 0.000000 nan -1.000000 nan nan nan nan nan nan nan 19 30 0.000000
260 8 19 85.000000 0.780000 nan nan nan nan nan nan nan nan nan nan nan nan nan nan nan nan nan nan nan nan nan 0.000000 nan -1.000000 nan nan nan nan nan nan nan 19 30 0.000000
261 8 20 85.000000 0.820000 nan nan nan nan nan nan nan nan nan nan nan nan nan nan nan nan nan nan nan nan nan 0.000000 nan -1.000000 nan nan nan nan nan nan nan 19 30 0.000000
262 8 21 85.000000 0.860000 nan nan nan nan nan nan nan nan nan nan nan nan nan nan nan nan nan nan nan nan nan 0.000000 nan -1.000000 nan nan nan nan nan nan nan 19 30 0.000000
263 8 22 85.000000 0.900000 nan nan nan nan nan nan nan nan nan nan nan nan nan nan nan nan nan nan nan nan nan 0.000000 nan -1.000000 nan nan nan nan nan nan nan 19 30 0.000000
264 8 23 85.000000 0.940000 nan nan nan nan nan nan nan nan nan nan nan nan nan nan nan nan nan nan nan nan nan 0.000000 nan -1.000000 nan nan nan nan nan nan nan 19 30 0.000000
265 8 24 85.000000 0.980000 nan nan nan nan nan nan nan nan nan nan nan nan nan nan nan nan nan nan nan nan nan 0.000000 nan -1.000000 nan nan nan nan nan nan nan 19 30 0.000000
266 8 25 85.000000 1.020000 nan nan nan nan nan nan nan nan nan nan nan nan nan nan nan nan nan nan nan nan nan 0.000000 nan -1.000000 nan nan nan nan nan nan nan 19 30 0.000000
267 8 26 85.000000 1.060000 nan nan nan nan nan nan nan nan nan nan nan nan nan nan nan nan nan nan nan nan nan 0.000000 nan -1.000000 nan nan nan nan nan nan nan 19 30 0.000000
268 8 27 85.000000 1.100000 nan nan nan nan nan nan nan nan nan nan nan nan nan nan nan nan nan nan nan nan nan 0.000000 nan -1.000000 nan nan nan nan nan nan nan 19 30 0.000000
269 8 28 85.000000 1.140000 nan nan nan nan nan nan nan nan nan nan nan nan nan nan nan nan nan nan nan nan nan 0.000000 nan -1.000000 nan nan nan nan nan nan nan 19 30 0.000000
270 8 29 85.000000 1.180000 nan nan nan nan nan nan nan nan nan nan nan nan nan nan nan nan nan nan nan nan nan 0.000000 nan -1.000000 nan nan nan nan nan nan nan 19 30 0.000000
271 9 0 95.000000 0.020000 nan nan nan nan nan nan nan nan nan nan nan nan nan nan nan nan nan nan nan nan nan 0.000000 nan -1.000000 nan nan nan nan nan nan nan 19 30 0.000000
272 9 1 95.000000 0.060000 nan nan nan nan nan nan nan nan nan nan nan nan nan nan nan nan nan nan nan nan nan 0.000000 nan -1.000000 nan nan nan nan nan nan nan 19 30 0.000000
273 9 2 95.000000 0.100000 nan nan nan nan nan nan nan nan nan nan nan nan nan nan nan nan nan nan nan nan nan 0.000000 nan -1.000000 nan nan nan nan nan nan nan 19 30 0.000000
274 9 3 95.000000 0.140000 nan nan nan nan nan nan nan nan nan nan nan nan nan nan nan nan nan nan nan nan nan 0.000000 nan -1.000000 nan nan nan nan nan nan nan 19 30 0.000000
275 9 4 95.000000 0.180000 nan nan nan nan nan nan nan nan nan nan nan nan nan nan nan nan nan nan nan nan nan 0.000000 nan -1.000000 nan nan nan nan nan nan nan 19 30 0.000000
276 9 5 95.000000 0.220000 nan nan nan nan nan nan nan nan nan nan nan nan nan nan nan nan nan nan nan nan nan 0.000000 nan -1.000000 nan nan nan nan nan nan nan 19 30 0.000000
277 9 6 95.000000 0.260000 nan nan nan nan nan nan nan nan nan nan nan nan nan nan nan nan nan nan nan nan nan 0.000000 nan -1.000000 nan nan nan nan nan nan nan 19 30 0.000000
278 9 7 95.000000 0.300000 nan nan nan nan nan nan nan nan nan nan nan nan nan nan nan nan nan nan nan nan nan 0.000000 nan -1.000000 nan nan nan nan nan nan nan 19 30 0.000000
279 9 8 95.000000 0.340000 nan nan nan nan nan nan nan nan nan nan nan nan nan nan nan nan nan nan nan nan nan 0.000000 nan -1.000000 nan nan nan nan nan nan nan 19 30 0.000000
280 9 9 95.000000 0.380000 nan nan nan nan nan nan nan nan nan nan nan nan nan nan nan nan nan nan nan nan nan 0.000000 nan -1.000000 nan nan nan nan nan nan nan 19 30 0.000000
281 9 10 95.000000 0.420000 nan nan nan nan nan nan nan nan nan nan nan nan nan nan nan nan nan nan nan nan nan 0.000000 nan -1.000000 nan nan nan nan nan nan nan 19 30 0.000000
282 9 11 95.000000 0.460000 nan nan nan nan nan nan nan nan nan nan nan nan nan nan nan nan nan nan nan nan nan 0.000000 nan -1.000000 nan nan nan nan nan nan nan 19 30 0.000000
283 9 12 95.000000 0.500000 nan nan nan nan nan nan nan nan nan nan nan nan nan nan nan nan nan nan nan nan nan 0.000000 nan -1.000000 nan nan nan nan nan nan nan 19 30 0.000000
284 9 13 95.000000 0.540000 nan nan nan nan nan nan nan nan nan nan nan nan nan nan nan nan nan nan nan nan nan 0.000000 nan -1.000000 nan nan nan nan nan nan nan 19 30 0.000000
285 9 14 95.000000 0.580000 nan nan nan nan nan nan nan nan nan nan nan nan nan nan nan nan nan nan nan nan nan 0.000000 nan -1.000000 nan nan nan nan nan nan nan 19 30 0.000000
286 9 15 95.000000 0.620000 nan nan nan nan nan nan nan nan nan nan nan nan nan nan nan nan nan nan nan nan nan 0.000000 nan -1.000000 nan nan nan nan nan nan nan 19 30 0.000000
287 9 16 95.000000 0.660000 nan nan nan nan nan nan nan nan nan nan nan nan nan nan nan nan nan nan nan nan nan 0.000000 nan -1.000000 nan nan nan nan nan nan nan 19 30 0.000000
288 9 17 95.000000 0.700000 nan nan nan nan nan nan nan nan nan nan nan nan nan nan nan nan nan nan nan nan nan 0.000000 nan -1.000000 nan nan nan nan nan nan nan 19 30 0.000000
289 9 18 95.000000 0.740000 nan nan nan nan nan nan nan nan nan nan nan nan nan nan nan nan nan nan nan nan nan 0.000000 nan -1.000000 nan nan nan nan nan nan nan 19 30 0.000000
290 9 19 95.000000 0.780000 nan nan nan nan nan nan nan nan nan nan nan nan nan nan nan nan nan nan nan nan nan 0.000000 nan -1.000000 nan nan nan nan nan nan nan 19 30 0.000000
291 9 20 95.000000 0.820000 nan nan nan nan nan nan nan nan nan nan nan nan nan nan nan nan nan nan nan nan nan 0.000000 nan -1.000000 nan nan nan nan nan nan nan 19 30 0.000000
292 9 21 95.000000 0.860000 nan nan nan nan nan nan nan nan nan nan nan nan nan nan nan nan nan nan nan nan nan 0.000000 nan -1.000000 nan nan nan nan nan nan nan 19 30 0.000000
293 9 22 95.000000 0.900000 nan nan nan nan nan nan nan nan nan nan nan nan nan nan nan nan nan nan nan nan nan 0.000000 nan -1.000000 nan nan nan nan nan nan nan 19 30 0.000000
294 9 23 95.000000 0.940000 nan nan nan nan nan nan nan nan nan nan nan nan nan nan nan nan nan nan nan nan nan 0.000000 nan -1.000000 nan nan nan nan nan nan nan 19 30 0.000000
295 9 24 95.000000 0.980000 nan nan nan nan nan nan nan nan nan nan nan nan nan nan nan nan nan nan nan nan nan 0.000000 nan -1.000000 nan nan nan nan nan nan nan 19 30 0.000000
296 9 25 95.000000 1.020000 nan nan nan nan nan nan nan nan nan nan nan nan nan nan nan nan nan nan nan nan nan 0.000000 nan -1.000000 nan nan nan nan nan nan nan 19 30 0.000000
297 9 26 95.000000 1.060000 nan nan nan nan nan nan nan nan nan nan nan nan nan nan nan nan nan nan nan nan nan 0.000000 nan -1.000000 nan nan nan nan nan nan nan 19 30 0.000000
298 9 27 95.000000 1.100000 nan nan nan nan nan nan nan nan nan nan nan nan nan nan nan nan nan nan nan nan nan 0.000000 nan -1.000000 nan nan nan nan nan nan nan 19 30 0.000000
299 9 28 95.000000 1.140000 nan nan nan nan nan nan nan nan nan nan nan nan nan nan nan nan nan nan nan nan nan 0.000000 nan -1.000000 nan nan nan nan nan nan nan 19 30 0.000000
300 9 29 95.000000 1.180000 nan nan nan nan nan nan nan nan nan nan nan nan nan nan nan nan nan nan nan nan nan 0.000000 nan -1.000000 nan nan nan nan nan nan nan 19 30 0.000000
301 10 0 105.000000 0.020000 nan nan nan nan nan nan nan nan nan nan nan nan nan nan nan nan nan nan nan nan nan 0.000000 nan -1.000000 nan nan nan nan nan nan nan 19 30 0.000000
302 10 1 105.000000 0.060000 nan nan nan nan nan nan nan nan nan nan nan nan nan nan nan nan nan nan nan nan nan 0.000000 nan -1.000000 nan nan nan nan nan nan nan 19 30 0.000000
303 10 2 105.000000 0.100000 nan nan nan nan nan nan nan nan nan nan nan nan nan nan nan nan nan nan nan nan nan 0.000000 nan -1.000000 nan nan nan nan nan nan nan 19 30 0.000000
304 10 3 105.000000 0.140000 nan nan nan nan nan nan nan nan nan nan nan nan nan nan nan nan nan nan nan nan nan 0.000000 nan -1.000000 nan nan nan nan nan nan nan 19 30 0.000000
305 10 4 105.000000 0.180000 nan nan nan nan nan nan nan nan nan nan nan nan nan nan nan nan nan nan nan nan nan 0.000000 nan -1.000000 nan nan nan nan nan nan nan 19 30 0.000000
306 10 5 105.000000 0.220000 nan nan nan nan nan nan nan nan nan nan nan nan nan nan nan nan nan nan nan nan nan 0.000000 nan -1.000000 nan nan nan nan nan nan nan 19 30 0.000000
307 10 6 105.000000 0.260000 nan nan nan nan nan nan nan nan nan nan nan nan nan nan nan nan nan nan nan nan nan 0.000000 nan -1.000000 nan nan nan nan nan nan nan 19 30 0.000000
308 10 7 105.000000 0.300000 nan nan nan nan nan nan nan nan nan nan nan nan nan nan nan nan nan nan nan nan nan 0.000000 nan -1.000000 nan nan nan nan nan nan nan 19 30 0.000000
309 10 8 105.000000 0.340000 nan nan nan nan nan nan nan nan nan nan nan nan nan nan nan nan nan nan nan nan nan 0.000000 nan -1.000000 nan nan nan nan nan nan nan 19 30 0.000000
310 10 9 105.000000 0.380000 nan nan nan nan nan nan nan nan nan nan nan nan nan nan nan nan nan nan nan nan nan 0.000000 nan -1.000000 nan nan nan nan nan nan nan 19 30 0.000000
311 10 10 105.000000 0.420000 nan nan nan nan nan nan nan nan nan nan nan nan nan nan nan nan nan nan nan nan nan 0.000000 nan -1.000000 nan nan nan nan nan nan nan 19 30 0.000000
312 10 11 105.000000 0.460000 nan nan nan nan nan nan nan nan nan nan nan nan nan nan nan nan nan nan nan nan nan 0.000000 nan -1.000000 nan nan nan nan nan nan nan 19 30 0.000000
313 10 12 105.000000 0.500000 nan nan nan nan nan nan nan nan nan nan nan nan nan nan nan nan nan nan nan nan nan 0.000000 nan -1.000000 nan nan nan nan nan nan nan 19 30 0.000000
314 10 13 105.000000 0.540000 nan nan nan nan nan nan nan nan nan nan nan nan nan nan nan nan nan nan nan nan nan 0.000000 nan -1.000000 nan nan nan nan nan nan nan 19 30 0.000000
315 10 14 105.000000 0.580000 nan nan nan nan nan nan nan nan nan nan nan nan nan nan nan nan nan nan nan nan nan 0.000000 nan -1.000000 nan nan nan nan nan nan nan 19 30 0.000000
316 10 15 105.000000 0.620000 nan nan nan nan nan nan nan nan nan nan nan nan nan nan nan nan nan nan nan nan nan 0.000000 nan -1.000000 nan nan nan nan nan nan nan 19 30 0.000000
317 10 16 105.000000 0.660000 nan nan nan nan nan nan nan nan nan nan nan nan nan nan nan nan nan nan nan nan nan 0.000000 nan -1.000000 nan nan nan nan nan nan nan 19 30 0.000000
318 10 17 105.000000 0.700000 nan nan nan nan nan nan nan nan nan nan nan nan nan nan nan nan nan nan nan nan nan 0.000000 nan -1.000000 nan nan nan nan nan nan nan 19 30 0.000000
319 10 18 105.000000 0.740000 nan nan nan nan nan nan nan nan nan nan nan nan nan nan nan nan nan nan nan nan nan 0.000000 nan -1.000000 nan nan nan nan nan nan nan 19 30 0.000000
320 10 19 105.000000 0.780000 nan nan nan nan nan nan nan nan nan nan nan nan nan nan nan nan nan nan nan nan nan 0.000000 nan -1.000000 nan nan nan nan nan nan nan 19 30 0.000000
321 10 20 105.000000 0.820000 nan nan nan nan nan nan nan nan nan nan nan nan nan nan nan nan nan nan nan nan nan 0.000000 nan -1.000000 nan nan nan nan nan nan nan 19 30 0.000000
322 10 21 105.000000 0.860000 nan nan nan nan nan nan nan nan nan nan nan nan nan nan nan nan nan nan nan nan nan 0.000000 nan -1.000000 nan nan nan nan nan nan nan 19 30 0.000000
323 10 22 105.000000 0.900000 nan nan nan nan nan nan nan nan nan nan nan nan nan nan nan nan nan nan nan nan nan 0.000000 nan -1.000000 nan nan nan nan nan nan nan 19 30 0.000000
324 10 23 105.000000 0.940000 nan nan nan nan nan nan nan nan nan nan nan nan nan nan nan nan nan nan nan nan nan 0.000000 nan -1.000000 nan nan nan nan nan nan nan 19 30 0.000000
325 10 24 105.000000 0.980000 nan nan nan nan nan nan nan nan nan nan nan nan nan nan nan nan nan nan nan nan nan 0.000000 nan -1.000000 nan nan nan nan nan nan nan 19 30 0.000000
326 10 25 105.000000 1.020000 nan nan nan nan nan nan nan nan nan nan nan nan nan nan nan nan nan nan nan nan nan 0.000000 nan -1.000000 nan nan nan nan nan nan nan 19 30 0.000000
327 10 26 105.000000 1.060000 nan nan nan nan nan nan nan nan nan nan nan nan nan nan nan nan nan nan nan nan nan 0.000000 nan -1.000000 nan nan nan nan nan nan nan 19 30 0.000000
328 10 27 105.000000 1.100000 nan nan nan nan nan nan nan nan nan nan nan nan nan nan nan nan nan nan nan nan nan 0.000000 nan -1.000000 nan nan nan nan nan nan nan 19 30 0.000000
329 10 28 105.000000 1.140000 nan nan nan nan nan nan nan nan nan nan nan nan nan nan nan nan nan nan nan nan nan 0.000000 nan -1.000000 nan nan nan nan nan nan nan 19 30 0.000000
330 10 29 105.000000 1.180000 nan nan nan nan nan nan nan nan nan nan nan nan nan nan nan nan nan nan nan nan nan 0.000000 nan -1.000000 nan nan nan nan nan nan nan 19 30 0.000000
331 11 0 115.000000 0.020000 nan nan nan nan nan nan nan nan nan nan nan nan nan nan nan nan nan nan nan nan nan 0.000000 nan -1.000000 nan nan nan nan nan nan nan 19 30 0.000000
332 11 1 115.000000 0.060000 nan nan nan nan nan nan nan nan nan nan nan nan nan nan nan nan nan nan nan nan nan 0.000000 nan -1.000000 nan nan nan nan nan nan nan 19 30 0.000000
333 11 2 115.000000 0.100000 nan nan nan nan nan nan nan nan nan nan nan nan nan nan nan nan nan nan nan nan nan 0.000000 nan -1.000000 nan nan nan nan nan nan nan 19 30 0.000000
334 11 3 115.000000 0.140000 nan nan nan nan nan nan nan nan nan nan nan nan nan nan nan nan nan nan nan nan nan 0.000000 nan -1.000000 nan nan nan nan nan nan nan 19 30 0.000000
335 11 4 115.000000 0.180000 nan nan nan nan nan nan nan nan nan nan nan nan nan nan nan nan nan nan nan nan nan 0.000000 nan -1.000000 nan nan nan nan nan nan nan 19 30 0.000000
336 11 5 115.000000 0.220000 nan nan nan nan nan nan nan nan nan nan nan nan nan nan nan nan nan nan nan nan nan 0.000000 nan -1.000000 nan nan nan nan nan nan nan 19 30 0.000000
337 11 6 115.000000 0.260000 nan nan nan nan nan nan nan nan nan nan nan nan nan nan nan nan nan nan nan nan nan 0.000000 nan -1.000000 nan nan nan nan nan nan nan 19 30 0.000000
338 11 7 115.000000 0.300000 nan nan nan nan nan nan nan nan nan nan nan nan nan nan nan nan nan nan nan nan nan 0.000000 nan -1.000000 nan nan nan nan nan nan nan 19 30 0.000000
339 11 8 115.000000 0.340000 nan nan nan nan nan nan nan nan nan nan nan nan nan nan nan nan nan nan nan nan nan 0.000000 nan -1.000000 nan nan nan nan nan nan nan 19 30 0.000000
340 11 9 115.000000 0.380000 nan nan nan nan nan nan nan nan nan nan nan nan nan nan nan nan nan nan nan nan nan 0.000000 nan -1.000000 nan nan nan nan nan nan nan 19 30 0.000000
341 11 10 115.000000 0.420000 nan nan nan nan nan nan nan nan nan nan nan nan nan nan nan nan nan nan nan nan nan 0.000000 nan -1.000000 nan nan nan nan nan nan nan 19 30 0.000000
342 11 11 115.000000 0.460000 nan nan nan nan nan nan nan nan nan nan nan nan nan nan nan nan nan nan nan nan nan 0.000000 nan -1.000000 nan nan nan nan nan nan nan 19 30 0.000000
343 11 12 115.000000 0.500000 nan nan nan nan nan nan nan nan nan nan nan nan nan nan nan nan nan nan nan nan nan 0.000000 nan -1.000000 nan nan nan nan nan nan nan 19 30 0.000000
344 11 13 115.000000 0.540000 nan nan nan nan nan nan nan nan nan nan nan nan nan nan nan nan nan nan nan nan nan 0.000000 nan -1.000000 nan nan nan nan nan nan nan 19 30 0.000000
345 11 14 115.000000 0.580000 nan nan nan nan nan nan nan nan nan nan nan nan nan nan nan nan nan nan nan nan nan 0.000000 nan -1.000000 nan nan nan nan nan nan nan 19 30 0.000000
346 11 15 115.000000 0.620000 nan nan nan nan nan nan nan nan nan nan nan nan nan nan nan nan nan nan nan nan nan 0.000000 nan -1.000000 nan nan nan nan nan nan nan 19 30 0.000000
347 11 16 115.000000 0.660000 nan nan nan nan nan nan nan nan nan nan nan nan nan nan nan nan nan nan nan nan nan 0.000000 nan -1.000000 nan nan nan nan nan nan nan 19 30 0.000000
348 11 17 115.000000 0.700000 nan nan nan nan nan nan nan nan nan nan nan nan nan nan nan nan nan nan nan nan nan 0.000000 nan -1.000000 nan nan nan nan nan nan nan 19 30 0.000000
349 11 18 115.000000 0.740000 nan nan nan nan nan nan nan nan nan nan nan nan nan nan nan nan nan nan nan nan nan 0.000000 nan -1.000000 nan nan nan nan nan nan nan 19 30 0.000000
350 11 19 115.000000 0.780000 nan nan nan nan nan nan nan nan nan nan nan nan nan nan nan nan nan nan nan nan nan 0.000000 nan -1.000000 nan nan nan nan nan nan nan 19 30 0.000000
351 11 20 115.000000 0.820000 nan nan nan nan nan nan nan nan nan nan nan nan nan nan nan nan nan nan nan nan nan 0.000000 nan -1.000000 nan nan nan nan nan nan nan 19 30 0.000000
352 11 21 115.000000 0.860000 nan nan nan nan nan nan nan nan nan nan nan nan nan nan nan nan nan nan nan nan nan 0.000000 nan -1.000000 nan nan nan nan nan nan nan 19 30 0.000000
353 11 22 115.000000 0.900000 nan nan nan nan nan nan nan nan nan nan nan nan nan nan nan nan nan nan nan nan nan 0.000000 nan -1.000000 nan nan nan nan nan nan nan 19 30 0.000000
354 11 23 115.000000 0.940000 nan nan nan nan nan nan nan nan nan nan nan nan nan nan nan nan nan nan nan nan nan 0.000000 nan -1.000000 nan nan nan nan nan nan nan 19 30 0.000000
355 11 24 115.000000 0.980000 nan nan nan nan nan nan nan nan nan nan nan nan nan nan nan nan nan nan nan nan nan 0.000000 nan -1.000000 nan nan nan nan nan nan nan 19 30 0.000000
356 11 25 115.000000 1.020000 nan nan nan nan nan nan nan nan nan nan nan nan nan nan nan nan nan nan nan nan nan 0.000000 nan -1.000000 nan nan nan nan nan nan nan 19 30 0.000000
357 11 26 115.000000 1.060000 nan nan nan nan nan nan nan nan nan nan nan nan nan nan nan nan nan nan nan nan nan 0.000000 nan -1.000000 nan nan nan nan nan nan nan 19 30 0.000000
358 11 27 115.000000 1.100000 nan nan nan nan nan nan nan nan nan nan nan nan nan nan nan nan nan nan nan nan nan 0.000000 nan -1.000000 nan nan nan nan nan nan nan 19 30 0.000000
359 11 28 115.000000 1.140000 nan nan nan nan nan nan nan nan nan nan nan nan nan nan nan nan nan nan nan nan nan 0.000000 nan -1.000000 nan nan nan nan nan nan nan 19 30 0.000000
360 11 29 115.000000 1.180000 nan nan nan nan nan nan nan nan nan nan nan nan nan nan nan nan nan nan nan nan nan 0.000000 nan -1.000000 nan nan nan nan nan nan nan 19 30 0.000000
361 12 0 125.000000 0.020000 nan nan nan nan nan nan nan nan nan nan nan nan nan nan nan nan nan nan nan nan nan 0.000000 nan -1.000000 nan nan nan nan nan nan nan 19 30 0.000000
362 12 1 125.000000 0.060000 nan nan nan nan nan nan nan nan nan nan nan nan nan nan nan nan nan nan nan nan nan 0.000000 nan -1.000000 nan nan nan nan nan nan nan 19 30 0.000000
363 12 2 125.000000 0.100000 nan nan nan nan nan nan nan nan nan nan nan nan nan nan nan nan nan nan nan nan nan 0.000000 nan -1.000000 nan nan nan nan nan nan nan 19 30 0.000000
364 12 3 125.000000 0.140000 nan nan nan nan nan nan nan nan nan nan nan nan nan nan nan nan nan nan nan nan nan 0.000000 nan -1.000000 nan nan nan nan nan nan nan 19 30 0.000000
365 12 4 125.000000 0.180000 nan nan nan nan nan nan nan nan nan nan nan nan nan nan nan nan nan nan nan nan nan 0.000000 nan -1.000000 nan nan nan nan nan nan nan 19 30 0.000000
366 12 5 125.000000 0.220000 nan nan nan nan nan nan nan nan nan nan nan nan nan nan nan nan nan nan nan nan nan 0.000000 nan -1.000000 nan nan nan nan nan nan nan 19 30 0.000000
367 12 6 125.000000 0.260000 nan nan nan nan nan nan nan nan nan nan nan nan nan nan nan nan nan nan nan nan nan 0.000000 nan -1.000000 nan nan nan nan nan nan nan 19 30 0.000000
368 12 7 125.000000 0.300000 nan nan nan nan nan nan nan nan nan nan nan nan nan nan nan nan nan nan nan nan nan 0.000000 nan -1.000000 nan nan nan nan nan nan nan 19 30 0.000000
369 12 8 125.000000 0.340000 nan nan nan nan nan nan nan nan nan nan nan nan nan nan nan nan nan nan nan nan nan 0.000000 nan -1.000000 nan nan nan nan nan nan nan 19 30 0.000000
370 12 9 125.000000 0.380000 nan nan nan nan nan nan nan nan nan nan nan nan nan nan nan nan nan nan nan nan nan 0.000000 nan -1.000000 nan nan nan nan nan nan nan 19 30 0.000000
371 12 10 125.000000 0.420000 nan nan nan nan nan nan nan nan nan nan nan nan nan nan nan nan nan nan nan nan nan 0.000000 nan -1.000000 nan nan nan nan nan nan nan 19 30 0.000000
372 12 11 125.000000 0.460000 nan nan nan nan nan nan nan nan nan nan nan nan nan nan nan nan nan nan nan nan nan 0.000000 nan -1.000000 nan nan nan nan nan nan nan 19 30 0.000000
373 12 12 125.000000 0.500000 nan nan nan nan nan nan nan nan nan nan nan nan nan nan nan nan nan nan nan nan nan 0.000000 nan -1.000000 nan nan nan nan nan nan nan 19 30 0.000000
374 12 13 125.000000 0.540000 nan nan nan nan nan nan nan nan nan nan nan nan nan nan nan nan nan nan nan nan nan 0.000000 nan -1.000000 nan nan nan nan nan nan nan 19 30 0.000000
375 12 14 125.000000 0.580000 nan nan nan nan nan nan nan nan nan nan nan nan nan nan nan nan nan nan nan nan nan 0.000000 nan -1.000000 nan nan nan nan nan nan nan 19 30 0.000000
376 12 15 125.000000 0.620000 nan nan nan nan nan nan nan nan nan nan nan nan nan nan nan nan nan nan nan nan nan 0.000000 nan -1.000000 nan nan nan nan nan nan nan 19 30 0.000000
377 12 16 125.000000 0.660000 nan nan nan nan nan nan nan nan nan nan nan nan nan nan nan nan nan nan nan nan nan 0.000000 nan -1.000000 nan nan nan nan nan nan nan 19 30 0.000000
378 12 17 125.000000 0.700000 nan nan nan nan nan nan nan nan nan nan nan nan nan nan nan nan nan nan nan nan nan 0.000000 nan -1.000000 nan nan nan nan nan nan nan 19 30 0.000000
379 12 18 125.000000 0.740000 nan nan nan nan nan nan nan nan nan nan nan nan nan nan nan nan nan nan nan nan nan 0.000000 nan -1.000000 nan nan nan nan nan nan nan 19 30 0.000000
380 12 19 125.000000 0.780000 nan nan nan nan nan nan nan nan nan nan nan nan nan nan nan nan nan nan nan nan nan 0.000000 nan -1.000000 nan nan nan nan nan nan nan 19 30 0.000000
381 12 20 125.000000 0.820000 nan nan nan nan nan nan nan nan nan nan nan nan nan nan nan nan nan nan nan nan nan 0.000000 nan -1.000000 nan nan nan nan nan nan nan 19 30 0.000000
382 12 21 125.000000 0.860000 nan nan nan nan nan nan nan nan nan nan nan nan nan nan nan nan nan nan nan nan nan 0.000000 nan -1.000000 nan nan nan nan nan nan nan 19 30 0.000000
383 12 22 125.000000 0.900000 nan nan nan nan nan nan nan nan nan nan nan nan nan nan nan nan nan nan nan nan nan 0.000000 nan -1.000000 nan nan nan nan nan nan nan 19 30 0.000000
384 12 23 125.000000 0.940000 nan nan nan nan nan nan nan nan nan nan nan nan nan nan nan nan nan nan nan nan nan 0.000000 nan -1.000000 nan nan nan nan nan nan nan 19 30 0.000000
385 12 24 125.000000 0.980000 nan nan nan nan nan nan nan nan nan nan nan nan nan nan nan nan nan nan nan nan nan 0.000000 nan -1.000000 nan nan nan nan nan nan nan 19 30 0.000000
386 12 25 125.000000 1.020000 nan nan nan nan nan nan nan nan nan nan nan nan nan nan nan nan nan nan nan nan nan 0.000000 nan -1.000000 nan nan nan nan nan nan nan 19 30 0.000000
387 12 26 125.000000 1.060000 nan nan nan nan nan nan nan nan nan nan nan nan nan nan nan nan nan nan nan nan nan 0.000000 nan -1.000000 nan nan nan nan nan nan nan 19 30 0.000000
388 12 27 125.000000 1.100000 nan nan nan nan nan nan nan nan nan nan nan nan nan nan nan nan nan nan nan nan nan 0.000000 nan -1.000000 nan nan nan nan nan nan nan 19 30 0.000000
389 12 28 125.000000 1.140000 nan nan nan nan nan nan nan nan nan nan nan nan nan nan nan nan nan nan nan nan nan 0.000000 nan -1.000000 nan nan nan nan nan nan nan 19 30 0.000000
390 12 29 125.000000 1.180000 nan nan nan nan nan nan nan nan nan nan nan nan nan nan nan nan nan nan nan nan nan 0.000000 nan -1.000000 nan nan nan nan nan nan nan 19 30 0.000000
391 13 0 135.000000 0.020000 nan nan nan nan nan nan nan nan nan nan nan nan nan nan nan nan nan nan nan nan nan 0.000000 nan -1.000000 nan nan nan nan nan nan nan 19 30 0.000000
392 13 1 135.000000 0.060000 nan nan nan nan nan nan nan nan nan nan nan nan nan nan nan nan nan nan nan nan nan 0.000000 nan -1.000000 nan nan nan nan nan nan nan 19 30 0.000000
393 13 2 135.000000 0.100000 nan nan nan nan nan nan nan nan nan nan nan nan nan nan nan nan nan nan nan nan nan 0.000000 nan -1.000000 nan nan nan nan nan nan nan 19 30 0.000000
394 13 3 135.000000 0.140000 nan nan nan nan nan nan nan nan nan nan nan nan nan nan nan nan nan nan nan nan nan 0.000000 nan -1.000000 nan nan nan nan nan nan nan 19 30 0.000000
395 13 4 135.000000 0.180000 nan nan nan nan nan nan nan nan nan nan nan nan nan nan nan nan nan nan nan nan nan 0.000000 nan -1.000000 nan nan nan nan nan nan nan 19 30 0.000000
396 13 5 135.000000 0.220000 nan nan nan nan nan nan nan nan nan nan nan nan nan nan nan nan nan nan nan nan nan 0.000000 nan -1.000000 nan nan nan nan nan nan nan 19 30 0.000000
397 13 6 135.000000 0.260000 nan nan nan nan nan nan nan nan nan nan nan nan nan nan nan nan nan nan nan nan nan 0.000000 nan -1.000000 nan nan nan nan nan nan nan 19 30 0.000000
398 13 7 135.000000 0.300000 nan nan nan nan nan nan nan nan nan nan nan nan nan nan nan nan nan nan nan nan nan 0.000000 nan -1.000000 nan nan nan nan nan nan nan 19 30 0.000000
399 13 8 135.000000 0.340000 nan nan nan nan nan nan nan nan nan nan nan nan nan nan nan nan nan nan nan nan nan 0.000000 nan -1.000000 nan nan nan nan nan nan nan 19 30 0.000000
400 13 9 135.000000 0.380000 nan nan nan nan nan nan nan nan nan nan nan nan nan nan nan nan nan nan nan nan nan 0.000000 nan -1.000000 nan nan nan nan nan nan nan 19 30 0.000000
401 13 10 135.000000 0.420000 nan nan nan nan nan nan nan nan nan nan nan nan nan nan nan nan nan nan nan nan nan 0.000000 nan -1.000000 nan nan nan nan nan nan nan 19 30 0.000000
402 13 11 135.000000 0.460000 nan nan nan nan nan nan nan nan nan nan nan nan nan nan nan nan nan nan nan nan nan 0.000000 nan -1.000000 nan nan nan nan nan nan nan 19 30 0.000000
403 13 12 135.000000 0.500000 nan nan nan nan nan nan nan nan nan nan nan nan nan nan nan nan nan nan nan nan nan 0.000000 nan -1.000000 nan nan nan nan nan nan nan 19 30 0.000000
404 13 13 135.000000 0.540000 nan nan nan nan nan nan nan nan nan nan nan nan nan nan nan nan nan nan nan nan nan 0.000000 nan -1.000000 nan nan nan nan nan nan nan 19 30 0.000000
405 13 14 135.000000 0.580000 nan nan nan nan nan nan nan nan nan nan nan nan nan nan nan nan nan nan nan nan nan 0.000000 nan -1.000000 nan nan nan nan nan nan nan 19 30 0.000000
406 13 15 135.000000 0.620000 nan nan nan nan nan nan nan nan nan nan nan nan nan nan nan nan nan nan nan nan nan 0.000000 nan -1.000000 nan nan nan nan nan nan nan 19 30 0.000000
407 13 16 135.000000 0.660000 nan nan nan nan nan nan nan nan nan nan nan nan nan nan nan nan nan nan nan nan nan 0.000000 nan -1.000000 nan nan nan nan nan nan nan 19 30 0.000000
408 13 17 135.000000 0.700000 nan nan nan nan nan nan nan nan nan nan nan nan nan nan nan nan nan nan nan nan nan 0.000000 nan -1.000000 nan nan nan nan nan nan nan 19 30 0.000000
409 13 18 135.000000 0.740000 nan nan nan nan nan nan nan nan nan nan nan nan nan nan nan nan nan nan nan nan nan 0.000000 nan -1.000000 nan nan nan nan nan nan nan 19 30 0.000000
410 13 19 135.000000 0.780000 nan nan nan nan nan nan nan nan nan nan nan nan nan nan nan nan nan nan nan nan nan 0.000000 nan -1.000000 nan nan nan nan nan nan nan 19 30 0.000000
411 13 20 135.000000 0.820000 nan nan nan nan nan nan nan nan nan nan nan nan nan nan nan nan nan nan nan nan nan 0.000000 nan -1.000000 nan nan nan nan nan nan nan 19 30 0.000000
412 13 21 135.000000 0.860000 nan nan nan nan nan nan nan nan nan nan nan nan nan nan nan nan nan nan nan nan nan 0.000000 nan -1.000000 nan nan nan nan nan nan nan 19 30 0.000000
413 13 22 135.000000 0.900000 nan nan nan nan nan nan nan nan nan nan nan nan nan nan nan nan nan nan nan nan nan 0.000000 nan -1.000000 nan nan nan nan nan nan nan 19 30 0.000000
414 13 23 135.000000 0.940000 nan nan nan nan nan nan nan nan nan nan nan nan nan nan nan nan nan nan nan nan nan 0.000000 nan -1.000000 nan nan nan nan nan nan nan 19 30 0.000000
415 13 24 135.000000 0.980000 nan nan nan nan nan nan nan nan nan nan nan nan nan nan nan nan nan nan nan nan nan 0.000000 nan -1.000000 nan nan nan nan nan nan nan 19 30 0.000000
416 13 25 135.000000 1.020000 nan nan nan nan nan nan nan nan nan nan nan nan nan nan nan nan nan nan nan nan nan 0.000000 nan -1.000000 nan nan nan nan nan nan nan 19 30 0.000000
417 13 26 135.000000 1.060000 nan nan nan nan nan nan nan nan nan nan nan nan nan nan nan nan nan nan nan nan nan 0.000000 nan -1.000000 nan nan nan nan nan nan nan 19 30 0.000000
418 13 27 135.000000 1.100000 nan nan nan nan nan nan nan nan nan nan nan nan nan nan nan nan nan nan nan nan nan 0.000000 nan -1.000000 nan nan nan nan nan nan nan 19 30 0.000000
419 13 28 135.000000 1.140000 nan nan nan nan nan nan nan nan nan nan nan nan nan nan nan nan nan nan nan nan nan 0.000000 nan -1.000000 nan nan nan nan nan nan nan 19 30 0.000000
420 13 29 135.000000 1.180000 nan nan nan nan nan nan nan nan nan nan nan nan nan nan nan nan nan nan nan nan nan 0.000000 nan -1.000000 nan nan nan nan nan nan nan 19 30 0.000000
421 14 0 145.000000 0.020000 nan nan nan nan nan nan nan nan nan nan nan nan nan nan nan nan nan nan nan nan nan 0.000000 nan -1.000000 nan nan nan nan nan nan nan 19 30 0.000000
422 14 1 145.000000 0.060000 nan nan nan nan nan nan nan nan nan nan nan nan nan nan nan nan nan nan nan nan nan 0.000000 nan -1.000000 nan nan nan nan nan nan nan 19 30 0.000000
423 14 2 145.000000 0.100000 nan nan nan nan nan nan nan nan nan nan nan nan nan nan nan nan nan nan nan nan nan 0.000000 nan -1.000000 nan nan nan nan nan nan nan 19 30 0.000000
424 14 3 145.000000 0.140000 nan nan nan nan nan nan nan nan nan nan nan nan nan nan nan nan nan nan nan nan nan 0.000000 nan -1.000000 nan nan nan nan nan nan nan 19 30 0.000000
425 14 4 145.000000 0.180000 nan nan nan nan nan nan nan nan nan nan nan nan nan nan nan nan nan nan nan nan nan 0.000000 nan -1.000000 nan nan nan nan nan nan nan 19 30 0.000000
426 14 5 145.000000 0.220000 nan nan nan nan nan nan nan nan nan nan nan nan nan nan nan nan nan nan nan nan nan 0.000000 nan -1.000000 nan nan nan nan nan nan nan 19 30 0.000000
427 14 6 145.000000 0.260000 nan nan nan nan nan nan nan nan nan nan nan nan nan nan nan nan nan nan nan nan nan 0.000000 nan -1.000000 nan nan nan nan nan nan nan 19 30 0.000000
428 14 7 145.000000 0.300000 nan nan nan nan nan nan nan nan nan nan nan nan nan nan nan nan nan nan nan nan nan 0.000000 nan -1.000000 nan nan nan nan nan nan nan 19 30 0.000000
429 14 8 145.000000 0.340000 nan nan nan nan nan nan nan nan nan nan nan nan nan nan nan nan nan nan nan nan nan 0.000000 nan -1.000000 nan nan nan nan nan nan nan 19 30 0.000000
430 14 9 145.000000 0.380000 nan nan nan nan nan nan nan nan nan nan nan nan nan nan nan nan nan nan nan nan nan 0.000000 nan -1.000000 nan nan nan nan nan nan nan 19 30 0.000000
431 14 10 145.000000 0.420000 nan nan nan nan nan nan nan nan nan nan nan nan nan nan nan nan nan nan nan nan nan 0.000000 nan -1.000000 nan nan nan nan nan nan nan 19 30 0.000000
432 14 11 145.000000 0.460000 nan nan nan nan nan nan nan nan nan nan nan nan nan nan nan nan nan nan nan nan nan 0.000000 nan -1.000000 nan nan nan nan nan nan nan 19 30 0.000000
433 14 12 145.000000 0.500000 nan nan nan nan nan nan nan nan nan nan nan nan nan nan nan nan nan nan nan nan nan 0.000000 nan -1.000000 nan nan nan nan nan nan nan 19 30 0.000000
434 14 13 145.000000 0.540000 nan nan nan nan nan nan nan nan nan nan nan nan nan nan nan nan nan nan nan nan nan 0.000000 nan -1.000000 nan nan nan nan nan nan nan 19 30 0.000000
435 14 14 145.000000 0.580000 nan nan nan nan nan nan nan nan nan nan nan nan nan nan nan nan nan nan nan nan nan 0.000000 nan -1.000000 nan nan nan nan nan nan nan 19 30 0.000000
436 14 15 145.000000 0.620000 nan nan nan nan nan nan nan nan nan nan nan nan nan nan nan nan nan nan nan nan nan 0.000000 nan -1.000000 nan nan nan nan nan nan nan 19 30 0.000000
437 14 16 145.000000 0.660000 nan nan nan nan nan nan nan nan nan nan nan nan nan nan nan nan nan nan nan nan nan 0.000000 nan -1.000000 nan nan nan nan nan nan nan 19 30 0.000000
438 14 17 145.000000 0.700000 nan nan nan nan nan nan nan nan nan nan nan nan nan nan nan nan nan nan nan nan nan 0.000000 nan -1.000000 nan nan nan nan nan nan nan 19 30 0.000000
439 14 18 145.000000 0.740000 nan nan nan nan nan nan nan nan nan nan nan nan nan nan nan nan nan nan nan nan nan 0.000000 nan -1.000000 nan nan nan nan nan nan nan 19 30 0.000000
440 14 19 145.000000 0.780000 nan nan nan nan nan nan nan nan nan nan nan nan nan nan nan nan nan nan nan nan nan 0.000000 nan -1.000000 nan nan nan nan nan nan nan 19 30 0.000000
441 14 20 145.000000 0.820000 nan nan nan nan nan nan nan nan nan nan nan nan nan nan nan nan nan nan nan nan nan 0.000000 nan -1.000000 nan nan nan nan nan nan nan 19 30 0.000000
442 14 21 145.000000 0.860000 nan nan nan nan nan nan nan nan nan nan nan nan nan nan nan nan nan nan nan nan nan 0.000000 nan -1.000000 nan nan nan nan nan nan nan 19 30 0.000000
443 14 22 145.000000 0.900000 nan nan nan nan nan nan nan nan nan nan nan nan nan nan nan nan nan nan nan nan nan 0.000000 nan -1.000000 nan nan nan nan nan nan nan 19 30 0.000000
444 14 23 145.000000 0.940000 nan nan nan nan nan nan nan nan nan nan nan nan nan nan nan nan nan nan nan nan nan 0.000000 nan -1.000000 nan nan nan nan nan nan nan 19 30 0.000000
445 14 24 145.000000 0.980000 nan nan nan nan nan nan nan nan nan nan nan nan nan nan nan nan nan nan nan nan nan 0.000000 nan -1.000000 nan nan nan nan nan nan nan 19 30 0.000000
446 14 25 145.000000 1.020000 nan nan nan nan nan nan nan nan nan nan nan nan nan nan nan nan nan nan nan nan nan 0.000000 nan -1.000000 nan nan nan nan nan nan nan 19 30 0.000000
447 14 26 145.000000 1.060000 nan nan nan nan nan nan nan nan nan nan nan nan nan nan nan nan nan nan nan nan nan 0.000000 nan -1.000000 nan nan nan nan nan nan nan 19 30 0.000000
448 14 27 145.000000 1.100000 nan nan nan nan nan nan nan nan nan nan nan nan nan nan nan nan nan nan nan nan nan 0.000000 nan -1.000000 nan nan nan nan nan nan nan 19 30 0.000000
449 14 28 145.000000 1.140000 nan nan nan nan nan nan nan nan nan nan nan nan nan nan nan nan nan nan nan nan nan 0.000000 nan -1.000000 nan nan nan nan nan nan nan 19 30 0.000000
450 14 29 145.000000 1.180000 nan nan nan nan nan nan nan nan nan nan nan nan nan nan nan nan nan nan nan nan nan 0.000000 nan -1.000000 nan nan nan nan nan nan nan 19 30 0.000000
451 15 0 155.000000 0.020000 nan nan nan nan nan nan nan nan nan nan nan nan nan nan nan nan nan nan nan nan nan 0.000000 nan -1.000000 nan nan nan nan nan nan nan 19 30 0.000000
452 15 1 155.000000 0.060000 nan nan nan nan nan nan nan nan nan nan nan nan nan nan nan nan nan nan nan nan nan 0.000000 nan -1.000000 nan nan nan nan nan nan nan 19 30 0.000000
453 15 2 155.000000 0.100000 nan nan nan nan nan nan nan nan nan nan nan nan nan nan nan nan nan nan nan nan nan 0.000000 nan -1.000000 nan nan nan nan nan nan nan 19 30 0.000000
454 15 3 155.000000 0.140000 nan nan nan nan nan nan nan nan nan nan nan nan nan nan nan nan nan nan nan nan nan 0.000000 nan -1.000000 nan nan nan nan nan nan nan 19 30 0.000000
455 15 4 155.000000 0.180000 nan nan nan nan nan nan nan nan nan nan nan nan nan nan nan nan nan nan nan nan nan 0.000000 nan -1.000000 nan nan nan nan nan nan nan 19 30 0.000000
456 15 5 155.000000 0.220000 nan nan nan nan nan nan nan nan nan nan nan nan nan nan nan nan nan nan nan nan nan 0.000000 nan -1.000000 nan nan nan nan nan nan nan 19 30 0.000000
457 15 6 155.000000 0.260000 nan nan nan nan nan nan nan nan nan nan nan nan nan nan nan nan nan nan nan nan nan 0.000000 nan -1.000000 nan nan nan nan nan nan nan 19 30 0.000000
458 15 7 155.000000 0.300000 nan nan nan nan nan nan nan nan nan nan nan nan nan nan nan nan nan nan nan nan nan 0.000000 nan -1.000000 nan nan nan nan nan nan nan 19 30 0.000000
459 15 8 155.000000 0.340000 nan nan nan nan nan nan nan nan nan nan nan nan nan nan nan nan nan nan nan nan nan 0.000000 nan -1.000000 nan nan nan nan nan nan nan 19 30 0.000000
460 15 9 155.000000 0.380000 nan nan nan nan nan nan nan nan nan nan nan nan nan nan nan nan nan nan nan nan nan 0.000000 nan -1.000000 nan nan nan nan nan nan nan 19 30 0.000000
461 15 10 155.000000 0.420000 nan nan nan nan nan nan nan nan nan nan nan nan nan nan nan nan nan nan nan nan nan 0.000000 nan -1.000000 nan nan nan nan nan nan nan 19 30 0.000000
462 15 11 155.000000 0.460000 nan nan nan nan nan nan nan nan nan nan nan nan nan nan nan nan nan nan nan nan nan 0.000000 nan -1.000000 nan nan nan nan nan nan nan 19 30 0.000000
463 15 12 155.000000 0.500000 nan nan nan nan nan nan nan nan nan nan nan nan nan nan nan nan nan nan nan nan nan 0.000000 nan -1.000000 nan nan nan nan nan nan nan 19 30 0.000000
464 15 13 155.000000 0.540000 nan nan nan nan nan nan nan nan nan nan nan nan nan nan nan nan nan nan nan nan nan 0.000000 nan -1.000000 nan nan nan nan nan nan nan 19 30 0.000000
465 15 14 155.000000 0.580000 nan nan nan nan nan nan nan nan nan nan nan nan nan nan nan nan nan nan nan nan nan 0.000000 nan -1.000000 nan nan nan nan nan nan nan 19 30 0.000000
466 15 15 155.000000 0.620000 nan nan nan nan nan nan nan nan nan nan nan nan nan nan nan nan nan nan nan nan nan 0.000000 nan -1.000000 nan nan nan nan nan nan nan 19 30 0.000000
467 15 16 155.000000 0.660000 nan nan nan nan nan nan nan nan nan nan nan nan nan nan nan nan nan nan nan nan nan 0.000000 nan -1.000000 nan nan nan nan nan nan nan 19 30 0.000000
468 15 17 155.000000 0.700000 nan nan nan nan nan nan nan nan nan nan nan nan nan nan nan nan nan nan nan nan nan 0.000000 nan -1.000000 nan nan nan nan nan nan nan 19 30 0.000000
469 15 18 155.000000 0.740000 nan nan nan nan nan nan nan nan nan nan nan nan nan nan nan nan nan nan nan nan nan 0.000000 nan -1.000000 nan nan nan nan nan nan nan 19 30 0.000000
470 15 19 155.000000 0.780000 nan nan nan nan nan nan nan nan nan nan nan nan nan nan nan nan nan nan nan nan nan 0.000000 nan -1.000000 nan nan nan nan nan nan nan 19 30 0.000000
471 15 20 155.000000 0.820000 nan nan nan nan nan nan nan nan nan nan nan nan nan nan nan nan nan nan nan nan nan 0.000000 nan -1.000000 nan nan nan nan nan nan nan 19 30 0.000000
472 15 21 155.000000 0.860000 nan nan nan nan nan nan nan nan nan nan nan nan nan nan nan nan nan nan nan nan nan 0.000000 nan -1.000000 nan nan nan nan nan nan nan 19 30 0.000000
473 15 22 155.000000 0.900000 nan nan nan nan nan nan nan nan nan nan nan nan nan nan nan nan nan nan nan nan nan 0.000000 nan -1.000000 nan nan nan nan nan nan nan 19 30 0.000000
474 15 23 155.000000 0.940000 nan nan nan nan nan nan nan nan nan nan nan nan nan nan nan nan nan nan nan nan nan 0.000000 nan -1.000000 nan nan nan nan nan nan nan 19 30 0.000000
475 15 24 155.000000 0.980000 nan nan nan nan nan nan nan nan nan nan nan nan nan nan nan nan nan nan nan nan nan 0.000000 nan -1.000000 nan nan nan nan nan nan nan 19 30 0.000000
476 15 25 155.000000 1.020000 nan nan nan nan nan nan nan nan nan nan nan nan nan nan nan nan nan nan nan nan nan 0.000000 nan -1.000000 nan nan nan nan nan nan nan 19 30 0.000000
477 15 26 155.000000 1.060000 nan nan nan nan nan nan nan nan nan nan nan nan nan nan nan nan nan nan nan nan nan 0.000000 nan -1.000000 nan nan nan nan nan nan nan 19 30 0.000000
478 15 27 155.000000 1.100000 nan nan nan nan nan nan nan nan nan nan nan nan nan nan nan nan nan nan nan nan nan 0.000000 nan -1.000000 nan nan nan nan nan nan nan 19 30 0.000000
479 15 28 155.000000 1.140000 nan nan nan nan nan nan nan nan nan nan nan nan nan nan nan nan nan nan nan nan nan 0.000000 nan -1.000000 nan nan nan nan nan nan nan 19 30 0.000000
480 15 29 155.000000 1.180000 nan nan nan nan nan nan nan nan nan nan nan nan nan nan nan nan nan nan nan nan nan 0.000000 nan -1.000000 nan nan nan nan nan nan nan 19 30 0.000000
481 16 0 165.000000 0.020000 nan nan nan nan nan nan nan nan nan nan nan nan nan nan nan nan nan nan nan nan nan 0.000000 nan -1.000000 nan nan nan nan nan nan nan 19 30 0.000000
482 16 1 165.000000 0.060000 nan nan nan nan nan nan nan nan nan nan nan nan nan nan nan nan nan nan nan nan nan 0.000000 nan -1.000000 nan nan nan nan nan nan nan 19 30 0.000000
483 16 2 165.000000 0.100000 nan nan nan nan nan nan nan nan nan nan nan nan nan nan nan nan nan nan nan nan nan 0.000000 nan -1.000000 nan nan nan nan nan nan nan 19 30 0.000000
484 16 3 165.000000 0.140000 nan nan nan nan nan nan nan nan nan nan nan nan nan nan nan nan nan nan nan nan nan 0.000000 nan -1.000000 nan nan nan nan nan nan nan 19 30 0.000000
485 16 4 165.000000 0.180000 nan nan nan nan nan nan nan nan nan nan nan nan nan nan nan nan nan nan nan nan nan 0.000000 nan -1.000000 nan nan nan nan nan nan nan 19 30 0.000000
486 16 5 165.000000 0.220000 nan nan nan nan nan nan nan nan nan nan nan nan nan nan nan nan nan nan nan nan nan 0.000000 nan -1.000000 nan nan nan nan nan nan nan 19 30 0.000000
487 16 6 165.000000 0.260000 nan nan nan nan nan nan nan nan nan nan nan nan nan nan nan nan nan nan nan nan nan 0.000000 nan -1.000000 nan nan nan nan nan nan nan 19 30 0.000000
488 16 7 165.000000 0.300000 nan nan nan nan nan nan nan nan nan nan nan nan nan nan nan nan nan nan nan nan nan 0.000000 nan -1.000000 nan nan nan nan nan nan nan 19 30 0.000000
489 16 8 165.000000 0.340000 nan nan nan nan nan nan nan nan nan nan nan nan nan nan nan nan nan nan nan nan nan 0.000000 nan -1.000000 nan nan nan nan nan nan nan 19 30 0.000000
490 16 9 165.000000 0.380000 nan nan nan nan nan nan nan nan nan nan nan nan nan nan nan nan nan nan nan nan nan 0.000000 nan -1.000000 nan nan nan nan nan nan nan 19 30 0.000000
491 16 10 165.000000 0.420000 nan nan nan nan nan nan nan nan nan nan nan nan nan nan nan nan nan nan nan nan nan 0.000000 nan -1.000000 nan nan nan nan nan nan nan 19 30 0.000000
492 16 11 165.000000 0.460000 nan nan nan nan nan nan nan nan nan nan nan nan nan nan nan nan nan nan nan nan nan 0.000000 nan -1.000000 nan nan nan nan nan nan nan 19 30 0.000000
493 16 12 165.000000 0.500000 nan nan nan nan nan nan nan nan nan nan nan nan nan nan nan nan nan nan nan nan nan 0.000000 nan -1.000000 nan nan nan nan nan nan nan 19 30 0.000000
494 16 13 165.000000 0.540000 nan nan nan nan nan nan nan nan nan nan nan nan nan nan nan nan nan nan nan nan nan 0.000000 nan -1.000000 nan nan nan nan nan nan nan 19 30 0.000000
495 16 14 165.000000 0.580000 nan nan nan nan nan nan nan nan nan nan nan nan nan nan nan nan nan nan nan nan nan 0.000000 nan -1.000000 nan nan nan nan nan nan nan 19 30 0.000000
496 16 15 165.000000 0.620000 nan nan nan nan nan nan nan nan nan nan nan nan nan nan nan nan nan nan nan nan nan 0.000000 nan -1.000000 nan nan nan nan nan nan nan 19 30 0.000000
497 16 16 165.000000 0.660000 nan nan nan nan nan nan nan nan nan nan nan nan nan nan nan nan nan nan nan nan nan 0.000000 nan -1.000000 nan nan nan nan nan nan nan 19 30 0.000000
498 16 17 165.000000 0.700000 nan nan nan nan nan nan nan nan nan nan nan nan nan nan nan nan nan nan nan nan nan 0.000000 nan -1.000000 nan nan nan nan nan nan nan 19 30 0.000000
499 16 18 165.000000 0.740000 nan nan nan nan nan nan nan nan nan nan nan nan nan nan nan nan nan nan nan nan nan 0.000000 nan -1.000000 nan nan nan nan nan nan nan 19 30 0.000000
500 16 19 165.000000 0.780000 nan nan nan nan nan nan nan nan nan nan nan nan nan nan nan nan nan nan nan nan nan 0.000000 nan -1.000000 nan nan nan nan nan nan nan 19 30 0.000000
501 16 20 165.000000 0.820000 nan nan nan nan nan nan nan nan nan nan nan nan nan nan nan nan nan nan nan nan nan 0.000000 nan -1.000000 nan nan nan nan nan nan nan 19 30 0.000000
502 16 21 165.000000 0.860000 nan nan nan nan nan nan nan nan nan nan nan nan nan nan nan nan nan nan nan nan nan 0.000000 nan -1.000000 nan nan nan nan nan nan nan 19 30 0.000000
503 16 22 165.000000 0.900000 nan nan nan nan nan nan nan nan nan nan nan nan nan nan nan nan nan nan nan nan nan 0.000000 nan -1.000000 nan nan nan nan nan nan nan 19 30 0.000000
504 16 23 165.000000 0.940000 nan nan nan nan nan nan nan nan nan nan nan nan nan nan nan nan nan nan nan nan nan 0.000000 nan -1.000000 nan nan nan nan nan nan nan 19 30 0.000000
505 16 24 165.000000 0.980000 nan nan nan nan nan nan nan nan nan nan nan nan nan nan nan nan nan nan nan nan nan 0.000000 nan -1.000000 nan nan nan nan nan nan nan 19 30 0.000000
506 16 25 165.000000 1.020000 nan nan nan nan nan nan nan nan nan nan nan nan nan nan nan nan nan nan nan nan nan 0.000000 nan -1.000000 nan nan nan nan nan nan nan 19 30 0.000000
507 16 26 165.000000 1.060000 nan nan nan nan nan nan nan nan nan nan nan nan nan nan nan nan nan nan nan nan nan 0.000000 nan -1.000000 nan nan nan nan nan nan nan 19 30 0.000000
508 16 27 165.000000 1.100000 nan nan nan nan nan nan nan nan nan nan nan nan nan nan nan nan nan nan nan nan nan 0.000000 nan -1.000000 nan nan nan nan nan nan nan 19 30 0.000000
509 16 28 165.000000 1.140000 nan nan nan nan nan nan nan nan nan nan nan nan nan nan nan nan nan nan nan nan nan 0.000000 nan -1.000000 nan nan nan nan nan nan nan 19 30 0.000000
510 16 29 165.000000 1.180000 nan nan nan nan nan nan nan nan nan nan nan nan nan nan nan nan nan nan nan nan nan 0.000000 nan -1.000000 nan nan nan nan nan nan nan 19 30 0.000000
511 17 0 175.000000 0.020000 nan nan nan nan nan nan nan nan nan nan nan nan nan nan nan nan nan nan nan nan nan 0.000000 nan -1.000000 nan nan nan nan nan nan nan 19 30 0.000000
512 17 1 175.000000 0.060000 nan nan nan nan nan nan nan nan nan nan nan nan nan nan nan nan nan nan nan nan nan 0.000000 nan -1.000000 nan nan nan nan nan nan nan 19 30 0.000000
513 17 2 175.000000 0.100000 nan nan nan nan nan nan nan nan nan nan nan nan nan nan nan nan nan nan nan nan nan 0.000000 nan -1.000000 nan nan nan nan nan nan nan 19 30 0.000000
514 17 3 175.000000 0.140000 nan nan nan nan nan nan nan nan nan nan nan nan nan nan nan nan nan nan nan nan nan 0.000000 nan -1.000000 nan nan nan nan nan nan nan 19 30 0.000000
515 17 4 175.000000 0.180000 nan nan nan nan nan nan nan nan nan nan nan nan nan nan nan nan nan nan nan nan nan 0.000000 nan -1.000000 nan nan nan nan nan nan nan 19 30 0.000000
516 17 5 175.000000 0.220000 nan nan nan nan nan nan nan nan nan nan nan nan nan nan nan nan nan nan nan nan nan 0.000000 nan -1.000000 nan nan nan nan nan nan nan 19 30 0.000000
517 17 6 175.000000 0.260000 nan nan nan nan nan nan nan nan nan nan nan nan nan nan nan nan nan nan nan nan nan 0.000000 nan -1.000000 nan nan nan nan nan nan nan 19 30 0.000000
518 17 7 175.000000 0.300000 nan nan nan nan nan nan nan nan nan nan nan nan nan nan nan nan nan nan nan nan nan 0.000000 nan -1.000000 nan nan nan nan nan nan nan 19 30 0.000000
519 17 8 175.000000 0.340000 nan nan nan nan nan nan nan nan nan nan nan nan nan nan nan nan nan nan nan nan nan 0.000000 nan -1.000000 nan nan nan nan nan nan nan 19 30 0.000000
520 17 9 175.000000 0.380000 nan nan nan nan nan nan nan nan nan nan nan nan nan nan nan nan nan nan nan nan nan 0.000000 nan -1.000000 nan nan nan nan nan nan nan 19 30 0.000000
521 17 10 175.000000 0.420000 nan nan nan nan nan nan nan nan nan nan nan nan nan nan nan nan nan nan nan nan nan 0.000000 nan -1.000000 nan nan nan nan nan nan nan 19 30 0.000000
522 17 11 175.000000 0.460000 nan nan nan nan nan nan nan nan nan nan nan nan nan nan nan nan nan nan nan nan nan 0.000000 nan -1.000000 nan nan nan nan nan nan nan 19 30 0.000000
523 17 12 175.000000 0.500000 nan nan nan nan nan nan nan nan nan nan nan nan nan nan nan nan nan nan nan nan nan 0.000000 nan -1.000000 nan nan nan nan nan nan nan 19 30 0.000000
524 17 13 175.000000 0.540000 nan nan nan nan nan nan nan nan nan nan nan nan nan nan nan nan nan nan nan nan nan 0.000000 nan -1.000000 nan nan nan nan nan nan nan 19 30 0.000000
525 17 14 175.000000 0.580000 nan nan nan nan nan nan nan nan nan nan nan nan nan nan nan nan nan nan nan nan nan 0.000000 nan -1.000000 nan nan nan nan nan nan nan 19 30 0.000000
526 17 15 175.000000 0.620000 nan nan nan nan nan nan nan nan nan nan nan nan nan nan nan nan nan nan nan nan nan 0.000000 nan -1.000000 nan nan nan nan nan nan nan 19 30 0.000000
527 17 16 175.000000 0.660000 nan nan nan nan nan nan nan nan nan nan nan nan nan nan nan nan nan nan nan nan nan 0.000000 nan -1.000000 nan nan nan nan nan nan nan 19 30 0.000000
528 17 17 175.000000 0.700000 nan nan nan nan nan nan nan nan nan nan nan nan nan nan nan nan nan nan nan nan nan 0.000000 nan -1.000000 nan nan nan nan nan nan nan 19 30 0.000000
529 17 18 175.000000 0.740000 nan nan nan nan nan nan nan nan nan nan nan nan nan nan nan nan nan nan nan nan nan 0.000000 nan -1.000000 nan nan nan nan nan nan nan 19 30 0.000000
530 17 19 175.000000 0.780000 nan nan nan nan nan nan nan nan nan nan nan nan nan nan nan nan nan nan nan nan nan 0.000000 nan -1.000000 nan nan nan nan nan nan nan 19 30 0.000000
531 17 20 175.000000 0.820000 nan nan nan nan nan nan nan nan nan nan nan nan nan nan nan nan nan nan nan nan nan 0.000000 nan -1.000000 nan nan nan nan nan nan nan 19 30 0.000000
532 17 21 175.000000 0.860000 nan nan nan nan nan nan nan nan nan nan nan nan nan nan nan nan nan nan nan nan nan 0.000000 nan -1.000000 nan nan nan nan nan nan nan 19 30 0.000000
533 17 22 175.000000 0.900000 nan nan nan nan nan nan nan nan nan nan nan nan nan nan nan nan nan nan nan nan nan 0.000000 nan -1.000000 nan nan nan nan nan nan nan 19 30 0.000000
534 17 23 175.000000 0.940000 nan nan nan nan nan nan nan nan nan nan nan nan nan nan nan nan nan nan nan nan nan 0.000000 nan -1.000000 nan nan nan nan nan nan nan 19 30 0.000000
535 17 24 175.000000 0.980000 nan nan nan nan nan nan nan nan nan nan nan nan nan nan nan nan nan nan nan nan nan 0.000000 nan -1.000000 nan nan nan nan nan nan nan 19 30 0.000000
536 17 25 175.000000 1.020000 nan nan nan nan nan nan nan nan nan nan nan nan nan nan nan nan nan nan nan nan nan 0.000000 nan -1.000000 nan nan nan nan nan nan nan 19 30 0.000000
537 17 26 175.000000 1.060000 nan nan nan nan nan nan nan nan nan nan nan nan nan nan nan nan nan nan nan nan nan 0.000000 nan -1.000000 nan nan nan nan nan nan nan 19 30 0.000000
538 17 27 175.000000 1.100000 nan nan nan nan nan nan nan nan nan nan nan nan nan nan nan nan nan nan nan nan nan 0.000000 nan -1.000000 nan nan nan nan nan nan nan 19 30 0.000000
539 17 28 175.000000 1.140000 nan nan nan nan nan nan nan nan nan nan nan nan nan nan nan nan nan nan nan nan nan 0.000000 nan -1.000000 nan nan nan nan nan nan nan 19 30 0.000000
540 17 29 175.000000 1.180000 nan nan nan nan nan nan nan nan nan nan nan nan nan nan nan nan nan nan nan nan nan 0.000000 nan -1.000000 nan nan nan nan nan nan nan 19 30 0.000000
541 18 0 185.000000 0.020000 nan nan nan nan nan nan nan nan nan nan nan nan nan nan nan nan nan nan nan nan nan 0.000000 nan -1.000000 nan nan nan nan nan nan nan 19 30 0.000000
542 18 1 185.000000 0.060000 nan nan nan nan nan nan nan nan nan nan nan nan nan nan nan nan nan nan nan nan nan 0.000000 nan -1.000000 nan nan nan nan nan nan nan 19 30 0.000000
543 18 2 185.000000 0.100000 nan nan nan nan nan nan nan nan nan nan nan nan nan nan nan nan nan nan nan nan nan 0.000000 nan -1.000000 nan nan nan nan nan nan nan 19 30 0.000000
544 18 3 185.000000 0.140000 nan nan nan nan nan nan nan nan nan nan nan nan nan nan nan nan nan nan nan nan nan 0.000000 nan -1.000000 nan nan nan nan nan nan nan 19 30 0.000000
545 18 4 185.000000 0.180000 nan nan nan nan nan nan nan nan nan nan nan nan nan nan nan nan nan nan nan nan nan 0.000000 nan -1.000000 nan nan nan nan nan nan nan 19 30 0.000000
546 18 5 185.000000 0.220000 nan nan nan nan nan nan nan nan nan nan nan nan nan nan nan nan nan nan nan nan nan 0.000000 nan -1.000000 nan nan nan nan nan nan nan 19 30 0.000000
547 18 6 185.000000 0.260000 nan nan nan nan nan nan nan nan nan nan nan nan nan nan nan nan nan nan nan nan nan 0.000000 nan -1.000000 nan nan nan nan nan nan nan 19 30 0.000000
548 18 7 185.000000 0.300000 nan nan nan nan nan nan nan nan nan nan nan nan nan nan nan nan nan nan nan nan nan 0.000000 nan -1.000000 nan nan nan nan nan nan nan 19 30 0.000000
549 18 8 185.000000 0.340000 nan nan nan nan nan nan nan nan nan nan nan nan nan nan nan nan nan nan nan nan nan 0.000000 nan -1.000000 nan nan nan nan nan nan nan 19 30 0.000000
550 18 9 185.000000 0.380000 nan nan nan nan nan nan nan nan nan nan nan nan nan nan nan nan nan nan nan nan nan 0.000000 nan -1.000000 nan nan nan nan nan nan nan 19 30 0.000000
551 18 10 185.000000 0.420000 nan nan nan nan nan nan nan nan nan nan nan nan nan nan nan nan nan nan nan nan nan 0.000000 nan -1.000000 nan nan nan nan nan nan nan 19 30 0.000000
552 18 11 185.000000 0.460000 nan nan nan nan nan nan nan nan nan nan nan nan nan nan nan nan nan nan nan nan nan 0.000000 nan -1.000000 nan nan nan nan nan nan nan 19 30 0.000000
553 18 12 185.000000 0.500000 nan nan nan nan nan nan nan nan nan nan nan nan nan nan nan nan nan nan nan nan nan 0.000000 nan -1.000000 nan nan nan nan nan nan nan 19 30 0.000000
554 18 13 185.000000 0.540000 nan nan nan nan nan nan nan nan nan nan nan nan nan nan nan nan nan nan nan nan nan 0.000000 nan -1.000000 nan nan nan nan nan nan nan 19 30 0.000000
555 18 14 185.000000 0.580000 nan nan nan nan nan nan nan nan nan nan nan nan nan nan nan nan nan nan nan nan nan 0.000000 nan -1.000000 nan nan nan nan nan nan nan 19 30 0.000000
556 18 15 185.000000 0.620000 nan nan nan nan nan nan nan nan nan nan nan nan nan nan nan nan nan nan nan nan nan 0.000000 nan -1.000000 nan nan nan nan nan nan nan 19 30 0.000000
557 18 16 185.000000 0.660000 nan nan nan nan nan nan nan nan nan nan nan nan nan nan nan nan nan nan nan nan nan 0.000000 nan -1.000000 nan nan nan nan nan nan nan 19 30 0.000000
558 18 17 185.000000 0.700000 nan nan nan nan nan nan nan nan nan nan nan nan nan nan nan nan nan nan nan nan nan 0.000000 nan -1.000000 nan nan nan nan nan nan nan 19 30 0.000000
559 18 18 185.000000 0.740000 nan nan nan nan nan nan nan nan nan nan nan nan nan nan nan nan nan nan nan nan nan 0.000000 nan -1.000000 nan nan nan nan nan nan nan 19 30 0.000000
560 18 19 185.000000 0.780000 nan nan nan nan nan nan nan nan nan nan nan nan nan nan nan nan nan nan nan nan nan 0.000000 nan -1.000000 nan nan nan nan nan nan nan 19 30 0.000000
561 18 20 185.000000 0.820000 nan nan nan nan nan nan nan nan nan nan nan nan nan nan nan nan nan nan nan nan nan 0.000000 nan -1.000000 nan nan nan nan nan nan nan 19 30 0.000000
562 18 21 185.000000 0.860000 nan nan nan nan nan nan nan nan nan nan nan nan nan nan nan nan nan nan nan nan nan 0.000000 nan -1.000000 nan nan nan nan nan nan nan 19 30 0.000000
563 18 22 185.000000 0.900000 nan nan nan nan nan nan nan nan nan nan nan nan nan nan nan nan nan nan nan nan nan 0.000000 nan -1.000000 nan nan nan nan nan nan nan 19 30 0.000000
564 18 23 185.000000 0.940000 nan nan nan nan nan nan nan nan nan nan nan nan nan nan nan nan nan nan nan nan nan 0.000000 nan -1.000000 nan nan nan nan nan nan nan 19 30 0.000000
565 18 24 185.000000 0.980000 nan nan nan nan nan nan nan nan nan nan nan nan nan nan nan nan nan nan nan nan nan 0.000000 nan -1.000000 nan nan nan nan nan nan nan 19 30 0.000000
566 18 25 185.000000 1.020000 nan nan nan nan nan nan nan nan nan nan nan nan nan nan nan nan nan nan nan nan nan 0.000000 nan -1.000000 nan nan nan nan nan nan nan 19 30 0.000000
567 18 26 185.000000 1.060000 nan nan nan nan nan nan nan nan nan nan nan nan nan nan nan nan nan nan nan nan nan 0.000000 nan -1.000000 nan nan nan nan nan nan nan 19 30 0.000000
568 18 27 185.000000 1.100000 nan nan nan nan nan nan nan nan nan nan nan nan nan nan nan nan nan nan nan nan nan 0.000000 nan -1.000000 nan nan nan nan nan nan nan 19 30 0.000000
569 18 28 185.000000 1.140000 nan nan nan nan nan nan nan nan nan nan nan nan nan nan nan nan nan nan nan nan nan 0.000000 nan -1.000000 nan nan nan nan nan nan nan 19 30 0.000000
570 18 29 185.000000 1.180000 nan nan nan nan nan nan nan nan nan nan nan nan nan nan nan nan nan nan nan nan nan 0.000000 nan -1.000000 nan nan nan nan nan nan nan 19 30 0.000000
