# histogram parameters 
#\ dx = np.float64(10.0)
#\ dy = np.float64(0.04000000000000001)
#\ nx = 19
#\ ny = 30
#\ xmin = np.float64(0.0)
#\ ymin = np.float64(3.469446951953614e-18)

# averaged kinematics results
# averaged kinematic varibles used as input to calculate the averaged 
# kinematics: Ei, omega, th_e, pf
#
# variables with _mc attached are from histograms not calculated
# alpha is the spectatror (neutron) alpha
#\ xb = th_nq
#\ yb = pm
# current header line:
#! i_b[i,0]/ i_x[i,1]/ i_y[i,2]/ xb[f,3]/ yb[f,4]/ Ei[f,5]/ kf[f,6]/ th_e[f,7]/ omega_mc[f,8]/ omega[f,9]/ Q2[f,10]/ Q2_calc[f,11]/ q_mc[f,12]/ q_lab[f,13]/ Ep_calc[f,14]/ pf[f,15]/ pm_mc[f,16]/ pm[f,17]/ En_calc[f,18]/ beta_cm[f,19]/ gamma_cm[f,20]/ PfPar_q[f,21]/ PfPerp_q[f,22]/ theta_pq[f,23]/ theta_pq_calc[f,24]/ PfPar_cm[f,25]/ th_pq_cm[f,26]/ th_nq_mc[f,27]/ th_nq_calc[f,28]/  cos_phi[f,29]/  sin_phi[f,30]/  alpha_c[f,31]/  GEp[f,32]/   GMp[f,33]/   sigMott[f,34]/   Ksig_cc1[f,35]/  nx[i,36]/ ny[i,37]/ cont[f,38]/        
1 0 0 5.000000 0.020000 nan nan nan nan nan nan nan nan nan nan nan nan nan nan nan nan nan nan nan nan nan 0.000000 nan -1.000000 nan nan nan nan nan nan nan 19 30 0.000000
2 0 1 5.000000 0.060000 nan nan nan nan nan nan nan nan nan nan nan nan nan nan nan nan nan nan nan nan nan 0.000000 nan -1.000000 nan nan nan nan nan nan nan 19 30 0.000000
3 0 2 5.000000 0.100000 nan nan nan nan nan nan nan nan nan nan nan nan nan nan nan nan nan nan nan nan nan 0.000000 nan -1.000000 nan nan nan nan nan nan nan 19 30 0.000000
4 0 3 5.000000 0.140000 nan nan nan nan nan nan nan nan nan nan nan nan nan nan nan nan nan nan nan nan nan 0.000000 nan -1.000000 nan nan nan nan nan nan nan 19 30 0.000000
5 0 4 5.000000 0.180000 nan nan nan nan nan nan nan nan nan nan nan nan nan nan nan nan nan nan nan nan nan 0.000000 nan -1.000000 nan nan nan nan nan nan nan 19 30 0.000000
6 0 5 5.000000 0.220000 nan nan nan nan nan nan nan nan nan nan nan nan nan nan nan nan nan nan nan nan nan 0.000000 nan -1.000000 nan nan nan nan nan nan nan 19 30 0.000000
7 0 6 5.000000 0.260000 nan nan nan nan nan nan nan nan nan nan nan nan nan nan nan nan nan nan nan nan nan 0.000000 nan -1.000000 nan nan nan nan nan nan nan 19 30 0.000000
8 0 7 5.000000 0.300000 nan nan nan nan nan nan nan nan nan nan nan nan nan nan nan nan nan nan nan nan nan 0.000000 nan -1.000000 nan nan nan nan nan nan nan 19 30 0.000000
9 0 8 5.000000 0.340000 nan nan nan nan nan nan nan nan nan nan nan nan nan nan nan nan nan nan nan nan nan 0.000000 nan -1.000000 nan nan nan nan nan nan nan 19 30 0.000000
10 0 9 5.000000 0.380000 nan nan nan nan nan nan nan nan nan nan nan nan nan nan nan nan nan nan nan nan nan 0.000000 nan -1.000000 nan nan nan nan nan nan nan 19 30 0.000000
11 0 10 5.000000 0.420000 nan nan nan nan nan nan nan nan nan nan nan nan nan nan nan nan nan nan nan nan nan 0.000000 nan -1.000000 nan nan nan nan nan nan nan 19 30 0.000000
12 0 11 5.000000 0.460000 nan nan nan nan nan nan nan nan nan nan nan nan nan nan nan nan nan nan nan nan nan 0.000000 nan -1.000000 nan nan nan nan nan nan nan 19 30 0.000000
13 0 12 5.000000 0.500000 nan nan nan nan nan nan nan nan nan nan nan nan nan nan nan nan nan nan nan nan nan 0.000000 nan -1.000000 nan nan nan nan nan nan nan 19 30 0.000000
14 0 13 5.000000 0.540000 nan nan nan nan nan nan nan nan nan nan nan nan nan nan nan nan nan nan nan nan nan 0.000000 nan -1.000000 nan nan nan nan nan nan nan 19 30 0.000000
15 0 14 5.000000 0.580000 nan nan nan nan nan nan nan nan nan nan nan nan nan nan nan nan nan nan nan nan nan 0.000000 nan -1.000000 nan nan nan nan nan nan nan 19 30 0.000000
16 0 15 5.000000 0.620000 nan nan nan nan nan nan nan nan nan nan nan nan nan nan nan nan nan nan nan nan nan 0.000000 nan -1.000000 nan nan nan nan nan nan nan 19 30 0.000000
17 0 16 5.000000 0.660000 nan nan nan nan nan nan nan nan nan nan nan nan nan nan nan nan nan nan nan nan nan 0.000000 nan -1.000000 nan nan nan nan nan nan nan 19 30 0.000000
18 0 17 5.000000 0.700000 nan nan nan nan nan nan nan nan nan nan nan nan nan nan nan nan nan nan nan nan nan 0.000000 nan -1.000000 nan nan nan nan nan nan nan 19 30 0.000000
19 0 18 5.000000 0.740000 nan nan nan nan nan nan nan nan nan nan nan nan nan nan nan nan nan nan nan nan nan 0.000000 nan -1.000000 nan nan nan nan nan nan nan 19 30 0.000000
20 0 19 5.000000 0.780000 nan nan nan nan nan nan nan nan nan nan nan nan nan nan nan nan nan nan nan nan nan 0.000000 nan -1.000000 nan nan nan nan nan nan nan 19 30 0.000000
21 0 20 5.000000 0.820000 nan nan nan nan nan nan nan nan nan nan nan nan nan nan nan nan nan nan nan nan nan 0.000000 nan -1.000000 nan nan nan nan nan nan nan 19 30 0.000000
22 0 21 5.000000 0.860000 nan nan nan nan nan nan nan nan nan nan nan nan nan nan nan nan nan nan nan nan nan 0.000000 nan -1.000000 nan nan nan nan nan nan nan 19 30 0.000000
23 0 22 5.000000 0.900000 nan nan nan nan nan nan nan nan nan nan nan nan nan nan nan nan nan nan nan nan nan 0.000000 nan -1.000000 nan nan nan nan nan nan nan 19 30 0.000000
24 0 23 5.000000 0.940000 nan nan nan nan nan nan nan nan nan nan nan nan nan nan nan nan nan nan nan nan nan 0.000000 nan -1.000000 nan nan nan nan nan nan nan 19 30 0.000000
25 0 24 5.000000 0.980000 nan nan nan nan nan nan nan nan nan nan nan nan nan nan nan nan nan nan nan nan nan 0.000000 nan -1.000000 nan nan nan nan nan nan nan 19 30 0.000000
26 0 25 5.000000 1.020000 nan nan nan nan nan nan nan nan nan nan nan nan nan nan nan nan nan nan nan nan nan 0.000000 nan -1.000000 nan nan nan nan nan nan nan 19 30 0.000000
27 0 26 5.000000 1.060000 nan nan nan nan nan nan nan nan nan nan nan nan nan nan nan nan nan nan nan nan nan 0.000000 nan -1.000000 nan nan nan nan nan nan nan 19 30 0.000000
28 0 27 5.000000 1.100000 nan nan nan nan nan nan nan nan nan nan nan nan nan nan nan nan nan nan nan nan nan 0.000000 nan -1.000000 nan nan nan nan nan nan nan 19 30 0.000000
29 0 28 5.000000 1.140000 nan nan nan nan nan nan nan nan nan nan nan nan nan nan nan nan nan nan nan nan nan 0.000000 nan -1.000000 nan nan nan nan nan nan nan 19 30 0.000000
30 0 29 5.000000 1.180000 nan nan nan nan nan nan nan nan nan nan nan nan nan nan nan nan nan nan nan nan nan 0.000000 nan -1.000000 nan nan nan nan nan nan nan 19 30 0.000000
31 1 0 15.000000 0.020000 nan nan nan nan nan nan nan nan nan nan nan nan nan nan nan nan nan nan nan nan nan 0.000000 nan -1.000000 nan nan nan nan nan nan nan 19 30 0.000000
32 1 1 15.000000 0.060000 nan nan nan nan nan nan nan nan nan nan nan nan nan nan nan nan nan nan nan nan nan 0.000000 nan -1.000000 nan nan nan nan nan nan nan 19 30 0.000000
33 1 2 15.000000 0.100000 nan nan nan nan nan nan nan nan nan nan nan nan nan nan nan nan nan nan nan nan nan 0.000000 nan -1.000000 nan nan nan nan nan nan nan 19 30 0.000000
34 1 3 15.000000 0.140000 nan nan nan nan nan nan nan nan nan nan nan nan nan nan nan nan nan nan nan nan nan 0.000000 nan -1.000000 nan nan nan nan nan nan nan 19 30 0.000000
35 1 4 15.000000 0.180000 nan nan nan nan nan nan nan nan nan nan nan nan nan nan nan nan nan nan nan nan nan 0.000000 nan -1.000000 nan nan nan nan nan nan nan 19 30 0.000000
36 1 5 15.000000 0.220000 nan nan nan nan nan nan nan nan nan nan nan nan nan nan nan nan nan nan nan nan nan 0.000000 nan -1.000000 nan nan nan nan nan nan nan 19 30 0.000000
37 1 6 15.000000 0.260000 nan nan nan nan nan nan nan nan nan nan nan nan nan nan nan nan nan nan nan nan nan 0.000000 nan -1.000000 nan nan nan nan nan nan nan 19 30 0.000000
38 1 7 15.000000 0.300000 nan nan nan nan nan nan nan nan nan nan nan nan nan nan nan nan nan nan nan nan nan 0.000000 nan -1.000000 nan nan nan nan nan nan nan 19 30 0.000000
39 1 8 15.000000 0.340000 nan nan nan nan nan nan nan nan nan nan nan nan nan nan nan nan nan nan nan nan nan 0.000000 nan -1.000000 nan nan nan nan nan nan nan 19 30 0.000000
40 1 9 15.000000 0.380000 nan nan nan nan nan nan nan nan nan nan nan nan nan nan nan nan nan nan nan nan nan 0.000000 nan -1.000000 nan nan nan nan nan nan nan 19 30 0.000000
41 1 10 15.000000 0.420000 nan nan nan nan nan nan nan nan nan nan nan nan nan nan nan nan nan nan nan nan nan 0.000000 nan -1.000000 nan nan nan nan nan nan nan 19 30 0.000000
42 1 11 15.000000 0.460000 nan nan nan nan nan nan nan nan nan nan nan nan nan nan nan nan nan nan nan nan nan 0.000000 nan -1.000000 nan nan nan nan nan nan nan 19 30 0.000000
43 1 12 15.000000 0.500000 nan nan nan nan nan nan nan nan nan nan nan nan nan nan nan nan nan nan nan nan nan 0.000000 nan -1.000000 nan nan nan nan nan nan nan 19 30 0.000000
44 1 13 15.000000 0.540000 nan nan nan nan nan nan nan nan nan nan nan nan nan nan nan nan nan nan nan nan nan 0.000000 nan -1.000000 nan nan nan nan nan nan nan 19 30 0.000000
45 1 14 15.000000 0.580000 nan nan nan nan nan nan nan nan nan nan nan nan nan nan nan nan nan nan nan nan nan 0.000000 nan -1.000000 nan nan nan nan nan nan nan 19 30 0.000000
46 1 15 15.000000 0.620000 nan nan nan nan nan nan nan nan nan nan nan nan nan nan nan nan nan nan nan nan nan 0.000000 nan -1.000000 nan nan nan nan nan nan nan 19 30 0.000000
47 1 16 15.000000 0.660000 nan nan nan nan nan nan nan nan nan nan nan nan nan nan nan nan nan nan nan nan nan 0.000000 nan -1.000000 nan nan nan nan nan nan nan 19 30 0.000000
48 1 17 15.000000 0.700000 nan nan nan nan nan nan nan nan nan nan nan nan nan nan nan nan nan nan nan nan nan 0.000000 nan -1.000000 nan nan nan nan nan nan nan 19 30 0.000000
49 1 18 15.000000 0.740000 nan nan nan nan nan nan nan nan nan nan nan nan nan nan nan nan nan nan nan nan nan 0.000000 nan -1.000000 nan nan nan nan nan nan nan 19 30 0.000000
50 1 19 15.000000 0.780000 nan nan nan nan nan nan nan nan nan nan nan nan nan nan nan nan nan nan nan nan nan 0.000000 nan -1.000000 nan nan nan nan nan nan nan 19 30 0.000000
51 1 20 15.000000 0.820000 10541.951200 9020.198226 13.030792 1521.753300 1521.752960 4897345.000000 4897344.915705 2685.717290 2685.717220 2160.104144 1945.686400 805.005310 805.000068 1237.258816 0.790530 1.632857 1926.998749 269.019312 7.947754 7.947431 358.202690 36.907479 19.523705 19.523013 0.051264 -0.998685 0.509321 0.017154 0.045285 0.277745 2903.226025 19 30 0.000000
52 1 21 15.000000 0.860000 nan nan nan nan nan nan nan nan nan nan nan nan nan nan nan nan nan nan nan nan nan 0.000000 nan -1.000000 nan nan nan nan nan nan nan 19 30 0.000000
53 1 22 15.000000 0.900000 nan nan nan nan nan nan nan nan nan nan nan nan nan nan nan nan nan nan nan nan nan 0.000000 nan -1.000000 nan nan nan nan nan nan nan 19 30 0.000000
54 1 23 15.000000 0.940000 nan nan nan nan nan nan nan nan nan nan nan nan nan nan nan nan nan nan nan nan nan 0.000000 nan -1.000000 nan nan nan nan nan nan nan 19 30 0.000000
55 1 24 15.000000 0.980000 nan nan nan nan nan nan nan nan nan nan nan nan nan nan nan nan nan nan nan nan nan 0.000000 nan -1.000000 nan nan nan nan nan nan nan 19 30 0.000000
56 1 25 15.000000 1.020000 nan nan nan nan nan nan nan nan nan nan nan nan nan nan nan nan nan nan nan nan nan 0.000000 nan -1.000000 nan nan nan nan nan nan nan 19 30 0.000000
57 1 26 15.000000 1.060000 nan nan nan nan nan nan nan nan nan nan nan nan nan nan nan nan nan nan nan nan nan 0.000000 nan -1.000000 nan nan nan nan nan nan nan 19 30 0.000000
58 1 27 15.000000 1.100000 nan nan nan nan nan nan nan nan nan nan nan nan nan nan nan nan nan nan nan nan nan 0.000000 nan -1.000000 nan nan nan nan nan nan nan 19 30 0.000000
59 1 28 15.000000 1.140000 nan nan nan nan nan nan nan nan nan nan nan nan nan nan nan nan nan nan nan nan nan 0.000000 nan -1.000000 nan nan nan nan nan nan nan 19 30 0.000000
60 1 29 15.000000 1.180000 nan nan nan nan nan nan nan nan nan nan nan nan nan nan nan nan nan nan nan nan nan 0.000000 nan -1.000000 nan nan nan nan nan nan nan 19 30 0.000000
61 2 0 25.000000 0.020000 nan nan nan nan nan nan nan nan nan nan nan nan nan nan nan nan nan nan nan nan nan 0.000000 nan -1.000000 nan nan nan nan nan nan nan 19 30 0.000000
62 2 1 25.000000 0.060000 nan nan nan nan nan nan nan nan nan nan nan nan nan nan nan nan nan nan nan nan nan 0.000000 nan -1.000000 nan nan nan nan nan nan nan 19 30 0.000000
63 2 2 25.000000 0.100000 nan nan nan nan nan nan nan nan nan nan nan nan nan nan nan nan nan nan nan nan nan 0.000000 nan -1.000000 nan nan nan nan nan nan nan 19 30 0.000000
64 2 3 25.000000 0.140000 nan nan nan nan nan nan nan nan nan nan nan nan nan nan nan nan nan nan nan nan nan 0.000000 nan -1.000000 nan nan nan nan nan nan nan 19 30 0.000000
65 2 4 25.000000 0.180000 nan nan nan nan nan nan nan nan nan nan nan nan nan nan nan nan nan nan nan nan nan 0.000000 nan -1.000000 nan nan nan nan nan nan nan 19 30 0.000000
66 2 5 25.000000 0.220000 nan nan nan nan nan nan nan nan nan nan nan nan nan nan nan nan nan nan nan nan nan 0.000000 nan -1.000000 nan nan nan nan nan nan nan 19 30 0.000000
67 2 6 25.000000 0.260000 nan nan nan nan nan nan nan nan nan nan nan nan nan nan nan nan nan nan nan nan nan 0.000000 nan -1.000000 nan nan nan nan nan nan nan 19 30 0.000000
68 2 7 25.000000 0.300000 nan nan nan nan nan nan nan nan nan nan nan nan nan nan nan nan nan nan nan nan nan 0.000000 nan -1.000000 nan nan nan nan nan nan nan 19 30 0.000000
69 2 8 25.000000 0.340000 nan nan nan nan nan nan nan nan nan nan nan nan nan nan nan nan nan nan nan nan nan 0.000000 nan -1.000000 nan nan nan nan nan nan nan 19 30 0.000000
70 2 9 25.000000 0.380000 nan nan nan nan nan nan nan nan nan nan nan nan nan nan nan nan nan nan nan nan nan 0.000000 nan -1.000000 nan nan nan nan nan nan nan 19 30 0.000000
71 2 10 25.000000 0.420000 nan nan nan nan nan nan nan nan nan nan nan nan nan nan nan nan nan nan nan nan nan 0.000000 nan -1.000000 nan nan nan nan nan nan nan 19 30 0.000000
72 2 11 25.000000 0.460000 nan nan nan nan nan nan nan nan nan nan nan nan nan nan nan nan nan nan nan nan nan 0.000000 nan -1.000000 nan nan nan nan nan nan nan 19 30 0.000000
73 2 12 25.000000 0.500000 nan nan nan nan nan nan nan nan nan nan nan nan nan nan nan nan nan nan nan nan nan 0.000000 nan -1.000000 nan nan nan nan nan nan nan 19 30 0.000000
74 2 13 25.000000 0.540000 nan nan nan nan nan nan nan nan nan nan nan nan nan nan nan nan nan nan nan nan nan 0.000000 nan -1.000000 nan nan nan nan nan nan nan 19 30 0.000000
75 2 14 25.000000 0.580000 10541.054904 9130.533034 11.785352 1410.521745 1410.521856 4057839.502209 4057778.086028 2459.142594 2459.136026 2177.906972 1965.432378 587.640466 587.688799 1108.224884 0.748338 1.507572 1944.767634 284.259182 8.308968 8.315816 474.821931 30.907473 28.911305 28.926679 -0.063739 0.085164 0.632054 0.021388 0.063768 0.415506 5240.538705 19 30 0.000056
76 2 15 25.000000 0.620000 10541.353588 9107.280555 11.952843 1434.073028 1434.073019 4163129.467763 4163002.298058 2493.913268 2493.906118 2181.771860 1969.714219 623.938843 624.018681 1127.911159 0.753518 1.521081 1946.733769 300.002893 8.750342 8.760692 460.475580 33.084510 28.708821 28.735016 -0.037910 0.005183 0.618093 0.020729 0.060912 0.392640 4751.872509 19 30 0.000205
77 2 16 25.000000 0.660000 10541.162419 9080.712217 12.129807 1460.450171 1460.450188 4274303.693019 4274135.604440 2531.226691 2531.215194 2187.188825 1975.712684 661.065292 661.151375 1148.871363 0.758744 1.535181 1950.322092 315.728278 9.181918 9.195564 446.439766 35.268470 28.491007 28.525061 -0.043967 0.021423 0.604511 0.020090 0.058092 0.370196 4334.757682 19 30 0.000424
78 2 17 25.000000 0.700000 10541.025764 9050.702583 12.324760 1490.323177 1490.323166 4397689.413329 4397456.629738 2572.667248 2572.648396 2193.415108 1982.603211 701.341557 701.437330 1172.518058 0.764320 1.550778 1954.643501 331.789508 9.615423 9.633803 431.385334 37.564806 28.186148 28.230105 -0.060511 0.008258 0.590180 0.019438 0.055177 0.347290 3934.828363 19 30 0.000545
79 2 18 25.000000 0.740000 10540.957247 9022.378967 12.502620 1518.578266 1518.578266 4510908.974282 4510595.888213 2610.903541 2610.876450 2197.905699 1987.570154 740.377253 740.478029 1196.282567 0.769220 1.564983 1956.967984 347.435502 10.043683 10.067261 416.748263 39.817357 27.929496 27.982661 -0.056018 0.005073 0.577260 0.018882 0.052684 0.327913 3578.307697 19 30 0.000633
80 2 19 25.000000 0.780000 10540.809867 8993.186448 12.667830 1547.623397 1547.623405 4615439.460479 4615054.890304 2647.709446 2647.676924 2202.375690 1992.512067 779.448279 779.557111 1220.857714 0.773443 1.577622 1958.809258 364.925511 10.526722 10.553203 402.919149 42.167264 27.854024 27.912267 -0.039323 0.000435 0.566208 0.018396 0.050523 0.311114 3255.127989 19 30 0.000637
81 2 20 25.000000 0.820000 10540.795700 8961.352928 12.848963 1579.442760 1579.442758 4731075.961460 4730608.761697 2688.024871 2687.982178 2208.156707 1998.900122 819.614801 819.735014 1246.896051 0.777986 1.591643 1962.231089 381.117896 10.959840 10.991525 388.864371 44.423590 27.638042 27.705573 -0.060275 -0.000589 0.554666 0.017880 0.048278 0.293904 2981.724556 19 30 0.000572
82 2 21 25.000000 0.860000 10540.605769 8932.548925 12.994708 1608.056824 1608.056830 4822917.393590 4822434.461941 2721.866866 2721.815796 2210.486585 2001.473606 859.066992 859.187795 1273.180245 0.781308 1.602189 1961.186017 399.557261 11.481794 11.515413 375.097771 46.808495 27.644167 27.712854 -0.045707 0.003618 0.545518 0.017479 0.046596 0.280922 2738.525314 19 30 0.000455
83 2 22 25.000000 0.900000 10540.447951 8908.255874 13.097549 1632.192066 1632.192063 4885689.670361 4885337.267787 2747.668020 2747.615002 2208.113247 1998.852112 897.898847 898.001531 1299.688816 0.783287 1.608595 1954.129528 420.461119 12.114844 12.142939 361.199708 49.335570 27.864180 27.918731 -0.040398 -0.004307 0.538763 0.017206 0.045491 0.272191 2575.345198 19 30 0.000295
84 2 23 25.000000 0.940000 10540.245609 8884.772585 13.175824 1655.473011 1655.473010 4930746.680302 4930518.767618 2769.721819 2769.676814 2203.873161 1994.167135 937.310172 937.390908 1327.209849 0.784370 1.612142 1944.109589 444.005035 12.844662 12.864838 347.346976 51.963781 28.234795 28.272170 -0.027173 -0.002886 0.533909 0.017010 0.044721 0.265777 2435.639104 19 30 0.000148
85 2 24 25.000000 0.980000 10540.045670 8863.640142 13.230289 1676.405509 1676.405513 4959413.434527 4959266.513073 2787.431538 2787.400573 2196.905530 1986.464086 976.431826 976.493111 1355.109982 0.784738 1.613351 1930.490872 468.235580 13.621123 13.633660 333.150867 54.568047 28.630597 28.653228 -0.026303 -0.005175 0.530245 0.016885 0.044241 0.261427 2339.628235 19 30 0.000057
86 2 25 25.000000 1.020000 10539.665707 8842.073053 13.277543 1697.592638 1697.592639 4982344.521885 4982263.793531 2804.316594 2804.297517 2189.569857 1978.348254 1015.660520 1015.704390 1383.632782 0.784813 1.613601 1916.039740 492.598751 14.410771 14.418047 318.905314 57.081236 28.998114 29.011319 -0.030231 -0.022108 0.527238 0.016785 0.043862 0.257736 2256.699461 19 30 0.000017
87 2 26 25.000000 1.060000 10539.274328 8819.713968 13.323694 1719.560340 1719.560345 5003965.897893 5003931.079887 2821.503337 2821.492311 2182.875125 1970.936190 1054.385880 1054.416198 1412.295220 0.784801 1.613559 1902.116615 516.276911 15.181444 15.185504 304.953895 59.430548 29.308799 29.316459 -0.054457 -0.026140 0.524625 0.016690 0.043509 0.254194 2197.158051 19 30 0.000004
88 2 27 25.000000 1.100000 10539.556415 8797.781348 13.365227 1741.775046 1741.775052 5022657.290378 5022647.825871 2838.392875 2838.384780 2175.527279 1962.795098 1093.671435 1093.695373 1441.857773 0.784651 1.613065 1887.133707 539.713782 15.957917 15.960348 290.519593 61.707106 29.564186 29.569388 -0.038804 0.013174 0.522163 0.016608 0.043207 0.251029 2099.555908 19 30 0.000000
89 2 28 25.000000 1.140000 10539.233513 8778.794426 13.393461 1760.438996 1760.439072 5032759.850553 5032754.647386 2851.650951 2851.648712 2167.746618 1954.167611 1128.317543 1128.329663 1468.302454 0.784271 1.611816 1872.170221 560.133659 16.655860 16.656630 277.343446 63.658241 29.762009 29.763913 0.224994 -0.130341 0.520266 0.016563 0.043046 0.248929 1773.707583 19 30 0.000000
90 2 29 25.000000 1.180000 nan nan nan nan nan nan nan nan nan nan nan nan nan nan nan nan nan nan nan nan nan 0.000000 nan -1.000000 nan nan nan nan nan nan nan 19 30 0.000000
91 3 0 35.000000 0.020000 nan nan nan nan nan nan nan nan nan nan nan nan nan nan nan nan nan nan nan nan nan 0.000000 nan -1.000000 nan nan nan nan nan nan nan 19 30 0.000000
92 3 1 35.000000 0.060000 nan nan nan nan nan nan nan nan nan nan nan nan nan nan nan nan nan nan nan nan nan 0.000000 nan -1.000000 nan nan nan nan nan nan nan 19 30 0.000000
93 3 2 35.000000 0.100000 nan nan nan nan nan nan nan nan nan nan nan nan nan nan nan nan nan nan nan nan nan 0.000000 nan -1.000000 nan nan nan nan nan nan nan 19 30 0.000000
94 3 3 35.000000 0.140000 nan nan nan nan nan nan nan nan nan nan nan nan nan nan nan nan nan nan nan nan nan 0.000000 nan -1.000000 nan nan nan nan nan nan nan 19 30 0.000000
95 3 4 35.000000 0.180000 nan nan nan nan nan nan nan nan nan nan nan nan nan nan nan nan nan nan nan nan nan 0.000000 nan -1.000000 nan nan nan nan nan nan nan 19 30 0.000000
96 3 5 35.000000 0.220000 nan nan nan nan nan nan nan nan nan nan nan nan nan nan nan nan nan nan nan nan nan 0.000000 nan -1.000000 nan nan nan nan nan nan nan 19 30 0.000000
97 3 6 35.000000 0.260000 nan nan nan nan nan nan nan nan nan nan nan nan nan nan nan nan nan nan nan nan nan 0.000000 nan -1.000000 nan nan nan nan nan nan nan 19 30 0.000000
98 3 7 35.000000 0.300000 nan nan nan nan nan nan nan nan nan nan nan nan nan nan nan nan nan nan nan nan nan 0.000000 nan -1.000000 nan nan nan nan nan nan nan 19 30 0.000000
99 3 8 35.000000 0.340000 nan nan nan nan nan nan nan nan nan nan nan nan nan nan nan nan nan nan nan nan nan 0.000000 nan -1.000000 nan nan nan nan nan nan nan 19 30 0.000000
100 3 9 35.000000 0.380000 nan nan nan nan nan nan nan nan nan nan nan nan nan nan nan nan nan nan nan nan nan 0.000000 nan -1.000000 nan nan nan nan nan nan nan 19 30 0.000000
101 3 10 35.000000 0.420000 nan nan nan nan nan nan nan nan nan nan nan nan nan nan nan nan nan nan nan nan nan 0.000000 nan -1.000000 nan nan nan nan nan nan nan 19 30 0.000000
102 3 11 35.000000 0.460000 nan nan nan nan nan nan nan nan nan nan nan nan nan nan nan nan nan nan nan nan nan 0.000000 nan -1.000000 nan nan nan nan nan nan nan 19 30 0.000000
103 3 12 35.000000 0.500000 nan nan nan nan nan nan nan nan nan nan nan nan nan nan nan nan nan nan nan nan nan 0.000000 nan -1.000000 nan nan nan nan nan nan nan 19 30 0.000000
104 3 13 35.000000 0.540000 nan nan nan nan nan nan nan nan nan nan nan nan nan nan nan nan nan nan nan nan nan 0.000000 nan -1.000000 nan nan nan nan nan nan nan 19 30 0.000000
105 3 14 35.000000 0.580000 10541.321164 9091.399894 11.763411 1449.921261 1449.921256 4025545.232638 4025510.924729 2475.524748 2475.435835 2215.754213 2007.289811 590.518117 590.610545 1109.777043 0.744373 1.497535 1981.100460 323.192441 9.234610 9.265488 496.811361 33.045351 33.098869 33.176332 -0.099146 0.053085 0.655028 0.021601 0.064682 0.418600 5220.421573 19 30 0.000232
106 3 15 35.000000 0.620000 10541.143479 9065.483087 11.842238 1475.660384 1475.660378 4067868.138499 4067751.420584 2499.202143 2499.064819 2223.367675 2015.690817 623.843326 624.003397 1127.902703 0.745707 1.500883 1984.533199 353.040297 10.042663 10.087158 490.117926 35.765849 34.349416 34.455544 -0.054853 -0.001843 0.652824 0.021323 0.063489 0.407559 4886.800573 19 30 0.001885
107 3 16 35.000000 0.660000 10540.849487 9040.000472 11.931087 1500.849005 1500.849001 4117390.796684 4117076.144680 2523.956845 2523.811377 2227.258657 2019.981876 661.545210 661.722874 1149.200344 0.747473 1.505361 1983.522535 382.053831 10.856318 10.902440 479.769461 38.531290 35.160874 35.265233 -0.044543 0.001362 0.648077 0.021010 0.062136 0.395555 4614.833239 19 30 0.004343
108 3 17 35.000000 0.700000 10540.626952 9013.127782 12.031853 1527.499155 1527.499155 4174701.362756 4174122.724343 2551.097010 2550.955977 2231.086501 2024.201727 700.420468 700.608902 1172.022654 0.749596 1.510811 1982.377643 409.354995 11.621808 11.667413 468.298360 41.157774 35.651574 35.752467 -0.036314 0.000848 0.642259 0.020663 0.060621 0.382462 4330.511855 19 30 0.006023
109 3 18 35.000000 0.740000 10540.426052 8983.588576 12.149866 1556.837459 1556.837461 4242958.036786 4242068.627074 2581.962487 2581.823291 2236.502486 2030.169703 739.724736 739.932508 1195.944975 0.752181 1.517552 1983.075381 434.742517 12.318816 12.365135 456.509520 43.600946 35.881495 35.982879 -0.035445 -0.002143 0.635609 0.020269 0.058886 0.367804 4035.825060 19 30 0.006207
110 3 19 35.000000 0.780000 10540.339992 8952.262643 12.276672 1588.077335 1588.077335 4316817.247874 4315600.782197 2615.020372 2614.878659 2242.768008 2037.069952 779.425565 779.653599 1220.919327 0.754941 1.524871 1984.678070 459.028268 12.974996 13.022726 444.532243 45.919130 35.964603 36.069010 -0.037788 -0.001555 0.628714 0.019865 0.057087 0.352820 3746.831637 19 30 0.005374
111 3 20 35.000000 0.820000 10540.255835 8917.765895 12.415864 1622.489926 1622.489926 4398065.372648 4396587.774310 2651.393014 2651.237698 2251.490516 2046.669294 819.045215 819.298939 1246.609409 0.757908 1.532892 1989.007962 482.392503 13.582643 13.632674 433.173047 48.077175 35.963781 36.070972 -0.036353 0.000207 0.621968 0.019443 0.055196 0.337238 3445.722526 19 30 0.004287
112 3 21 35.000000 0.860000 10540.179582 8880.651569 12.565608 1659.527996 1659.527998 4485760.417020 4484078.203763 2690.551838 2690.373837 2262.073673 2058.305846 858.738334 859.016012 1273.064326 0.761038 1.541527 1995.415224 504.916861 14.147114 14.199978 422.211154 50.097654 35.889733 35.999993 -0.029101 -0.004099 0.615290 0.019009 0.053253 0.321421 3139.769398 19 30 0.003099
113 3 22 35.000000 0.900000 10540.139667 8842.593237 12.706711 1697.546415 1697.546415 4567044.557445 4565268.589127 2729.116274 2728.906818 2272.884425 2070.180973 898.549157 898.845360 1300.271991 0.763724 1.549085 2001.654771 528.230481 14.727597 14.783155 411.742779 52.064454 35.880687 35.992313 -0.031095 -0.003289 0.609877 0.018625 0.051536 0.307354 2885.851824 19 30 0.002072
114 3 23 35.000000 0.940000 10540.073341 8804.410648 12.835641 1735.662676 1735.662677 4639575.148670 4637849.992252 2766.183707 2765.931113 2283.197006 2081.498072 938.311990 938.616386 1328.075671 0.765916 1.555353 2006.920631 552.180955 15.325178 15.383624 401.566952 53.973929 35.925261 36.035930 -0.030006 -0.002137 0.605668 0.018293 0.050068 0.295169 2663.985841 19 30 0.001292
115 3 24 35.000000 0.980000 10539.949410 8767.960954 12.939506 1771.988443 1771.988441 4694918.921785 4693325.021186 2799.102788 2798.797609 2291.188301 2090.260626 977.983079 978.296581 1356.410140 0.767299 1.559357 2008.968656 577.264605 15.969947 16.031674 391.309495 55.867891 36.053784 36.162059 -0.027401 -0.003587 0.603024 0.018044 0.048987 0.285792 2488.577625 19 30 0.000736
116 3 25 35.000000 1.020000 10539.897039 8730.679047 13.030623 1809.217976 1809.217977 4740553.177203 4739109.885871 2830.960067 2830.614699 2299.565646 2099.439881 1017.606539 1017.923110 1385.262331 0.768181 1.561932 2010.845901 603.445586 16.641914 16.704258 381.678914 57.686675 36.254726 36.357409 -0.023967 0.002697 0.601867 0.017842 0.048119 0.277868 2336.873665 19 30 0.000382
117 3 26 35.000000 1.060000 10539.788583 8693.204322 13.105766 1846.584249 1846.584246 4774305.358541 4773060.289236 2860.960357 2860.582750 2307.511052 2108.139680 1057.300294 1057.612534 1414.683194 0.768521 1.562927 2011.590524 630.679374 17.346206 17.407394 372.321857 59.444503 36.511896 36.607050 -0.022252 0.002243 0.602077 0.017694 0.047490 0.271542 2213.576719 19 30 0.000178
118 3 27 35.000000 1.100000 10539.709649 8653.586275 13.169090 1886.123360 1886.123360 4798148.157189 4797094.791382 2890.801121 2890.424903 2317.236156 2118.780086 1096.869271 1097.172687 1444.497204 0.768376 1.562503 2013.544316 659.445480 18.078888 18.133871 364.119546 61.094268 36.861932 36.944471 -0.021469 -0.000522 0.604126 0.017589 0.047051 0.266349 2109.217623 19 30 0.000073
119 3 28 35.000000 1.140000 10539.553102 8613.154866 13.223519 1926.398220 1926.398221 4814895.440592 4813984.231180 2920.125903 2919.759295 2327.228377 2129.703635 1136.459201 1136.745935 1474.779844 0.767952 1.561262 2015.310066 688.594883 18.815450 18.864367 356.140524 62.652044 37.212332 37.283530 -0.016814 0.007416 0.607015 0.017515 0.046747 0.261989 2014.687205 19 30 0.000027
120 3 29 35.000000 1.180000 10539.460923 8571.786443 13.270209 1967.674466 1967.674465 4825309.336521 4824560.430137 2949.279884 2948.949513 2337.886523 2141.345149 1175.933947 1176.196709 1505.397943 0.767299 1.559359 2017.366443 718.047130 19.552470 19.592318 348.528790 64.108793 37.566590 37.624376 -0.018769 0.003407 0.610723 0.017469 0.046558 0.258318 1940.586887 19 30 0.000008
121 4 0 45.000000 0.020000 nan nan nan nan nan nan nan nan nan nan nan nan nan nan nan nan nan nan nan nan nan 0.000000 nan -1.000000 nan nan nan nan nan nan nan 19 30 0.000000
122 4 1 45.000000 0.060000 nan nan nan nan nan nan nan nan nan nan nan nan nan nan nan nan nan nan nan nan nan 0.000000 nan -1.000000 nan nan nan nan nan nan nan 19 30 0.000000
123 4 2 45.000000 0.100000 nan nan nan nan nan nan nan nan nan nan nan nan nan nan nan nan nan nan nan nan nan 0.000000 nan -1.000000 nan nan nan nan nan nan nan 19 30 0.000000
124 4 3 45.000000 0.140000 nan nan nan nan nan nan nan nan nan nan nan nan nan nan nan nan nan nan nan nan nan 0.000000 nan -1.000000 nan nan nan nan nan nan nan 19 30 0.000000
125 4 4 45.000000 0.180000 nan nan nan nan nan nan nan nan nan nan nan nan nan nan nan nan nan nan nan nan nan 0.000000 nan -1.000000 nan nan nan nan nan nan nan 19 30 0.000000
126 4 5 45.000000 0.220000 nan nan nan nan nan nan nan nan nan nan nan nan nan nan nan nan nan nan nan nan nan 0.000000 nan -1.000000 nan nan nan nan nan nan nan 19 30 0.000000
127 4 6 45.000000 0.260000 nan nan nan nan nan nan nan nan nan nan nan nan nan nan nan nan nan nan nan nan nan 0.000000 nan -1.000000 nan nan nan nan nan nan nan 19 30 0.000000
128 4 7 45.000000 0.300000 nan nan nan nan nan nan nan nan nan nan nan nan nan nan nan nan nan nan nan nan nan 0.000000 nan -1.000000 nan nan nan nan nan nan nan 19 30 0.000000
129 4 8 45.000000 0.340000 nan nan nan nan nan nan nan nan nan nan nan nan nan nan nan nan nan nan nan nan nan 0.000000 nan -1.000000 nan nan nan nan nan nan nan 19 30 0.000000
130 4 9 45.000000 0.380000 nan nan nan nan nan nan nan nan nan nan nan nan nan nan nan nan nan nan nan nan nan 0.000000 nan -1.000000 nan nan nan nan nan nan nan 19 30 0.000000
131 4 10 45.000000 0.420000 nan nan nan nan nan nan nan nan nan nan nan nan nan nan nan nan nan nan nan nan nan 0.000000 nan -1.000000 nan nan nan nan nan nan nan 19 30 0.000000
132 4 11 45.000000 0.460000 nan nan nan nan nan nan nan nan nan nan nan nan nan nan nan nan nan nan nan nan nan 0.000000 nan -1.000000 nan nan nan nan nan nan nan 19 30 0.000000
133 4 12 45.000000 0.500000 nan nan nan nan nan nan nan nan nan nan nan nan nan nan nan nan nan nan nan nan nan 0.000000 nan -1.000000 nan nan nan nan nan nan nan 19 30 0.000000
134 4 13 45.000000 0.540000 nan nan nan nan nan nan nan nan nan nan nan nan nan nan nan nan nan nan nan nan nan 0.000000 nan -1.000000 nan nan nan nan nan nan nan 19 30 0.000000
135 4 14 45.000000 0.580000 nan nan nan nan nan nan nan nan nan nan nan nan nan nan nan nan nan nan nan nan nan 0.000000 nan -1.000000 nan nan nan nan nan nan nan 19 30 0.000000
136 4 15 45.000000 0.620000 10541.455150 8978.482330 11.834870 1562.972792 1562.972806 4023875.342061 4023838.383889 2542.993901 2542.975103 2307.031130 2107.614360 630.527090 630.575076 1131.551676 0.739542 1.485639 2066.700481 413.264335 11.303141 11.307913 535.654639 37.650641 40.934672 40.948234 -0.218214 -0.038167 0.697425 0.021612 0.064730 0.408553 5058.635289 19 30 0.000077
137 4 16 45.000000 0.660000 10541.047870 8953.281041 11.886363 1587.766803 1587.766814 4047331.254558 4047255.166040 2562.923973 2562.861413 2312.543074 2113.646404 664.453782 664.555512 1150.833740 0.739989 1.486726 2066.854973 442.280048 12.065806 12.078391 528.677035 39.915141 41.692438 41.722816 -0.071403 0.009541 0.696947 0.021457 0.064064 0.401537 4576.918575 19 30 0.000659
138 4 17 45.000000 0.700000 10540.931728 8925.916224 11.950328 1615.015490 1615.015490 4078388.231936 4078225.518230 2585.936215 2585.826860 2317.530111 2119.101571 702.256771 702.401951 1173.095380 0.740792 1.488683 2065.823448 472.191647 12.856051 12.875092 519.574297 42.264714 42.199132 42.241173 -0.068835 -0.007243 0.695100 0.021255 0.063198 0.393002 4398.842929 19 30 0.001830
139 4 18 45.000000 0.740000 10540.655733 8896.923340 12.008716 1643.732379 1643.732378 4104821.310877 4104544.055349 2609.076418 2608.907853 2322.566908 2124.608833 741.083404 741.274078 1196.775471 0.741305 1.489940 2064.249914 502.826996 13.664127 13.689968 510.331869 44.575595 42.659383 42.713128 -0.053444 -0.003395 0.694063 0.021088 0.062476 0.385421 4207.962224 19 30 0.003017
140 4 19 45.000000 0.780000 10540.547052 8864.307906 12.070354 1676.239129 1676.239131 4131818.413369 4131387.923493 2634.842182 2634.609183 2330.317629 2133.078973 780.377756 780.611903 1221.531502 0.741757 1.491049 2065.170914 533.942881 14.463844 14.496187 501.948830 46.769047 43.093236 43.157450 -0.047562 -0.005878 0.694037 0.020921 0.061751 0.377602 4031.439392 19 30 0.003733
141 4 20 45.000000 0.820000 10540.377610 8829.723781 12.136967 1710.653815 1710.653815 4161202.873549 4160578.986069 2662.407987 2662.126116 2339.177306 2142.754331 819.760457 820.024689 1247.086508 0.742312 1.492416 2067.120529 564.277274 15.232103 15.268459 493.573985 48.823774 43.411584 43.481656 -0.045662 -0.000344 0.694024 0.020744 0.060976 0.369377 3857.931545 19 30 0.003677
142 4 21 45.000000 0.860000 10540.313070 8793.366241 12.203076 1746.946813 1746.946814 4189359.780758 4188511.549873 2691.101688 2690.787008 2349.135359 2153.620809 859.268800 859.545189 1273.421454 0.742787 1.493589 2069.951904 594.459171 15.985040 16.023273 485.484320 50.762093 43.684685 43.756686 -0.043588 -0.002333 0.694561 0.020578 0.060248 0.361427 3690.524987 19 30 0.003189
143 4 22 45.000000 0.900000 10540.230358 8755.847655 12.270143 1784.382687 1784.382688 4217526.820571 4216400.297360 2720.702800 2720.371643 2359.482486 2164.902597 898.920276 899.189923 1300.510202 0.743272 1.494793 2073.004003 624.065427 16.715625 16.754106 477.236244 52.594079 43.878273 43.950028 -0.038853 0.000013 0.695153 0.020415 0.059533 0.353580 3522.128647 19 30 0.002433
144 4 23 45.000000 0.940000 10540.121122 8717.647312 12.334514 1822.473798 1822.473795 4243365.492321 4241952.699697 2750.499534 2750.156984 2369.821737 2176.166519 938.627643 938.880093 1328.262059 0.743671 1.495783 2075.803016 653.255352 17.430356 17.468792 468.832017 54.333538 44.020005 44.089521 -0.036516 0.002897 0.695968 0.020270 0.058889 0.346250 3371.188046 19 30 0.001670
145 4 24 45.000000 0.980000 10540.056730 8680.170261 12.395074 1859.886454 1859.886454 4266807.537649 4265105.292364 2779.610769 2779.259418 2378.886523 2186.034479 978.340777 978.573572 1356.609931 0.744013 1.496637 2077.068327 681.567244 18.128675 18.166684 459.684384 56.002226 44.078563 44.146114 -0.036575 -0.006708 0.696512 0.020140 0.058314 0.339523 3239.002715 19 30 0.001052
146 4 25 45.000000 1.020000 10539.961844 8642.150394 12.454531 1897.811435 1897.811435 4289024.201197 4287060.338587 2809.046494 2808.691614 2387.972624 2195.918693 1017.965810 1018.176870 1385.448811 0.744336 1.497441 2078.213801 709.285770 18.807595 18.844561 450.371854 57.585869 44.092195 44.156718 -0.033860 -0.001889 0.697100 0.020019 0.057776 0.333080 3108.474435 19 30 0.000606
147 4 26 45.000000 1.060000 10539.904570 8604.459225 12.508663 1935.445329 1935.445330 4307614.587256 4305376.361718 2837.841072 2837.485680 2396.148759 2204.807141 1057.727032 1057.911308 1414.906571 0.744541 1.497954 2078.129109 736.582605 19.480691 19.516620 440.546731 59.116547 44.066542 44.127805 -0.033147 -0.004031 0.697716 0.019920 0.057333 0.327343 2996.162390 19 30 0.000317
148 4 27 45.000000 1.100000 10539.836964 8567.059602 12.560724 1972.777348 1972.777347 4324689.158176 4322248.073750 2866.377584 2866.024866 2403.713828 2213.026394 1097.244214 1097.404805 1444.673519 0.744734 1.498438 2077.317470 763.045182 20.134970 20.169413 430.336642 60.578189 43.995176 44.052554 -0.036695 0.003913 0.698159 0.019829 0.056929 0.321943 2899.879642 19 30 0.000150
149 4 28 45.000000 1.140000 10539.699658 8529.681116 12.607124 2010.018529 2010.018527 4337714.197773 4335057.902983 2894.349985 2893.999375 2410.627573 2220.533934 1136.892589 1137.032781 1475.000954 0.744796 1.498593 2075.529091 789.271778 20.787511 20.820557 419.762002 61.994411 43.905776 43.959555 -0.032582 -0.005095 0.698760 0.019761 0.056625 0.317229 2801.365733 19 30 0.000063
150 4 29 45.000000 1.180000 10539.663648 8493.155500 12.648571 2046.508138 2046.508133 4347602.600319 4344792.480118 2921.474094 2921.127867 2416.490121 2226.896980 1176.371852 1176.491156 1505.628011 0.744783 1.498562 2072.474621 814.812314 21.431240 21.462724 408.677695 63.363464 43.784580 43.834556 -0.025084 0.003416 0.699232 0.019710 0.056395 0.313085 2707.260570 19 30 0.000023
151 5 0 55.000000 0.020000 nan nan nan nan nan nan nan nan nan nan nan nan nan nan nan nan nan nan nan nan nan 0.000000 nan -1.000000 nan nan nan nan nan nan nan 19 30 0.000000
152 5 1 55.000000 0.060000 nan nan nan nan nan nan nan nan nan nan nan nan nan nan nan nan nan nan nan nan nan 0.000000 nan -1.000000 nan nan nan nan nan nan nan 19 30 0.000000
153 5 2 55.000000 0.100000 nan nan nan nan nan nan nan nan nan nan nan nan nan nan nan nan nan nan nan nan nan 0.000000 nan -1.000000 nan nan nan nan nan nan nan 19 30 0.000000
154 5 3 55.000000 0.140000 nan nan nan nan nan nan nan nan nan nan nan nan nan nan nan nan nan nan nan nan nan 0.000000 nan -1.000000 nan nan nan nan nan nan nan 19 30 0.000000
155 5 4 55.000000 0.180000 nan nan nan nan nan nan nan nan nan nan nan nan nan nan nan nan nan nan nan nan nan 0.000000 nan -1.000000 nan nan nan nan nan nan nan 19 30 0.000000
156 5 5 55.000000 0.220000 nan nan nan nan nan nan nan nan nan nan nan nan nan nan nan nan nan nan nan nan nan 0.000000 nan -1.000000 nan nan nan nan nan nan nan 19 30 0.000000
157 5 6 55.000000 0.260000 nan nan nan nan nan nan nan nan nan nan nan nan nan nan nan nan nan nan nan nan nan 0.000000 nan -1.000000 nan nan nan nan nan nan nan 19 30 0.000000
158 5 7 55.000000 0.300000 nan nan nan nan nan nan nan nan nan nan nan nan nan nan nan nan nan nan nan nan nan 0.000000 nan -1.000000 nan nan nan nan nan nan nan 19 30 0.000000
159 5 8 55.000000 0.340000 nan nan nan nan nan nan nan nan nan nan nan nan nan nan nan nan nan nan nan nan nan 0.000000 nan -1.000000 nan nan nan nan nan nan nan 19 30 0.000000
160 5 9 55.000000 0.380000 nan nan nan nan nan nan nan nan nan nan nan nan nan nan nan nan nan nan nan nan nan 0.000000 nan -1.000000 nan nan nan nan nan nan nan 19 30 0.000000
161 5 10 55.000000 0.420000 nan nan nan nan nan nan nan nan nan nan nan nan nan nan nan nan nan nan nan nan nan 0.000000 nan -1.000000 nan nan nan nan nan nan nan 19 30 0.000000
162 5 11 55.000000 0.460000 nan nan nan nan nan nan nan nan nan nan nan nan nan nan nan nan nan nan nan nan nan 0.000000 nan -1.000000 nan nan nan nan nan nan nan 19 30 0.000000
163 5 12 55.000000 0.500000 nan nan nan nan nan nan nan nan nan nan nan nan nan nan nan nan nan nan nan nan nan 0.000000 nan -1.000000 nan nan nan nan nan nan nan 19 30 0.000000
164 5 13 55.000000 0.540000 nan nan nan nan nan nan nan nan nan nan nan nan nan nan nan nan nan nan nan nan nan 0.000000 nan -1.000000 nan nan nan nan nan nan nan 19 30 0.000000
165 5 14 55.000000 0.580000 nan nan nan nan nan nan nan nan nan nan nan nan nan nan nan nan nan nan nan nan nan 0.000000 nan -1.000000 nan nan nan nan nan nan nan 19 30 0.000000
166 5 15 55.000000 0.620000 nan nan nan nan nan nan nan nan nan nan nan nan nan nan nan nan nan nan nan nan nan 0.000000 nan -1.000000 nan nan nan nan nan nan nan 19 30 0.000000
167 5 16 55.000000 0.660000 nan nan nan nan nan nan nan nan nan nan nan nan nan nan nan nan nan nan nan nan nan 0.000000 nan -1.000000 nan nan nan nan nan nan nan 19 30 0.000000
168 5 17 55.000000 0.700000 nan nan nan nan nan nan nan nan nan nan nan nan nan nan nan nan nan nan nan nan nan 0.000000 nan -1.000000 nan nan nan nan nan nan nan 19 30 0.000000
169 5 18 55.000000 0.740000 nan nan nan nan nan nan nan nan nan nan nan nan nan nan nan nan nan nan nan nan nan 0.000000 nan -1.000000 nan nan nan nan nan nan nan 19 30 0.000000
170 5 19 55.000000 0.780000 10536.673017 8726.524754 11.949081 1810.148284 1810.148248 3984683.270193 3984684.171232 2694.684733 2694.683813 2460.610735 2274.697968 786.245423 786.258330 1225.147513 0.731107 1.465711 2192.719138 605.172393 15.428624 15.429066 577.122651 46.359077 50.324769 50.325742 -0.298818 -0.084312 0.769699 0.021880 0.065866 0.393485 4894.236845 19 30 0.000002
171 5 20 55.000000 0.820000 10541.507124 8704.503844 11.974902 1837.003305 1837.003265 3993611.543446 3993594.340982 2714.446023 2714.438310 2463.847422 2278.198800 822.533744 822.576356 1248.765843 0.731140 1.465786 2188.617293 632.569459 16.119118 16.120721 567.553771 48.100920 50.262104 50.265072 -0.052220 -0.013020 0.769445 0.021818 0.065605 0.389738 4145.275071 19 30 0.000008
172 5 21 55.000000 0.860000 10541.396031 8675.248867 12.001775 1866.147132 1866.147149 3997966.101601 3997948.662723 2735.048968 2735.041836 2468.550296 2283.284086 859.184781 859.227225 1273.206854 0.730951 1.465352 2185.628110 660.617878 16.816342 16.817725 558.648474 49.780623 50.247838 50.250839 -0.067978 0.016529 0.770348 0.021788 0.065478 0.386261 4126.469701 19 30 0.000007
173 5 22 55.000000 0.900000 10541.379414 8647.378866 12.006770 1894.000585 1894.000532 3988420.338802 3988404.016417 2752.396444 2752.388423 2470.815671 2285.733085 896.672800 896.707212 1298.794861 0.730152 1.463519 2179.222569 689.612012 17.558611 17.559904 549.041502 51.474599 50.266227 50.268589 -0.056984 0.097948 0.772302 0.021854 0.065757 0.385619 4089.294648 19 30 0.000005
174 5 23 55.000000 0.940000 10540.944298 8619.398294 12.011924 1921.545897 1921.545988 3978760.218186 3978735.699046 2769.681102 2769.670501 2471.626087 2286.609098 934.982546 935.010829 1325.529901 0.729407 1.461816 2170.909968 718.144189 18.303262 18.304386 538.079515 53.157104 50.176874 50.179975 -0.087176 -0.065113 0.773516 0.021922 0.066041 0.384988 4165.459466 19 30 0.000002
175 5 24 55.000000 0.980000 10540.846568 8590.934460 12.011314 1949.912293 1949.912093 3965164.673685 3965158.570873 2786.999444 2786.990445 2474.444198 2289.654940 970.870847 970.889907 1351.077895 0.728526 1.459814 2164.917410 745.420921 18.998508 18.999529 528.776365 54.649401 50.152657 50.154129 0.159768 -0.098225 0.775895 0.022017 0.066443 0.385073 3509.705300 19 30 0.000000
176 5 25 55.000000 1.020000 10539.419994 8536.324776 12.023253 2003.095070 2003.095203 3947366.439272 3947227.041038 2821.266455 2821.279396 2487.001770 2303.220236 1026.618575 1026.671407 1391.703433 0.727377 1.457219 2163.980414 788.677516 20.028417 20.024616 517.303422 56.738631 50.189085 50.191526 0.399158 -0.084781 0.781642 0.022145 0.066980 0.383647 2920.456915 19 30 0.000000
177 5 26 55.000000 1.060000 10540.399591 8481.616453 12.126783 2058.783065 2058.783123 3989860.687638 3989879.694345 2868.534663 2868.530572 2517.710410 2336.345729 1060.277487 1060.285640 1416.682712 0.729091 1.461098 2189.757622 814.538471 20.403515 20.404020 517.400595 57.575999 50.194234 50.194807 0.119275 -0.003764 0.785373 0.021844 0.065714 0.370620 3368.996914 19 30 0.000000
178 5 27 55.000000 1.100000 nan nan nan nan nan nan nan nan nan nan nan nan nan nan nan nan nan nan nan nan nan 0.000000 nan -1.000000 nan nan nan nan nan nan nan 19 30 0.000000
179 5 28 55.000000 1.140000 nan nan nan nan nan nan nan nan nan nan nan nan nan nan nan nan nan nan nan nan nan 0.000000 nan -1.000000 nan nan nan nan nan nan nan 19 30 0.000000
180 5 29 55.000000 1.180000 nan nan nan nan nan nan nan nan nan nan nan nan nan nan nan nan nan nan nan nan nan 0.000000 nan -1.000000 nan nan nan nan nan nan nan 19 30 0.000000
181 6 0 65.000000 0.020000 nan nan nan nan nan nan nan nan nan nan nan nan nan nan nan nan nan nan nan nan nan 0.000000 nan -1.000000 nan nan nan nan nan nan nan 19 30 0.000000
182 6 1 65.000000 0.060000 nan nan nan nan nan nan nan nan nan nan nan nan nan nan nan nan nan nan nan nan nan 0.000000 nan -1.000000 nan nan nan nan nan nan nan 19 30 0.000000
183 6 2 65.000000 0.100000 nan nan nan nan nan nan nan nan nan nan nan nan nan nan nan nan nan nan nan nan nan 0.000000 nan -1.000000 nan nan nan nan nan nan nan 19 30 0.000000
184 6 3 65.000000 0.140000 nan nan nan nan nan nan nan nan nan nan nan nan nan nan nan nan nan nan nan nan nan 0.000000 nan -1.000000 nan nan nan nan nan nan nan 19 30 0.000000
185 6 4 65.000000 0.180000 nan nan nan nan nan nan nan nan nan nan nan nan nan nan nan nan nan nan nan nan nan 0.000000 nan -1.000000 nan nan nan nan nan nan nan 19 30 0.000000
186 6 5 65.000000 0.220000 nan nan nan nan nan nan nan nan nan nan nan nan nan nan nan nan nan nan nan nan nan 0.000000 nan -1.000000 nan nan nan nan nan nan nan 19 30 0.000000
187 6 6 65.000000 0.260000 nan nan nan nan nan nan nan nan nan nan nan nan nan nan nan nan nan nan nan nan nan 0.000000 nan -1.000000 nan nan nan nan nan nan nan 19 30 0.000000
188 6 7 65.000000 0.300000 nan nan nan nan nan nan nan nan nan nan nan nan nan nan nan nan nan nan nan nan nan 0.000000 nan -1.000000 nan nan nan nan nan nan nan 19 30 0.000000
189 6 8 65.000000 0.340000 nan nan nan nan nan nan nan nan nan nan nan nan nan nan nan nan nan nan nan nan nan 0.000000 nan -1.000000 nan nan nan nan nan nan nan 19 30 0.000000
190 6 9 65.000000 0.380000 nan nan nan nan nan nan nan nan nan nan nan nan nan nan nan nan nan nan nan nan nan 0.000000 nan -1.000000 nan nan nan nan nan nan nan 19 30 0.000000
191 6 10 65.000000 0.420000 nan nan nan nan nan nan nan nan nan nan nan nan nan nan nan nan nan nan nan nan nan 0.000000 nan -1.000000 nan nan nan nan nan nan nan 19 30 0.000000
192 6 11 65.000000 0.460000 nan nan nan nan nan nan nan nan nan nan nan nan nan nan nan nan nan nan nan nan nan 0.000000 nan -1.000000 nan nan nan nan nan nan nan 19 30 0.000000
193 6 12 65.000000 0.500000 nan nan nan nan nan nan nan nan nan nan nan nan nan nan nan nan nan nan nan nan nan 0.000000 nan -1.000000 nan nan nan nan nan nan nan 19 30 0.000000
194 6 13 65.000000 0.540000 nan nan nan nan nan nan nan nan nan nan nan nan nan nan nan nan nan nan nan nan nan 0.000000 nan -1.000000 nan nan nan nan nan nan nan 19 30 0.000000
195 6 14 65.000000 0.580000 nan nan nan nan nan nan nan nan nan nan nan nan nan nan nan nan nan nan nan nan nan 0.000000 nan -1.000000 nan nan nan nan nan nan nan 19 30 0.000000
196 6 15 65.000000 0.620000 nan nan nan nan nan nan nan nan nan nan nan nan nan nan nan nan nan nan nan nan nan 0.000000 nan -1.000000 nan nan nan nan nan nan nan 19 30 0.000000
197 6 16 65.000000 0.660000 nan nan nan nan nan nan nan nan nan nan nan nan nan nan nan nan nan nan nan nan nan 0.000000 nan -1.000000 nan nan nan nan nan nan nan 19 30 0.000000
198 6 17 65.000000 0.700000 nan nan nan nan nan nan nan nan nan nan nan nan nan nan nan nan nan nan nan nan nan 0.000000 nan -1.000000 nan nan nan nan nan nan nan 19 30 0.000000
199 6 18 65.000000 0.740000 nan nan nan nan nan nan nan nan nan nan nan nan nan nan nan nan nan nan nan nan nan 0.000000 nan -1.000000 nan nan nan nan nan nan nan 19 30 0.000000
200 6 19 65.000000 0.780000 nan nan nan nan nan nan nan nan nan nan nan nan nan nan nan nan nan nan nan nan nan 0.000000 nan -1.000000 nan nan nan nan nan nan nan 19 30 0.000000
201 6 20 65.000000 0.820000 nan nan nan nan nan nan nan nan nan nan nan nan nan nan nan nan nan nan nan nan nan 0.000000 nan -1.000000 nan nan nan nan nan nan nan 19 30 0.000000
202 6 21 65.000000 0.860000 nan nan nan nan nan nan nan nan nan nan nan nan nan nan nan nan nan nan nan nan nan 0.000000 nan -1.000000 nan nan nan nan nan nan nan 19 30 0.000000
203 6 22 65.000000 0.900000 nan nan nan nan nan nan nan nan nan nan nan nan nan nan nan nan nan nan nan nan nan 0.000000 nan -1.000000 nan nan nan nan nan nan nan 19 30 0.000000
204 6 23 65.000000 0.940000 nan nan nan nan nan nan nan nan nan nan nan nan nan nan nan nan nan nan nan nan nan 0.000000 nan -1.000000 nan nan nan nan nan nan nan 19 30 0.000000
205 6 24 65.000000 0.980000 nan nan nan nan nan nan nan nan nan nan nan nan nan nan nan nan nan nan nan nan nan 0.000000 nan -1.000000 nan nan nan nan nan nan nan 19 30 0.000000
206 6 25 65.000000 1.020000 nan nan nan nan nan nan nan nan nan nan nan nan nan nan nan nan nan nan nan nan nan 0.000000 nan -1.000000 nan nan nan nan nan nan nan 19 30 0.000000
207 6 26 65.000000 1.060000 nan nan nan nan nan nan nan nan nan nan nan nan nan nan nan nan nan nan nan nan nan 0.000000 nan -1.000000 nan nan nan nan nan nan nan 19 30 0.000000
208 6 27 65.000000 1.100000 nan nan nan nan nan nan nan nan nan nan nan nan nan nan nan nan nan nan nan nan nan 0.000000 nan -1.000000 nan nan nan nan nan nan nan 19 30 0.000000
209 6 28 65.000000 1.140000 nan nan nan nan nan nan nan nan nan nan nan nan nan nan nan nan nan nan nan nan nan 0.000000 nan -1.000000 nan nan nan nan nan nan nan 19 30 0.000000
210 6 29 65.000000 1.180000 nan nan nan nan nan nan nan nan nan nan nan nan nan nan nan nan nan nan nan nan nan 0.000000 nan -1.000000 nan nan nan nan nan nan nan 19 30 0.000000
211 7 0 75.000000 0.020000 nan nan nan nan nan nan nan nan nan nan nan nan nan nan nan nan nan nan nan nan nan 0.000000 nan -1.000000 nan nan nan nan nan nan nan 19 30 0.000000
212 7 1 75.000000 0.060000 nan nan nan nan nan nan nan nan nan nan nan nan nan nan nan nan nan nan nan nan nan 0.000000 nan -1.000000 nan nan nan nan nan nan nan 19 30 0.000000
213 7 2 75.000000 0.100000 nan nan nan nan nan nan nan nan nan nan nan nan nan nan nan nan nan nan nan nan nan 0.000000 nan -1.000000 nan nan nan nan nan nan nan 19 30 0.000000
214 7 3 75.000000 0.140000 nan nan nan nan nan nan nan nan nan nan nan nan nan nan nan nan nan nan nan nan nan 0.000000 nan -1.000000 nan nan nan nan nan nan nan 19 30 0.000000
215 7 4 75.000000 0.180000 nan nan nan nan nan nan nan nan nan nan nan nan nan nan nan nan nan nan nan nan nan 0.000000 nan -1.000000 nan nan nan nan nan nan nan 19 30 0.000000
216 7 5 75.000000 0.220000 nan nan nan nan nan nan nan nan nan nan nan nan nan nan nan nan nan nan nan nan nan 0.000000 nan -1.000000 nan nan nan nan nan nan nan 19 30 0.000000
217 7 6 75.000000 0.260000 nan nan nan nan nan nan nan nan nan nan nan nan nan nan nan nan nan nan nan nan nan 0.000000 nan -1.000000 nan nan nan nan nan nan nan 19 30 0.000000
218 7 7 75.000000 0.300000 nan nan nan nan nan nan nan nan nan nan nan nan nan nan nan nan nan nan nan nan nan 0.000000 nan -1.000000 nan nan nan nan nan nan nan 19 30 0.000000
219 7 8 75.000000 0.340000 nan nan nan nan nan nan nan nan nan nan nan nan nan nan nan nan nan nan nan nan nan 0.000000 nan -1.000000 nan nan nan nan nan nan nan 19 30 0.000000
220 7 9 75.000000 0.380000 nan nan nan nan nan nan nan nan nan nan nan nan nan nan nan nan nan nan nan nan nan 0.000000 nan -1.000000 nan nan nan nan nan nan nan 19 30 0.000000
221 7 10 75.000000 0.420000 nan nan nan nan nan nan nan nan nan nan nan nan nan nan nan nan nan nan nan nan nan 0.000000 nan -1.000000 nan nan nan nan nan nan nan 19 30 0.000000
222 7 11 75.000000 0.460000 nan nan nan nan nan nan nan nan nan nan nan nan nan nan nan nan nan nan nan nan nan 0.000000 nan -1.000000 nan nan nan nan nan nan nan 19 30 0.000000
223 7 12 75.000000 0.500000 nan nan nan nan nan nan nan nan nan nan nan nan nan nan nan nan nan nan nan nan nan 0.000000 nan -1.000000 nan nan nan nan nan nan nan 19 30 0.000000
224 7 13 75.000000 0.540000 nan nan nan nan nan nan nan nan nan nan nan nan nan nan nan nan nan nan nan nan nan 0.000000 nan -1.000000 nan nan nan nan nan nan nan 19 30 0.000000
225 7 14 75.000000 0.580000 nan nan nan nan nan nan nan nan nan nan nan nan nan nan nan nan nan nan nan nan nan 0.000000 nan -1.000000 nan nan nan nan nan nan nan 19 30 0.000000
226 7 15 75.000000 0.620000 nan nan nan nan nan nan nan nan nan nan nan nan nan nan nan nan nan nan nan nan nan 0.000000 nan -1.000000 nan nan nan nan nan nan nan 19 30 0.000000
227 7 16 75.000000 0.660000 nan nan nan nan nan nan nan nan nan nan nan nan nan nan nan nan nan nan nan nan nan 0.000000 nan -1.000000 nan nan nan nan nan nan nan 19 30 0.000000
228 7 17 75.000000 0.700000 nan nan nan nan nan nan nan nan nan nan nan nan nan nan nan nan nan nan nan nan nan 0.000000 nan -1.000000 nan nan nan nan nan nan nan 19 30 0.000000
229 7 18 75.000000 0.740000 nan nan nan nan nan nan nan nan nan nan nan nan nan nan nan nan nan nan nan nan nan 0.000000 nan -1.000000 nan nan nan nan nan nan nan 19 30 0.000000
230 7 19 75.000000 0.780000 nan nan nan nan nan nan nan nan nan nan nan nan nan nan nan nan nan nan nan nan nan 0.000000 nan -1.000000 nan nan nan nan nan nan nan 19 30 0.000000
231 7 20 75.000000 0.820000 nan nan nan nan nan nan nan nan nan nan nan nan nan nan nan nan nan nan nan nan nan 0.000000 nan -1.000000 nan nan nan nan nan nan nan 19 30 0.000000
232 7 21 75.000000 0.860000 nan nan nan nan nan nan nan nan nan nan nan nan nan nan nan nan nan nan nan nan nan 0.000000 nan -1.000000 nan nan nan nan nan nan nan 19 30 0.000000
233 7 22 75.000000 0.900000 nan nan nan nan nan nan nan nan nan nan nan nan nan nan nan nan nan nan nan nan nan 0.000000 nan -1.000000 nan nan nan nan nan nan nan 19 30 0.000000
234 7 23 75.000000 0.940000 nan nan nan nan nan nan nan nan nan nan nan nan nan nan nan nan nan nan nan nan nan 0.000000 nan -1.000000 nan nan nan nan nan nan nan 19 30 0.000000
235 7 24 75.000000 0.980000 nan nan nan nan nan nan nan nan nan nan nan nan nan nan nan nan nan nan nan nan nan 0.000000 nan -1.000000 nan nan nan nan nan nan nan 19 30 0.000000
236 7 25 75.000000 1.020000 nan nan nan nan nan nan nan nan nan nan nan nan nan nan nan nan nan nan nan nan nan 0.000000 nan -1.000000 nan nan nan nan nan nan nan 19 30 0.000000
237 7 26 75.000000 1.060000 nan nan nan nan nan nan nan nan nan nan nan nan nan nan nan nan nan nan nan nan nan 0.000000 nan -1.000000 nan nan nan nan nan nan nan 19 30 0.000000
238 7 27 75.000000 1.100000 nan nan nan nan nan nan nan nan nan nan nan nan nan nan nan nan nan nan nan nan nan 0.000000 nan -1.000000 nan nan nan nan nan nan nan 19 30 0.000000
239 7 28 75.000000 1.140000 nan nan nan nan nan nan nan nan nan nan nan nan nan nan nan nan nan nan nan nan nan 0.000000 nan -1.000000 nan nan nan nan nan nan nan 19 30 0.000000
240 7 29 75.000000 1.180000 nan nan nan nan nan nan nan nan nan nan nan nan nan nan nan nan nan nan nan nan nan 0.000000 nan -1.000000 nan nan nan nan nan nan nan 19 30 0.000000
241 8 0 85.000000 0.020000 nan nan nan nan nan nan nan nan nan nan nan nan nan nan nan nan nan nan nan nan nan 0.000000 nan -1.000000 nan nan nan nan nan nan nan 19 30 0.000000
242 8 1 85.000000 0.060000 nan nan nan nan nan nan nan nan nan nan nan nan nan nan nan nan nan nan nan nan nan 0.000000 nan -1.000000 nan nan nan nan nan nan nan 19 30 0.000000
243 8 2 85.000000 0.100000 nan nan nan nan nan nan nan nan nan nan nan nan nan nan nan nan nan nan nan nan nan 0.000000 nan -1.000000 nan nan nan nan nan nan nan 19 30 0.000000
244 8 3 85.000000 0.140000 nan nan nan nan nan nan nan nan nan nan nan nan nan nan nan nan nan nan nan nan nan 0.000000 nan -1.000000 nan nan nan nan nan nan nan 19 30 0.000000
245 8 4 85.000000 0.180000 nan nan nan nan nan nan nan nan nan nan nan nan nan nan nan nan nan nan nan nan nan 0.000000 nan -1.000000 nan nan nan nan nan nan nan 19 30 0.000000
246 8 5 85.000000 0.220000 nan nan nan nan nan nan nan nan nan nan nan nan nan nan nan nan nan nan nan nan nan 0.000000 nan -1.000000 nan nan nan nan nan nan nan 19 30 0.000000
247 8 6 85.000000 0.260000 nan nan nan nan nan nan nan nan nan nan nan nan nan nan nan nan nan nan nan nan nan 0.000000 nan -1.000000 nan nan nan nan nan nan nan 19 30 0.000000
248 8 7 85.000000 0.300000 nan nan nan nan nan nan nan nan nan nan nan nan nan nan nan nan nan nan nan nan nan 0.000000 nan -1.000000 nan nan nan nan nan nan nan 19 30 0.000000
249 8 8 85.000000 0.340000 nan nan nan nan nan nan nan nan nan nan nan nan nan nan nan nan nan nan nan nan nan 0.000000 nan -1.000000 nan nan nan nan nan nan nan 19 30 0.000000
250 8 9 85.000000 0.380000 nan nan nan nan nan nan nan nan nan nan nan nan nan nan nan nan nan nan nan nan nan 0.000000 nan -1.000000 nan nan nan nan nan nan nan 19 30 0.000000
251 8 10 85.000000 0.420000 nan nan nan nan nan nan nan nan nan nan nan nan nan nan nan nan nan nan nan nan nan 0.000000 nan -1.000000 nan nan nan nan nan nan nan 19 30 0.000000
252 8 11 85.000000 0.460000 nan nan nan nan nan nan nan nan nan nan nan nan nan nan nan nan nan nan nan nan nan 0.000000 nan -1.000000 nan nan nan nan nan nan nan 19 30 0.000000
253 8 12 85.000000 0.500000 nan nan nan nan nan nan nan nan nan nan nan nan nan nan nan nan nan nan nan nan nan 0.000000 nan -1.000000 nan nan nan nan nan nan nan 19 30 0.000000
254 8 13 85.000000 0.540000 nan nan nan nan nan nan nan nan nan nan nan nan nan nan nan nan nan nan nan nan nan 0.000000 nan -1.000000 nan nan nan nan nan nan nan 19 30 0.000000
255 8 14 85.000000 0.580000 nan nan nan nan nan nan nan nan nan nan nan nan nan nan nan nan nan nan nan nan nan 0.000000 nan -1.000000 nan nan nan nan nan nan nan 19 30 0.000000
256 8 15 85.000000 0.620000 nan nan nan nan nan nan nan nan nan nan nan nan nan nan nan nan nan nan nan nan nan 0.000000 nan -1.000000 nan nan nan nan nan nan nan 19 30 0.000000
257 8 16 85.000000 0.660000 nan nan nan nan nan nan nan nan nan nan nan nan nan nan nan nan nan nan nan nan nan 0.000000 nan -1.000000 nan nan nan nan nan nan nan 19 30 0.000000
258 8 17 85.000000 0.700000 nan nan nan nan nan nan nan nan nan nan nan nan nan nan nan nan nan nan nan nan nan 0.000000 nan -1.000000 nan nan nan nan nan nan nan 19 30 0.000000
259 8 18 85.000000 0.740000 nan nan nan nan nan nan nan nan nan nan nan nan nan nan nan nan nan nan nan nan nan 0.000000 nan -1.000000 nan nan nan nan nan nan nan 19 30 0.000000
260 8 19 85.000000 0.780000 nan nan nan nan nan nan nan nan nan nan nan nan nan nan nan nan nan nan nan nan nan 0.000000 nan -1.000000 nan nan nan nan nan nan nan 19 30 0.000000
261 8 20 85.000000 0.820000 nan nan nan nan nan nan nan nan nan nan nan nan nan nan nan nan nan nan nan nan nan 0.000000 nan -1.000000 nan nan nan nan nan nan nan 19 30 0.000000
262 8 21 85.000000 0.860000 nan nan nan nan nan nan nan nan nan nan nan nan nan nan nan nan nan nan nan nan nan 0.000000 nan -1.000000 nan nan nan nan nan nan nan 19 30 0.000000
263 8 22 85.000000 0.900000 nan nan nan nan nan nan nan nan nan nan nan nan nan nan nan nan nan nan nan nan nan 0.000000 nan -1.000000 nan nan nan nan nan nan nan 19 30 0.000000
264 8 23 85.000000 0.940000 nan nan nan nan nan nan nan nan nan nan nan nan nan nan nan nan nan nan nan nan nan 0.000000 nan -1.000000 nan nan nan nan nan nan nan 19 30 0.000000
265 8 24 85.000000 0.980000 nan nan nan nan nan nan nan nan nan nan nan nan nan nan nan nan nan nan nan nan nan 0.000000 nan -1.000000 nan nan nan nan nan nan nan 19 30 0.000000
266 8 25 85.000000 1.020000 nan nan nan nan nan nan nan nan nan nan nan nan nan nan nan nan nan nan nan nan nan 0.000000 nan -1.000000 nan nan nan nan nan nan nan 19 30 0.000000
267 8 26 85.000000 1.060000 nan nan nan nan nan nan nan nan nan nan nan nan nan nan nan nan nan nan nan nan nan 0.000000 nan -1.000000 nan nan nan nan nan nan nan 19 30 0.000000
268 8 27 85.000000 1.100000 nan nan nan nan nan nan nan nan nan nan nan nan nan nan nan nan nan nan nan nan nan 0.000000 nan -1.000000 nan nan nan nan nan nan nan 19 30 0.000000
269 8 28 85.000000 1.140000 nan nan nan nan nan nan nan nan nan nan nan nan nan nan nan nan nan nan nan nan nan 0.000000 nan -1.000000 nan nan nan nan nan nan nan 19 30 0.000000
270 8 29 85.000000 1.180000 nan nan nan nan nan nan nan nan nan nan nan nan nan nan nan nan nan nan nan nan nan 0.000000 nan -1.000000 nan nan nan nan nan nan nan 19 30 0.000000
271 9 0 95.000000 0.020000 nan nan nan nan nan nan nan nan nan nan nan nan nan nan nan nan nan nan nan nan nan 0.000000 nan -1.000000 nan nan nan nan nan nan nan 19 30 0.000000
272 9 1 95.000000 0.060000 nan nan nan nan nan nan nan nan nan nan nan nan nan nan nan nan nan nan nan nan nan 0.000000 nan -1.000000 nan nan nan nan nan nan nan 19 30 0.000000
273 9 2 95.000000 0.100000 nan nan nan nan nan nan nan nan nan nan nan nan nan nan nan nan nan nan nan nan nan 0.000000 nan -1.000000 nan nan nan nan nan nan nan 19 30 0.000000
274 9 3 95.000000 0.140000 nan nan nan nan nan nan nan nan nan nan nan nan nan nan nan nan nan nan nan nan nan 0.000000 nan -1.000000 nan nan nan nan nan nan nan 19 30 0.000000
275 9 4 95.000000 0.180000 nan nan nan nan nan nan nan nan nan nan nan nan nan nan nan nan nan nan nan nan nan 0.000000 nan -1.000000 nan nan nan nan nan nan nan 19 30 0.000000
276 9 5 95.000000 0.220000 nan nan nan nan nan nan nan nan nan nan nan nan nan nan nan nan nan nan nan nan nan 0.000000 nan -1.000000 nan nan nan nan nan nan nan 19 30 0.000000
277 9 6 95.000000 0.260000 nan nan nan nan nan nan nan nan nan nan nan nan nan nan nan nan nan nan nan nan nan 0.000000 nan -1.000000 nan nan nan nan nan nan nan 19 30 0.000000
278 9 7 95.000000 0.300000 nan nan nan nan nan nan nan nan nan nan nan nan nan nan nan nan nan nan nan nan nan 0.000000 nan -1.000000 nan nan nan nan nan nan nan 19 30 0.000000
279 9 8 95.000000 0.340000 nan nan nan nan nan nan nan nan nan nan nan nan nan nan nan nan nan nan nan nan nan 0.000000 nan -1.000000 nan nan nan nan nan nan nan 19 30 0.000000
280 9 9 95.000000 0.380000 nan nan nan nan nan nan nan nan nan nan nan nan nan nan nan nan nan nan nan nan nan 0.000000 nan -1.000000 nan nan nan nan nan nan nan 19 30 0.000000
281 9 10 95.000000 0.420000 nan nan nan nan nan nan nan nan nan nan nan nan nan nan nan nan nan nan nan nan nan 0.000000 nan -1.000000 nan nan nan nan nan nan nan 19 30 0.000000
282 9 11 95.000000 0.460000 nan nan nan nan nan nan nan nan nan nan nan nan nan nan nan nan nan nan nan nan nan 0.000000 nan -1.000000 nan nan nan nan nan nan nan 19 30 0.000000
283 9 12 95.000000 0.500000 nan nan nan nan nan nan nan nan nan nan nan nan nan nan nan nan nan nan nan nan nan 0.000000 nan -1.000000 nan nan nan nan nan nan nan 19 30 0.000000
284 9 13 95.000000 0.540000 nan nan nan nan nan nan nan nan nan nan nan nan nan nan nan nan nan nan nan nan nan 0.000000 nan -1.000000 nan nan nan nan nan nan nan 19 30 0.000000
285 9 14 95.000000 0.580000 nan nan nan nan nan nan nan nan nan nan nan nan nan nan nan nan nan nan nan nan nan 0.000000 nan -1.000000 nan nan nan nan nan nan nan 19 30 0.000000
286 9 15 95.000000 0.620000 nan nan nan nan nan nan nan nan nan nan nan nan nan nan nan nan nan nan nan nan nan 0.000000 nan -1.000000 nan nan nan nan nan nan nan 19 30 0.000000
287 9 16 95.000000 0.660000 nan nan nan nan nan nan nan nan nan nan nan nan nan nan nan nan nan nan nan nan nan 0.000000 nan -1.000000 nan nan nan nan nan nan nan 19 30 0.000000
288 9 17 95.000000 0.700000 nan nan nan nan nan nan nan nan nan nan nan nan nan nan nan nan nan nan nan nan nan 0.000000 nan -1.000000 nan nan nan nan nan nan nan 19 30 0.000000
289 9 18 95.000000 0.740000 nan nan nan nan nan nan nan nan nan nan nan nan nan nan nan nan nan nan nan nan nan 0.000000 nan -1.000000 nan nan nan nan nan nan nan 19 30 0.000000
290 9 19 95.000000 0.780000 nan nan nan nan nan nan nan nan nan nan nan nan nan nan nan nan nan nan nan nan nan 0.000000 nan -1.000000 nan nan nan nan nan nan nan 19 30 0.000000
291 9 20 95.000000 0.820000 nan nan nan nan nan nan nan nan nan nan nan nan nan nan nan nan nan nan nan nan nan 0.000000 nan -1.000000 nan nan nan nan nan nan nan 19 30 0.000000
292 9 21 95.000000 0.860000 nan nan nan nan nan nan nan nan nan nan nan nan nan nan nan nan nan nan nan nan nan 0.000000 nan -1.000000 nan nan nan nan nan nan nan 19 30 0.000000
293 9 22 95.000000 0.900000 nan nan nan nan nan nan nan nan nan nan nan nan nan nan nan nan nan nan nan nan nan 0.000000 nan -1.000000 nan nan nan nan nan nan nan 19 30 0.000000
294 9 23 95.000000 0.940000 nan nan nan nan nan nan nan nan nan nan nan nan nan nan nan nan nan nan nan nan nan 0.000000 nan -1.000000 nan nan nan nan nan nan nan 19 30 0.000000
295 9 24 95.000000 0.980000 nan nan nan nan nan nan nan nan nan nan nan nan nan nan nan nan nan nan nan nan nan 0.000000 nan -1.000000 nan nan nan nan nan nan nan 19 30 0.000000
296 9 25 95.000000 1.020000 nan nan nan nan nan nan nan nan nan nan nan nan nan nan nan nan nan nan nan nan nan 0.000000 nan -1.000000 nan nan nan nan nan nan nan 19 30 0.000000
297 9 26 95.000000 1.060000 nan nan nan nan nan nan nan nan nan nan nan nan nan nan nan nan nan nan nan nan nan 0.000000 nan -1.000000 nan nan nan nan nan nan nan 19 30 0.000000
298 9 27 95.000000 1.100000 nan nan nan nan nan nan nan nan nan nan nan nan nan nan nan nan nan nan nan nan nan 0.000000 nan -1.000000 nan nan nan nan nan nan nan 19 30 0.000000
299 9 28 95.000000 1.140000 nan nan nan nan nan nan nan nan nan nan nan nan nan nan nan nan nan nan nan nan nan 0.000000 nan -1.000000 nan nan nan nan nan nan nan 19 30 0.000000
300 9 29 95.000000 1.180000 nan nan nan nan nan nan nan nan nan nan nan nan nan nan nan nan nan nan nan nan nan 0.000000 nan -1.000000 nan nan nan nan nan nan nan 19 30 0.000000
301 10 0 105.000000 0.020000 nan nan nan nan nan nan nan nan nan nan nan nan nan nan nan nan nan nan nan nan nan 0.000000 nan -1.000000 nan nan nan nan nan nan nan 19 30 0.000000
302 10 1 105.000000 0.060000 nan nan nan nan nan nan nan nan nan nan nan nan nan nan nan nan nan nan nan nan nan 0.000000 nan -1.000000 nan nan nan nan nan nan nan 19 30 0.000000
303 10 2 105.000000 0.100000 nan nan nan nan nan nan nan nan nan nan nan nan nan nan nan nan nan nan nan nan nan 0.000000 nan -1.000000 nan nan nan nan nan nan nan 19 30 0.000000
304 10 3 105.000000 0.140000 nan nan nan nan nan nan nan nan nan nan nan nan nan nan nan nan nan nan nan nan nan 0.000000 nan -1.000000 nan nan nan nan nan nan nan 19 30 0.000000
305 10 4 105.000000 0.180000 nan nan nan nan nan nan nan nan nan nan nan nan nan nan nan nan nan nan nan nan nan 0.000000 nan -1.000000 nan nan nan nan nan nan nan 19 30 0.000000
306 10 5 105.000000 0.220000 nan nan nan nan nan nan nan nan nan nan nan nan nan nan nan nan nan nan nan nan nan 0.000000 nan -1.000000 nan nan nan nan nan nan nan 19 30 0.000000
307 10 6 105.000000 0.260000 nan nan nan nan nan nan nan nan nan nan nan nan nan nan nan nan nan nan nan nan nan 0.000000 nan -1.000000 nan nan nan nan nan nan nan 19 30 0.000000
308 10 7 105.000000 0.300000 nan nan nan nan nan nan nan nan nan nan nan nan nan nan nan nan nan nan nan nan nan 0.000000 nan -1.000000 nan nan nan nan nan nan nan 19 30 0.000000
309 10 8 105.000000 0.340000 nan nan nan nan nan nan nan nan nan nan nan nan nan nan nan nan nan nan nan nan nan 0.000000 nan -1.000000 nan nan nan nan nan nan nan 19 30 0.000000
310 10 9 105.000000 0.380000 nan nan nan nan nan nan nan nan nan nan nan nan nan nan nan nan nan nan nan nan nan 0.000000 nan -1.000000 nan nan nan nan nan nan nan 19 30 0.000000
311 10 10 105.000000 0.420000 nan nan nan nan nan nan nan nan nan nan nan nan nan nan nan nan nan nan nan nan nan 0.000000 nan -1.000000 nan nan nan nan nan nan nan 19 30 0.000000
312 10 11 105.000000 0.460000 nan nan nan nan nan nan nan nan nan nan nan nan nan nan nan nan nan nan nan nan nan 0.000000 nan -1.000000 nan nan nan nan nan nan nan 19 30 0.000000
313 10 12 105.000000 0.500000 nan nan nan nan nan nan nan nan nan nan nan nan nan nan nan nan nan nan nan nan nan 0.000000 nan -1.000000 nan nan nan nan nan nan nan 19 30 0.000000
314 10 13 105.000000 0.540000 nan nan nan nan nan nan nan nan nan nan nan nan nan nan nan nan nan nan nan nan nan 0.000000 nan -1.000000 nan nan nan nan nan nan nan 19 30 0.000000
315 10 14 105.000000 0.580000 nan nan nan nan nan nan nan nan nan nan nan nan nan nan nan nan nan nan nan nan nan 0.000000 nan -1.000000 nan nan nan nan nan nan nan 19 30 0.000000
316 10 15 105.000000 0.620000 nan nan nan nan nan nan nan nan nan nan nan nan nan nan nan nan nan nan nan nan nan 0.000000 nan -1.000000 nan nan nan nan nan nan nan 19 30 0.000000
317 10 16 105.000000 0.660000 nan nan nan nan nan nan nan nan nan nan nan nan nan nan nan nan nan nan nan nan nan 0.000000 nan -1.000000 nan nan nan nan nan nan nan 19 30 0.000000
318 10 17 105.000000 0.700000 nan nan nan nan nan nan nan nan nan nan nan nan nan nan nan nan nan nan nan nan nan 0.000000 nan -1.000000 nan nan nan nan nan nan nan 19 30 0.000000
319 10 18 105.000000 0.740000 nan nan nan nan nan nan nan nan nan nan nan nan nan nan nan nan nan nan nan nan nan 0.000000 nan -1.000000 nan nan nan nan nan nan nan 19 30 0.000000
320 10 19 105.000000 0.780000 nan nan nan nan nan nan nan nan nan nan nan nan nan nan nan nan nan nan nan nan nan 0.000000 nan -1.000000 nan nan nan nan nan nan nan 19 30 0.000000
321 10 20 105.000000 0.820000 nan nan nan nan nan nan nan nan nan nan nan nan nan nan nan nan nan nan nan nan nan 0.000000 nan -1.000000 nan nan nan nan nan nan nan 19 30 0.000000
322 10 21 105.000000 0.860000 nan nan nan nan nan nan nan nan nan nan nan nan nan nan nan nan nan nan nan nan nan 0.000000 nan -1.000000 nan nan nan nan nan nan nan 19 30 0.000000
323 10 22 105.000000 0.900000 nan nan nan nan nan nan nan nan nan nan nan nan nan nan nan nan nan nan nan nan nan 0.000000 nan -1.000000 nan nan nan nan nan nan nan 19 30 0.000000
324 10 23 105.000000 0.940000 nan nan nan nan nan nan nan nan nan nan nan nan nan nan nan nan nan nan nan nan nan 0.000000 nan -1.000000 nan nan nan nan nan nan nan 19 30 0.000000
325 10 24 105.000000 0.980000 nan nan nan nan nan nan nan nan nan nan nan nan nan nan nan nan nan nan nan nan nan 0.000000 nan -1.000000 nan nan nan nan nan nan nan 19 30 0.000000
326 10 25 105.000000 1.020000 nan nan nan nan nan nan nan nan nan nan nan nan nan nan nan nan nan nan nan nan nan 0.000000 nan -1.000000 nan nan nan nan nan nan nan 19 30 0.000000
327 10 26 105.000000 1.060000 nan nan nan nan nan nan nan nan nan nan nan nan nan nan nan nan nan nan nan nan nan 0.000000 nan -1.000000 nan nan nan nan nan nan nan 19 30 0.000000
328 10 27 105.000000 1.100000 nan nan nan nan nan nan nan nan nan nan nan nan nan nan nan nan nan nan nan nan nan 0.000000 nan -1.000000 nan nan nan nan nan nan nan 19 30 0.000000
329 10 28 105.000000 1.140000 nan nan nan nan nan nan nan nan nan nan nan nan nan nan nan nan nan nan nan nan nan 0.000000 nan -1.000000 nan nan nan nan nan nan nan 19 30 0.000000
330 10 29 105.000000 1.180000 nan nan nan nan nan nan nan nan nan nan nan nan nan nan nan nan nan nan nan nan nan 0.000000 nan -1.000000 nan nan nan nan nan nan nan 19 30 0.000000
331 11 0 115.000000 0.020000 nan nan nan nan nan nan nan nan nan nan nan nan nan nan nan nan nan nan nan nan nan 0.000000 nan -1.000000 nan nan nan nan nan nan nan 19 30 0.000000
332 11 1 115.000000 0.060000 nan nan nan nan nan nan nan nan nan nan nan nan nan nan nan nan nan nan nan nan nan 0.000000 nan -1.000000 nan nan nan nan nan nan nan 19 30 0.000000
333 11 2 115.000000 0.100000 nan nan nan nan nan nan nan nan nan nan nan nan nan nan nan nan nan nan nan nan nan 0.000000 nan -1.000000 nan nan nan nan nan nan nan 19 30 0.000000
334 11 3 115.000000 0.140000 nan nan nan nan nan nan nan nan nan nan nan nan nan nan nan nan nan nan nan nan nan 0.000000 nan -1.000000 nan nan nan nan nan nan nan 19 30 0.000000
335 11 4 115.000000 0.180000 nan nan nan nan nan nan nan nan nan nan nan nan nan nan nan nan nan nan nan nan nan 0.000000 nan -1.000000 nan nan nan nan nan nan nan 19 30 0.000000
336 11 5 115.000000 0.220000 nan nan nan nan nan nan nan nan nan nan nan nan nan nan nan nan nan nan nan nan nan 0.000000 nan -1.000000 nan nan nan nan nan nan nan 19 30 0.000000
337 11 6 115.000000 0.260000 nan nan nan nan nan nan nan nan nan nan nan nan nan nan nan nan nan nan nan nan nan 0.000000 nan -1.000000 nan nan nan nan nan nan nan 19 30 0.000000
338 11 7 115.000000 0.300000 nan nan nan nan nan nan nan nan nan nan nan nan nan nan nan nan nan nan nan nan nan 0.000000 nan -1.000000 nan nan nan nan nan nan nan 19 30 0.000000
339 11 8 115.000000 0.340000 nan nan nan nan nan nan nan nan nan nan nan nan nan nan nan nan nan nan nan nan nan 0.000000 nan -1.000000 nan nan nan nan nan nan nan 19 30 0.000000
340 11 9 115.000000 0.380000 nan nan nan nan nan nan nan nan nan nan nan nan nan nan nan nan nan nan nan nan nan 0.000000 nan -1.000000 nan nan nan nan nan nan nan 19 30 0.000000
341 11 10 115.000000 0.420000 nan nan nan nan nan nan nan nan nan nan nan nan nan nan nan nan nan nan nan nan nan 0.000000 nan -1.000000 nan nan nan nan nan nan nan 19 30 0.000000
342 11 11 115.000000 0.460000 nan nan nan nan nan nan nan nan nan nan nan nan nan nan nan nan nan nan nan nan nan 0.000000 nan -1.000000 nan nan nan nan nan nan nan 19 30 0.000000
343 11 12 115.000000 0.500000 nan nan nan nan nan nan nan nan nan nan nan nan nan nan nan nan nan nan nan nan nan 0.000000 nan -1.000000 nan nan nan nan nan nan nan 19 30 0.000000
344 11 13 115.000000 0.540000 nan nan nan nan nan nan nan nan nan nan nan nan nan nan nan nan nan nan nan nan nan 0.000000 nan -1.000000 nan nan nan nan nan nan nan 19 30 0.000000
345 11 14 115.000000 0.580000 nan nan nan nan nan nan nan nan nan nan nan nan nan nan nan nan nan nan nan nan nan 0.000000 nan -1.000000 nan nan nan nan nan nan nan 19 30 0.000000
346 11 15 115.000000 0.620000 nan nan nan nan nan nan nan nan nan nan nan nan nan nan nan nan nan nan nan nan nan 0.000000 nan -1.000000 nan nan nan nan nan nan nan 19 30 0.000000
347 11 16 115.000000 0.660000 nan nan nan nan nan nan nan nan nan nan nan nan nan nan nan nan nan nan nan nan nan 0.000000 nan -1.000000 nan nan nan nan nan nan nan 19 30 0.000000
348 11 17 115.000000 0.700000 nan nan nan nan nan nan nan nan nan nan nan nan nan nan nan nan nan nan nan nan nan 0.000000 nan -1.000000 nan nan nan nan nan nan nan 19 30 0.000000
349 11 18 115.000000 0.740000 nan nan nan nan nan nan nan nan nan nan nan nan nan nan nan nan nan nan nan nan nan 0.000000 nan -1.000000 nan nan nan nan nan nan nan 19 30 0.000000
350 11 19 115.000000 0.780000 nan nan nan nan nan nan nan nan nan nan nan nan nan nan nan nan nan nan nan nan nan 0.000000 nan -1.000000 nan nan nan nan nan nan nan 19 30 0.000000
351 11 20 115.000000 0.820000 nan nan nan nan nan nan nan nan nan nan nan nan nan nan nan nan nan nan nan nan nan 0.000000 nan -1.000000 nan nan nan nan nan nan nan 19 30 0.000000
352 11 21 115.000000 0.860000 nan nan nan nan nan nan nan nan nan nan nan nan nan nan nan nan nan nan nan nan nan 0.000000 nan -1.000000 nan nan nan nan nan nan nan 19 30 0.000000
353 11 22 115.000000 0.900000 nan nan nan nan nan nan nan nan nan nan nan nan nan nan nan nan nan nan nan nan nan 0.000000 nan -1.000000 nan nan nan nan nan nan nan 19 30 0.000000
354 11 23 115.000000 0.940000 nan nan nan nan nan nan nan nan nan nan nan nan nan nan nan nan nan nan nan nan nan 0.000000 nan -1.000000 nan nan nan nan nan nan nan 19 30 0.000000
355 11 24 115.000000 0.980000 nan nan nan nan nan nan nan nan nan nan nan nan nan nan nan nan nan nan nan nan nan 0.000000 nan -1.000000 nan nan nan nan nan nan nan 19 30 0.000000
356 11 25 115.000000 1.020000 nan nan nan nan nan nan nan nan nan nan nan nan nan nan nan nan nan nan nan nan nan 0.000000 nan -1.000000 nan nan nan nan nan nan nan 19 30 0.000000
357 11 26 115.000000 1.060000 nan nan nan nan nan nan nan nan nan nan nan nan nan nan nan nan nan nan nan nan nan 0.000000 nan -1.000000 nan nan nan nan nan nan nan 19 30 0.000000
358 11 27 115.000000 1.100000 nan nan nan nan nan nan nan nan nan nan nan nan nan nan nan nan nan nan nan nan nan 0.000000 nan -1.000000 nan nan nan nan nan nan nan 19 30 0.000000
359 11 28 115.000000 1.140000 nan nan nan nan nan nan nan nan nan nan nan nan nan nan nan nan nan nan nan nan nan 0.000000 nan -1.000000 nan nan nan nan nan nan nan 19 30 0.000000
360 11 29 115.000000 1.180000 nan nan nan nan nan nan nan nan nan nan nan nan nan nan nan nan nan nan nan nan nan 0.000000 nan -1.000000 nan nan nan nan nan nan nan 19 30 0.000000
361 12 0 125.000000 0.020000 nan nan nan nan nan nan nan nan nan nan nan nan nan nan nan nan nan nan nan nan nan 0.000000 nan -1.000000 nan nan nan nan nan nan nan 19 30 0.000000
362 12 1 125.000000 0.060000 nan nan nan nan nan nan nan nan nan nan nan nan nan nan nan nan nan nan nan nan nan 0.000000 nan -1.000000 nan nan nan nan nan nan nan 19 30 0.000000
363 12 2 125.000000 0.100000 nan nan nan nan nan nan nan nan nan nan nan nan nan nan nan nan nan nan nan nan nan 0.000000 nan -1.000000 nan nan nan nan nan nan nan 19 30 0.000000
364 12 3 125.000000 0.140000 nan nan nan nan nan nan nan nan nan nan nan nan nan nan nan nan nan nan nan nan nan 0.000000 nan -1.000000 nan nan nan nan nan nan nan 19 30 0.000000
365 12 4 125.000000 0.180000 nan nan nan nan nan nan nan nan nan nan nan nan nan nan nan nan nan nan nan nan nan 0.000000 nan -1.000000 nan nan nan nan nan nan nan 19 30 0.000000
366 12 5 125.000000 0.220000 nan nan nan nan nan nan nan nan nan nan nan nan nan nan nan nan nan nan nan nan nan 0.000000 nan -1.000000 nan nan nan nan nan nan nan 19 30 0.000000
367 12 6 125.000000 0.260000 nan nan nan nan nan nan nan nan nan nan nan nan nan nan nan nan nan nan nan nan nan 0.000000 nan -1.000000 nan nan nan nan nan nan nan 19 30 0.000000
368 12 7 125.000000 0.300000 nan nan nan nan nan nan nan nan nan nan nan nan nan nan nan nan nan nan nan nan nan 0.000000 nan -1.000000 nan nan nan nan nan nan nan 19 30 0.000000
369 12 8 125.000000 0.340000 nan nan nan nan nan nan nan nan nan nan nan nan nan nan nan nan nan nan nan nan nan 0.000000 nan -1.000000 nan nan nan nan nan nan nan 19 30 0.000000
370 12 9 125.000000 0.380000 nan nan nan nan nan nan nan nan nan nan nan nan nan nan nan nan nan nan nan nan nan 0.000000 nan -1.000000 nan nan nan nan nan nan nan 19 30 0.000000
371 12 10 125.000000 0.420000 nan nan nan nan nan nan nan nan nan nan nan nan nan nan nan nan nan nan nan nan nan 0.000000 nan -1.000000 nan nan nan nan nan nan nan 19 30 0.000000
372 12 11 125.000000 0.460000 nan nan nan nan nan nan nan nan nan nan nan nan nan nan nan nan nan nan nan nan nan 0.000000 nan -1.000000 nan nan nan nan nan nan nan 19 30 0.000000
373 12 12 125.000000 0.500000 nan nan nan nan nan nan nan nan nan nan nan nan nan nan nan nan nan nan nan nan nan 0.000000 nan -1.000000 nan nan nan nan nan nan nan 19 30 0.000000
374 12 13 125.000000 0.540000 nan nan nan nan nan nan nan nan nan nan nan nan nan nan nan nan nan nan nan nan nan 0.000000 nan -1.000000 nan nan nan nan nan nan nan 19 30 0.000000
375 12 14 125.000000 0.580000 nan nan nan nan nan nan nan nan nan nan nan nan nan nan nan nan nan nan nan nan nan 0.000000 nan -1.000000 nan nan nan nan nan nan nan 19 30 0.000000
376 12 15 125.000000 0.620000 nan nan nan nan nan nan nan nan nan nan nan nan nan nan nan nan nan nan nan nan nan 0.000000 nan -1.000000 nan nan nan nan nan nan nan 19 30 0.000000
377 12 16 125.000000 0.660000 nan nan nan nan nan nan nan nan nan nan nan nan nan nan nan nan nan nan nan nan nan 0.000000 nan -1.000000 nan nan nan nan nan nan nan 19 30 0.000000
378 12 17 125.000000 0.700000 nan nan nan nan nan nan nan nan nan nan nan nan nan nan nan nan nan nan nan nan nan 0.000000 nan -1.000000 nan nan nan nan nan nan nan 19 30 0.000000
379 12 18 125.000000 0.740000 nan nan nan nan nan nan nan nan nan nan nan nan nan nan nan nan nan nan nan nan nan 0.000000 nan -1.000000 nan nan nan nan nan nan nan 19 30 0.000000
380 12 19 125.000000 0.780000 nan nan nan nan nan nan nan nan nan nan nan nan nan nan nan nan nan nan nan nan nan 0.000000 nan -1.000000 nan nan nan nan nan nan nan 19 30 0.000000
381 12 20 125.000000 0.820000 nan nan nan nan nan nan nan nan nan nan nan nan nan nan nan nan nan nan nan nan nan 0.000000 nan -1.000000 nan nan nan nan nan nan nan 19 30 0.000000
382 12 21 125.000000 0.860000 nan nan nan nan nan nan nan nan nan nan nan nan nan nan nan nan nan nan nan nan nan 0.000000 nan -1.000000 nan nan nan nan nan nan nan 19 30 0.000000
383 12 22 125.000000 0.900000 nan nan nan nan nan nan nan nan nan nan nan nan nan nan nan nan nan nan nan nan nan 0.000000 nan -1.000000 nan nan nan nan nan nan nan 19 30 0.000000
384 12 23 125.000000 0.940000 nan nan nan nan nan nan nan nan nan nan nan nan nan nan nan nan nan nan nan nan nan 0.000000 nan -1.000000 nan nan nan nan nan nan nan 19 30 0.000000
385 12 24 125.000000 0.980000 nan nan nan nan nan nan nan nan nan nan nan nan nan nan nan nan nan nan nan nan nan 0.000000 nan -1.000000 nan nan nan nan nan nan nan 19 30 0.000000
386 12 25 125.000000 1.020000 nan nan nan nan nan nan nan nan nan nan nan nan nan nan nan nan nan nan nan nan nan 0.000000 nan -1.000000 nan nan nan nan nan nan nan 19 30 0.000000
387 12 26 125.000000 1.060000 nan nan nan nan nan nan nan nan nan nan nan nan nan nan nan nan nan nan nan nan nan 0.000000 nan -1.000000 nan nan nan nan nan nan nan 19 30 0.000000
388 12 27 125.000000 1.100000 nan nan nan nan nan nan nan nan nan nan nan nan nan nan nan nan nan nan nan nan nan 0.000000 nan -1.000000 nan nan nan nan nan nan nan 19 30 0.000000
389 12 28 125.000000 1.140000 nan nan nan nan nan nan nan nan nan nan nan nan nan nan nan nan nan nan nan nan nan 0.000000 nan -1.000000 nan nan nan nan nan nan nan 19 30 0.000000
390 12 29 125.000000 1.180000 nan nan nan nan nan nan nan nan nan nan nan nan nan nan nan nan nan nan nan nan nan 0.000000 nan -1.000000 nan nan nan nan nan nan nan 19 30 0.000000
391 13 0 135.000000 0.020000 nan nan nan nan nan nan nan nan nan nan nan nan nan nan nan nan nan nan nan nan nan 0.000000 nan -1.000000 nan nan nan nan nan nan nan 19 30 0.000000
392 13 1 135.000000 0.060000 nan nan nan nan nan nan nan nan nan nan nan nan nan nan nan nan nan nan nan nan nan 0.000000 nan -1.000000 nan nan nan nan nan nan nan 19 30 0.000000
393 13 2 135.000000 0.100000 nan nan nan nan nan nan nan nan nan nan nan nan nan nan nan nan nan nan nan nan nan 0.000000 nan -1.000000 nan nan nan nan nan nan nan 19 30 0.000000
394 13 3 135.000000 0.140000 nan nan nan nan nan nan nan nan nan nan nan nan nan nan nan nan nan nan nan nan nan 0.000000 nan -1.000000 nan nan nan nan nan nan nan 19 30 0.000000
395 13 4 135.000000 0.180000 nan nan nan nan nan nan nan nan nan nan nan nan nan nan nan nan nan nan nan nan nan 0.000000 nan -1.000000 nan nan nan nan nan nan nan 19 30 0.000000
396 13 5 135.000000 0.220000 nan nan nan nan nan nan nan nan nan nan nan nan nan nan nan nan nan nan nan nan nan 0.000000 nan -1.000000 nan nan nan nan nan nan nan 19 30 0.000000
397 13 6 135.000000 0.260000 nan nan nan nan nan nan nan nan nan nan nan nan nan nan nan nan nan nan nan nan nan 0.000000 nan -1.000000 nan nan nan nan nan nan nan 19 30 0.000000
398 13 7 135.000000 0.300000 nan nan nan nan nan nan nan nan nan nan nan nan nan nan nan nan nan nan nan nan nan 0.000000 nan -1.000000 nan nan nan nan nan nan nan 19 30 0.000000
399 13 8 135.000000 0.340000 nan nan nan nan nan nan nan nan nan nan nan nan nan nan nan nan nan nan nan nan nan 0.000000 nan -1.000000 nan nan nan nan nan nan nan 19 30 0.000000
400 13 9 135.000000 0.380000 nan nan nan nan nan nan nan nan nan nan nan nan nan nan nan nan nan nan nan nan nan 0.000000 nan -1.000000 nan nan nan nan nan nan nan 19 30 0.000000
401 13 10 135.000000 0.420000 nan nan nan nan nan nan nan nan nan nan nan nan nan nan nan nan nan nan nan nan nan 0.000000 nan -1.000000 nan nan nan nan nan nan nan 19 30 0.000000
402 13 11 135.000000 0.460000 nan nan nan nan nan nan nan nan nan nan nan nan nan nan nan nan nan nan nan nan nan 0.000000 nan -1.000000 nan nan nan nan nan nan nan 19 30 0.000000
403 13 12 135.000000 0.500000 nan nan nan nan nan nan nan nan nan nan nan nan nan nan nan nan nan nan nan nan nan 0.000000 nan -1.000000 nan nan nan nan nan nan nan 19 30 0.000000
404 13 13 135.000000 0.540000 nan nan nan nan nan nan nan nan nan nan nan nan nan nan nan nan nan nan nan nan nan 0.000000 nan -1.000000 nan nan nan nan nan nan nan 19 30 0.000000
405 13 14 135.000000 0.580000 nan nan nan nan nan nan nan nan nan nan nan nan nan nan nan nan nan nan nan nan nan 0.000000 nan -1.000000 nan nan nan nan nan nan nan 19 30 0.000000
406 13 15 135.000000 0.620000 nan nan nan nan nan nan nan nan nan nan nan nan nan nan nan nan nan nan nan nan nan 0.000000 nan -1.000000 nan nan nan nan nan nan nan 19 30 0.000000
407 13 16 135.000000 0.660000 nan nan nan nan nan nan nan nan nan nan nan nan nan nan nan nan nan nan nan nan nan 0.000000 nan -1.000000 nan nan nan nan nan nan nan 19 30 0.000000
408 13 17 135.000000 0.700000 nan nan nan nan nan nan nan nan nan nan nan nan nan nan nan nan nan nan nan nan nan 0.000000 nan -1.000000 nan nan nan nan nan nan nan 19 30 0.000000
409 13 18 135.000000 0.740000 nan nan nan nan nan nan nan nan nan nan nan nan nan nan nan nan nan nan nan nan nan 0.000000 nan -1.000000 nan nan nan nan nan nan nan 19 30 0.000000
410 13 19 135.000000 0.780000 nan nan nan nan nan nan nan nan nan nan nan nan nan nan nan nan nan nan nan nan nan 0.000000 nan -1.000000 nan nan nan nan nan nan nan 19 30 0.000000
411 13 20 135.000000 0.820000 nan nan nan nan nan nan nan nan nan nan nan nan nan nan nan nan nan nan nan nan nan 0.000000 nan -1.000000 nan nan nan nan nan nan nan 19 30 0.000000
412 13 21 135.000000 0.860000 nan nan nan nan nan nan nan nan nan nan nan nan nan nan nan nan nan nan nan nan nan 0.000000 nan -1.000000 nan nan nan nan nan nan nan 19 30 0.000000
413 13 22 135.000000 0.900000 nan nan nan nan nan nan nan nan nan nan nan nan nan nan nan nan nan nan nan nan nan 0.000000 nan -1.000000 nan nan nan nan nan nan nan 19 30 0.000000
414 13 23 135.000000 0.940000 nan nan nan nan nan nan nan nan nan nan nan nan nan nan nan nan nan nan nan nan nan 0.000000 nan -1.000000 nan nan nan nan nan nan nan 19 30 0.000000
415 13 24 135.000000 0.980000 nan nan nan nan nan nan nan nan nan nan nan nan nan nan nan nan nan nan nan nan nan 0.000000 nan -1.000000 nan nan nan nan nan nan nan 19 30 0.000000
416 13 25 135.000000 1.020000 nan nan nan nan nan nan nan nan nan nan nan nan nan nan nan nan nan nan nan nan nan 0.000000 nan -1.000000 nan nan nan nan nan nan nan 19 30 0.000000
417 13 26 135.000000 1.060000 nan nan nan nan nan nan nan nan nan nan nan nan nan nan nan nan nan nan nan nan nan 0.000000 nan -1.000000 nan nan nan nan nan nan nan 19 30 0.000000
418 13 27 135.000000 1.100000 nan nan nan nan nan nan nan nan nan nan nan nan nan nan nan nan nan nan nan nan nan 0.000000 nan -1.000000 nan nan nan nan nan nan nan 19 30 0.000000
419 13 28 135.000000 1.140000 nan nan nan nan nan nan nan nan nan nan nan nan nan nan nan nan nan nan nan nan nan 0.000000 nan -1.000000 nan nan nan nan nan nan nan 19 30 0.000000
420 13 29 135.000000 1.180000 nan nan nan nan nan nan nan nan nan nan nan nan nan nan nan nan nan nan nan nan nan 0.000000 nan -1.000000 nan nan nan nan nan nan nan 19 30 0.000000
421 14 0 145.000000 0.020000 nan nan nan nan nan nan nan nan nan nan nan nan nan nan nan nan nan nan nan nan nan 0.000000 nan -1.000000 nan nan nan nan nan nan nan 19 30 0.000000
422 14 1 145.000000 0.060000 nan nan nan nan nan nan nan nan nan nan nan nan nan nan nan nan nan nan nan nan nan 0.000000 nan -1.000000 nan nan nan nan nan nan nan 19 30 0.000000
423 14 2 145.000000 0.100000 nan nan nan nan nan nan nan nan nan nan nan nan nan nan nan nan nan nan nan nan nan 0.000000 nan -1.000000 nan nan nan nan nan nan nan 19 30 0.000000
424 14 3 145.000000 0.140000 nan nan nan nan nan nan nan nan nan nan nan nan nan nan nan nan nan nan nan nan nan 0.000000 nan -1.000000 nan nan nan nan nan nan nan 19 30 0.000000
425 14 4 145.000000 0.180000 nan nan nan nan nan nan nan nan nan nan nan nan nan nan nan nan nan nan nan nan nan 0.000000 nan -1.000000 nan nan nan nan nan nan nan 19 30 0.000000
426 14 5 145.000000 0.220000 nan nan nan nan nan nan nan nan nan nan nan nan nan nan nan nan nan nan nan nan nan 0.000000 nan -1.000000 nan nan nan nan nan nan nan 19 30 0.000000
427 14 6 145.000000 0.260000 nan nan nan nan nan nan nan nan nan nan nan nan nan nan nan nan nan nan nan nan nan 0.000000 nan -1.000000 nan nan nan nan nan nan nan 19 30 0.000000
428 14 7 145.000000 0.300000 nan nan nan nan nan nan nan nan nan nan nan nan nan nan nan nan nan nan nan nan nan 0.000000 nan -1.000000 nan nan nan nan nan nan nan 19 30 0.000000
429 14 8 145.000000 0.340000 nan nan nan nan nan nan nan nan nan nan nan nan nan nan nan nan nan nan nan nan nan 0.000000 nan -1.000000 nan nan nan nan nan nan nan 19 30 0.000000
430 14 9 145.000000 0.380000 nan nan nan nan nan nan nan nan nan nan nan nan nan nan nan nan nan nan nan nan nan 0.000000 nan -1.000000 nan nan nan nan nan nan nan 19 30 0.000000
431 14 10 145.000000 0.420000 nan nan nan nan nan nan nan nan nan nan nan nan nan nan nan nan nan nan nan nan nan 0.000000 nan -1.000000 nan nan nan nan nan nan nan 19 30 0.000000
432 14 11 145.000000 0.460000 nan nan nan nan nan nan nan nan nan nan nan nan nan nan nan nan nan nan nan nan nan 0.000000 nan -1.000000 nan nan nan nan nan nan nan 19 30 0.000000
433 14 12 145.000000 0.500000 nan nan nan nan nan nan nan nan nan nan nan nan nan nan nan nan nan nan nan nan nan 0.000000 nan -1.000000 nan nan nan nan nan nan nan 19 30 0.000000
434 14 13 145.000000 0.540000 nan nan nan nan nan nan nan nan nan nan nan nan nan nan nan nan nan nan nan nan nan 0.000000 nan -1.000000 nan nan nan nan nan nan nan 19 30 0.000000
435 14 14 145.000000 0.580000 nan nan nan nan nan nan nan nan nan nan nan nan nan nan nan nan nan nan nan nan nan 0.000000 nan -1.000000 nan nan nan nan nan nan nan 19 30 0.000000
436 14 15 145.000000 0.620000 nan nan nan nan nan nan nan nan nan nan nan nan nan nan nan nan nan nan nan nan nan 0.000000 nan -1.000000 nan nan nan nan nan nan nan 19 30 0.000000
437 14 16 145.000000 0.660000 nan nan nan nan nan nan nan nan nan nan nan nan nan nan nan nan nan nan nan nan nan 0.000000 nan -1.000000 nan nan nan nan nan nan nan 19 30 0.000000
438 14 17 145.000000 0.700000 nan nan nan nan nan nan nan nan nan nan nan nan nan nan nan nan nan nan nan nan nan 0.000000 nan -1.000000 nan nan nan nan nan nan nan 19 30 0.000000
439 14 18 145.000000 0.740000 nan nan nan nan nan nan nan nan nan nan nan nan nan nan nan nan nan nan nan nan nan 0.000000 nan -1.000000 nan nan nan nan nan nan nan 19 30 0.000000
440 14 19 145.000000 0.780000 nan nan nan nan nan nan nan nan nan nan nan nan nan nan nan nan nan nan nan nan nan 0.000000 nan -1.000000 nan nan nan nan nan nan nan 19 30 0.000000
441 14 20 145.000000 0.820000 nan nan nan nan nan nan nan nan nan nan nan nan nan nan nan nan nan nan nan nan nan 0.000000 nan -1.000000 nan nan nan nan nan nan nan 19 30 0.000000
442 14 21 145.000000 0.860000 nan nan nan nan nan nan nan nan nan nan nan nan nan nan nan nan nan nan nan nan nan 0.000000 nan -1.000000 nan nan nan nan nan nan nan 19 30 0.000000
443 14 22 145.000000 0.900000 nan nan nan nan nan nan nan nan nan nan nan nan nan nan nan nan nan nan nan nan nan 0.000000 nan -1.000000 nan nan nan nan nan nan nan 19 30 0.000000
444 14 23 145.000000 0.940000 nan nan nan nan nan nan nan nan nan nan nan nan nan nan nan nan nan nan nan nan nan 0.000000 nan -1.000000 nan nan nan nan nan nan nan 19 30 0.000000
445 14 24 145.000000 0.980000 nan nan nan nan nan nan nan nan nan nan nan nan nan nan nan nan nan nan nan nan nan 0.000000 nan -1.000000 nan nan nan nan nan nan nan 19 30 0.000000
446 14 25 145.000000 1.020000 nan nan nan nan nan nan nan nan nan nan nan nan nan nan nan nan nan nan nan nan nan 0.000000 nan -1.000000 nan nan nan nan nan nan nan 19 30 0.000000
447 14 26 145.000000 1.060000 nan nan nan nan nan nan nan nan nan nan nan nan nan nan nan nan nan nan nan nan nan 0.000000 nan -1.000000 nan nan nan nan nan nan nan 19 30 0.000000
448 14 27 145.000000 1.100000 nan nan nan nan nan nan nan nan nan nan nan nan nan nan nan nan nan nan nan nan nan 0.000000 nan -1.000000 nan nan nan nan nan nan nan 19 30 0.000000
449 14 28 145.000000 1.140000 nan nan nan nan nan nan nan nan nan nan nan nan nan nan nan nan nan nan nan nan nan 0.000000 nan -1.000000 nan nan nan nan nan nan nan 19 30 0.000000
450 14 29 145.000000 1.180000 nan nan nan nan nan nan nan nan nan nan nan nan nan nan nan nan nan nan nan nan nan 0.000000 nan -1.000000 nan nan nan nan nan nan nan 19 30 0.000000
451 15 0 155.000000 0.020000 nan nan nan nan nan nan nan nan nan nan nan nan nan nan nan nan nan nan nan nan nan 0.000000 nan -1.000000 nan nan nan nan nan nan nan 19 30 0.000000
452 15 1 155.000000 0.060000 nan nan nan nan nan nan nan nan nan nan nan nan nan nan nan nan nan nan nan nan nan 0.000000 nan -1.000000 nan nan nan nan nan nan nan 19 30 0.000000
453 15 2 155.000000 0.100000 nan nan nan nan nan nan nan nan nan nan nan nan nan nan nan nan nan nan nan nan nan 0.000000 nan -1.000000 nan nan nan nan nan nan nan 19 30 0.000000
454 15 3 155.000000 0.140000 nan nan nan nan nan nan nan nan nan nan nan nan nan nan nan nan nan nan nan nan nan 0.000000 nan -1.000000 nan nan nan nan nan nan nan 19 30 0.000000
455 15 4 155.000000 0.180000 nan nan nan nan nan nan nan nan nan nan nan nan nan nan nan nan nan nan nan nan nan 0.000000 nan -1.000000 nan nan nan nan nan nan nan 19 30 0.000000
456 15 5 155.000000 0.220000 nan nan nan nan nan nan nan nan nan nan nan nan nan nan nan nan nan nan nan nan nan 0.000000 nan -1.000000 nan nan nan nan nan nan nan 19 30 0.000000
457 15 6 155.000000 0.260000 nan nan nan nan nan nan nan nan nan nan nan nan nan nan nan nan nan nan nan nan nan 0.000000 nan -1.000000 nan nan nan nan nan nan nan 19 30 0.000000
458 15 7 155.000000 0.300000 nan nan nan nan nan nan nan nan nan nan nan nan nan nan nan nan nan nan nan nan nan 0.000000 nan -1.000000 nan nan nan nan nan nan nan 19 30 0.000000
459 15 8 155.000000 0.340000 nan nan nan nan nan nan nan nan nan nan nan nan nan nan nan nan nan nan nan nan nan 0.000000 nan -1.000000 nan nan nan nan nan nan nan 19 30 0.000000
460 15 9 155.000000 0.380000 nan nan nan nan nan nan nan nan nan nan nan nan nan nan nan nan nan nan nan nan nan 0.000000 nan -1.000000 nan nan nan nan nan nan nan 19 30 0.000000
461 15 10 155.000000 0.420000 nan nan nan nan nan nan nan nan nan nan nan nan nan nan nan nan nan nan nan nan nan 0.000000 nan -1.000000 nan nan nan nan nan nan nan 19 30 0.000000
462 15 11 155.000000 0.460000 nan nan nan nan nan nan nan nan nan nan nan nan nan nan nan nan nan nan nan nan nan 0.000000 nan -1.000000 nan nan nan nan nan nan nan 19 30 0.000000
463 15 12 155.000000 0.500000 nan nan nan nan nan nan nan nan nan nan nan nan nan nan nan nan nan nan nan nan nan 0.000000 nan -1.000000 nan nan nan nan nan nan nan 19 30 0.000000
464 15 13 155.000000 0.540000 nan nan nan nan nan nan nan nan nan nan nan nan nan nan nan nan nan nan nan nan nan 0.000000 nan -1.000000 nan nan nan nan nan nan nan 19 30 0.000000
465 15 14 155.000000 0.580000 nan nan nan nan nan nan nan nan nan nan nan nan nan nan nan nan nan nan nan nan nan 0.000000 nan -1.000000 nan nan nan nan nan nan nan 19 30 0.000000
466 15 15 155.000000 0.620000 nan nan nan nan nan nan nan nan nan nan nan nan nan nan nan nan nan nan nan nan nan 0.000000 nan -1.000000 nan nan nan nan nan nan nan 19 30 0.000000
467 15 16 155.000000 0.660000 nan nan nan nan nan nan nan nan nan nan nan nan nan nan nan nan nan nan nan nan nan 0.000000 nan -1.000000 nan nan nan nan nan nan nan 19 30 0.000000
468 15 17 155.000000 0.700000 nan nan nan nan nan nan nan nan nan nan nan nan nan nan nan nan nan nan nan nan nan 0.000000 nan -1.000000 nan nan nan nan nan nan nan 19 30 0.000000
469 15 18 155.000000 0.740000 nan nan nan nan nan nan nan nan nan nan nan nan nan nan nan nan nan nan nan nan nan 0.000000 nan -1.000000 nan nan nan nan nan nan nan 19 30 0.000000
470 15 19 155.000000 0.780000 nan nan nan nan nan nan nan nan nan nan nan nan nan nan nan nan nan nan nan nan nan 0.000000 nan -1.000000 nan nan nan nan nan nan nan 19 30 0.000000
471 15 20 155.000000 0.820000 nan nan nan nan nan nan nan nan nan nan nan nan nan nan nan nan nan nan nan nan nan 0.000000 nan -1.000000 nan nan nan nan nan nan nan 19 30 0.000000
472 15 21 155.000000 0.860000 nan nan nan nan nan nan nan nan nan nan nan nan nan nan nan nan nan nan nan nan nan 0.000000 nan -1.000000 nan nan nan nan nan nan nan 19 30 0.000000
473 15 22 155.000000 0.900000 nan nan nan nan nan nan nan nan nan nan nan nan nan nan nan nan nan nan nan nan nan 0.000000 nan -1.000000 nan nan nan nan nan nan nan 19 30 0.000000
474 15 23 155.000000 0.940000 nan nan nan nan nan nan nan nan nan nan nan nan nan nan nan nan nan nan nan nan nan 0.000000 nan -1.000000 nan nan nan nan nan nan nan 19 30 0.000000
475 15 24 155.000000 0.980000 nan nan nan nan nan nan nan nan nan nan nan nan nan nan nan nan nan nan nan nan nan 0.000000 nan -1.000000 nan nan nan nan nan nan nan 19 30 0.000000
476 15 25 155.000000 1.020000 nan nan nan nan nan nan nan nan nan nan nan nan nan nan nan nan nan nan nan nan nan 0.000000 nan -1.000000 nan nan nan nan nan nan nan 19 30 0.000000
477 15 26 155.000000 1.060000 nan nan nan nan nan nan nan nan nan nan nan nan nan nan nan nan nan nan nan nan nan 0.000000 nan -1.000000 nan nan nan nan nan nan nan 19 30 0.000000
478 15 27 155.000000 1.100000 nan nan nan nan nan nan nan nan nan nan nan nan nan nan nan nan nan nan nan nan nan 0.000000 nan -1.000000 nan nan nan nan nan nan nan 19 30 0.000000
479 15 28 155.000000 1.140000 nan nan nan nan nan nan nan nan nan nan nan nan nan nan nan nan nan nan nan nan nan 0.000000 nan -1.000000 nan nan nan nan nan nan nan 19 30 0.000000
480 15 29 155.000000 1.180000 nan nan nan nan nan nan nan nan nan nan nan nan nan nan nan nan nan nan nan nan nan 0.000000 nan -1.000000 nan nan nan nan nan nan nan 19 30 0.000000
481 16 0 165.000000 0.020000 nan nan nan nan nan nan nan nan nan nan nan nan nan nan nan nan nan nan nan nan nan 0.000000 nan -1.000000 nan nan nan nan nan nan nan 19 30 0.000000
482 16 1 165.000000 0.060000 nan nan nan nan nan nan nan nan nan nan nan nan nan nan nan nan nan nan nan nan nan 0.000000 nan -1.000000 nan nan nan nan nan nan nan 19 30 0.000000
483 16 2 165.000000 0.100000 nan nan nan nan nan nan nan nan nan nan nan nan nan nan nan nan nan nan nan nan nan 0.000000 nan -1.000000 nan nan nan nan nan nan nan 19 30 0.000000
484 16 3 165.000000 0.140000 nan nan nan nan nan nan nan nan nan nan nan nan nan nan nan nan nan nan nan nan nan 0.000000 nan -1.000000 nan nan nan nan nan nan nan 19 30 0.000000
485 16 4 165.000000 0.180000 nan nan nan nan nan nan nan nan nan nan nan nan nan nan nan nan nan nan nan nan nan 0.000000 nan -1.000000 nan nan nan nan nan nan nan 19 30 0.000000
486 16 5 165.000000 0.220000 nan nan nan nan nan nan nan nan nan nan nan nan nan nan nan nan nan nan nan nan nan 0.000000 nan -1.000000 nan nan nan nan nan nan nan 19 30 0.000000
487 16 6 165.000000 0.260000 nan nan nan nan nan nan nan nan nan nan nan nan nan nan nan nan nan nan nan nan nan 0.000000 nan -1.000000 nan nan nan nan nan nan nan 19 30 0.000000
488 16 7 165.000000 0.300000 nan nan nan nan nan nan nan nan nan nan nan nan nan nan nan nan nan nan nan nan nan 0.000000 nan -1.000000 nan nan nan nan nan nan nan 19 30 0.000000
489 16 8 165.000000 0.340000 nan nan nan nan nan nan nan nan nan nan nan nan nan nan nan nan nan nan nan nan nan 0.000000 nan -1.000000 nan nan nan nan nan nan nan 19 30 0.000000
490 16 9 165.000000 0.380000 nan nan nan nan nan nan nan nan nan nan nan nan nan nan nan nan nan nan nan nan nan 0.000000 nan -1.000000 nan nan nan nan nan nan nan 19 30 0.000000
491 16 10 165.000000 0.420000 nan nan nan nan nan nan nan nan nan nan nan nan nan nan nan nan nan nan nan nan nan 0.000000 nan -1.000000 nan nan nan nan nan nan nan 19 30 0.000000
492 16 11 165.000000 0.460000 nan nan nan nan nan nan nan nan nan nan nan nan nan nan nan nan nan nan nan nan nan 0.000000 nan -1.000000 nan nan nan nan nan nan nan 19 30 0.000000
493 16 12 165.000000 0.500000 nan nan nan nan nan nan nan nan nan nan nan nan nan nan nan nan nan nan nan nan nan 0.000000 nan -1.000000 nan nan nan nan nan nan nan 19 30 0.000000
494 16 13 165.000000 0.540000 nan nan nan nan nan nan nan nan nan nan nan nan nan nan nan nan nan nan nan nan nan 0.000000 nan -1.000000 nan nan nan nan nan nan nan 19 30 0.000000
495 16 14 165.000000 0.580000 nan nan nan nan nan nan nan nan nan nan nan nan nan nan nan nan nan nan nan nan nan 0.000000 nan -1.000000 nan nan nan nan nan nan nan 19 30 0.000000
496 16 15 165.000000 0.620000 nan nan nan nan nan nan nan nan nan nan nan nan nan nan nan nan nan nan nan nan nan 0.000000 nan -1.000000 nan nan nan nan nan nan nan 19 30 0.000000
497 16 16 165.000000 0.660000 nan nan nan nan nan nan nan nan nan nan nan nan nan nan nan nan nan nan nan nan nan 0.000000 nan -1.000000 nan nan nan nan nan nan nan 19 30 0.000000
498 16 17 165.000000 0.700000 nan nan nan nan nan nan nan nan nan nan nan nan nan nan nan nan nan nan nan nan nan 0.000000 nan -1.000000 nan nan nan nan nan nan nan 19 30 0.000000
499 16 18 165.000000 0.740000 nan nan nan nan nan nan nan nan nan nan nan nan nan nan nan nan nan nan nan nan nan 0.000000 nan -1.000000 nan nan nan nan nan nan nan 19 30 0.000000
500 16 19 165.000000 0.780000 nan nan nan nan nan nan nan nan nan nan nan nan nan nan nan nan nan nan nan nan nan 0.000000 nan -1.000000 nan nan nan nan nan nan nan 19 30 0.000000
501 16 20 165.000000 0.820000 nan nan nan nan nan nan nan nan nan nan nan nan nan nan nan nan nan nan nan nan nan 0.000000 nan -1.000000 nan nan nan nan nan nan nan 19 30 0.000000
502 16 21 165.000000 0.860000 nan nan nan nan nan nan nan nan nan nan nan nan nan nan nan nan nan nan nan nan nan 0.000000 nan -1.000000 nan nan nan nan nan nan nan 19 30 0.000000
503 16 22 165.000000 0.900000 nan nan nan nan nan nan nan nan nan nan nan nan nan nan nan nan nan nan nan nan nan 0.000000 nan -1.000000 nan nan nan nan nan nan nan 19 30 0.000000
504 16 23 165.000000 0.940000 nan nan nan nan nan nan nan nan nan nan nan nan nan nan nan nan nan nan nan nan nan 0.000000 nan -1.000000 nan nan nan nan nan nan nan 19 30 0.000000
505 16 24 165.000000 0.980000 nan nan nan nan nan nan nan nan nan nan nan nan nan nan nan nan nan nan nan nan nan 0.000000 nan -1.000000 nan nan nan nan nan nan nan 19 30 0.000000
506 16 25 165.000000 1.020000 nan nan nan nan nan nan nan nan nan nan nan nan nan nan nan nan nan nan nan nan nan 0.000000 nan -1.000000 nan nan nan nan nan nan nan 19 30 0.000000
507 16 26 165.000000 1.060000 nan nan nan nan nan nan nan nan nan nan nan nan nan nan nan nan nan nan nan nan nan 0.000000 nan -1.000000 nan nan nan nan nan nan nan 19 30 0.000000
508 16 27 165.000000 1.100000 nan nan nan nan nan nan nan nan nan nan nan nan nan nan nan nan nan nan nan nan nan 0.000000 nan -1.000000 nan nan nan nan nan nan nan 19 30 0.000000
509 16 28 165.000000 1.140000 nan nan nan nan nan nan nan nan nan nan nan nan nan nan nan nan nan nan nan nan nan 0.000000 nan -1.000000 nan nan nan nan nan nan nan 19 30 0.000000
510 16 29 165.000000 1.180000 nan nan nan nan nan nan nan nan nan nan nan nan nan nan nan nan nan nan nan nan nan 0.000000 nan -1.000000 nan nan nan nan nan nan nan 19 30 0.000000
511 17 0 175.000000 0.020000 nan nan nan nan nan nan nan nan nan nan nan nan nan nan nan nan nan nan nan nan nan 0.000000 nan -1.000000 nan nan nan nan nan nan nan 19 30 0.000000
512 17 1 175.000000 0.060000 nan nan nan nan nan nan nan nan nan nan nan nan nan nan nan nan nan nan nan nan nan 0.000000 nan -1.000000 nan nan nan nan nan nan nan 19 30 0.000000
513 17 2 175.000000 0.100000 nan nan nan nan nan nan nan nan nan nan nan nan nan nan nan nan nan nan nan nan nan 0.000000 nan -1.000000 nan nan nan nan nan nan nan 19 30 0.000000
514 17 3 175.000000 0.140000 nan nan nan nan nan nan nan nan nan nan nan nan nan nan nan nan nan nan nan nan nan 0.000000 nan -1.000000 nan nan nan nan nan nan nan 19 30 0.000000
515 17 4 175.000000 0.180000 nan nan nan nan nan nan nan nan nan nan nan nan nan nan nan nan nan nan nan nan nan 0.000000 nan -1.000000 nan nan nan nan nan nan nan 19 30 0.000000
516 17 5 175.000000 0.220000 nan nan nan nan nan nan nan nan nan nan nan nan nan nan nan nan nan nan nan nan nan 0.000000 nan -1.000000 nan nan nan nan nan nan nan 19 30 0.000000
517 17 6 175.000000 0.260000 nan nan nan nan nan nan nan nan nan nan nan nan nan nan nan nan nan nan nan nan nan 0.000000 nan -1.000000 nan nan nan nan nan nan nan 19 30 0.000000
518 17 7 175.000000 0.300000 nan nan nan nan nan nan nan nan nan nan nan nan nan nan nan nan nan nan nan nan nan 0.000000 nan -1.000000 nan nan nan nan nan nan nan 19 30 0.000000
519 17 8 175.000000 0.340000 nan nan nan nan nan nan nan nan nan nan nan nan nan nan nan nan nan nan nan nan nan 0.000000 nan -1.000000 nan nan nan nan nan nan nan 19 30 0.000000
520 17 9 175.000000 0.380000 nan nan nan nan nan nan nan nan nan nan nan nan nan nan nan nan nan nan nan nan nan 0.000000 nan -1.000000 nan nan nan nan nan nan nan 19 30 0.000000
521 17 10 175.000000 0.420000 nan nan nan nan nan nan nan nan nan nan nan nan nan nan nan nan nan nan nan nan nan 0.000000 nan -1.000000 nan nan nan nan nan nan nan 19 30 0.000000
522 17 11 175.000000 0.460000 nan nan nan nan nan nan nan nan nan nan nan nan nan nan nan nan nan nan nan nan nan 0.000000 nan -1.000000 nan nan nan nan nan nan nan 19 30 0.000000
523 17 12 175.000000 0.500000 nan nan nan nan nan nan nan nan nan nan nan nan nan nan nan nan nan nan nan nan nan 0.000000 nan -1.000000 nan nan nan nan nan nan nan 19 30 0.000000
524 17 13 175.000000 0.540000 nan nan nan nan nan nan nan nan nan nan nan nan nan nan nan nan nan nan nan nan nan 0.000000 nan -1.000000 nan nan nan nan nan nan nan 19 30 0.000000
525 17 14 175.000000 0.580000 nan nan nan nan nan nan nan nan nan nan nan nan nan nan nan nan nan nan nan nan nan 0.000000 nan -1.000000 nan nan nan nan nan nan nan 19 30 0.000000
526 17 15 175.000000 0.620000 nan nan nan nan nan nan nan nan nan nan nan nan nan nan nan nan nan nan nan nan nan 0.000000 nan -1.000000 nan nan nan nan nan nan nan 19 30 0.000000
527 17 16 175.000000 0.660000 nan nan nan nan nan nan nan nan nan nan nan nan nan nan nan nan nan nan nan nan nan 0.000000 nan -1.000000 nan nan nan nan nan nan nan 19 30 0.000000
528 17 17 175.000000 0.700000 nan nan nan nan nan nan nan nan nan nan nan nan nan nan nan nan nan nan nan nan nan 0.000000 nan -1.000000 nan nan nan nan nan nan nan 19 30 0.000000
529 17 18 175.000000 0.740000 nan nan nan nan nan nan nan nan nan nan nan nan nan nan nan nan nan nan nan nan nan 0.000000 nan -1.000000 nan nan nan nan nan nan nan 19 30 0.000000
530 17 19 175.000000 0.780000 nan nan nan nan nan nan nan nan nan nan nan nan nan nan nan nan nan nan nan nan nan 0.000000 nan -1.000000 nan nan nan nan nan nan nan 19 30 0.000000
531 17 20 175.000000 0.820000 nan nan nan nan nan nan nan nan nan nan nan nan nan nan nan nan nan nan nan nan nan 0.000000 nan -1.000000 nan nan nan nan nan nan nan 19 30 0.000000
532 17 21 175.000000 0.860000 nan nan nan nan nan nan nan nan nan nan nan nan nan nan nan nan nan nan nan nan nan 0.000000 nan -1.000000 nan nan nan nan nan nan nan 19 30 0.000000
533 17 22 175.000000 0.900000 nan nan nan nan nan nan nan nan nan nan nan nan nan nan nan nan nan nan nan nan nan 0.000000 nan -1.000000 nan nan nan nan nan nan nan 19 30 0.000000
534 17 23 175.000000 0.940000 nan nan nan nan nan nan nan nan nan nan nan nan nan nan nan nan nan nan nan nan nan 0.000000 nan -1.000000 nan nan nan nan nan nan nan 19 30 0.000000
535 17 24 175.000000 0.980000 nan nan nan nan nan nan nan nan nan nan nan nan nan nan nan nan nan nan nan nan nan 0.000000 nan -1.000000 nan nan nan nan nan nan nan 19 30 0.000000
536 17 25 175.000000 1.020000 nan nan nan nan nan nan nan nan nan nan nan nan nan nan nan nan nan nan nan nan nan 0.000000 nan -1.000000 nan nan nan nan nan nan nan 19 30 0.000000
537 17 26 175.000000 1.060000 nan nan nan nan nan nan nan nan nan nan nan nan nan nan nan nan nan nan nan nan nan 0.000000 nan -1.000000 nan nan nan nan nan nan nan 19 30 0.000000
538 17 27 175.000000 1.100000 nan nan nan nan nan nan nan nan nan nan nan nan nan nan nan nan nan nan nan nan nan 0.000000 nan -1.000000 nan nan nan nan nan nan nan 19 30 0.000000
539 17 28 175.000000 1.140000 nan nan nan nan nan nan nan nan nan nan nan nan nan nan nan nan nan nan nan nan nan 0.000000 nan -1.000000 nan nan nan nan nan nan nan 19 30 0.000000
540 17 29 175.000000 1.180000 nan nan nan nan nan nan nan nan nan nan nan nan nan nan nan nan nan nan nan nan nan 0.000000 nan -1.000000 nan nan nan nan nan nan nan 19 30 0.000000
541 18 0 185.000000 0.020000 nan nan nan nan nan nan nan nan nan nan nan nan nan nan nan nan nan nan nan nan nan 0.000000 nan -1.000000 nan nan nan nan nan nan nan 19 30 0.000000
542 18 1 185.000000 0.060000 nan nan nan nan nan nan nan nan nan nan nan nan nan nan nan nan nan nan nan nan nan 0.000000 nan -1.000000 nan nan nan nan nan nan nan 19 30 0.000000
543 18 2 185.000000 0.100000 nan nan nan nan nan nan nan nan nan nan nan nan nan nan nan nan nan nan nan nan nan 0.000000 nan -1.000000 nan nan nan nan nan nan nan 19 30 0.000000
544 18 3 185.000000 0.140000 nan nan nan nan nan nan nan nan nan nan nan nan nan nan nan nan nan nan nan nan nan 0.000000 nan -1.000000 nan nan nan nan nan nan nan 19 30 0.000000
545 18 4 185.000000 0.180000 nan nan nan nan nan nan nan nan nan nan nan nan nan nan nan nan nan nan nan nan nan 0.000000 nan -1.000000 nan nan nan nan nan nan nan 19 30 0.000000
546 18 5 185.000000 0.220000 nan nan nan nan nan nan nan nan nan nan nan nan nan nan nan nan nan nan nan nan nan 0.000000 nan -1.000000 nan nan nan nan nan nan nan 19 30 0.000000
547 18 6 185.000000 0.260000 nan nan nan nan nan nan nan nan nan nan nan nan nan nan nan nan nan nan nan nan nan 0.000000 nan -1.000000 nan nan nan nan nan nan nan 19 30 0.000000
548 18 7 185.000000 0.300000 nan nan nan nan nan nan nan nan nan nan nan nan nan nan nan nan nan nan nan nan nan 0.000000 nan -1.000000 nan nan nan nan nan nan nan 19 30 0.000000
549 18 8 185.000000 0.340000 nan nan nan nan nan nan nan nan nan nan nan nan nan nan nan nan nan nan nan nan nan 0.000000 nan -1.000000 nan nan nan nan nan nan nan 19 30 0.000000
550 18 9 185.000000 0.380000 nan nan nan nan nan nan nan nan nan nan nan nan nan nan nan nan nan nan nan nan nan 0.000000 nan -1.000000 nan nan nan nan nan nan nan 19 30 0.000000
551 18 10 185.000000 0.420000 nan nan nan nan nan nan nan nan nan nan nan nan nan nan nan nan nan nan nan nan nan 0.000000 nan -1.000000 nan nan nan nan nan nan nan 19 30 0.000000
552 18 11 185.000000 0.460000 nan nan nan nan nan nan nan nan nan nan nan nan nan nan nan nan nan nan nan nan nan 0.000000 nan -1.000000 nan nan nan nan nan nan nan 19 30 0.000000
553 18 12 185.000000 0.500000 nan nan nan nan nan nan nan nan nan nan nan nan nan nan nan nan nan nan nan nan nan 0.000000 nan -1.000000 nan nan nan nan nan nan nan 19 30 0.000000
554 18 13 185.000000 0.540000 nan nan nan nan nan nan nan nan nan nan nan nan nan nan nan nan nan nan nan nan nan 0.000000 nan -1.000000 nan nan nan nan nan nan nan 19 30 0.000000
555 18 14 185.000000 0.580000 nan nan nan nan nan nan nan nan nan nan nan nan nan nan nan nan nan nan nan nan nan 0.000000 nan -1.000000 nan nan nan nan nan nan nan 19 30 0.000000
556 18 15 185.000000 0.620000 nan nan nan nan nan nan nan nan nan nan nan nan nan nan nan nan nan nan nan nan nan 0.000000 nan -1.000000 nan nan nan nan nan nan nan 19 30 0.000000
557 18 16 185.000000 0.660000 nan nan nan nan nan nan nan nan nan nan nan nan nan nan nan nan nan nan nan nan nan 0.000000 nan -1.000000 nan nan nan nan nan nan nan 19 30 0.000000
558 18 17 185.000000 0.700000 nan nan nan nan nan nan nan nan nan nan nan nan nan nan nan nan nan nan nan nan nan 0.000000 nan -1.000000 nan nan nan nan nan nan nan 19 30 0.000000
559 18 18 185.000000 0.740000 nan nan nan nan nan nan nan nan nan nan nan nan nan nan nan nan nan nan nan nan nan 0.000000 nan -1.000000 nan nan nan nan nan nan nan 19 30 0.000000
560 18 19 185.000000 0.780000 nan nan nan nan nan nan nan nan nan nan nan nan nan nan nan nan nan nan nan nan nan 0.000000 nan -1.000000 nan nan nan nan nan nan nan 19 30 0.000000
561 18 20 185.000000 0.820000 nan nan nan nan nan nan nan nan nan nan nan nan nan nan nan nan nan nan nan nan nan 0.000000 nan -1.000000 nan nan nan nan nan nan nan 19 30 0.000000
562 18 21 185.000000 0.860000 nan nan nan nan nan nan nan nan nan nan nan nan nan nan nan nan nan nan nan nan nan 0.000000 nan -1.000000 nan nan nan nan nan nan nan 19 30 0.000000
563 18 22 185.000000 0.900000 nan nan nan nan nan nan nan nan nan nan nan nan nan nan nan nan nan nan nan nan nan 0.000000 nan -1.000000 nan nan nan nan nan nan nan 19 30 0.000000
564 18 23 185.000000 0.940000 nan nan nan nan nan nan nan nan nan nan nan nan nan nan nan nan nan nan nan nan nan 0.000000 nan -1.000000 nan nan nan nan nan nan nan 19 30 0.000000
565 18 24 185.000000 0.980000 nan nan nan nan nan nan nan nan nan nan nan nan nan nan nan nan nan nan nan nan nan 0.000000 nan -1.000000 nan nan nan nan nan nan nan 19 30 0.000000
566 18 25 185.000000 1.020000 nan nan nan nan nan nan nan nan nan nan nan nan nan nan nan nan nan nan nan nan nan 0.000000 nan -1.000000 nan nan nan nan nan nan nan 19 30 0.000000
567 18 26 185.000000 1.060000 nan nan nan nan nan nan nan nan nan nan nan nan nan nan nan nan nan nan nan nan nan 0.000000 nan -1.000000 nan nan nan nan nan nan nan 19 30 0.000000
568 18 27 185.000000 1.100000 nan nan nan nan nan nan nan nan nan nan nan nan nan nan nan nan nan nan nan nan nan 0.000000 nan -1.000000 nan nan nan nan nan nan nan 19 30 0.000000
569 18 28 185.000000 1.140000 nan nan nan nan nan nan nan nan nan nan nan nan nan nan nan nan nan nan nan nan nan 0.000000 nan -1.000000 nan nan nan nan nan nan nan 19 30 0.000000
570 18 29 185.000000 1.180000 nan nan nan nan nan nan nan nan nan nan nan nan nan nan nan nan nan nan nan nan nan 0.000000 nan -1.000000 nan nan nan nan nan nan nan 19 30 0.000000
