# histogram parameters 
#\ dx = np.float64(10.0)
#\ dy = np.float64(0.04000000000000001)
#\ nx = 19
#\ ny = 30
#\ xmin = np.float64(0.0)
#\ ymin = np.float64(3.469446951953614e-18)

# averaged kinematics results
# averaged kinematic varibles used as input to calculate the averaged 
# kinematics: Ei, omega, th_e, pf
#
# variables with _mc attached are from histograms not calculated
# alpha is the spectatror (neutron) alpha
#\ xb = th_nq
#\ yb = pm
# current header line:
#! i_b[i,0]/ i_x[i,1]/ i_y[i,2]/ xb[f,3]/ yb[f,4]/ Ei[f,5]/ kf[f,6]/ th_e[f,7]/ omega_mc[f,8]/ omega[f,9]/ Q2[f,10]/ Q2_calc[f,11]/ q_mc[f,12]/ q_lab[f,13]/ Ep_calc[f,14]/ pf[f,15]/ pm_mc[f,16]/ pm[f,17]/ En_calc[f,18]/ beta_cm[f,19]/ gamma_cm[f,20]/ PfPar_q[f,21]/ PfPerp_q[f,22]/ theta_pq[f,23]/ theta_pq_calc[f,24]/ PfPar_cm[f,25]/ th_pq_cm[f,26]/ th_nq_mc[f,27]/ th_nq_calc[f,28]/  cos_phi[f,29]/  sin_phi[f,30]/  alpha_c[f,31]/  GEp[f,32]/   GMp[f,33]/   sigMott[f,34]/   Ksig_cc1[f,35]/  nx[i,36]/ ny[i,37]/ cont[f,38]/        
1 0 0 5.000000 0.020000 nan nan nan nan nan nan nan nan nan nan nan nan nan nan nan nan nan nan nan nan nan 0.000000 nan -1.000000 nan nan nan nan nan nan nan 19 30 0.000000
2 0 1 5.000000 0.060000 nan nan nan nan nan nan nan nan nan nan nan nan nan nan nan nan nan nan nan nan nan 0.000000 nan -1.000000 nan nan nan nan nan nan nan 19 30 0.000000
3 0 2 5.000000 0.100000 nan nan nan nan nan nan nan nan nan nan nan nan nan nan nan nan nan nan nan nan nan 0.000000 nan -1.000000 nan nan nan nan nan nan nan 19 30 0.000000
4 0 3 5.000000 0.140000 nan nan nan nan nan nan nan nan nan nan nan nan nan nan nan nan nan nan nan nan nan 0.000000 nan -1.000000 nan nan nan nan nan nan nan 19 30 0.000000
5 0 4 5.000000 0.180000 nan nan nan nan nan nan nan nan nan nan nan nan nan nan nan nan nan nan nan nan nan 0.000000 nan -1.000000 nan nan nan nan nan nan nan 19 30 0.000000
6 0 5 5.000000 0.220000 nan nan nan nan nan nan nan nan nan nan nan nan nan nan nan nan nan nan nan nan nan 0.000000 nan -1.000000 nan nan nan nan nan nan nan 19 30 0.000000
7 0 6 5.000000 0.260000 nan nan nan nan nan nan nan nan nan nan nan nan nan nan nan nan nan nan nan nan nan 0.000000 nan -1.000000 nan nan nan nan nan nan nan 19 30 0.000000
8 0 7 5.000000 0.300000 nan nan nan nan nan nan nan nan nan nan nan nan nan nan nan nan nan nan nan nan nan 0.000000 nan -1.000000 nan nan nan nan nan nan nan 19 30 0.000000
9 0 8 5.000000 0.340000 nan nan nan nan nan nan nan nan nan nan nan nan nan nan nan nan nan nan nan nan nan 0.000000 nan -1.000000 nan nan nan nan nan nan nan 19 30 0.000000
10 0 9 5.000000 0.380000 nan nan nan nan nan nan nan nan nan nan nan nan nan nan nan nan nan nan nan nan nan 0.000000 nan -1.000000 nan nan nan nan nan nan nan 19 30 0.000000
11 0 10 5.000000 0.420000 nan nan nan nan nan nan nan nan nan nan nan nan nan nan nan nan nan nan nan nan nan 0.000000 nan -1.000000 nan nan nan nan nan nan nan 19 30 0.000000
12 0 11 5.000000 0.460000 nan nan nan nan nan nan nan nan nan nan nan nan nan nan nan nan nan nan nan nan nan 0.000000 nan -1.000000 nan nan nan nan nan nan nan 19 30 0.000000
13 0 12 5.000000 0.500000 nan nan nan nan nan nan nan nan nan nan nan nan nan nan nan nan nan nan nan nan nan 0.000000 nan -1.000000 nan nan nan nan nan nan nan 19 30 0.000000
14 0 13 5.000000 0.540000 nan nan nan nan nan nan nan nan nan nan nan nan nan nan nan nan nan nan nan nan nan 0.000000 nan -1.000000 nan nan nan nan nan nan nan 19 30 0.000000
15 0 14 5.000000 0.580000 nan nan nan nan nan nan nan nan nan nan nan nan nan nan nan nan nan nan nan nan nan 0.000000 nan -1.000000 nan nan nan nan nan nan nan 19 30 0.000000
16 0 15 5.000000 0.620000 nan nan nan nan nan nan nan nan nan nan nan nan nan nan nan nan nan nan nan nan nan 0.000000 nan -1.000000 nan nan nan nan nan nan nan 19 30 0.000000
17 0 16 5.000000 0.660000 nan nan nan nan nan nan nan nan nan nan nan nan nan nan nan nan nan nan nan nan nan 0.000000 nan -1.000000 nan nan nan nan nan nan nan 19 30 0.000000
18 0 17 5.000000 0.700000 nan nan nan nan nan nan nan nan nan nan nan nan nan nan nan nan nan nan nan nan nan 0.000000 nan -1.000000 nan nan nan nan nan nan nan 19 30 0.000000
19 0 18 5.000000 0.740000 nan nan nan nan nan nan nan nan nan nan nan nan nan nan nan nan nan nan nan nan nan 0.000000 nan -1.000000 nan nan nan nan nan nan nan 19 30 0.000000
20 0 19 5.000000 0.780000 nan nan nan nan nan nan nan nan nan nan nan nan nan nan nan nan nan nan nan nan nan 0.000000 nan -1.000000 nan nan nan nan nan nan nan 19 30 0.000000
21 0 20 5.000000 0.820000 nan nan nan nan nan nan nan nan nan nan nan nan nan nan nan nan nan nan nan nan nan 0.000000 nan -1.000000 nan nan nan nan nan nan nan 19 30 0.000000
22 0 21 5.000000 0.860000 nan nan nan nan nan nan nan nan nan nan nan nan nan nan nan nan nan nan nan nan nan 0.000000 nan -1.000000 nan nan nan nan nan nan nan 19 30 0.000000
23 0 22 5.000000 0.900000 nan nan nan nan nan nan nan nan nan nan nan nan nan nan nan nan nan nan nan nan nan 0.000000 nan -1.000000 nan nan nan nan nan nan nan 19 30 0.000000
24 0 23 5.000000 0.940000 nan nan nan nan nan nan nan nan nan nan nan nan nan nan nan nan nan nan nan nan nan 0.000000 nan -1.000000 nan nan nan nan nan nan nan 19 30 0.000000
25 0 24 5.000000 0.980000 nan nan nan nan nan nan nan nan nan nan nan nan nan nan nan nan nan nan nan nan nan 0.000000 nan -1.000000 nan nan nan nan nan nan nan 19 30 0.000000
26 0 25 5.000000 1.020000 nan nan nan nan nan nan nan nan nan nan nan nan nan nan nan nan nan nan nan nan nan 0.000000 nan -1.000000 nan nan nan nan nan nan nan 19 30 0.000000
27 0 26 5.000000 1.060000 nan nan nan nan nan nan nan nan nan nan nan nan nan nan nan nan nan nan nan nan nan 0.000000 nan -1.000000 nan nan nan nan nan nan nan 19 30 0.000000
28 0 27 5.000000 1.100000 nan nan nan nan nan nan nan nan nan nan nan nan nan nan nan nan nan nan nan nan nan 0.000000 nan -1.000000 nan nan nan nan nan nan nan 19 30 0.000000
29 0 28 5.000000 1.140000 nan nan nan nan nan nan nan nan nan nan nan nan nan nan nan nan nan nan nan nan nan 0.000000 nan -1.000000 nan nan nan nan nan nan nan 19 30 0.000000
30 0 29 5.000000 1.180000 nan nan nan nan nan nan nan nan nan nan nan nan nan nan nan nan nan nan nan nan nan 0.000000 nan -1.000000 nan nan nan nan nan nan nan 19 30 0.000000
31 1 0 15.000000 0.020000 nan nan nan nan nan nan nan nan nan nan nan nan nan nan nan nan nan nan nan nan nan 0.000000 nan -1.000000 nan nan nan nan nan nan nan 19 30 0.000000
32 1 1 15.000000 0.060000 nan nan nan nan nan nan nan nan nan nan nan nan nan nan nan nan nan nan nan nan nan 0.000000 nan -1.000000 nan nan nan nan nan nan nan 19 30 0.000000
33 1 2 15.000000 0.100000 nan nan nan nan nan nan nan nan nan nan nan nan nan nan nan nan nan nan nan nan nan 0.000000 nan -1.000000 nan nan nan nan nan nan nan 19 30 0.000000
34 1 3 15.000000 0.140000 nan nan nan nan nan nan nan nan nan nan nan nan nan nan nan nan nan nan nan nan nan 0.000000 nan -1.000000 nan nan nan nan nan nan nan 19 30 0.000000
35 1 4 15.000000 0.180000 nan nan nan nan nan nan nan nan nan nan nan nan nan nan nan nan nan nan nan nan nan 0.000000 nan -1.000000 nan nan nan nan nan nan nan 19 30 0.000000
36 1 5 15.000000 0.220000 nan nan nan nan nan nan nan nan nan nan nan nan nan nan nan nan nan nan nan nan nan 0.000000 nan -1.000000 nan nan nan nan nan nan nan 19 30 0.000000
37 1 6 15.000000 0.260000 nan nan nan nan nan nan nan nan nan nan nan nan nan nan nan nan nan nan nan nan nan 0.000000 nan -1.000000 nan nan nan nan nan nan nan 19 30 0.000000
38 1 7 15.000000 0.300000 nan nan nan nan nan nan nan nan nan nan nan nan nan nan nan nan nan nan nan nan nan 0.000000 nan -1.000000 nan nan nan nan nan nan nan 19 30 0.000000
39 1 8 15.000000 0.340000 nan nan nan nan nan nan nan nan nan nan nan nan nan nan nan nan nan nan nan nan nan 0.000000 nan -1.000000 nan nan nan nan nan nan nan 19 30 0.000000
40 1 9 15.000000 0.380000 nan nan nan nan nan nan nan nan nan nan nan nan nan nan nan nan nan nan nan nan nan 0.000000 nan -1.000000 nan nan nan nan nan nan nan 19 30 0.000000
41 1 10 15.000000 0.420000 nan nan nan nan nan nan nan nan nan nan nan nan nan nan nan nan nan nan nan nan nan 0.000000 nan -1.000000 nan nan nan nan nan nan nan 19 30 0.000000
42 1 11 15.000000 0.460000 nan nan nan nan nan nan nan nan nan nan nan nan nan nan nan nan nan nan nan nan nan 0.000000 nan -1.000000 nan nan nan nan nan nan nan 19 30 0.000000
43 1 12 15.000000 0.500000 nan nan nan nan nan nan nan nan nan nan nan nan nan nan nan nan nan nan nan nan nan 0.000000 nan -1.000000 nan nan nan nan nan nan nan 19 30 0.000000
44 1 13 15.000000 0.540000 nan nan nan nan nan nan nan nan nan nan nan nan nan nan nan nan nan nan nan nan nan 0.000000 nan -1.000000 nan nan nan nan nan nan nan 19 30 0.000000
45 1 14 15.000000 0.580000 nan nan nan nan nan nan nan nan nan nan nan nan nan nan nan nan nan nan nan nan nan 0.000000 nan -1.000000 nan nan nan nan nan nan nan 19 30 0.000000
46 1 15 15.000000 0.620000 nan nan nan nan nan nan nan nan nan nan nan nan nan nan nan nan nan nan nan nan nan 0.000000 nan -1.000000 nan nan nan nan nan nan nan 19 30 0.000000
47 1 16 15.000000 0.660000 nan nan nan nan nan nan nan nan nan nan nan nan nan nan nan nan nan nan nan nan nan 0.000000 nan -1.000000 nan nan nan nan nan nan nan 19 30 0.000000
48 1 17 15.000000 0.700000 nan nan nan nan nan nan nan nan nan nan nan nan nan nan nan nan nan nan nan nan nan 0.000000 nan -1.000000 nan nan nan nan nan nan nan 19 30 0.000000
49 1 18 15.000000 0.740000 nan nan nan nan nan nan nan nan nan nan nan nan nan nan nan nan nan nan nan nan nan 0.000000 nan -1.000000 nan nan nan nan nan nan nan 19 30 0.000000
50 1 19 15.000000 0.780000 nan nan nan nan nan nan nan nan nan nan nan nan nan nan nan nan nan nan nan nan nan 0.000000 nan -1.000000 nan nan nan nan nan nan nan 19 30 0.000000
51 1 20 15.000000 0.820000 nan nan nan nan nan nan nan nan nan nan nan nan nan nan nan nan nan nan nan nan nan 0.000000 nan -1.000000 nan nan nan nan nan nan nan 19 30 0.000000
52 1 21 15.000000 0.860000 nan nan nan nan nan nan nan nan nan nan nan nan nan nan nan nan nan nan nan nan nan 0.000000 nan -1.000000 nan nan nan nan nan nan nan 19 30 0.000000
53 1 22 15.000000 0.900000 nan nan nan nan nan nan nan nan nan nan nan nan nan nan nan nan nan nan nan nan nan 0.000000 nan -1.000000 nan nan nan nan nan nan nan 19 30 0.000000
54 1 23 15.000000 0.940000 nan nan nan nan nan nan nan nan nan nan nan nan nan nan nan nan nan nan nan nan nan 0.000000 nan -1.000000 nan nan nan nan nan nan nan 19 30 0.000000
55 1 24 15.000000 0.980000 nan nan nan nan nan nan nan nan nan nan nan nan nan nan nan nan nan nan nan nan nan 0.000000 nan -1.000000 nan nan nan nan nan nan nan 19 30 0.000000
56 1 25 15.000000 1.020000 nan nan nan nan nan nan nan nan nan nan nan nan nan nan nan nan nan nan nan nan nan 0.000000 nan -1.000000 nan nan nan nan nan nan nan 19 30 0.000000
57 1 26 15.000000 1.060000 nan nan nan nan nan nan nan nan nan nan nan nan nan nan nan nan nan nan nan nan nan 0.000000 nan -1.000000 nan nan nan nan nan nan nan 19 30 0.000000
58 1 27 15.000000 1.100000 nan nan nan nan nan nan nan nan nan nan nan nan nan nan nan nan nan nan nan nan nan 0.000000 nan -1.000000 nan nan nan nan nan nan nan 19 30 0.000000
59 1 28 15.000000 1.140000 nan nan nan nan nan nan nan nan nan nan nan nan nan nan nan nan nan nan nan nan nan 0.000000 nan -1.000000 nan nan nan nan nan nan nan 19 30 0.000000
60 1 29 15.000000 1.180000 nan nan nan nan nan nan nan nan nan nan nan nan nan nan nan nan nan nan nan nan nan 0.000000 nan -1.000000 nan nan nan nan nan nan nan 19 30 0.000000
61 2 0 25.000000 0.020000 nan nan nan nan nan nan nan nan nan nan nan nan nan nan nan nan nan nan nan nan nan 0.000000 nan -1.000000 nan nan nan nan nan nan nan 19 30 0.000000
62 2 1 25.000000 0.060000 nan nan nan nan nan nan nan nan nan nan nan nan nan nan nan nan nan nan nan nan nan 0.000000 nan -1.000000 nan nan nan nan nan nan nan 19 30 0.000000
63 2 2 25.000000 0.100000 nan nan nan nan nan nan nan nan nan nan nan nan nan nan nan nan nan nan nan nan nan 0.000000 nan -1.000000 nan nan nan nan nan nan nan 19 30 0.000000
64 2 3 25.000000 0.140000 nan nan nan nan nan nan nan nan nan nan nan nan nan nan nan nan nan nan nan nan nan 0.000000 nan -1.000000 nan nan nan nan nan nan nan 19 30 0.000000
65 2 4 25.000000 0.180000 nan nan nan nan nan nan nan nan nan nan nan nan nan nan nan nan nan nan nan nan nan 0.000000 nan -1.000000 nan nan nan nan nan nan nan 19 30 0.000000
66 2 5 25.000000 0.220000 nan nan nan nan nan nan nan nan nan nan nan nan nan nan nan nan nan nan nan nan nan 0.000000 nan -1.000000 nan nan nan nan nan nan nan 19 30 0.000000
67 2 6 25.000000 0.260000 nan nan nan nan nan nan nan nan nan nan nan nan nan nan nan nan nan nan nan nan nan 0.000000 nan -1.000000 nan nan nan nan nan nan nan 19 30 0.000000
68 2 7 25.000000 0.300000 nan nan nan nan nan nan nan nan nan nan nan nan nan nan nan nan nan nan nan nan nan 0.000000 nan -1.000000 nan nan nan nan nan nan nan 19 30 0.000000
69 2 8 25.000000 0.340000 nan nan nan nan nan nan nan nan nan nan nan nan nan nan nan nan nan nan nan nan nan 0.000000 nan -1.000000 nan nan nan nan nan nan nan 19 30 0.000000
70 2 9 25.000000 0.380000 nan nan nan nan nan nan nan nan nan nan nan nan nan nan nan nan nan nan nan nan nan 0.000000 nan -1.000000 nan nan nan nan nan nan nan 19 30 0.000000
71 2 10 25.000000 0.420000 nan nan nan nan nan nan nan nan nan nan nan nan nan nan nan nan nan nan nan nan nan 0.000000 nan -1.000000 nan nan nan nan nan nan nan 19 30 0.000000
72 2 11 25.000000 0.460000 nan nan nan nan nan nan nan nan nan nan nan nan nan nan nan nan nan nan nan nan nan 0.000000 nan -1.000000 nan nan nan nan nan nan nan 19 30 0.000000
73 2 12 25.000000 0.500000 nan nan nan nan nan nan nan nan nan nan nan nan nan nan nan nan nan nan nan nan nan 0.000000 nan -1.000000 nan nan nan nan nan nan nan 19 30 0.000000
74 2 13 25.000000 0.540000 nan nan nan nan nan nan nan nan nan nan nan nan nan nan nan nan nan nan nan nan nan 0.000000 nan -1.000000 nan nan nan nan nan nan nan 19 30 0.000000
75 2 14 25.000000 0.580000 nan nan nan nan nan nan nan nan nan nan nan nan nan nan nan nan nan nan nan nan nan 0.000000 nan -1.000000 nan nan nan nan nan nan nan 19 30 0.000000
76 2 15 25.000000 0.620000 nan nan nan nan nan nan nan nan nan nan nan nan nan nan nan nan nan nan nan nan nan 0.000000 nan -1.000000 nan nan nan nan nan nan nan 19 30 0.000000
77 2 16 25.000000 0.660000 10541.580531 9149.393152 11.782490 1392.187403 1392.187364 4064454.554263 4064394.928072 2450.019666 2450.016446 2115.638387 1896.199209 666.811255 666.847839 1152.158977 0.749746 1.511199 1868.041743 325.563336 9.882082 9.886244 425.933422 37.392583 29.212926 29.223151 0.061879 0.116161 0.606859 0.021344 0.063583 0.415870 5153.358508 19 30 0.000020
78 2 17 25.000000 0.700000 10541.277760 9125.362019 11.942134 1415.915744 1415.915727 4163910.021188 4163793.425531 2483.675417 2483.668813 2118.412183 1899.293508 702.361914 702.432288 1173.113544 0.754565 1.523866 1868.710400 339.466155 10.287146 10.295961 411.796611 39.500598 28.880182 28.899348 -0.070426 0.025177 0.594056 0.020724 0.060892 0.394058 4974.709593 19 30 0.000072
79 2 18 25.000000 0.740000 10541.253618 9096.240916 12.115375 1445.012673 1445.012688 4271492.689262 4271337.583724 2521.796119 2521.784934 2123.801415 1905.302628 741.277142 741.348023 1196.821273 0.759431 1.537072 1871.686269 356.326559 10.767384 10.778830 397.801884 41.852036 28.703440 28.727654 -0.034295 0.027859 0.581888 0.020106 0.058160 0.371960 4454.910248 19 30 0.000123
80 2 19 25.000000 0.780000 10541.019561 9066.935185 12.283954 1474.084365 1474.084361 4376526.196812 4376330.103228 2559.167755 2559.151189 2128.112996 1910.107478 780.614086 780.689928 1221.581366 0.763995 1.549855 1873.333756 373.002967 11.247196 11.260995 383.535099 44.202409 28.513314 28.540923 -0.063366 -0.032320 0.570225 0.019546 0.055661 0.351937 4107.362926 19 30 0.000153
81 2 20 25.000000 0.820000 10541.076275 9036.425359 12.450939 1504.650886 1504.650902 4480808.717895 4480544.397662 2597.043288 2597.021127 2133.158611 1915.727359 819.966901 820.048692 1247.102291 0.768290 1.562252 1875.620127 389.949296 11.727715 11.744722 369.840253 46.516070 28.359263 28.393192 -0.056310 0.005000 0.559515 0.019027 0.053330 0.333394 3731.284795 19 30 0.000170
82 2 21 25.000000 0.860000 10540.916855 9005.295989 12.613335 1535.620851 1535.620852 4582150.932816 4581802.009403 2634.404604 2634.375336 2137.486619 1920.545417 859.934511 860.023316 1273.744233 0.772265 1.574059 1876.875301 407.226966 12.220599 12.241761 356.002576 48.839666 28.220980 28.262178 -0.056875 0.000063 0.549450 0.018548 0.051197 0.316530 3407.592814 19 30 0.000164
83 2 22 25.000000 0.900000 10540.750685 8974.862380 12.767685 1565.888296 1565.888290 4678657.576231 4678218.636358 2670.284322 2670.248073 2140.694406 1924.114912 899.516660 899.614626 1300.803884 0.775897 1.585139 1876.817475 423.998067 12.705724 12.730182 342.166731 51.096447 28.072957 28.119416 -0.057074 -0.003885 0.540008 0.018112 0.049278 0.301478 3124.639630 19 30 0.000149
84 2 23 25.000000 0.940000 10540.693763 8942.215121 12.921110 1598.478629 1598.478627 4773896.615588 4773394.055708 2707.169845 2707.125409 2145.284490 1929.220360 939.540614 939.646831 1328.804137 0.779233 1.595573 1877.911340 441.973071 13.216473 13.243746 329.061942 53.331233 28.007945 28.057722 -0.042355 0.006214 0.531724 0.017692 0.047484 0.287386 2841.494007 19 30 0.000127
85 2 24 25.000000 0.980000 10540.581608 8913.948844 13.045393 1626.632748 1626.632750 4850291.763200 4849833.383568 2737.894023 2737.839931 2145.439291 1929.392496 978.741386 978.841845 1356.803459 0.781739 1.603577 1873.774909 459.916292 13.762766 13.790571 315.265292 55.569983 27.976071 28.025054 -0.061101 -0.009094 0.524432 0.017360 0.046110 0.276573 2663.251828 19 30 0.000094
86 2 25 25.000000 1.020000 10540.391886 8888.191497 13.127645 1652.200374 1652.200374 4896968.588824 4896635.873557 2761.643775 2761.594096 2142.270402 1925.868150 1018.215359 1018.300911 1385.539972 0.782807 1.607033 1864.581285 481.980044 14.471621 14.493276 301.475137 57.974310 28.213939 28.249885 -0.026533 0.005372 0.519950 0.017157 0.045297 0.269701 2478.027892 19 30 0.000059
87 2 26 25.000000 1.060000 10540.241762 8863.136165 13.192129 1677.105587 1677.105582 4930864.290119 4930637.180937 2782.722185 2782.682216 2138.016837 1921.135510 1057.566446 1057.633335 1414.698745 0.783255 1.608491 1853.516301 505.211810 15.231370 15.246699 287.765435 60.334436 28.509372 28.534082 -0.029974 0.006665 0.516763 0.017009 0.044719 0.264463 2361.973917 19 30 0.000032
88 2 27 25.000000 1.100000 10539.976419 8837.480289 13.247432 1702.496112 1702.496116 4957509.318653 4957361.799803 2802.858867 2802.829789 2133.407359 1916.004335 1097.385044 1097.438030 1444.698757 0.783328 1.608729 1841.452743 529.267802 16.025636 16.035636 273.959344 62.633034 28.818220 28.834144 -0.033665 0.004638 0.514410 0.016893 0.044272 0.260077 2257.540788 19 30 0.000015
89 2 28 25.000000 1.140000 10539.540411 8811.926373 13.297057 1727.614017 1727.614023 4979844.128399 4979757.210669 2822.150230 2822.128173 2128.440678 1910.472552 1136.710278 1136.750477 1474.783345 0.783223 1.608387 1828.781423 552.687870 16.808814 16.815682 260.136676 64.794780 29.080239 29.091111 -0.015918 0.001936 0.512403 0.016796 0.043903 0.256229 2138.824005 19 30 0.000006
90 2 29 25.000000 1.180000 10539.577711 8786.933027 13.339280 1752.644668 1752.644669 4997139.756865 4997093.624843 2840.587540 2840.573351 2123.021437 1904.433164 1175.955774 1175.985891 1505.233232 0.782904 1.607347 1815.263777 575.919347 17.598383 17.602402 246.153680 66.857653 29.316529 29.323048 0.006466 0.023216 0.510793 0.016720 0.043620 0.252991 2025.376988 19 30 0.000002
91 3 0 35.000000 0.020000 nan nan nan nan nan nan nan nan nan nan nan nan nan nan nan nan nan nan nan nan nan 0.000000 nan -1.000000 nan nan nan nan nan nan nan 19 30 0.000000
92 3 1 35.000000 0.060000 nan nan nan nan nan nan nan nan nan nan nan nan nan nan nan nan nan nan nan nan nan 0.000000 nan -1.000000 nan nan nan nan nan nan nan 19 30 0.000000
93 3 2 35.000000 0.100000 nan nan nan nan nan nan nan nan nan nan nan nan nan nan nan nan nan nan nan nan nan 0.000000 nan -1.000000 nan nan nan nan nan nan nan 19 30 0.000000
94 3 3 35.000000 0.140000 nan nan nan nan nan nan nan nan nan nan nan nan nan nan nan nan nan nan nan nan nan 0.000000 nan -1.000000 nan nan nan nan nan nan nan 19 30 0.000000
95 3 4 35.000000 0.180000 nan nan nan nan nan nan nan nan nan nan nan nan nan nan nan nan nan nan nan nan nan 0.000000 nan -1.000000 nan nan nan nan nan nan nan 19 30 0.000000
96 3 5 35.000000 0.220000 nan nan nan nan nan nan nan nan nan nan nan nan nan nan nan nan nan nan nan nan nan 0.000000 nan -1.000000 nan nan nan nan nan nan nan 19 30 0.000000
97 3 6 35.000000 0.260000 nan nan nan nan nan nan nan nan nan nan nan nan nan nan nan nan nan nan nan nan nan 0.000000 nan -1.000000 nan nan nan nan nan nan nan 19 30 0.000000
98 3 7 35.000000 0.300000 nan nan nan nan nan nan nan nan nan nan nan nan nan nan nan nan nan nan nan nan nan 0.000000 nan -1.000000 nan nan nan nan nan nan nan 19 30 0.000000
99 3 8 35.000000 0.340000 nan nan nan nan nan nan nan nan nan nan nan nan nan nan nan nan nan nan nan nan nan 0.000000 nan -1.000000 nan nan nan nan nan nan nan 19 30 0.000000
100 3 9 35.000000 0.380000 nan nan nan nan nan nan nan nan nan nan nan nan nan nan nan nan nan nan nan nan nan 0.000000 nan -1.000000 nan nan nan nan nan nan nan 19 30 0.000000
101 3 10 35.000000 0.420000 nan nan nan nan nan nan nan nan nan nan nan nan nan nan nan nan nan nan nan nan nan 0.000000 nan -1.000000 nan nan nan nan nan nan nan 19 30 0.000000
102 3 11 35.000000 0.460000 nan nan nan nan nan nan nan nan nan nan nan nan nan nan nan nan nan nan nan nan nan 0.000000 nan -1.000000 nan nan nan nan nan nan nan 19 30 0.000000
103 3 12 35.000000 0.500000 nan nan nan nan nan nan nan nan nan nan nan nan nan nan nan nan nan nan nan nan nan 0.000000 nan -1.000000 nan nan nan nan nan nan nan 19 30 0.000000
104 3 13 35.000000 0.540000 nan nan nan nan nan nan nan nan nan nan nan nan nan nan nan nan nan nan nan nan nan 0.000000 nan -1.000000 nan nan nan nan nan nan nan 19 30 0.000000
105 3 14 35.000000 0.580000 nan nan nan nan nan nan nan nan nan nan nan nan nan nan nan nan nan nan nan nan nan 0.000000 nan -1.000000 nan nan nan nan nan nan nan 19 30 0.000000
106 3 15 35.000000 0.620000 10542.259391 9145.501836 11.643486 1396.757091 1396.757541 3967978.439107 3967956.656739 2432.901867 2432.876546 2136.293346 1919.217266 638.649382 638.655078 1136.074195 0.743461 1.495261 1889.615588 335.779454 10.065603 10.076124 450.620039 36.691632 31.696478 31.719437 0.293921 -0.335088 0.630944 0.021997 0.066360 0.436067 4940.533046 19 30 0.000001
107 3 16 35.000000 0.660000 10541.134903 9111.784737 11.754545 1429.350140 1429.350152 4028454.616866 4028407.530067 2464.112736 2464.031125 2150.816555 1935.370122 670.194017 670.270970 1154.143596 0.745555 1.500502 1900.918301 363.547961 10.800093 10.826998 446.197189 39.172105 32.790986 32.846454 -0.095831 0.007150 0.629047 0.021582 0.064599 0.419881 5397.564968 19 30 0.000123
108 3 17 35.000000 0.700000 10541.190615 9078.840365 11.829316 1462.350227 1462.350236 4065025.368789 4064909.016622 2490.826959 2490.657991 2163.895090 1949.894257 703.858569 704.020383 1174.065147 0.746162 1.502032 1909.097953 396.777798 11.691984 11.740934 442.321939 41.893183 34.206629 34.304332 -0.077027 -0.010575 0.630616 0.021341 0.063568 0.409342 5074.121225 19 30 0.000862
109 3 18 35.000000 0.740000 10540.890116 9049.349596 11.904848 1491.540503 1491.540505 4103587.681939 4103307.674231 2515.738139 2515.551779 2169.972759 1956.636765 741.744854 741.923371 1197.177747 0.747086 1.504377 1909.318260 427.704582 12.575140 12.626331 433.503427 44.614211 35.106735 35.203400 -0.061663 -0.004102 0.628954 0.021096 0.062509 0.399057 4787.465167 19 30 0.001908
110 3 19 35.000000 0.780000 10540.645989 9020.009472 11.987969 1520.636505 1520.636503 4147520.826646 4147011.944199 2541.713197 2541.524605 2174.687419 1961.864171 780.469522 780.655062 1221.559084 0.748333 1.507562 1908.074389 456.249001 13.397070 13.447773 423.147233 47.155680 35.670768 35.763706 -0.050591 0.000646 0.625937 0.020826 0.061334 0.388102 4506.632776 19 30 0.002639
111 3 20 35.000000 0.820000 10540.462896 8989.571968 12.081121 1550.890911 1550.890913 4197968.958052 4197186.308058 2569.714401 2569.523094 2179.340429 1967.020681 819.937367 820.137187 1247.160484 0.749897 1.511591 1906.772955 483.101705 14.166629 14.217337 411.896366 49.548826 35.997271 36.089613 -0.040747 -0.005019 0.622000 0.020527 0.060024 0.376261 4218.847671 19 30 0.002830
112 3 21 35.000000 0.860000 10540.336731 8957.916176 12.179236 1582.420537 1582.420540 4251402.809170 4250307.979444 2599.108853 2598.915687 2184.537358 1972.777008 859.438847 859.651450 1273.493182 0.751559 1.515920 1906.027830 508.829082 14.896156 14.946992 400.533469 51.791346 36.199847 36.292069 -0.049741 0.001813 0.617951 0.020223 0.058681 0.364269 3974.923590 19 30 0.002561
113 3 22 35.000000 0.900000 10540.244490 8924.398955 12.285304 1615.845517 1615.845520 4309569.969179 4308158.556090 2630.625319 2630.421126 2190.850171 1979.765170 899.094715 899.327530 1300.605349 0.753388 1.520737 1906.499937 533.599210 15.583740 15.636094 389.216447 53.892345 36.298982 36.393768 -0.034768 -0.001132 0.613777 0.019905 0.057266 0.351834 3678.995882 19 30 0.002050
114 3 23 35.000000 0.940000 10540.184754 8888.302614 12.405606 1651.882124 1651.882126 4376523.706305 4374822.833978 2665.471215 2665.246216 2199.107458 1988.899009 938.800603 939.053543 1328.384668 0.755564 1.526543 1909.286099 557.086940 16.211108 16.266063 378.154647 55.831055 36.289408 36.387481 -0.031146 -0.000797 0.609244 0.019554 0.055696 0.338361 3397.754616 19 30 0.001506
115 3 24 35.000000 0.980000 10540.121699 8850.532658 12.523501 1689.589024 1689.589027 4441032.756084 4439065.057909 2700.949223 2700.699194 2208.340416 1999.103060 978.644986 978.918292 1356.858611 0.757517 1.531827 1912.820981 580.972411 16.837584 16.894871 367.585383 57.678171 36.303886 36.404640 -0.031495 0.000925 0.605578 0.019230 0.054240 0.325778 3146.824817 19 30 0.001039
116 3 25 35.000000 1.020000 10540.051397 8811.382044 12.641754 1728.669340 1728.669339 4505069.798573 4502913.341693 2737.290604 2737.007677 2218.419957 2010.232016 1018.444998 1018.735470 1385.859382 0.759377 1.536923 1917.134160 604.672947 17.445677 17.505515 357.360070 59.417028 36.306869 36.409509 -0.030594 0.002770 0.602391 0.018919 0.052848 0.313739 2911.060829 19 30 0.000674
117 3 26 35.000000 1.060000 10539.995461 8772.204020 12.747916 1767.791427 1767.791427 4560394.069252 4558163.952571 2772.192609 2771.867688 2227.935673 2020.728338 1058.359411 1058.659073 1415.465754 0.760791 1.540840 1920.335972 629.009356 18.073725 18.136298 347.216152 61.101094 36.350150 36.452537 -0.039090 -0.000847 0.600207 0.018658 0.051684 0.303400 2724.673192 19 30 0.000420
118 3 27 35.000000 1.100000 10539.919729 8733.477432 12.845182 1806.442281 1806.442282 4609444.254981 4607230.921787 2805.810574 2805.434840 2236.516471 2030.185109 1098.232948 1098.539719 1445.535811 0.761922 1.543998 1922.220141 653.239090 18.703849 18.769596 336.854176 62.721313 36.385802 36.487195 -0.028138 0.001709 0.598490 0.018432 0.050680 0.294300 2533.158410 19 30 0.000247
119 3 28 35.000000 1.140000 10539.850107 8694.513127 12.929938 1845.336962 1845.336965 4649223.047597 4647114.816269 2838.099822 2837.672167 2244.916273 2039.434903 1138.059133 1138.368278 1476.030692 0.762621 1.545964 1923.371530 678.186317 19.354549 19.422796 326.741508 64.275827 36.468089 36.566330 -0.030199 -0.001757 0.597861 0.018251 0.049885 0.286646 2388.608828 19 30 0.000140
120 3 29 35.000000 1.180000 10539.773798 8654.585674 13.005167 1885.188109 1885.188110 4681494.443406 4679492.318907 2869.861979 2869.394802 2253.814443 2049.225512 1177.917215 1178.225574 1506.983666 0.762975 1.546963 1924.541060 703.894103 20.021304 20.089815 317.029979 65.753464 36.591981 36.685255 -0.032676 0.002169 0.598287 0.018106 0.049253 0.280061 2264.002668 19 30 0.000077
121 4 0 45.000000 0.020000 nan nan nan nan nan nan nan nan nan nan nan nan nan nan nan nan nan nan nan nan nan 0.000000 nan -1.000000 nan nan nan nan nan nan nan 19 30 0.000000
122 4 1 45.000000 0.060000 nan nan nan nan nan nan nan nan nan nan nan nan nan nan nan nan nan nan nan nan nan 0.000000 nan -1.000000 nan nan nan nan nan nan nan 19 30 0.000000
123 4 2 45.000000 0.100000 nan nan nan nan nan nan nan nan nan nan nan nan nan nan nan nan nan nan nan nan nan 0.000000 nan -1.000000 nan nan nan nan nan nan nan 19 30 0.000000
124 4 3 45.000000 0.140000 nan nan nan nan nan nan nan nan nan nan nan nan nan nan nan nan nan nan nan nan nan 0.000000 nan -1.000000 nan nan nan nan nan nan nan 19 30 0.000000
125 4 4 45.000000 0.180000 nan nan nan nan nan nan nan nan nan nan nan nan nan nan nan nan nan nan nan nan nan 0.000000 nan -1.000000 nan nan nan nan nan nan nan 19 30 0.000000
126 4 5 45.000000 0.220000 nan nan nan nan nan nan nan nan nan nan nan nan nan nan nan nan nan nan nan nan nan 0.000000 nan -1.000000 nan nan nan nan nan nan nan 19 30 0.000000
127 4 6 45.000000 0.260000 nan nan nan nan nan nan nan nan nan nan nan nan nan nan nan nan nan nan nan nan nan 0.000000 nan -1.000000 nan nan nan nan nan nan nan 19 30 0.000000
128 4 7 45.000000 0.300000 nan nan nan nan nan nan nan nan nan nan nan nan nan nan nan nan nan nan nan nan nan 0.000000 nan -1.000000 nan nan nan nan nan nan nan 19 30 0.000000
129 4 8 45.000000 0.340000 nan nan nan nan nan nan nan nan nan nan nan nan nan nan nan nan nan nan nan nan nan 0.000000 nan -1.000000 nan nan nan nan nan nan nan 19 30 0.000000
130 4 9 45.000000 0.380000 nan nan nan nan nan nan nan nan nan nan nan nan nan nan nan nan nan nan nan nan nan 0.000000 nan -1.000000 nan nan nan nan nan nan nan 19 30 0.000000
131 4 10 45.000000 0.420000 nan nan nan nan nan nan nan nan nan nan nan nan nan nan nan nan nan nan nan nan nan 0.000000 nan -1.000000 nan nan nan nan nan nan nan 19 30 0.000000
132 4 11 45.000000 0.460000 nan nan nan nan nan nan nan nan nan nan nan nan nan nan nan nan nan nan nan nan nan 0.000000 nan -1.000000 nan nan nan nan nan nan nan 19 30 0.000000
133 4 12 45.000000 0.500000 nan nan nan nan nan nan nan nan nan nan nan nan nan nan nan nan nan nan nan nan nan 0.000000 nan -1.000000 nan nan nan nan nan nan nan 19 30 0.000000
134 4 13 45.000000 0.540000 nan nan nan nan nan nan nan nan nan nan nan nan nan nan nan nan nan nan nan nan nan 0.000000 nan -1.000000 nan nan nan nan nan nan nan 19 30 0.000000
135 4 14 45.000000 0.580000 nan nan nan nan nan nan nan nan nan nan nan nan nan nan nan nan nan nan nan nan nan 0.000000 nan -1.000000 nan nan nan nan nan nan nan 19 30 0.000000
136 4 15 45.000000 0.620000 nan nan nan nan nan nan nan nan nan nan nan nan nan nan nan nan nan nan nan nan nan 0.000000 nan -1.000000 nan nan nan nan nan nan nan 19 30 0.000000
137 4 16 45.000000 0.660000 nan nan nan nan nan nan nan nan nan nan nan nan nan nan nan nan nan nan nan nan nan 0.000000 nan -1.000000 nan nan nan nan nan nan nan 19 30 0.000000
138 4 17 45.000000 0.700000 10541.506709 8984.592491 11.805416 1556.914201 1556.914204 4006673.607812 4006649.901412 2535.875148 2535.869030 2253.435044 2048.808227 712.344067 712.367166 1179.089160 0.738777 1.483789 1995.524964 464.214680 13.093894 13.095682 490.747764 43.408479 40.661969 40.666186 -0.071357 0.052510 0.679830 0.021729 0.065225 0.412649 4877.298261 19 30 0.000015
139 4 18 45.000000 0.740000 10541.179546 8957.729363 11.856628 1583.450163 1583.450168 4029216.152984 4029154.528433 2556.694350 2556.651905 2260.106114 2056.143308 744.708812 744.786247 1198.954053 0.739118 1.484612 1996.651889 491.026003 13.807908 13.816271 484.232898 45.399084 41.227216 41.245325 -0.084543 -0.029532 0.680052 0.021577 0.064578 0.405578 4747.544231 19 30 0.000162
140 4 19 45.000000 0.780000 10540.991774 8926.713779 11.921672 1614.277973 1614.277980 4059261.227952 4059146.407613 2581.748288 2581.673838 2266.734781 2063.427300 783.044650 783.147163 1223.153199 0.739758 1.486165 1996.660538 520.652397 14.602704 14.615082 475.312128 47.606532 41.644175 41.668567 -0.058212 0.007525 0.679186 0.021379 0.063730 0.396797 4484.778061 19 30 0.000548
141 4 20 45.000000 0.820000 10540.878984 8896.265922 11.971263 1644.613047 1644.613047 4079040.740764 4078859.878391 2604.656941 2604.536802 2272.267700 2069.503842 821.209554 821.345410 1247.955348 0.739878 1.486457 1994.951620 550.467245 15.408358 15.425785 466.375767 49.727522 42.050383 42.082649 -0.064312 0.009749 0.679431 0.021251 0.063181 0.390259 4348.030831 19 30 0.001027
142 4 21 45.000000 0.860000 10540.688079 8864.112736 12.023224 1676.575330 1676.575328 4099540.645678 4099270.296620 2628.894659 2628.721196 2277.873322 2075.657131 860.691893 860.863996 1274.312006 0.740029 1.486824 1992.877915 580.336231 16.213266 16.235830 456.729876 51.796934 42.346400 42.386805 -0.051632 -0.002916 0.679536 0.021121 0.062619 0.383558 4162.193961 19 30 0.001365
143 4 22 45.000000 0.900000 10540.565522 8828.956678 12.076496 1711.608829 1711.608829 4119486.517849 4119092.000552 2655.152853 2654.938188 2286.029527 2084.604675 899.974336 900.171834 1301.189302 0.740110 1.487021 1993.259985 610.320642 16.998447 17.024179 448.107349 53.713279 42.643066 42.687911 -0.058334 0.003206 0.680645 0.020997 0.062081 0.376832 4023.756498 19 30 0.001500
144 4 23 45.000000 0.940000 10540.391913 8792.818231 12.130591 1747.573664 1747.573668 4139394.247106 4138859.154880 2682.192551 2681.953184 2294.334873 2093.709188 939.499541 939.709982 1328.848795 0.740220 1.487288 1993.591137 639.697228 17.763350 17.790233 439.164151 55.529671 42.855340 42.901418 -0.047920 -0.000389 0.681684 0.020875 0.061551 0.370154 3847.279169 19 30 0.001413
145 4 24 45.000000 0.980000 10540.330602 8756.281286 12.181317 1784.049298 1784.049301 4156738.315656 4156049.185708 2709.294556 2709.036931 2302.432781 2102.579931 979.214718 979.428179 1357.226520 0.740243 1.487344 1993.410237 668.698731 18.517007 18.544267 429.917690 57.262353 43.012159 43.058444 -0.047056 -0.000460 0.682868 0.020771 0.061095 0.364020 3706.852254 19 30 0.001173
146 4 25 45.000000 1.020000 10540.219358 8719.752445 12.229459 1820.466898 1820.466898 4172167.287544 4171320.989571 2736.212077 2735.949692 2309.870322 2110.721810 1019.004920 1019.207734 1386.206577 0.740231 1.487314 1992.321515 696.994648 19.255436 19.281902 420.143218 58.918738 43.101365 43.145960 -0.043133 0.003875 0.683910 0.020679 0.060694 0.358318 3570.040695 19 30 0.000889
147 4 26 45.000000 1.060000 10540.102066 8682.723425 12.272892 1857.378626 1857.378627 4183992.781425 4183002.731717 2763.026720 2762.762765 2317.348456 2118.902905 1058.704314 1058.892263 1415.640171 0.740094 1.486981 1991.006056 725.013384 19.983259 20.008803 410.332814 60.491621 43.169347 43.211265 -0.045555 -0.004024 0.685299 0.020610 0.060390 0.353271 3462.008578 19 30 0.000611
148 4 27 45.000000 1.100000 10540.058570 8645.001431 12.316274 1895.057123 1895.057123 4195306.531969 4194194.529422 2790.500930 2790.239422 2325.056150 2127.329723 1098.468526 1098.638621 1445.610974 0.739986 1.486718 1989.786410 752.516973 20.691897 20.716108 400.340803 61.986917 43.192646 43.231994 -0.044453 -0.006292 0.686655 0.020544 0.060101 0.348314 3349.792538 19 30 0.000403
149 4 28 45.000000 1.140000 10539.938568 8607.801598 12.354589 1932.136953 1932.136955 4203242.140337 4202021.988264 2817.195140 2816.944302 2331.610907 2134.491760 1138.353742 1138.504881 1476.136048 0.739793 1.486249 1987.088794 779.444161 21.395520 21.417809 389.664132 63.438357 43.169937 43.205795 -0.040362 0.005223 0.687850 0.020499 0.059900 0.344012 3244.422195 19 30 0.000248
150 4 29 45.000000 1.180000 10539.868285 8570.407364 12.393657 1969.460907 1969.460905 4211461.127162 4210137.385532 2844.344142 2844.101553 2338.028894 2141.500586 1178.166083 1178.300198 1507.042012 0.739675 1.485962 1984.202540 805.583666 22.076395 22.097089 378.655550 64.824656 43.099281 43.132111 -0.040704 0.000438 0.688768 0.020452 0.059693 0.339691 3150.829700 19 30 0.000145
151 5 0 55.000000 0.020000 nan nan nan nan nan nan nan nan nan nan nan nan nan nan nan nan nan nan nan nan nan 0.000000 nan -1.000000 nan nan nan nan nan nan nan 19 30 0.000000
152 5 1 55.000000 0.060000 nan nan nan nan nan nan nan nan nan nan nan nan nan nan nan nan nan nan nan nan nan 0.000000 nan -1.000000 nan nan nan nan nan nan nan 19 30 0.000000
153 5 2 55.000000 0.100000 nan nan nan nan nan nan nan nan nan nan nan nan nan nan nan nan nan nan nan nan nan 0.000000 nan -1.000000 nan nan nan nan nan nan nan 19 30 0.000000
154 5 3 55.000000 0.140000 nan nan nan nan nan nan nan nan nan nan nan nan nan nan nan nan nan nan nan nan nan 0.000000 nan -1.000000 nan nan nan nan nan nan nan 19 30 0.000000
155 5 4 55.000000 0.180000 nan nan nan nan nan nan nan nan nan nan nan nan nan nan nan nan nan nan nan nan nan 0.000000 nan -1.000000 nan nan nan nan nan nan nan 19 30 0.000000
156 5 5 55.000000 0.220000 nan nan nan nan nan nan nan nan nan nan nan nan nan nan nan nan nan nan nan nan nan 0.000000 nan -1.000000 nan nan nan nan nan nan nan 19 30 0.000000
157 5 6 55.000000 0.260000 nan nan nan nan nan nan nan nan nan nan nan nan nan nan nan nan nan nan nan nan nan 0.000000 nan -1.000000 nan nan nan nan nan nan nan 19 30 0.000000
158 5 7 55.000000 0.300000 nan nan nan nan nan nan nan nan nan nan nan nan nan nan nan nan nan nan nan nan nan 0.000000 nan -1.000000 nan nan nan nan nan nan nan 19 30 0.000000
159 5 8 55.000000 0.340000 nan nan nan nan nan nan nan nan nan nan nan nan nan nan nan nan nan nan nan nan nan 0.000000 nan -1.000000 nan nan nan nan nan nan nan 19 30 0.000000
160 5 9 55.000000 0.380000 nan nan nan nan nan nan nan nan nan nan nan nan nan nan nan nan nan nan nan nan nan 0.000000 nan -1.000000 nan nan nan nan nan nan nan 19 30 0.000000
161 5 10 55.000000 0.420000 nan nan nan nan nan nan nan nan nan nan nan nan nan nan nan nan nan nan nan nan nan 0.000000 nan -1.000000 nan nan nan nan nan nan nan 19 30 0.000000
162 5 11 55.000000 0.460000 nan nan nan nan nan nan nan nan nan nan nan nan nan nan nan nan nan nan nan nan nan 0.000000 nan -1.000000 nan nan nan nan nan nan nan 19 30 0.000000
163 5 12 55.000000 0.500000 nan nan nan nan nan nan nan nan nan nan nan nan nan nan nan nan nan nan nan nan nan 0.000000 nan -1.000000 nan nan nan nan nan nan nan 19 30 0.000000
164 5 13 55.000000 0.540000 nan nan nan nan nan nan nan nan nan nan nan nan nan nan nan nan nan nan nan nan nan 0.000000 nan -1.000000 nan nan nan nan nan nan nan 19 30 0.000000
165 5 14 55.000000 0.580000 nan nan nan nan nan nan nan nan nan nan nan nan nan nan nan nan nan nan nan nan nan 0.000000 nan -1.000000 nan nan nan nan nan nan nan 19 30 0.000000
166 5 15 55.000000 0.620000 nan nan nan nan nan nan nan nan nan nan nan nan nan nan nan nan nan nan nan nan nan 0.000000 nan -1.000000 nan nan nan nan nan nan nan 19 30 0.000000
167 5 16 55.000000 0.660000 nan nan nan nan nan nan nan nan nan nan nan nan nan nan nan nan nan nan nan nan nan 0.000000 nan -1.000000 nan nan nan nan nan nan nan 19 30 0.000000
168 5 17 55.000000 0.700000 nan nan nan nan nan nan nan nan nan nan nan nan nan nan nan nan nan nan nan nan nan 0.000000 nan -1.000000 nan nan nan nan nan nan nan 19 30 0.000000
169 5 18 55.000000 0.740000 nan nan nan nan nan nan nan nan nan nan nan nan nan nan nan nan nan nan nan nan nan 0.000000 nan -1.000000 nan nan nan nan nan nan nan 19 30 0.000000
170 5 19 55.000000 0.780000 nan nan nan nan nan nan nan nan nan nan nan nan nan nan nan nan nan nan nan nan nan 0.000000 nan -1.000000 nan nan nan nan nan nan nan 19 30 0.000000
171 5 20 55.000000 0.820000 nan nan nan nan nan nan nan nan nan nan nan nan nan nan nan nan nan nan nan nan nan 0.000000 nan -1.000000 nan nan nan nan nan nan nan 19 30 0.000000
172 5 21 55.000000 0.860000 nan nan nan nan nan nan nan nan nan nan nan nan nan nan nan nan nan nan nan nan nan 0.000000 nan -1.000000 nan nan nan nan nan nan nan 19 30 0.000000
173 5 22 55.000000 0.900000 nan nan nan nan nan nan nan nan nan nan nan nan nan nan nan nan nan nan nan nan nan 0.000000 nan -1.000000 nan nan nan nan nan nan nan 19 30 0.000000
174 5 23 55.000000 0.940000 nan nan nan nan nan nan nan nan nan nan nan nan nan nan nan nan nan nan nan nan nan 0.000000 nan -1.000000 nan nan nan nan nan nan nan 19 30 0.000000
175 5 24 55.000000 0.980000 nan nan nan nan nan nan nan nan nan nan nan nan nan nan nan nan nan nan nan nan nan 0.000000 nan -1.000000 nan nan nan nan nan nan nan 19 30 0.000000
176 5 25 55.000000 1.020000 nan nan nan nan nan nan nan nan nan nan nan nan nan nan nan nan nan nan nan nan nan 0.000000 nan -1.000000 nan nan nan nan nan nan nan 19 30 0.000000
177 5 26 55.000000 1.060000 nan nan nan nan nan nan nan nan nan nan nan nan nan nan nan nan nan nan nan nan nan 0.000000 nan -1.000000 nan nan nan nan nan nan nan 19 30 0.000000
178 5 27 55.000000 1.100000 nan nan nan nan nan nan nan nan nan nan nan nan nan nan nan nan nan nan nan nan nan 0.000000 nan -1.000000 nan nan nan nan nan nan nan 19 30 0.000000
179 5 28 55.000000 1.140000 nan nan nan nan nan nan nan nan nan nan nan nan nan nan nan nan nan nan nan nan nan 0.000000 nan -1.000000 nan nan nan nan nan nan nan 19 30 0.000000
180 5 29 55.000000 1.180000 nan nan nan nan nan nan nan nan nan nan nan nan nan nan nan nan nan nan nan nan nan 0.000000 nan -1.000000 nan nan nan nan nan nan nan 19 30 0.000000
181 6 0 65.000000 0.020000 nan nan nan nan nan nan nan nan nan nan nan nan nan nan nan nan nan nan nan nan nan 0.000000 nan -1.000000 nan nan nan nan nan nan nan 19 30 0.000000
182 6 1 65.000000 0.060000 nan nan nan nan nan nan nan nan nan nan nan nan nan nan nan nan nan nan nan nan nan 0.000000 nan -1.000000 nan nan nan nan nan nan nan 19 30 0.000000
183 6 2 65.000000 0.100000 nan nan nan nan nan nan nan nan nan nan nan nan nan nan nan nan nan nan nan nan nan 0.000000 nan -1.000000 nan nan nan nan nan nan nan 19 30 0.000000
184 6 3 65.000000 0.140000 nan nan nan nan nan nan nan nan nan nan nan nan nan nan nan nan nan nan nan nan nan 0.000000 nan -1.000000 nan nan nan nan nan nan nan 19 30 0.000000
185 6 4 65.000000 0.180000 nan nan nan nan nan nan nan nan nan nan nan nan nan nan nan nan nan nan nan nan nan 0.000000 nan -1.000000 nan nan nan nan nan nan nan 19 30 0.000000
186 6 5 65.000000 0.220000 nan nan nan nan nan nan nan nan nan nan nan nan nan nan nan nan nan nan nan nan nan 0.000000 nan -1.000000 nan nan nan nan nan nan nan 19 30 0.000000
187 6 6 65.000000 0.260000 nan nan nan nan nan nan nan nan nan nan nan nan nan nan nan nan nan nan nan nan nan 0.000000 nan -1.000000 nan nan nan nan nan nan nan 19 30 0.000000
188 6 7 65.000000 0.300000 nan nan nan nan nan nan nan nan nan nan nan nan nan nan nan nan nan nan nan nan nan 0.000000 nan -1.000000 nan nan nan nan nan nan nan 19 30 0.000000
189 6 8 65.000000 0.340000 nan nan nan nan nan nan nan nan nan nan nan nan nan nan nan nan nan nan nan nan nan 0.000000 nan -1.000000 nan nan nan nan nan nan nan 19 30 0.000000
190 6 9 65.000000 0.380000 nan nan nan nan nan nan nan nan nan nan nan nan nan nan nan nan nan nan nan nan nan 0.000000 nan -1.000000 nan nan nan nan nan nan nan 19 30 0.000000
191 6 10 65.000000 0.420000 nan nan nan nan nan nan nan nan nan nan nan nan nan nan nan nan nan nan nan nan nan 0.000000 nan -1.000000 nan nan nan nan nan nan nan 19 30 0.000000
192 6 11 65.000000 0.460000 nan nan nan nan nan nan nan nan nan nan nan nan nan nan nan nan nan nan nan nan nan 0.000000 nan -1.000000 nan nan nan nan nan nan nan 19 30 0.000000
193 6 12 65.000000 0.500000 nan nan nan nan nan nan nan nan nan nan nan nan nan nan nan nan nan nan nan nan nan 0.000000 nan -1.000000 nan nan nan nan nan nan nan 19 30 0.000000
194 6 13 65.000000 0.540000 nan nan nan nan nan nan nan nan nan nan nan nan nan nan nan nan nan nan nan nan nan 0.000000 nan -1.000000 nan nan nan nan nan nan nan 19 30 0.000000
195 6 14 65.000000 0.580000 nan nan nan nan nan nan nan nan nan nan nan nan nan nan nan nan nan nan nan nan nan 0.000000 nan -1.000000 nan nan nan nan nan nan nan 19 30 0.000000
196 6 15 65.000000 0.620000 nan nan nan nan nan nan nan nan nan nan nan nan nan nan nan nan nan nan nan nan nan 0.000000 nan -1.000000 nan nan nan nan nan nan nan 19 30 0.000000
197 6 16 65.000000 0.660000 nan nan nan nan nan nan nan nan nan nan nan nan nan nan nan nan nan nan nan nan nan 0.000000 nan -1.000000 nan nan nan nan nan nan nan 19 30 0.000000
198 6 17 65.000000 0.700000 nan nan nan nan nan nan nan nan nan nan nan nan nan nan nan nan nan nan nan nan nan 0.000000 nan -1.000000 nan nan nan nan nan nan nan 19 30 0.000000
199 6 18 65.000000 0.740000 nan nan nan nan nan nan nan nan nan nan nan nan nan nan nan nan nan nan nan nan nan 0.000000 nan -1.000000 nan nan nan nan nan nan nan 19 30 0.000000
200 6 19 65.000000 0.780000 nan nan nan nan nan nan nan nan nan nan nan nan nan nan nan nan nan nan nan nan nan 0.000000 nan -1.000000 nan nan nan nan nan nan nan 19 30 0.000000
201 6 20 65.000000 0.820000 nan nan nan nan nan nan nan nan nan nan nan nan nan nan nan nan nan nan nan nan nan 0.000000 nan -1.000000 nan nan nan nan nan nan nan 19 30 0.000000
202 6 21 65.000000 0.860000 nan nan nan nan nan nan nan nan nan nan nan nan nan nan nan nan nan nan nan nan nan 0.000000 nan -1.000000 nan nan nan nan nan nan nan 19 30 0.000000
203 6 22 65.000000 0.900000 nan nan nan nan nan nan nan nan nan nan nan nan nan nan nan nan nan nan nan nan nan 0.000000 nan -1.000000 nan nan nan nan nan nan nan 19 30 0.000000
204 6 23 65.000000 0.940000 nan nan nan nan nan nan nan nan nan nan nan nan nan nan nan nan nan nan nan nan nan 0.000000 nan -1.000000 nan nan nan nan nan nan nan 19 30 0.000000
205 6 24 65.000000 0.980000 nan nan nan nan nan nan nan nan nan nan nan nan nan nan nan nan nan nan nan nan nan 0.000000 nan -1.000000 nan nan nan nan nan nan nan 19 30 0.000000
206 6 25 65.000000 1.020000 nan nan nan nan nan nan nan nan nan nan nan nan nan nan nan nan nan nan nan nan nan 0.000000 nan -1.000000 nan nan nan nan nan nan nan 19 30 0.000000
207 6 26 65.000000 1.060000 nan nan nan nan nan nan nan nan nan nan nan nan nan nan nan nan nan nan nan nan nan 0.000000 nan -1.000000 nan nan nan nan nan nan nan 19 30 0.000000
208 6 27 65.000000 1.100000 nan nan nan nan nan nan nan nan nan nan nan nan nan nan nan nan nan nan nan nan nan 0.000000 nan -1.000000 nan nan nan nan nan nan nan 19 30 0.000000
209 6 28 65.000000 1.140000 nan nan nan nan nan nan nan nan nan nan nan nan nan nan nan nan nan nan nan nan nan 0.000000 nan -1.000000 nan nan nan nan nan nan nan 19 30 0.000000
210 6 29 65.000000 1.180000 nan nan nan nan nan nan nan nan nan nan nan nan nan nan nan nan nan nan nan nan nan 0.000000 nan -1.000000 nan nan nan nan nan nan nan 19 30 0.000000
211 7 0 75.000000 0.020000 nan nan nan nan nan nan nan nan nan nan nan nan nan nan nan nan nan nan nan nan nan 0.000000 nan -1.000000 nan nan nan nan nan nan nan 19 30 0.000000
212 7 1 75.000000 0.060000 nan nan nan nan nan nan nan nan nan nan nan nan nan nan nan nan nan nan nan nan nan 0.000000 nan -1.000000 nan nan nan nan nan nan nan 19 30 0.000000
213 7 2 75.000000 0.100000 nan nan nan nan nan nan nan nan nan nan nan nan nan nan nan nan nan nan nan nan nan 0.000000 nan -1.000000 nan nan nan nan nan nan nan 19 30 0.000000
214 7 3 75.000000 0.140000 nan nan nan nan nan nan nan nan nan nan nan nan nan nan nan nan nan nan nan nan nan 0.000000 nan -1.000000 nan nan nan nan nan nan nan 19 30 0.000000
215 7 4 75.000000 0.180000 nan nan nan nan nan nan nan nan nan nan nan nan nan nan nan nan nan nan nan nan nan 0.000000 nan -1.000000 nan nan nan nan nan nan nan 19 30 0.000000
216 7 5 75.000000 0.220000 nan nan nan nan nan nan nan nan nan nan nan nan nan nan nan nan nan nan nan nan nan 0.000000 nan -1.000000 nan nan nan nan nan nan nan 19 30 0.000000
217 7 6 75.000000 0.260000 nan nan nan nan nan nan nan nan nan nan nan nan nan nan nan nan nan nan nan nan nan 0.000000 nan -1.000000 nan nan nan nan nan nan nan 19 30 0.000000
218 7 7 75.000000 0.300000 nan nan nan nan nan nan nan nan nan nan nan nan nan nan nan nan nan nan nan nan nan 0.000000 nan -1.000000 nan nan nan nan nan nan nan 19 30 0.000000
219 7 8 75.000000 0.340000 nan nan nan nan nan nan nan nan nan nan nan nan nan nan nan nan nan nan nan nan nan 0.000000 nan -1.000000 nan nan nan nan nan nan nan 19 30 0.000000
220 7 9 75.000000 0.380000 nan nan nan nan nan nan nan nan nan nan nan nan nan nan nan nan nan nan nan nan nan 0.000000 nan -1.000000 nan nan nan nan nan nan nan 19 30 0.000000
221 7 10 75.000000 0.420000 nan nan nan nan nan nan nan nan nan nan nan nan nan nan nan nan nan nan nan nan nan 0.000000 nan -1.000000 nan nan nan nan nan nan nan 19 30 0.000000
222 7 11 75.000000 0.460000 nan nan nan nan nan nan nan nan nan nan nan nan nan nan nan nan nan nan nan nan nan 0.000000 nan -1.000000 nan nan nan nan nan nan nan 19 30 0.000000
223 7 12 75.000000 0.500000 nan nan nan nan nan nan nan nan nan nan nan nan nan nan nan nan nan nan nan nan nan 0.000000 nan -1.000000 nan nan nan nan nan nan nan 19 30 0.000000
224 7 13 75.000000 0.540000 nan nan nan nan nan nan nan nan nan nan nan nan nan nan nan nan nan nan nan nan nan 0.000000 nan -1.000000 nan nan nan nan nan nan nan 19 30 0.000000
225 7 14 75.000000 0.580000 nan nan nan nan nan nan nan nan nan nan nan nan nan nan nan nan nan nan nan nan nan 0.000000 nan -1.000000 nan nan nan nan nan nan nan 19 30 0.000000
226 7 15 75.000000 0.620000 nan nan nan nan nan nan nan nan nan nan nan nan nan nan nan nan nan nan nan nan nan 0.000000 nan -1.000000 nan nan nan nan nan nan nan 19 30 0.000000
227 7 16 75.000000 0.660000 nan nan nan nan nan nan nan nan nan nan nan nan nan nan nan nan nan nan nan nan nan 0.000000 nan -1.000000 nan nan nan nan nan nan nan 19 30 0.000000
228 7 17 75.000000 0.700000 nan nan nan nan nan nan nan nan nan nan nan nan nan nan nan nan nan nan nan nan nan 0.000000 nan -1.000000 nan nan nan nan nan nan nan 19 30 0.000000
229 7 18 75.000000 0.740000 nan nan nan nan nan nan nan nan nan nan nan nan nan nan nan nan nan nan nan nan nan 0.000000 nan -1.000000 nan nan nan nan nan nan nan 19 30 0.000000
230 7 19 75.000000 0.780000 nan nan nan nan nan nan nan nan nan nan nan nan nan nan nan nan nan nan nan nan nan 0.000000 nan -1.000000 nan nan nan nan nan nan nan 19 30 0.000000
231 7 20 75.000000 0.820000 nan nan nan nan nan nan nan nan nan nan nan nan nan nan nan nan nan nan nan nan nan 0.000000 nan -1.000000 nan nan nan nan nan nan nan 19 30 0.000000
232 7 21 75.000000 0.860000 nan nan nan nan nan nan nan nan nan nan nan nan nan nan nan nan nan nan nan nan nan 0.000000 nan -1.000000 nan nan nan nan nan nan nan 19 30 0.000000
233 7 22 75.000000 0.900000 nan nan nan nan nan nan nan nan nan nan nan nan nan nan nan nan nan nan nan nan nan 0.000000 nan -1.000000 nan nan nan nan nan nan nan 19 30 0.000000
234 7 23 75.000000 0.940000 nan nan nan nan nan nan nan nan nan nan nan nan nan nan nan nan nan nan nan nan nan 0.000000 nan -1.000000 nan nan nan nan nan nan nan 19 30 0.000000
235 7 24 75.000000 0.980000 nan nan nan nan nan nan nan nan nan nan nan nan nan nan nan nan nan nan nan nan nan 0.000000 nan -1.000000 nan nan nan nan nan nan nan 19 30 0.000000
236 7 25 75.000000 1.020000 nan nan nan nan nan nan nan nan nan nan nan nan nan nan nan nan nan nan nan nan nan 0.000000 nan -1.000000 nan nan nan nan nan nan nan 19 30 0.000000
237 7 26 75.000000 1.060000 nan nan nan nan nan nan nan nan nan nan nan nan nan nan nan nan nan nan nan nan nan 0.000000 nan -1.000000 nan nan nan nan nan nan nan 19 30 0.000000
238 7 27 75.000000 1.100000 nan nan nan nan nan nan nan nan nan nan nan nan nan nan nan nan nan nan nan nan nan 0.000000 nan -1.000000 nan nan nan nan nan nan nan 19 30 0.000000
239 7 28 75.000000 1.140000 nan nan nan nan nan nan nan nan nan nan nan nan nan nan nan nan nan nan nan nan nan 0.000000 nan -1.000000 nan nan nan nan nan nan nan 19 30 0.000000
240 7 29 75.000000 1.180000 nan nan nan nan nan nan nan nan nan nan nan nan nan nan nan nan nan nan nan nan nan 0.000000 nan -1.000000 nan nan nan nan nan nan nan 19 30 0.000000
241 8 0 85.000000 0.020000 nan nan nan nan nan nan nan nan nan nan nan nan nan nan nan nan nan nan nan nan nan 0.000000 nan -1.000000 nan nan nan nan nan nan nan 19 30 0.000000
242 8 1 85.000000 0.060000 nan nan nan nan nan nan nan nan nan nan nan nan nan nan nan nan nan nan nan nan nan 0.000000 nan -1.000000 nan nan nan nan nan nan nan 19 30 0.000000
243 8 2 85.000000 0.100000 nan nan nan nan nan nan nan nan nan nan nan nan nan nan nan nan nan nan nan nan nan 0.000000 nan -1.000000 nan nan nan nan nan nan nan 19 30 0.000000
244 8 3 85.000000 0.140000 nan nan nan nan nan nan nan nan nan nan nan nan nan nan nan nan nan nan nan nan nan 0.000000 nan -1.000000 nan nan nan nan nan nan nan 19 30 0.000000
245 8 4 85.000000 0.180000 nan nan nan nan nan nan nan nan nan nan nan nan nan nan nan nan nan nan nan nan nan 0.000000 nan -1.000000 nan nan nan nan nan nan nan 19 30 0.000000
246 8 5 85.000000 0.220000 nan nan nan nan nan nan nan nan nan nan nan nan nan nan nan nan nan nan nan nan nan 0.000000 nan -1.000000 nan nan nan nan nan nan nan 19 30 0.000000
247 8 6 85.000000 0.260000 nan nan nan nan nan nan nan nan nan nan nan nan nan nan nan nan nan nan nan nan nan 0.000000 nan -1.000000 nan nan nan nan nan nan nan 19 30 0.000000
248 8 7 85.000000 0.300000 nan nan nan nan nan nan nan nan nan nan nan nan nan nan nan nan nan nan nan nan nan 0.000000 nan -1.000000 nan nan nan nan nan nan nan 19 30 0.000000
249 8 8 85.000000 0.340000 nan nan nan nan nan nan nan nan nan nan nan nan nan nan nan nan nan nan nan nan nan 0.000000 nan -1.000000 nan nan nan nan nan nan nan 19 30 0.000000
250 8 9 85.000000 0.380000 nan nan nan nan nan nan nan nan nan nan nan nan nan nan nan nan nan nan nan nan nan 0.000000 nan -1.000000 nan nan nan nan nan nan nan 19 30 0.000000
251 8 10 85.000000 0.420000 nan nan nan nan nan nan nan nan nan nan nan nan nan nan nan nan nan nan nan nan nan 0.000000 nan -1.000000 nan nan nan nan nan nan nan 19 30 0.000000
252 8 11 85.000000 0.460000 nan nan nan nan nan nan nan nan nan nan nan nan nan nan nan nan nan nan nan nan nan 0.000000 nan -1.000000 nan nan nan nan nan nan nan 19 30 0.000000
253 8 12 85.000000 0.500000 nan nan nan nan nan nan nan nan nan nan nan nan nan nan nan nan nan nan nan nan nan 0.000000 nan -1.000000 nan nan nan nan nan nan nan 19 30 0.000000
254 8 13 85.000000 0.540000 nan nan nan nan nan nan nan nan nan nan nan nan nan nan nan nan nan nan nan nan nan 0.000000 nan -1.000000 nan nan nan nan nan nan nan 19 30 0.000000
255 8 14 85.000000 0.580000 nan nan nan nan nan nan nan nan nan nan nan nan nan nan nan nan nan nan nan nan nan 0.000000 nan -1.000000 nan nan nan nan nan nan nan 19 30 0.000000
256 8 15 85.000000 0.620000 nan nan nan nan nan nan nan nan nan nan nan nan nan nan nan nan nan nan nan nan nan 0.000000 nan -1.000000 nan nan nan nan nan nan nan 19 30 0.000000
257 8 16 85.000000 0.660000 nan nan nan nan nan nan nan nan nan nan nan nan nan nan nan nan nan nan nan nan nan 0.000000 nan -1.000000 nan nan nan nan nan nan nan 19 30 0.000000
258 8 17 85.000000 0.700000 nan nan nan nan nan nan nan nan nan nan nan nan nan nan nan nan nan nan nan nan nan 0.000000 nan -1.000000 nan nan nan nan nan nan nan 19 30 0.000000
259 8 18 85.000000 0.740000 nan nan nan nan nan nan nan nan nan nan nan nan nan nan nan nan nan nan nan nan nan 0.000000 nan -1.000000 nan nan nan nan nan nan nan 19 30 0.000000
260 8 19 85.000000 0.780000 nan nan nan nan nan nan nan nan nan nan nan nan nan nan nan nan nan nan nan nan nan 0.000000 nan -1.000000 nan nan nan nan nan nan nan 19 30 0.000000
261 8 20 85.000000 0.820000 nan nan nan nan nan nan nan nan nan nan nan nan nan nan nan nan nan nan nan nan nan 0.000000 nan -1.000000 nan nan nan nan nan nan nan 19 30 0.000000
262 8 21 85.000000 0.860000 nan nan nan nan nan nan nan nan nan nan nan nan nan nan nan nan nan nan nan nan nan 0.000000 nan -1.000000 nan nan nan nan nan nan nan 19 30 0.000000
263 8 22 85.000000 0.900000 nan nan nan nan nan nan nan nan nan nan nan nan nan nan nan nan nan nan nan nan nan 0.000000 nan -1.000000 nan nan nan nan nan nan nan 19 30 0.000000
264 8 23 85.000000 0.940000 nan nan nan nan nan nan nan nan nan nan nan nan nan nan nan nan nan nan nan nan nan 0.000000 nan -1.000000 nan nan nan nan nan nan nan 19 30 0.000000
265 8 24 85.000000 0.980000 nan nan nan nan nan nan nan nan nan nan nan nan nan nan nan nan nan nan nan nan nan 0.000000 nan -1.000000 nan nan nan nan nan nan nan 19 30 0.000000
266 8 25 85.000000 1.020000 nan nan nan nan nan nan nan nan nan nan nan nan nan nan nan nan nan nan nan nan nan 0.000000 nan -1.000000 nan nan nan nan nan nan nan 19 30 0.000000
267 8 26 85.000000 1.060000 nan nan nan nan nan nan nan nan nan nan nan nan nan nan nan nan nan nan nan nan nan 0.000000 nan -1.000000 nan nan nan nan nan nan nan 19 30 0.000000
268 8 27 85.000000 1.100000 nan nan nan nan nan nan nan nan nan nan nan nan nan nan nan nan nan nan nan nan nan 0.000000 nan -1.000000 nan nan nan nan nan nan nan 19 30 0.000000
269 8 28 85.000000 1.140000 nan nan nan nan nan nan nan nan nan nan nan nan nan nan nan nan nan nan nan nan nan 0.000000 nan -1.000000 nan nan nan nan nan nan nan 19 30 0.000000
270 8 29 85.000000 1.180000 nan nan nan nan nan nan nan nan nan nan nan nan nan nan nan nan nan nan nan nan nan 0.000000 nan -1.000000 nan nan nan nan nan nan nan 19 30 0.000000
271 9 0 95.000000 0.020000 nan nan nan nan nan nan nan nan nan nan nan nan nan nan nan nan nan nan nan nan nan 0.000000 nan -1.000000 nan nan nan nan nan nan nan 19 30 0.000000
272 9 1 95.000000 0.060000 nan nan nan nan nan nan nan nan nan nan nan nan nan nan nan nan nan nan nan nan nan 0.000000 nan -1.000000 nan nan nan nan nan nan nan 19 30 0.000000
273 9 2 95.000000 0.100000 nan nan nan nan nan nan nan nan nan nan nan nan nan nan nan nan nan nan nan nan nan 0.000000 nan -1.000000 nan nan nan nan nan nan nan 19 30 0.000000
274 9 3 95.000000 0.140000 nan nan nan nan nan nan nan nan nan nan nan nan nan nan nan nan nan nan nan nan nan 0.000000 nan -1.000000 nan nan nan nan nan nan nan 19 30 0.000000
275 9 4 95.000000 0.180000 nan nan nan nan nan nan nan nan nan nan nan nan nan nan nan nan nan nan nan nan nan 0.000000 nan -1.000000 nan nan nan nan nan nan nan 19 30 0.000000
276 9 5 95.000000 0.220000 nan nan nan nan nan nan nan nan nan nan nan nan nan nan nan nan nan nan nan nan nan 0.000000 nan -1.000000 nan nan nan nan nan nan nan 19 30 0.000000
277 9 6 95.000000 0.260000 nan nan nan nan nan nan nan nan nan nan nan nan nan nan nan nan nan nan nan nan nan 0.000000 nan -1.000000 nan nan nan nan nan nan nan 19 30 0.000000
278 9 7 95.000000 0.300000 nan nan nan nan nan nan nan nan nan nan nan nan nan nan nan nan nan nan nan nan nan 0.000000 nan -1.000000 nan nan nan nan nan nan nan 19 30 0.000000
279 9 8 95.000000 0.340000 nan nan nan nan nan nan nan nan nan nan nan nan nan nan nan nan nan nan nan nan nan 0.000000 nan -1.000000 nan nan nan nan nan nan nan 19 30 0.000000
280 9 9 95.000000 0.380000 nan nan nan nan nan nan nan nan nan nan nan nan nan nan nan nan nan nan nan nan nan 0.000000 nan -1.000000 nan nan nan nan nan nan nan 19 30 0.000000
281 9 10 95.000000 0.420000 nan nan nan nan nan nan nan nan nan nan nan nan nan nan nan nan nan nan nan nan nan 0.000000 nan -1.000000 nan nan nan nan nan nan nan 19 30 0.000000
282 9 11 95.000000 0.460000 nan nan nan nan nan nan nan nan nan nan nan nan nan nan nan nan nan nan nan nan nan 0.000000 nan -1.000000 nan nan nan nan nan nan nan 19 30 0.000000
283 9 12 95.000000 0.500000 nan nan nan nan nan nan nan nan nan nan nan nan nan nan nan nan nan nan nan nan nan 0.000000 nan -1.000000 nan nan nan nan nan nan nan 19 30 0.000000
284 9 13 95.000000 0.540000 nan nan nan nan nan nan nan nan nan nan nan nan nan nan nan nan nan nan nan nan nan 0.000000 nan -1.000000 nan nan nan nan nan nan nan 19 30 0.000000
285 9 14 95.000000 0.580000 nan nan nan nan nan nan nan nan nan nan nan nan nan nan nan nan nan nan nan nan nan 0.000000 nan -1.000000 nan nan nan nan nan nan nan 19 30 0.000000
286 9 15 95.000000 0.620000 nan nan nan nan nan nan nan nan nan nan nan nan nan nan nan nan nan nan nan nan nan 0.000000 nan -1.000000 nan nan nan nan nan nan nan 19 30 0.000000
287 9 16 95.000000 0.660000 nan nan nan nan nan nan nan nan nan nan nan nan nan nan nan nan nan nan nan nan nan 0.000000 nan -1.000000 nan nan nan nan nan nan nan 19 30 0.000000
288 9 17 95.000000 0.700000 nan nan nan nan nan nan nan nan nan nan nan nan nan nan nan nan nan nan nan nan nan 0.000000 nan -1.000000 nan nan nan nan nan nan nan 19 30 0.000000
289 9 18 95.000000 0.740000 nan nan nan nan nan nan nan nan nan nan nan nan nan nan nan nan nan nan nan nan nan 0.000000 nan -1.000000 nan nan nan nan nan nan nan 19 30 0.000000
290 9 19 95.000000 0.780000 nan nan nan nan nan nan nan nan nan nan nan nan nan nan nan nan nan nan nan nan nan 0.000000 nan -1.000000 nan nan nan nan nan nan nan 19 30 0.000000
291 9 20 95.000000 0.820000 nan nan nan nan nan nan nan nan nan nan nan nan nan nan nan nan nan nan nan nan nan 0.000000 nan -1.000000 nan nan nan nan nan nan nan 19 30 0.000000
292 9 21 95.000000 0.860000 nan nan nan nan nan nan nan nan nan nan nan nan nan nan nan nan nan nan nan nan nan 0.000000 nan -1.000000 nan nan nan nan nan nan nan 19 30 0.000000
293 9 22 95.000000 0.900000 nan nan nan nan nan nan nan nan nan nan nan nan nan nan nan nan nan nan nan nan nan 0.000000 nan -1.000000 nan nan nan nan nan nan nan 19 30 0.000000
294 9 23 95.000000 0.940000 nan nan nan nan nan nan nan nan nan nan nan nan nan nan nan nan nan nan nan nan nan 0.000000 nan -1.000000 nan nan nan nan nan nan nan 19 30 0.000000
295 9 24 95.000000 0.980000 nan nan nan nan nan nan nan nan nan nan nan nan nan nan nan nan nan nan nan nan nan 0.000000 nan -1.000000 nan nan nan nan nan nan nan 19 30 0.000000
296 9 25 95.000000 1.020000 nan nan nan nan nan nan nan nan nan nan nan nan nan nan nan nan nan nan nan nan nan 0.000000 nan -1.000000 nan nan nan nan nan nan nan 19 30 0.000000
297 9 26 95.000000 1.060000 nan nan nan nan nan nan nan nan nan nan nan nan nan nan nan nan nan nan nan nan nan 0.000000 nan -1.000000 nan nan nan nan nan nan nan 19 30 0.000000
298 9 27 95.000000 1.100000 nan nan nan nan nan nan nan nan nan nan nan nan nan nan nan nan nan nan nan nan nan 0.000000 nan -1.000000 nan nan nan nan nan nan nan 19 30 0.000000
299 9 28 95.000000 1.140000 nan nan nan nan nan nan nan nan nan nan nan nan nan nan nan nan nan nan nan nan nan 0.000000 nan -1.000000 nan nan nan nan nan nan nan 19 30 0.000000
300 9 29 95.000000 1.180000 nan nan nan nan nan nan nan nan nan nan nan nan nan nan nan nan nan nan nan nan nan 0.000000 nan -1.000000 nan nan nan nan nan nan nan 19 30 0.000000
301 10 0 105.000000 0.020000 nan nan nan nan nan nan nan nan nan nan nan nan nan nan nan nan nan nan nan nan nan 0.000000 nan -1.000000 nan nan nan nan nan nan nan 19 30 0.000000
302 10 1 105.000000 0.060000 nan nan nan nan nan nan nan nan nan nan nan nan nan nan nan nan nan nan nan nan nan 0.000000 nan -1.000000 nan nan nan nan nan nan nan 19 30 0.000000
303 10 2 105.000000 0.100000 nan nan nan nan nan nan nan nan nan nan nan nan nan nan nan nan nan nan nan nan nan 0.000000 nan -1.000000 nan nan nan nan nan nan nan 19 30 0.000000
304 10 3 105.000000 0.140000 nan nan nan nan nan nan nan nan nan nan nan nan nan nan nan nan nan nan nan nan nan 0.000000 nan -1.000000 nan nan nan nan nan nan nan 19 30 0.000000
305 10 4 105.000000 0.180000 nan nan nan nan nan nan nan nan nan nan nan nan nan nan nan nan nan nan nan nan nan 0.000000 nan -1.000000 nan nan nan nan nan nan nan 19 30 0.000000
306 10 5 105.000000 0.220000 nan nan nan nan nan nan nan nan nan nan nan nan nan nan nan nan nan nan nan nan nan 0.000000 nan -1.000000 nan nan nan nan nan nan nan 19 30 0.000000
307 10 6 105.000000 0.260000 nan nan nan nan nan nan nan nan nan nan nan nan nan nan nan nan nan nan nan nan nan 0.000000 nan -1.000000 nan nan nan nan nan nan nan 19 30 0.000000
308 10 7 105.000000 0.300000 nan nan nan nan nan nan nan nan nan nan nan nan nan nan nan nan nan nan nan nan nan 0.000000 nan -1.000000 nan nan nan nan nan nan nan 19 30 0.000000
309 10 8 105.000000 0.340000 nan nan nan nan nan nan nan nan nan nan nan nan nan nan nan nan nan nan nan nan nan 0.000000 nan -1.000000 nan nan nan nan nan nan nan 19 30 0.000000
310 10 9 105.000000 0.380000 nan nan nan nan nan nan nan nan nan nan nan nan nan nan nan nan nan nan nan nan nan 0.000000 nan -1.000000 nan nan nan nan nan nan nan 19 30 0.000000
311 10 10 105.000000 0.420000 nan nan nan nan nan nan nan nan nan nan nan nan nan nan nan nan nan nan nan nan nan 0.000000 nan -1.000000 nan nan nan nan nan nan nan 19 30 0.000000
312 10 11 105.000000 0.460000 nan nan nan nan nan nan nan nan nan nan nan nan nan nan nan nan nan nan nan nan nan 0.000000 nan -1.000000 nan nan nan nan nan nan nan 19 30 0.000000
313 10 12 105.000000 0.500000 nan nan nan nan nan nan nan nan nan nan nan nan nan nan nan nan nan nan nan nan nan 0.000000 nan -1.000000 nan nan nan nan nan nan nan 19 30 0.000000
314 10 13 105.000000 0.540000 nan nan nan nan nan nan nan nan nan nan nan nan nan nan nan nan nan nan nan nan nan 0.000000 nan -1.000000 nan nan nan nan nan nan nan 19 30 0.000000
315 10 14 105.000000 0.580000 nan nan nan nan nan nan nan nan nan nan nan nan nan nan nan nan nan nan nan nan nan 0.000000 nan -1.000000 nan nan nan nan nan nan nan 19 30 0.000000
316 10 15 105.000000 0.620000 nan nan nan nan nan nan nan nan nan nan nan nan nan nan nan nan nan nan nan nan nan 0.000000 nan -1.000000 nan nan nan nan nan nan nan 19 30 0.000000
317 10 16 105.000000 0.660000 nan nan nan nan nan nan nan nan nan nan nan nan nan nan nan nan nan nan nan nan nan 0.000000 nan -1.000000 nan nan nan nan nan nan nan 19 30 0.000000
318 10 17 105.000000 0.700000 nan nan nan nan nan nan nan nan nan nan nan nan nan nan nan nan nan nan nan nan nan 0.000000 nan -1.000000 nan nan nan nan nan nan nan 19 30 0.000000
319 10 18 105.000000 0.740000 nan nan nan nan nan nan nan nan nan nan nan nan nan nan nan nan nan nan nan nan nan 0.000000 nan -1.000000 nan nan nan nan nan nan nan 19 30 0.000000
320 10 19 105.000000 0.780000 nan nan nan nan nan nan nan nan nan nan nan nan nan nan nan nan nan nan nan nan nan 0.000000 nan -1.000000 nan nan nan nan nan nan nan 19 30 0.000000
321 10 20 105.000000 0.820000 nan nan nan nan nan nan nan nan nan nan nan nan nan nan nan nan nan nan nan nan nan 0.000000 nan -1.000000 nan nan nan nan nan nan nan 19 30 0.000000
322 10 21 105.000000 0.860000 nan nan nan nan nan nan nan nan nan nan nan nan nan nan nan nan nan nan nan nan nan 0.000000 nan -1.000000 nan nan nan nan nan nan nan 19 30 0.000000
323 10 22 105.000000 0.900000 nan nan nan nan nan nan nan nan nan nan nan nan nan nan nan nan nan nan nan nan nan 0.000000 nan -1.000000 nan nan nan nan nan nan nan 19 30 0.000000
324 10 23 105.000000 0.940000 nan nan nan nan nan nan nan nan nan nan nan nan nan nan nan nan nan nan nan nan nan 0.000000 nan -1.000000 nan nan nan nan nan nan nan 19 30 0.000000
325 10 24 105.000000 0.980000 nan nan nan nan nan nan nan nan nan nan nan nan nan nan nan nan nan nan nan nan nan 0.000000 nan -1.000000 nan nan nan nan nan nan nan 19 30 0.000000
326 10 25 105.000000 1.020000 nan nan nan nan nan nan nan nan nan nan nan nan nan nan nan nan nan nan nan nan nan 0.000000 nan -1.000000 nan nan nan nan nan nan nan 19 30 0.000000
327 10 26 105.000000 1.060000 nan nan nan nan nan nan nan nan nan nan nan nan nan nan nan nan nan nan nan nan nan 0.000000 nan -1.000000 nan nan nan nan nan nan nan 19 30 0.000000
328 10 27 105.000000 1.100000 nan nan nan nan nan nan nan nan nan nan nan nan nan nan nan nan nan nan nan nan nan 0.000000 nan -1.000000 nan nan nan nan nan nan nan 19 30 0.000000
329 10 28 105.000000 1.140000 nan nan nan nan nan nan nan nan nan nan nan nan nan nan nan nan nan nan nan nan nan 0.000000 nan -1.000000 nan nan nan nan nan nan nan 19 30 0.000000
330 10 29 105.000000 1.180000 nan nan nan nan nan nan nan nan nan nan nan nan nan nan nan nan nan nan nan nan nan 0.000000 nan -1.000000 nan nan nan nan nan nan nan 19 30 0.000000
331 11 0 115.000000 0.020000 nan nan nan nan nan nan nan nan nan nan nan nan nan nan nan nan nan nan nan nan nan 0.000000 nan -1.000000 nan nan nan nan nan nan nan 19 30 0.000000
332 11 1 115.000000 0.060000 nan nan nan nan nan nan nan nan nan nan nan nan nan nan nan nan nan nan nan nan nan 0.000000 nan -1.000000 nan nan nan nan nan nan nan 19 30 0.000000
333 11 2 115.000000 0.100000 nan nan nan nan nan nan nan nan nan nan nan nan nan nan nan nan nan nan nan nan nan 0.000000 nan -1.000000 nan nan nan nan nan nan nan 19 30 0.000000
334 11 3 115.000000 0.140000 nan nan nan nan nan nan nan nan nan nan nan nan nan nan nan nan nan nan nan nan nan 0.000000 nan -1.000000 nan nan nan nan nan nan nan 19 30 0.000000
335 11 4 115.000000 0.180000 nan nan nan nan nan nan nan nan nan nan nan nan nan nan nan nan nan nan nan nan nan 0.000000 nan -1.000000 nan nan nan nan nan nan nan 19 30 0.000000
336 11 5 115.000000 0.220000 nan nan nan nan nan nan nan nan nan nan nan nan nan nan nan nan nan nan nan nan nan 0.000000 nan -1.000000 nan nan nan nan nan nan nan 19 30 0.000000
337 11 6 115.000000 0.260000 nan nan nan nan nan nan nan nan nan nan nan nan nan nan nan nan nan nan nan nan nan 0.000000 nan -1.000000 nan nan nan nan nan nan nan 19 30 0.000000
338 11 7 115.000000 0.300000 nan nan nan nan nan nan nan nan nan nan nan nan nan nan nan nan nan nan nan nan nan 0.000000 nan -1.000000 nan nan nan nan nan nan nan 19 30 0.000000
339 11 8 115.000000 0.340000 nan nan nan nan nan nan nan nan nan nan nan nan nan nan nan nan nan nan nan nan nan 0.000000 nan -1.000000 nan nan nan nan nan nan nan 19 30 0.000000
340 11 9 115.000000 0.380000 nan nan nan nan nan nan nan nan nan nan nan nan nan nan nan nan nan nan nan nan nan 0.000000 nan -1.000000 nan nan nan nan nan nan nan 19 30 0.000000
341 11 10 115.000000 0.420000 nan nan nan nan nan nan nan nan nan nan nan nan nan nan nan nan nan nan nan nan nan 0.000000 nan -1.000000 nan nan nan nan nan nan nan 19 30 0.000000
342 11 11 115.000000 0.460000 nan nan nan nan nan nan nan nan nan nan nan nan nan nan nan nan nan nan nan nan nan 0.000000 nan -1.000000 nan nan nan nan nan nan nan 19 30 0.000000
343 11 12 115.000000 0.500000 nan nan nan nan nan nan nan nan nan nan nan nan nan nan nan nan nan nan nan nan nan 0.000000 nan -1.000000 nan nan nan nan nan nan nan 19 30 0.000000
344 11 13 115.000000 0.540000 nan nan nan nan nan nan nan nan nan nan nan nan nan nan nan nan nan nan nan nan nan 0.000000 nan -1.000000 nan nan nan nan nan nan nan 19 30 0.000000
345 11 14 115.000000 0.580000 nan nan nan nan nan nan nan nan nan nan nan nan nan nan nan nan nan nan nan nan nan 0.000000 nan -1.000000 nan nan nan nan nan nan nan 19 30 0.000000
346 11 15 115.000000 0.620000 nan nan nan nan nan nan nan nan nan nan nan nan nan nan nan nan nan nan nan nan nan 0.000000 nan -1.000000 nan nan nan nan nan nan nan 19 30 0.000000
347 11 16 115.000000 0.660000 nan nan nan nan nan nan nan nan nan nan nan nan nan nan nan nan nan nan nan nan nan 0.000000 nan -1.000000 nan nan nan nan nan nan nan 19 30 0.000000
348 11 17 115.000000 0.700000 nan nan nan nan nan nan nan nan nan nan nan nan nan nan nan nan nan nan nan nan nan 0.000000 nan -1.000000 nan nan nan nan nan nan nan 19 30 0.000000
349 11 18 115.000000 0.740000 nan nan nan nan nan nan nan nan nan nan nan nan nan nan nan nan nan nan nan nan nan 0.000000 nan -1.000000 nan nan nan nan nan nan nan 19 30 0.000000
350 11 19 115.000000 0.780000 nan nan nan nan nan nan nan nan nan nan nan nan nan nan nan nan nan nan nan nan nan 0.000000 nan -1.000000 nan nan nan nan nan nan nan 19 30 0.000000
351 11 20 115.000000 0.820000 nan nan nan nan nan nan nan nan nan nan nan nan nan nan nan nan nan nan nan nan nan 0.000000 nan -1.000000 nan nan nan nan nan nan nan 19 30 0.000000
352 11 21 115.000000 0.860000 nan nan nan nan nan nan nan nan nan nan nan nan nan nan nan nan nan nan nan nan nan 0.000000 nan -1.000000 nan nan nan nan nan nan nan 19 30 0.000000
353 11 22 115.000000 0.900000 nan nan nan nan nan nan nan nan nan nan nan nan nan nan nan nan nan nan nan nan nan 0.000000 nan -1.000000 nan nan nan nan nan nan nan 19 30 0.000000
354 11 23 115.000000 0.940000 nan nan nan nan nan nan nan nan nan nan nan nan nan nan nan nan nan nan nan nan nan 0.000000 nan -1.000000 nan nan nan nan nan nan nan 19 30 0.000000
355 11 24 115.000000 0.980000 nan nan nan nan nan nan nan nan nan nan nan nan nan nan nan nan nan nan nan nan nan 0.000000 nan -1.000000 nan nan nan nan nan nan nan 19 30 0.000000
356 11 25 115.000000 1.020000 nan nan nan nan nan nan nan nan nan nan nan nan nan nan nan nan nan nan nan nan nan 0.000000 nan -1.000000 nan nan nan nan nan nan nan 19 30 0.000000
357 11 26 115.000000 1.060000 nan nan nan nan nan nan nan nan nan nan nan nan nan nan nan nan nan nan nan nan nan 0.000000 nan -1.000000 nan nan nan nan nan nan nan 19 30 0.000000
358 11 27 115.000000 1.100000 nan nan nan nan nan nan nan nan nan nan nan nan nan nan nan nan nan nan nan nan nan 0.000000 nan -1.000000 nan nan nan nan nan nan nan 19 30 0.000000
359 11 28 115.000000 1.140000 nan nan nan nan nan nan nan nan nan nan nan nan nan nan nan nan nan nan nan nan nan 0.000000 nan -1.000000 nan nan nan nan nan nan nan 19 30 0.000000
360 11 29 115.000000 1.180000 nan nan nan nan nan nan nan nan nan nan nan nan nan nan nan nan nan nan nan nan nan 0.000000 nan -1.000000 nan nan nan nan nan nan nan 19 30 0.000000
361 12 0 125.000000 0.020000 nan nan nan nan nan nan nan nan nan nan nan nan nan nan nan nan nan nan nan nan nan 0.000000 nan -1.000000 nan nan nan nan nan nan nan 19 30 0.000000
362 12 1 125.000000 0.060000 nan nan nan nan nan nan nan nan nan nan nan nan nan nan nan nan nan nan nan nan nan 0.000000 nan -1.000000 nan nan nan nan nan nan nan 19 30 0.000000
363 12 2 125.000000 0.100000 nan nan nan nan nan nan nan nan nan nan nan nan nan nan nan nan nan nan nan nan nan 0.000000 nan -1.000000 nan nan nan nan nan nan nan 19 30 0.000000
364 12 3 125.000000 0.140000 nan nan nan nan nan nan nan nan nan nan nan nan nan nan nan nan nan nan nan nan nan 0.000000 nan -1.000000 nan nan nan nan nan nan nan 19 30 0.000000
365 12 4 125.000000 0.180000 nan nan nan nan nan nan nan nan nan nan nan nan nan nan nan nan nan nan nan nan nan 0.000000 nan -1.000000 nan nan nan nan nan nan nan 19 30 0.000000
366 12 5 125.000000 0.220000 nan nan nan nan nan nan nan nan nan nan nan nan nan nan nan nan nan nan nan nan nan 0.000000 nan -1.000000 nan nan nan nan nan nan nan 19 30 0.000000
367 12 6 125.000000 0.260000 nan nan nan nan nan nan nan nan nan nan nan nan nan nan nan nan nan nan nan nan nan 0.000000 nan -1.000000 nan nan nan nan nan nan nan 19 30 0.000000
368 12 7 125.000000 0.300000 nan nan nan nan nan nan nan nan nan nan nan nan nan nan nan nan nan nan nan nan nan 0.000000 nan -1.000000 nan nan nan nan nan nan nan 19 30 0.000000
369 12 8 125.000000 0.340000 nan nan nan nan nan nan nan nan nan nan nan nan nan nan nan nan nan nan nan nan nan 0.000000 nan -1.000000 nan nan nan nan nan nan nan 19 30 0.000000
370 12 9 125.000000 0.380000 nan nan nan nan nan nan nan nan nan nan nan nan nan nan nan nan nan nan nan nan nan 0.000000 nan -1.000000 nan nan nan nan nan nan nan 19 30 0.000000
371 12 10 125.000000 0.420000 nan nan nan nan nan nan nan nan nan nan nan nan nan nan nan nan nan nan nan nan nan 0.000000 nan -1.000000 nan nan nan nan nan nan nan 19 30 0.000000
372 12 11 125.000000 0.460000 nan nan nan nan nan nan nan nan nan nan nan nan nan nan nan nan nan nan nan nan nan 0.000000 nan -1.000000 nan nan nan nan nan nan nan 19 30 0.000000
373 12 12 125.000000 0.500000 nan nan nan nan nan nan nan nan nan nan nan nan nan nan nan nan nan nan nan nan nan 0.000000 nan -1.000000 nan nan nan nan nan nan nan 19 30 0.000000
374 12 13 125.000000 0.540000 nan nan nan nan nan nan nan nan nan nan nan nan nan nan nan nan nan nan nan nan nan 0.000000 nan -1.000000 nan nan nan nan nan nan nan 19 30 0.000000
375 12 14 125.000000 0.580000 nan nan nan nan nan nan nan nan nan nan nan nan nan nan nan nan nan nan nan nan nan 0.000000 nan -1.000000 nan nan nan nan nan nan nan 19 30 0.000000
376 12 15 125.000000 0.620000 nan nan nan nan nan nan nan nan nan nan nan nan nan nan nan nan nan nan nan nan nan 0.000000 nan -1.000000 nan nan nan nan nan nan nan 19 30 0.000000
377 12 16 125.000000 0.660000 nan nan nan nan nan nan nan nan nan nan nan nan nan nan nan nan nan nan nan nan nan 0.000000 nan -1.000000 nan nan nan nan nan nan nan 19 30 0.000000
378 12 17 125.000000 0.700000 nan nan nan nan nan nan nan nan nan nan nan nan nan nan nan nan nan nan nan nan nan 0.000000 nan -1.000000 nan nan nan nan nan nan nan 19 30 0.000000
379 12 18 125.000000 0.740000 nan nan nan nan nan nan nan nan nan nan nan nan nan nan nan nan nan nan nan nan nan 0.000000 nan -1.000000 nan nan nan nan nan nan nan 19 30 0.000000
380 12 19 125.000000 0.780000 nan nan nan nan nan nan nan nan nan nan nan nan nan nan nan nan nan nan nan nan nan 0.000000 nan -1.000000 nan nan nan nan nan nan nan 19 30 0.000000
381 12 20 125.000000 0.820000 nan nan nan nan nan nan nan nan nan nan nan nan nan nan nan nan nan nan nan nan nan 0.000000 nan -1.000000 nan nan nan nan nan nan nan 19 30 0.000000
382 12 21 125.000000 0.860000 nan nan nan nan nan nan nan nan nan nan nan nan nan nan nan nan nan nan nan nan nan 0.000000 nan -1.000000 nan nan nan nan nan nan nan 19 30 0.000000
383 12 22 125.000000 0.900000 nan nan nan nan nan nan nan nan nan nan nan nan nan nan nan nan nan nan nan nan nan 0.000000 nan -1.000000 nan nan nan nan nan nan nan 19 30 0.000000
384 12 23 125.000000 0.940000 nan nan nan nan nan nan nan nan nan nan nan nan nan nan nan nan nan nan nan nan nan 0.000000 nan -1.000000 nan nan nan nan nan nan nan 19 30 0.000000
385 12 24 125.000000 0.980000 nan nan nan nan nan nan nan nan nan nan nan nan nan nan nan nan nan nan nan nan nan 0.000000 nan -1.000000 nan nan nan nan nan nan nan 19 30 0.000000
386 12 25 125.000000 1.020000 nan nan nan nan nan nan nan nan nan nan nan nan nan nan nan nan nan nan nan nan nan 0.000000 nan -1.000000 nan nan nan nan nan nan nan 19 30 0.000000
387 12 26 125.000000 1.060000 nan nan nan nan nan nan nan nan nan nan nan nan nan nan nan nan nan nan nan nan nan 0.000000 nan -1.000000 nan nan nan nan nan nan nan 19 30 0.000000
388 12 27 125.000000 1.100000 nan nan nan nan nan nan nan nan nan nan nan nan nan nan nan nan nan nan nan nan nan 0.000000 nan -1.000000 nan nan nan nan nan nan nan 19 30 0.000000
389 12 28 125.000000 1.140000 nan nan nan nan nan nan nan nan nan nan nan nan nan nan nan nan nan nan nan nan nan 0.000000 nan -1.000000 nan nan nan nan nan nan nan 19 30 0.000000
390 12 29 125.000000 1.180000 nan nan nan nan nan nan nan nan nan nan nan nan nan nan nan nan nan nan nan nan nan 0.000000 nan -1.000000 nan nan nan nan nan nan nan 19 30 0.000000
391 13 0 135.000000 0.020000 nan nan nan nan nan nan nan nan nan nan nan nan nan nan nan nan nan nan nan nan nan 0.000000 nan -1.000000 nan nan nan nan nan nan nan 19 30 0.000000
392 13 1 135.000000 0.060000 nan nan nan nan nan nan nan nan nan nan nan nan nan nan nan nan nan nan nan nan nan 0.000000 nan -1.000000 nan nan nan nan nan nan nan 19 30 0.000000
393 13 2 135.000000 0.100000 nan nan nan nan nan nan nan nan nan nan nan nan nan nan nan nan nan nan nan nan nan 0.000000 nan -1.000000 nan nan nan nan nan nan nan 19 30 0.000000
394 13 3 135.000000 0.140000 nan nan nan nan nan nan nan nan nan nan nan nan nan nan nan nan nan nan nan nan nan 0.000000 nan -1.000000 nan nan nan nan nan nan nan 19 30 0.000000
395 13 4 135.000000 0.180000 nan nan nan nan nan nan nan nan nan nan nan nan nan nan nan nan nan nan nan nan nan 0.000000 nan -1.000000 nan nan nan nan nan nan nan 19 30 0.000000
396 13 5 135.000000 0.220000 nan nan nan nan nan nan nan nan nan nan nan nan nan nan nan nan nan nan nan nan nan 0.000000 nan -1.000000 nan nan nan nan nan nan nan 19 30 0.000000
397 13 6 135.000000 0.260000 nan nan nan nan nan nan nan nan nan nan nan nan nan nan nan nan nan nan nan nan nan 0.000000 nan -1.000000 nan nan nan nan nan nan nan 19 30 0.000000
398 13 7 135.000000 0.300000 nan nan nan nan nan nan nan nan nan nan nan nan nan nan nan nan nan nan nan nan nan 0.000000 nan -1.000000 nan nan nan nan nan nan nan 19 30 0.000000
399 13 8 135.000000 0.340000 nan nan nan nan nan nan nan nan nan nan nan nan nan nan nan nan nan nan nan nan nan 0.000000 nan -1.000000 nan nan nan nan nan nan nan 19 30 0.000000
400 13 9 135.000000 0.380000 nan nan nan nan nan nan nan nan nan nan nan nan nan nan nan nan nan nan nan nan nan 0.000000 nan -1.000000 nan nan nan nan nan nan nan 19 30 0.000000
401 13 10 135.000000 0.420000 nan nan nan nan nan nan nan nan nan nan nan nan nan nan nan nan nan nan nan nan nan 0.000000 nan -1.000000 nan nan nan nan nan nan nan 19 30 0.000000
402 13 11 135.000000 0.460000 nan nan nan nan nan nan nan nan nan nan nan nan nan nan nan nan nan nan nan nan nan 0.000000 nan -1.000000 nan nan nan nan nan nan nan 19 30 0.000000
403 13 12 135.000000 0.500000 nan nan nan nan nan nan nan nan nan nan nan nan nan nan nan nan nan nan nan nan nan 0.000000 nan -1.000000 nan nan nan nan nan nan nan 19 30 0.000000
404 13 13 135.000000 0.540000 nan nan nan nan nan nan nan nan nan nan nan nan nan nan nan nan nan nan nan nan nan 0.000000 nan -1.000000 nan nan nan nan nan nan nan 19 30 0.000000
405 13 14 135.000000 0.580000 nan nan nan nan nan nan nan nan nan nan nan nan nan nan nan nan nan nan nan nan nan 0.000000 nan -1.000000 nan nan nan nan nan nan nan 19 30 0.000000
406 13 15 135.000000 0.620000 nan nan nan nan nan nan nan nan nan nan nan nan nan nan nan nan nan nan nan nan nan 0.000000 nan -1.000000 nan nan nan nan nan nan nan 19 30 0.000000
407 13 16 135.000000 0.660000 nan nan nan nan nan nan nan nan nan nan nan nan nan nan nan nan nan nan nan nan nan 0.000000 nan -1.000000 nan nan nan nan nan nan nan 19 30 0.000000
408 13 17 135.000000 0.700000 nan nan nan nan nan nan nan nan nan nan nan nan nan nan nan nan nan nan nan nan nan 0.000000 nan -1.000000 nan nan nan nan nan nan nan 19 30 0.000000
409 13 18 135.000000 0.740000 nan nan nan nan nan nan nan nan nan nan nan nan nan nan nan nan nan nan nan nan nan 0.000000 nan -1.000000 nan nan nan nan nan nan nan 19 30 0.000000
410 13 19 135.000000 0.780000 nan nan nan nan nan nan nan nan nan nan nan nan nan nan nan nan nan nan nan nan nan 0.000000 nan -1.000000 nan nan nan nan nan nan nan 19 30 0.000000
411 13 20 135.000000 0.820000 nan nan nan nan nan nan nan nan nan nan nan nan nan nan nan nan nan nan nan nan nan 0.000000 nan -1.000000 nan nan nan nan nan nan nan 19 30 0.000000
412 13 21 135.000000 0.860000 nan nan nan nan nan nan nan nan nan nan nan nan nan nan nan nan nan nan nan nan nan 0.000000 nan -1.000000 nan nan nan nan nan nan nan 19 30 0.000000
413 13 22 135.000000 0.900000 nan nan nan nan nan nan nan nan nan nan nan nan nan nan nan nan nan nan nan nan nan 0.000000 nan -1.000000 nan nan nan nan nan nan nan 19 30 0.000000
414 13 23 135.000000 0.940000 nan nan nan nan nan nan nan nan nan nan nan nan nan nan nan nan nan nan nan nan nan 0.000000 nan -1.000000 nan nan nan nan nan nan nan 19 30 0.000000
415 13 24 135.000000 0.980000 nan nan nan nan nan nan nan nan nan nan nan nan nan nan nan nan nan nan nan nan nan 0.000000 nan -1.000000 nan nan nan nan nan nan nan 19 30 0.000000
416 13 25 135.000000 1.020000 nan nan nan nan nan nan nan nan nan nan nan nan nan nan nan nan nan nan nan nan nan 0.000000 nan -1.000000 nan nan nan nan nan nan nan 19 30 0.000000
417 13 26 135.000000 1.060000 nan nan nan nan nan nan nan nan nan nan nan nan nan nan nan nan nan nan nan nan nan 0.000000 nan -1.000000 nan nan nan nan nan nan nan 19 30 0.000000
418 13 27 135.000000 1.100000 nan nan nan nan nan nan nan nan nan nan nan nan nan nan nan nan nan nan nan nan nan 0.000000 nan -1.000000 nan nan nan nan nan nan nan 19 30 0.000000
419 13 28 135.000000 1.140000 nan nan nan nan nan nan nan nan nan nan nan nan nan nan nan nan nan nan nan nan nan 0.000000 nan -1.000000 nan nan nan nan nan nan nan 19 30 0.000000
420 13 29 135.000000 1.180000 nan nan nan nan nan nan nan nan nan nan nan nan nan nan nan nan nan nan nan nan nan 0.000000 nan -1.000000 nan nan nan nan nan nan nan 19 30 0.000000
421 14 0 145.000000 0.020000 nan nan nan nan nan nan nan nan nan nan nan nan nan nan nan nan nan nan nan nan nan 0.000000 nan -1.000000 nan nan nan nan nan nan nan 19 30 0.000000
422 14 1 145.000000 0.060000 nan nan nan nan nan nan nan nan nan nan nan nan nan nan nan nan nan nan nan nan nan 0.000000 nan -1.000000 nan nan nan nan nan nan nan 19 30 0.000000
423 14 2 145.000000 0.100000 nan nan nan nan nan nan nan nan nan nan nan nan nan nan nan nan nan nan nan nan nan 0.000000 nan -1.000000 nan nan nan nan nan nan nan 19 30 0.000000
424 14 3 145.000000 0.140000 nan nan nan nan nan nan nan nan nan nan nan nan nan nan nan nan nan nan nan nan nan 0.000000 nan -1.000000 nan nan nan nan nan nan nan 19 30 0.000000
425 14 4 145.000000 0.180000 nan nan nan nan nan nan nan nan nan nan nan nan nan nan nan nan nan nan nan nan nan 0.000000 nan -1.000000 nan nan nan nan nan nan nan 19 30 0.000000
426 14 5 145.000000 0.220000 nan nan nan nan nan nan nan nan nan nan nan nan nan nan nan nan nan nan nan nan nan 0.000000 nan -1.000000 nan nan nan nan nan nan nan 19 30 0.000000
427 14 6 145.000000 0.260000 nan nan nan nan nan nan nan nan nan nan nan nan nan nan nan nan nan nan nan nan nan 0.000000 nan -1.000000 nan nan nan nan nan nan nan 19 30 0.000000
428 14 7 145.000000 0.300000 nan nan nan nan nan nan nan nan nan nan nan nan nan nan nan nan nan nan nan nan nan 0.000000 nan -1.000000 nan nan nan nan nan nan nan 19 30 0.000000
429 14 8 145.000000 0.340000 nan nan nan nan nan nan nan nan nan nan nan nan nan nan nan nan nan nan nan nan nan 0.000000 nan -1.000000 nan nan nan nan nan nan nan 19 30 0.000000
430 14 9 145.000000 0.380000 nan nan nan nan nan nan nan nan nan nan nan nan nan nan nan nan nan nan nan nan nan 0.000000 nan -1.000000 nan nan nan nan nan nan nan 19 30 0.000000
431 14 10 145.000000 0.420000 nan nan nan nan nan nan nan nan nan nan nan nan nan nan nan nan nan nan nan nan nan 0.000000 nan -1.000000 nan nan nan nan nan nan nan 19 30 0.000000
432 14 11 145.000000 0.460000 nan nan nan nan nan nan nan nan nan nan nan nan nan nan nan nan nan nan nan nan nan 0.000000 nan -1.000000 nan nan nan nan nan nan nan 19 30 0.000000
433 14 12 145.000000 0.500000 nan nan nan nan nan nan nan nan nan nan nan nan nan nan nan nan nan nan nan nan nan 0.000000 nan -1.000000 nan nan nan nan nan nan nan 19 30 0.000000
434 14 13 145.000000 0.540000 nan nan nan nan nan nan nan nan nan nan nan nan nan nan nan nan nan nan nan nan nan 0.000000 nan -1.000000 nan nan nan nan nan nan nan 19 30 0.000000
435 14 14 145.000000 0.580000 nan nan nan nan nan nan nan nan nan nan nan nan nan nan nan nan nan nan nan nan nan 0.000000 nan -1.000000 nan nan nan nan nan nan nan 19 30 0.000000
436 14 15 145.000000 0.620000 nan nan nan nan nan nan nan nan nan nan nan nan nan nan nan nan nan nan nan nan nan 0.000000 nan -1.000000 nan nan nan nan nan nan nan 19 30 0.000000
437 14 16 145.000000 0.660000 nan nan nan nan nan nan nan nan nan nan nan nan nan nan nan nan nan nan nan nan nan 0.000000 nan -1.000000 nan nan nan nan nan nan nan 19 30 0.000000
438 14 17 145.000000 0.700000 nan nan nan nan nan nan nan nan nan nan nan nan nan nan nan nan nan nan nan nan nan 0.000000 nan -1.000000 nan nan nan nan nan nan nan 19 30 0.000000
439 14 18 145.000000 0.740000 nan nan nan nan nan nan nan nan nan nan nan nan nan nan nan nan nan nan nan nan nan 0.000000 nan -1.000000 nan nan nan nan nan nan nan 19 30 0.000000
440 14 19 145.000000 0.780000 nan nan nan nan nan nan nan nan nan nan nan nan nan nan nan nan nan nan nan nan nan 0.000000 nan -1.000000 nan nan nan nan nan nan nan 19 30 0.000000
441 14 20 145.000000 0.820000 nan nan nan nan nan nan nan nan nan nan nan nan nan nan nan nan nan nan nan nan nan 0.000000 nan -1.000000 nan nan nan nan nan nan nan 19 30 0.000000
442 14 21 145.000000 0.860000 nan nan nan nan nan nan nan nan nan nan nan nan nan nan nan nan nan nan nan nan nan 0.000000 nan -1.000000 nan nan nan nan nan nan nan 19 30 0.000000
443 14 22 145.000000 0.900000 nan nan nan nan nan nan nan nan nan nan nan nan nan nan nan nan nan nan nan nan nan 0.000000 nan -1.000000 nan nan nan nan nan nan nan 19 30 0.000000
444 14 23 145.000000 0.940000 nan nan nan nan nan nan nan nan nan nan nan nan nan nan nan nan nan nan nan nan nan 0.000000 nan -1.000000 nan nan nan nan nan nan nan 19 30 0.000000
445 14 24 145.000000 0.980000 nan nan nan nan nan nan nan nan nan nan nan nan nan nan nan nan nan nan nan nan nan 0.000000 nan -1.000000 nan nan nan nan nan nan nan 19 30 0.000000
446 14 25 145.000000 1.020000 nan nan nan nan nan nan nan nan nan nan nan nan nan nan nan nan nan nan nan nan nan 0.000000 nan -1.000000 nan nan nan nan nan nan nan 19 30 0.000000
447 14 26 145.000000 1.060000 nan nan nan nan nan nan nan nan nan nan nan nan nan nan nan nan nan nan nan nan nan 0.000000 nan -1.000000 nan nan nan nan nan nan nan 19 30 0.000000
448 14 27 145.000000 1.100000 nan nan nan nan nan nan nan nan nan nan nan nan nan nan nan nan nan nan nan nan nan 0.000000 nan -1.000000 nan nan nan nan nan nan nan 19 30 0.000000
449 14 28 145.000000 1.140000 nan nan nan nan nan nan nan nan nan nan nan nan nan nan nan nan nan nan nan nan nan 0.000000 nan -1.000000 nan nan nan nan nan nan nan 19 30 0.000000
450 14 29 145.000000 1.180000 nan nan nan nan nan nan nan nan nan nan nan nan nan nan nan nan nan nan nan nan nan 0.000000 nan -1.000000 nan nan nan nan nan nan nan 19 30 0.000000
451 15 0 155.000000 0.020000 nan nan nan nan nan nan nan nan nan nan nan nan nan nan nan nan nan nan nan nan nan 0.000000 nan -1.000000 nan nan nan nan nan nan nan 19 30 0.000000
452 15 1 155.000000 0.060000 nan nan nan nan nan nan nan nan nan nan nan nan nan nan nan nan nan nan nan nan nan 0.000000 nan -1.000000 nan nan nan nan nan nan nan 19 30 0.000000
453 15 2 155.000000 0.100000 nan nan nan nan nan nan nan nan nan nan nan nan nan nan nan nan nan nan nan nan nan 0.000000 nan -1.000000 nan nan nan nan nan nan nan 19 30 0.000000
454 15 3 155.000000 0.140000 nan nan nan nan nan nan nan nan nan nan nan nan nan nan nan nan nan nan nan nan nan 0.000000 nan -1.000000 nan nan nan nan nan nan nan 19 30 0.000000
455 15 4 155.000000 0.180000 nan nan nan nan nan nan nan nan nan nan nan nan nan nan nan nan nan nan nan nan nan 0.000000 nan -1.000000 nan nan nan nan nan nan nan 19 30 0.000000
456 15 5 155.000000 0.220000 nan nan nan nan nan nan nan nan nan nan nan nan nan nan nan nan nan nan nan nan nan 0.000000 nan -1.000000 nan nan nan nan nan nan nan 19 30 0.000000
457 15 6 155.000000 0.260000 nan nan nan nan nan nan nan nan nan nan nan nan nan nan nan nan nan nan nan nan nan 0.000000 nan -1.000000 nan nan nan nan nan nan nan 19 30 0.000000
458 15 7 155.000000 0.300000 nan nan nan nan nan nan nan nan nan nan nan nan nan nan nan nan nan nan nan nan nan 0.000000 nan -1.000000 nan nan nan nan nan nan nan 19 30 0.000000
459 15 8 155.000000 0.340000 nan nan nan nan nan nan nan nan nan nan nan nan nan nan nan nan nan nan nan nan nan 0.000000 nan -1.000000 nan nan nan nan nan nan nan 19 30 0.000000
460 15 9 155.000000 0.380000 nan nan nan nan nan nan nan nan nan nan nan nan nan nan nan nan nan nan nan nan nan 0.000000 nan -1.000000 nan nan nan nan nan nan nan 19 30 0.000000
461 15 10 155.000000 0.420000 nan nan nan nan nan nan nan nan nan nan nan nan nan nan nan nan nan nan nan nan nan 0.000000 nan -1.000000 nan nan nan nan nan nan nan 19 30 0.000000
462 15 11 155.000000 0.460000 nan nan nan nan nan nan nan nan nan nan nan nan nan nan nan nan nan nan nan nan nan 0.000000 nan -1.000000 nan nan nan nan nan nan nan 19 30 0.000000
463 15 12 155.000000 0.500000 nan nan nan nan nan nan nan nan nan nan nan nan nan nan nan nan nan nan nan nan nan 0.000000 nan -1.000000 nan nan nan nan nan nan nan 19 30 0.000000
464 15 13 155.000000 0.540000 nan nan nan nan nan nan nan nan nan nan nan nan nan nan nan nan nan nan nan nan nan 0.000000 nan -1.000000 nan nan nan nan nan nan nan 19 30 0.000000
465 15 14 155.000000 0.580000 nan nan nan nan nan nan nan nan nan nan nan nan nan nan nan nan nan nan nan nan nan 0.000000 nan -1.000000 nan nan nan nan nan nan nan 19 30 0.000000
466 15 15 155.000000 0.620000 nan nan nan nan nan nan nan nan nan nan nan nan nan nan nan nan nan nan nan nan nan 0.000000 nan -1.000000 nan nan nan nan nan nan nan 19 30 0.000000
467 15 16 155.000000 0.660000 nan nan nan nan nan nan nan nan nan nan nan nan nan nan nan nan nan nan nan nan nan 0.000000 nan -1.000000 nan nan nan nan nan nan nan 19 30 0.000000
468 15 17 155.000000 0.700000 nan nan nan nan nan nan nan nan nan nan nan nan nan nan nan nan nan nan nan nan nan 0.000000 nan -1.000000 nan nan nan nan nan nan nan 19 30 0.000000
469 15 18 155.000000 0.740000 nan nan nan nan nan nan nan nan nan nan nan nan nan nan nan nan nan nan nan nan nan 0.000000 nan -1.000000 nan nan nan nan nan nan nan 19 30 0.000000
470 15 19 155.000000 0.780000 nan nan nan nan nan nan nan nan nan nan nan nan nan nan nan nan nan nan nan nan nan 0.000000 nan -1.000000 nan nan nan nan nan nan nan 19 30 0.000000
471 15 20 155.000000 0.820000 nan nan nan nan nan nan nan nan nan nan nan nan nan nan nan nan nan nan nan nan nan 0.000000 nan -1.000000 nan nan nan nan nan nan nan 19 30 0.000000
472 15 21 155.000000 0.860000 nan nan nan nan nan nan nan nan nan nan nan nan nan nan nan nan nan nan nan nan nan 0.000000 nan -1.000000 nan nan nan nan nan nan nan 19 30 0.000000
473 15 22 155.000000 0.900000 nan nan nan nan nan nan nan nan nan nan nan nan nan nan nan nan nan nan nan nan nan 0.000000 nan -1.000000 nan nan nan nan nan nan nan 19 30 0.000000
474 15 23 155.000000 0.940000 nan nan nan nan nan nan nan nan nan nan nan nan nan nan nan nan nan nan nan nan nan 0.000000 nan -1.000000 nan nan nan nan nan nan nan 19 30 0.000000
475 15 24 155.000000 0.980000 nan nan nan nan nan nan nan nan nan nan nan nan nan nan nan nan nan nan nan nan nan 0.000000 nan -1.000000 nan nan nan nan nan nan nan 19 30 0.000000
476 15 25 155.000000 1.020000 nan nan nan nan nan nan nan nan nan nan nan nan nan nan nan nan nan nan nan nan nan 0.000000 nan -1.000000 nan nan nan nan nan nan nan 19 30 0.000000
477 15 26 155.000000 1.060000 nan nan nan nan nan nan nan nan nan nan nan nan nan nan nan nan nan nan nan nan nan 0.000000 nan -1.000000 nan nan nan nan nan nan nan 19 30 0.000000
478 15 27 155.000000 1.100000 nan nan nan nan nan nan nan nan nan nan nan nan nan nan nan nan nan nan nan nan nan 0.000000 nan -1.000000 nan nan nan nan nan nan nan 19 30 0.000000
479 15 28 155.000000 1.140000 nan nan nan nan nan nan nan nan nan nan nan nan nan nan nan nan nan nan nan nan nan 0.000000 nan -1.000000 nan nan nan nan nan nan nan 19 30 0.000000
480 15 29 155.000000 1.180000 nan nan nan nan nan nan nan nan nan nan nan nan nan nan nan nan nan nan nan nan nan 0.000000 nan -1.000000 nan nan nan nan nan nan nan 19 30 0.000000
481 16 0 165.000000 0.020000 nan nan nan nan nan nan nan nan nan nan nan nan nan nan nan nan nan nan nan nan nan 0.000000 nan -1.000000 nan nan nan nan nan nan nan 19 30 0.000000
482 16 1 165.000000 0.060000 nan nan nan nan nan nan nan nan nan nan nan nan nan nan nan nan nan nan nan nan nan 0.000000 nan -1.000000 nan nan nan nan nan nan nan 19 30 0.000000
483 16 2 165.000000 0.100000 nan nan nan nan nan nan nan nan nan nan nan nan nan nan nan nan nan nan nan nan nan 0.000000 nan -1.000000 nan nan nan nan nan nan nan 19 30 0.000000
484 16 3 165.000000 0.140000 nan nan nan nan nan nan nan nan nan nan nan nan nan nan nan nan nan nan nan nan nan 0.000000 nan -1.000000 nan nan nan nan nan nan nan 19 30 0.000000
485 16 4 165.000000 0.180000 nan nan nan nan nan nan nan nan nan nan nan nan nan nan nan nan nan nan nan nan nan 0.000000 nan -1.000000 nan nan nan nan nan nan nan 19 30 0.000000
486 16 5 165.000000 0.220000 nan nan nan nan nan nan nan nan nan nan nan nan nan nan nan nan nan nan nan nan nan 0.000000 nan -1.000000 nan nan nan nan nan nan nan 19 30 0.000000
487 16 6 165.000000 0.260000 nan nan nan nan nan nan nan nan nan nan nan nan nan nan nan nan nan nan nan nan nan 0.000000 nan -1.000000 nan nan nan nan nan nan nan 19 30 0.000000
488 16 7 165.000000 0.300000 nan nan nan nan nan nan nan nan nan nan nan nan nan nan nan nan nan nan nan nan nan 0.000000 nan -1.000000 nan nan nan nan nan nan nan 19 30 0.000000
489 16 8 165.000000 0.340000 nan nan nan nan nan nan nan nan nan nan nan nan nan nan nan nan nan nan nan nan nan 0.000000 nan -1.000000 nan nan nan nan nan nan nan 19 30 0.000000
490 16 9 165.000000 0.380000 nan nan nan nan nan nan nan nan nan nan nan nan nan nan nan nan nan nan nan nan nan 0.000000 nan -1.000000 nan nan nan nan nan nan nan 19 30 0.000000
491 16 10 165.000000 0.420000 nan nan nan nan nan nan nan nan nan nan nan nan nan nan nan nan nan nan nan nan nan 0.000000 nan -1.000000 nan nan nan nan nan nan nan 19 30 0.000000
492 16 11 165.000000 0.460000 nan nan nan nan nan nan nan nan nan nan nan nan nan nan nan nan nan nan nan nan nan 0.000000 nan -1.000000 nan nan nan nan nan nan nan 19 30 0.000000
493 16 12 165.000000 0.500000 nan nan nan nan nan nan nan nan nan nan nan nan nan nan nan nan nan nan nan nan nan 0.000000 nan -1.000000 nan nan nan nan nan nan nan 19 30 0.000000
494 16 13 165.000000 0.540000 nan nan nan nan nan nan nan nan nan nan nan nan nan nan nan nan nan nan nan nan nan 0.000000 nan -1.000000 nan nan nan nan nan nan nan 19 30 0.000000
495 16 14 165.000000 0.580000 nan nan nan nan nan nan nan nan nan nan nan nan nan nan nan nan nan nan nan nan nan 0.000000 nan -1.000000 nan nan nan nan nan nan nan 19 30 0.000000
496 16 15 165.000000 0.620000 nan nan nan nan nan nan nan nan nan nan nan nan nan nan nan nan nan nan nan nan nan 0.000000 nan -1.000000 nan nan nan nan nan nan nan 19 30 0.000000
497 16 16 165.000000 0.660000 nan nan nan nan nan nan nan nan nan nan nan nan nan nan nan nan nan nan nan nan nan 0.000000 nan -1.000000 nan nan nan nan nan nan nan 19 30 0.000000
498 16 17 165.000000 0.700000 nan nan nan nan nan nan nan nan nan nan nan nan nan nan nan nan nan nan nan nan nan 0.000000 nan -1.000000 nan nan nan nan nan nan nan 19 30 0.000000
499 16 18 165.000000 0.740000 nan nan nan nan nan nan nan nan nan nan nan nan nan nan nan nan nan nan nan nan nan 0.000000 nan -1.000000 nan nan nan nan nan nan nan 19 30 0.000000
500 16 19 165.000000 0.780000 nan nan nan nan nan nan nan nan nan nan nan nan nan nan nan nan nan nan nan nan nan 0.000000 nan -1.000000 nan nan nan nan nan nan nan 19 30 0.000000
501 16 20 165.000000 0.820000 nan nan nan nan nan nan nan nan nan nan nan nan nan nan nan nan nan nan nan nan nan 0.000000 nan -1.000000 nan nan nan nan nan nan nan 19 30 0.000000
502 16 21 165.000000 0.860000 nan nan nan nan nan nan nan nan nan nan nan nan nan nan nan nan nan nan nan nan nan 0.000000 nan -1.000000 nan nan nan nan nan nan nan 19 30 0.000000
503 16 22 165.000000 0.900000 nan nan nan nan nan nan nan nan nan nan nan nan nan nan nan nan nan nan nan nan nan 0.000000 nan -1.000000 nan nan nan nan nan nan nan 19 30 0.000000
504 16 23 165.000000 0.940000 nan nan nan nan nan nan nan nan nan nan nan nan nan nan nan nan nan nan nan nan nan 0.000000 nan -1.000000 nan nan nan nan nan nan nan 19 30 0.000000
505 16 24 165.000000 0.980000 nan nan nan nan nan nan nan nan nan nan nan nan nan nan nan nan nan nan nan nan nan 0.000000 nan -1.000000 nan nan nan nan nan nan nan 19 30 0.000000
506 16 25 165.000000 1.020000 nan nan nan nan nan nan nan nan nan nan nan nan nan nan nan nan nan nan nan nan nan 0.000000 nan -1.000000 nan nan nan nan nan nan nan 19 30 0.000000
507 16 26 165.000000 1.060000 nan nan nan nan nan nan nan nan nan nan nan nan nan nan nan nan nan nan nan nan nan 0.000000 nan -1.000000 nan nan nan nan nan nan nan 19 30 0.000000
508 16 27 165.000000 1.100000 nan nan nan nan nan nan nan nan nan nan nan nan nan nan nan nan nan nan nan nan nan 0.000000 nan -1.000000 nan nan nan nan nan nan nan 19 30 0.000000
509 16 28 165.000000 1.140000 nan nan nan nan nan nan nan nan nan nan nan nan nan nan nan nan nan nan nan nan nan 0.000000 nan -1.000000 nan nan nan nan nan nan nan 19 30 0.000000
510 16 29 165.000000 1.180000 nan nan nan nan nan nan nan nan nan nan nan nan nan nan nan nan nan nan nan nan nan 0.000000 nan -1.000000 nan nan nan nan nan nan nan 19 30 0.000000
511 17 0 175.000000 0.020000 nan nan nan nan nan nan nan nan nan nan nan nan nan nan nan nan nan nan nan nan nan 0.000000 nan -1.000000 nan nan nan nan nan nan nan 19 30 0.000000
512 17 1 175.000000 0.060000 nan nan nan nan nan nan nan nan nan nan nan nan nan nan nan nan nan nan nan nan nan 0.000000 nan -1.000000 nan nan nan nan nan nan nan 19 30 0.000000
513 17 2 175.000000 0.100000 nan nan nan nan nan nan nan nan nan nan nan nan nan nan nan nan nan nan nan nan nan 0.000000 nan -1.000000 nan nan nan nan nan nan nan 19 30 0.000000
514 17 3 175.000000 0.140000 nan nan nan nan nan nan nan nan nan nan nan nan nan nan nan nan nan nan nan nan nan 0.000000 nan -1.000000 nan nan nan nan nan nan nan 19 30 0.000000
515 17 4 175.000000 0.180000 nan nan nan nan nan nan nan nan nan nan nan nan nan nan nan nan nan nan nan nan nan 0.000000 nan -1.000000 nan nan nan nan nan nan nan 19 30 0.000000
516 17 5 175.000000 0.220000 nan nan nan nan nan nan nan nan nan nan nan nan nan nan nan nan nan nan nan nan nan 0.000000 nan -1.000000 nan nan nan nan nan nan nan 19 30 0.000000
517 17 6 175.000000 0.260000 nan nan nan nan nan nan nan nan nan nan nan nan nan nan nan nan nan nan nan nan nan 0.000000 nan -1.000000 nan nan nan nan nan nan nan 19 30 0.000000
518 17 7 175.000000 0.300000 nan nan nan nan nan nan nan nan nan nan nan nan nan nan nan nan nan nan nan nan nan 0.000000 nan -1.000000 nan nan nan nan nan nan nan 19 30 0.000000
519 17 8 175.000000 0.340000 nan nan nan nan nan nan nan nan nan nan nan nan nan nan nan nan nan nan nan nan nan 0.000000 nan -1.000000 nan nan nan nan nan nan nan 19 30 0.000000
520 17 9 175.000000 0.380000 nan nan nan nan nan nan nan nan nan nan nan nan nan nan nan nan nan nan nan nan nan 0.000000 nan -1.000000 nan nan nan nan nan nan nan 19 30 0.000000
521 17 10 175.000000 0.420000 nan nan nan nan nan nan nan nan nan nan nan nan nan nan nan nan nan nan nan nan nan 0.000000 nan -1.000000 nan nan nan nan nan nan nan 19 30 0.000000
522 17 11 175.000000 0.460000 nan nan nan nan nan nan nan nan nan nan nan nan nan nan nan nan nan nan nan nan nan 0.000000 nan -1.000000 nan nan nan nan nan nan nan 19 30 0.000000
523 17 12 175.000000 0.500000 nan nan nan nan nan nan nan nan nan nan nan nan nan nan nan nan nan nan nan nan nan 0.000000 nan -1.000000 nan nan nan nan nan nan nan 19 30 0.000000
524 17 13 175.000000 0.540000 nan nan nan nan nan nan nan nan nan nan nan nan nan nan nan nan nan nan nan nan nan 0.000000 nan -1.000000 nan nan nan nan nan nan nan 19 30 0.000000
525 17 14 175.000000 0.580000 nan nan nan nan nan nan nan nan nan nan nan nan nan nan nan nan nan nan nan nan nan 0.000000 nan -1.000000 nan nan nan nan nan nan nan 19 30 0.000000
526 17 15 175.000000 0.620000 nan nan nan nan nan nan nan nan nan nan nan nan nan nan nan nan nan nan nan nan nan 0.000000 nan -1.000000 nan nan nan nan nan nan nan 19 30 0.000000
527 17 16 175.000000 0.660000 nan nan nan nan nan nan nan nan nan nan nan nan nan nan nan nan nan nan nan nan nan 0.000000 nan -1.000000 nan nan nan nan nan nan nan 19 30 0.000000
528 17 17 175.000000 0.700000 nan nan nan nan nan nan nan nan nan nan nan nan nan nan nan nan nan nan nan nan nan 0.000000 nan -1.000000 nan nan nan nan nan nan nan 19 30 0.000000
529 17 18 175.000000 0.740000 nan nan nan nan nan nan nan nan nan nan nan nan nan nan nan nan nan nan nan nan nan 0.000000 nan -1.000000 nan nan nan nan nan nan nan 19 30 0.000000
530 17 19 175.000000 0.780000 nan nan nan nan nan nan nan nan nan nan nan nan nan nan nan nan nan nan nan nan nan 0.000000 nan -1.000000 nan nan nan nan nan nan nan 19 30 0.000000
531 17 20 175.000000 0.820000 nan nan nan nan nan nan nan nan nan nan nan nan nan nan nan nan nan nan nan nan nan 0.000000 nan -1.000000 nan nan nan nan nan nan nan 19 30 0.000000
532 17 21 175.000000 0.860000 nan nan nan nan nan nan nan nan nan nan nan nan nan nan nan nan nan nan nan nan nan 0.000000 nan -1.000000 nan nan nan nan nan nan nan 19 30 0.000000
533 17 22 175.000000 0.900000 nan nan nan nan nan nan nan nan nan nan nan nan nan nan nan nan nan nan nan nan nan 0.000000 nan -1.000000 nan nan nan nan nan nan nan 19 30 0.000000
534 17 23 175.000000 0.940000 nan nan nan nan nan nan nan nan nan nan nan nan nan nan nan nan nan nan nan nan nan 0.000000 nan -1.000000 nan nan nan nan nan nan nan 19 30 0.000000
535 17 24 175.000000 0.980000 nan nan nan nan nan nan nan nan nan nan nan nan nan nan nan nan nan nan nan nan nan 0.000000 nan -1.000000 nan nan nan nan nan nan nan 19 30 0.000000
536 17 25 175.000000 1.020000 nan nan nan nan nan nan nan nan nan nan nan nan nan nan nan nan nan nan nan nan nan 0.000000 nan -1.000000 nan nan nan nan nan nan nan 19 30 0.000000
537 17 26 175.000000 1.060000 nan nan nan nan nan nan nan nan nan nan nan nan nan nan nan nan nan nan nan nan nan 0.000000 nan -1.000000 nan nan nan nan nan nan nan 19 30 0.000000
538 17 27 175.000000 1.100000 nan nan nan nan nan nan nan nan nan nan nan nan nan nan nan nan nan nan nan nan nan 0.000000 nan -1.000000 nan nan nan nan nan nan nan 19 30 0.000000
539 17 28 175.000000 1.140000 nan nan nan nan nan nan nan nan nan nan nan nan nan nan nan nan nan nan nan nan nan 0.000000 nan -1.000000 nan nan nan nan nan nan nan 19 30 0.000000
540 17 29 175.000000 1.180000 nan nan nan nan nan nan nan nan nan nan nan nan nan nan nan nan nan nan nan nan nan 0.000000 nan -1.000000 nan nan nan nan nan nan nan 19 30 0.000000
541 18 0 185.000000 0.020000 nan nan nan nan nan nan nan nan nan nan nan nan nan nan nan nan nan nan nan nan nan 0.000000 nan -1.000000 nan nan nan nan nan nan nan 19 30 0.000000
542 18 1 185.000000 0.060000 nan nan nan nan nan nan nan nan nan nan nan nan nan nan nan nan nan nan nan nan nan 0.000000 nan -1.000000 nan nan nan nan nan nan nan 19 30 0.000000
543 18 2 185.000000 0.100000 nan nan nan nan nan nan nan nan nan nan nan nan nan nan nan nan nan nan nan nan nan 0.000000 nan -1.000000 nan nan nan nan nan nan nan 19 30 0.000000
544 18 3 185.000000 0.140000 nan nan nan nan nan nan nan nan nan nan nan nan nan nan nan nan nan nan nan nan nan 0.000000 nan -1.000000 nan nan nan nan nan nan nan 19 30 0.000000
545 18 4 185.000000 0.180000 nan nan nan nan nan nan nan nan nan nan nan nan nan nan nan nan nan nan nan nan nan 0.000000 nan -1.000000 nan nan nan nan nan nan nan 19 30 0.000000
546 18 5 185.000000 0.220000 nan nan nan nan nan nan nan nan nan nan nan nan nan nan nan nan nan nan nan nan nan 0.000000 nan -1.000000 nan nan nan nan nan nan nan 19 30 0.000000
547 18 6 185.000000 0.260000 nan nan nan nan nan nan nan nan nan nan nan nan nan nan nan nan nan nan nan nan nan 0.000000 nan -1.000000 nan nan nan nan nan nan nan 19 30 0.000000
548 18 7 185.000000 0.300000 nan nan nan nan nan nan nan nan nan nan nan nan nan nan nan nan nan nan nan nan nan 0.000000 nan -1.000000 nan nan nan nan nan nan nan 19 30 0.000000
549 18 8 185.000000 0.340000 nan nan nan nan nan nan nan nan nan nan nan nan nan nan nan nan nan nan nan nan nan 0.000000 nan -1.000000 nan nan nan nan nan nan nan 19 30 0.000000
550 18 9 185.000000 0.380000 nan nan nan nan nan nan nan nan nan nan nan nan nan nan nan nan nan nan nan nan nan 0.000000 nan -1.000000 nan nan nan nan nan nan nan 19 30 0.000000
551 18 10 185.000000 0.420000 nan nan nan nan nan nan nan nan nan nan nan nan nan nan nan nan nan nan nan nan nan 0.000000 nan -1.000000 nan nan nan nan nan nan nan 19 30 0.000000
552 18 11 185.000000 0.460000 nan nan nan nan nan nan nan nan nan nan nan nan nan nan nan nan nan nan nan nan nan 0.000000 nan -1.000000 nan nan nan nan nan nan nan 19 30 0.000000
553 18 12 185.000000 0.500000 nan nan nan nan nan nan nan nan nan nan nan nan nan nan nan nan nan nan nan nan nan 0.000000 nan -1.000000 nan nan nan nan nan nan nan 19 30 0.000000
554 18 13 185.000000 0.540000 nan nan nan nan nan nan nan nan nan nan nan nan nan nan nan nan nan nan nan nan nan 0.000000 nan -1.000000 nan nan nan nan nan nan nan 19 30 0.000000
555 18 14 185.000000 0.580000 nan nan nan nan nan nan nan nan nan nan nan nan nan nan nan nan nan nan nan nan nan 0.000000 nan -1.000000 nan nan nan nan nan nan nan 19 30 0.000000
556 18 15 185.000000 0.620000 nan nan nan nan nan nan nan nan nan nan nan nan nan nan nan nan nan nan nan nan nan 0.000000 nan -1.000000 nan nan nan nan nan nan nan 19 30 0.000000
557 18 16 185.000000 0.660000 nan nan nan nan nan nan nan nan nan nan nan nan nan nan nan nan nan nan nan nan nan 0.000000 nan -1.000000 nan nan nan nan nan nan nan 19 30 0.000000
558 18 17 185.000000 0.700000 nan nan nan nan nan nan nan nan nan nan nan nan nan nan nan nan nan nan nan nan nan 0.000000 nan -1.000000 nan nan nan nan nan nan nan 19 30 0.000000
559 18 18 185.000000 0.740000 nan nan nan nan nan nan nan nan nan nan nan nan nan nan nan nan nan nan nan nan nan 0.000000 nan -1.000000 nan nan nan nan nan nan nan 19 30 0.000000
560 18 19 185.000000 0.780000 nan nan nan nan nan nan nan nan nan nan nan nan nan nan nan nan nan nan nan nan nan 0.000000 nan -1.000000 nan nan nan nan nan nan nan 19 30 0.000000
561 18 20 185.000000 0.820000 nan nan nan nan nan nan nan nan nan nan nan nan nan nan nan nan nan nan nan nan nan 0.000000 nan -1.000000 nan nan nan nan nan nan nan 19 30 0.000000
562 18 21 185.000000 0.860000 nan nan nan nan nan nan nan nan nan nan nan nan nan nan nan nan nan nan nan nan nan 0.000000 nan -1.000000 nan nan nan nan nan nan nan 19 30 0.000000
563 18 22 185.000000 0.900000 nan nan nan nan nan nan nan nan nan nan nan nan nan nan nan nan nan nan nan nan nan 0.000000 nan -1.000000 nan nan nan nan nan nan nan 19 30 0.000000
564 18 23 185.000000 0.940000 nan nan nan nan nan nan nan nan nan nan nan nan nan nan nan nan nan nan nan nan nan 0.000000 nan -1.000000 nan nan nan nan nan nan nan 19 30 0.000000
565 18 24 185.000000 0.980000 nan nan nan nan nan nan nan nan nan nan nan nan nan nan nan nan nan nan nan nan nan 0.000000 nan -1.000000 nan nan nan nan nan nan nan 19 30 0.000000
566 18 25 185.000000 1.020000 nan nan nan nan nan nan nan nan nan nan nan nan nan nan nan nan nan nan nan nan nan 0.000000 nan -1.000000 nan nan nan nan nan nan nan 19 30 0.000000
567 18 26 185.000000 1.060000 nan nan nan nan nan nan nan nan nan nan nan nan nan nan nan nan nan nan nan nan nan 0.000000 nan -1.000000 nan nan nan nan nan nan nan 19 30 0.000000
568 18 27 185.000000 1.100000 nan nan nan nan nan nan nan nan nan nan nan nan nan nan nan nan nan nan nan nan nan 0.000000 nan -1.000000 nan nan nan nan nan nan nan 19 30 0.000000
569 18 28 185.000000 1.140000 nan nan nan nan nan nan nan nan nan nan nan nan nan nan nan nan nan nan nan nan nan 0.000000 nan -1.000000 nan nan nan nan nan nan nan 19 30 0.000000
570 18 29 185.000000 1.180000 nan nan nan nan nan nan nan nan nan nan nan nan nan nan nan nan nan nan nan nan nan 0.000000 nan -1.000000 nan nan nan nan nan nan nan 19 30 0.000000
