# histogram parameters 
#\ dx = np.float64(10.0)
#\ dy = np.float64(0.04000000000000001)
#\ nx = 19
#\ ny = 30
#\ xmin = np.float64(0.0)
#\ ymin = np.float64(3.469446951953614e-18)

# averaged kinematics results
# averaged kinematic varibles used as input to calculate the averaged 
# kinematics: Ei, omega, th_e, pf
#
# variables with _mc attached are from histograms not calculated
# alpha is the spectatror (neutron) alpha
#\ xb = th_nq
#\ yb = pm
# current header line:
#! i_b[i,0]/ i_x[i,1]/ i_y[i,2]/ xb[f,3]/ yb[f,4]/ Ei[f,5]/ kf[f,6]/ th_e[f,7]/ omega_mc[f,8]/ omega[f,9]/ Q2[f,10]/ Q2_calc[f,11]/ q_mc[f,12]/ q_lab[f,13]/ Ep_calc[f,14]/ pf[f,15]/ pm_mc[f,16]/ pm[f,17]/ En_calc[f,18]/ beta_cm[f,19]/ gamma_cm[f,20]/ PfPar_q[f,21]/ PfPerp_q[f,22]/ theta_pq[f,23]/ theta_pq_calc[f,24]/ PfPar_cm[f,25]/ th_pq_cm[f,26]/ th_nq_mc[f,27]/ th_nq_calc[f,28]/  cos_phi[f,29]/  sin_phi[f,30]/  alpha_c[f,31]/  GEp[f,32]/   GMp[f,33]/   sigMott[f,34]/   Ksig_cc1[f,35]/  nx[i,36]/ ny[i,37]/ cont[f,38]/        
1 0 0 5.000000 0.020000 nan nan nan nan nan nan nan nan nan nan nan nan nan nan nan nan nan nan nan nan nan 0.000000 nan -1.000000 nan nan nan nan nan nan nan 19 30 0.000000
2 0 1 5.000000 0.060000 nan nan nan nan nan nan nan nan nan nan nan nan nan nan nan nan nan nan nan nan nan 0.000000 nan -1.000000 nan nan nan nan nan nan nan 19 30 0.000000
3 0 2 5.000000 0.100000 nan nan nan nan nan nan nan nan nan nan nan nan nan nan nan nan nan nan nan nan nan 0.000000 nan -1.000000 nan nan nan nan nan nan nan 19 30 0.000000
4 0 3 5.000000 0.140000 nan nan nan nan nan nan nan nan nan nan nan nan nan nan nan nan nan nan nan nan nan 0.000000 nan -1.000000 nan nan nan nan nan nan nan 19 30 0.000000
5 0 4 5.000000 0.180000 nan nan nan nan nan nan nan nan nan nan nan nan nan nan nan nan nan nan nan nan nan 0.000000 nan -1.000000 nan nan nan nan nan nan nan 19 30 0.000000
6 0 5 5.000000 0.220000 nan nan nan nan nan nan nan nan nan nan nan nan nan nan nan nan nan nan nan nan nan 0.000000 nan -1.000000 nan nan nan nan nan nan nan 19 30 0.000000
7 0 6 5.000000 0.260000 nan nan nan nan nan nan nan nan nan nan nan nan nan nan nan nan nan nan nan nan nan 0.000000 nan -1.000000 nan nan nan nan nan nan nan 19 30 0.000000
8 0 7 5.000000 0.300000 nan nan nan nan nan nan nan nan nan nan nan nan nan nan nan nan nan nan nan nan nan 0.000000 nan -1.000000 nan nan nan nan nan nan nan 19 30 0.000000
9 0 8 5.000000 0.340000 nan nan nan nan nan nan nan nan nan nan nan nan nan nan nan nan nan nan nan nan nan 0.000000 nan -1.000000 nan nan nan nan nan nan nan 19 30 0.000000
10 0 9 5.000000 0.380000 nan nan nan nan nan nan nan nan nan nan nan nan nan nan nan nan nan nan nan nan nan 0.000000 nan -1.000000 nan nan nan nan nan nan nan 19 30 0.000000
11 0 10 5.000000 0.420000 nan nan nan nan nan nan nan nan nan nan nan nan nan nan nan nan nan nan nan nan nan 0.000000 nan -1.000000 nan nan nan nan nan nan nan 19 30 0.000000
12 0 11 5.000000 0.460000 nan nan nan nan nan nan nan nan nan nan nan nan nan nan nan nan nan nan nan nan nan 0.000000 nan -1.000000 nan nan nan nan nan nan nan 19 30 0.000000
13 0 12 5.000000 0.500000 nan nan nan nan nan nan nan nan nan nan nan nan nan nan nan nan nan nan nan nan nan 0.000000 nan -1.000000 nan nan nan nan nan nan nan 19 30 0.000000
14 0 13 5.000000 0.540000 nan nan nan nan nan nan nan nan nan nan nan nan nan nan nan nan nan nan nan nan nan 0.000000 nan -1.000000 nan nan nan nan nan nan nan 19 30 0.000000
15 0 14 5.000000 0.580000 nan nan nan nan nan nan nan nan nan nan nan nan nan nan nan nan nan nan nan nan nan 0.000000 nan -1.000000 nan nan nan nan nan nan nan 19 30 0.000000
16 0 15 5.000000 0.620000 nan nan nan nan nan nan nan nan nan nan nan nan nan nan nan nan nan nan nan nan nan 0.000000 nan -1.000000 nan nan nan nan nan nan nan 19 30 0.000000
17 0 16 5.000000 0.660000 10542.032200 9014.784166 11.773672 1527.248170 1527.248020 3998798.250000 3998798.329305 2516.204590 2516.204452 2245.046826 2039.578610 676.572510 676.566694 1157.811194 0.739439 1.485390 1993.761527 429.878915 59.140769 12.167392 495.655685 40.934884 7.524998 39.448390 -0.911024 -0.412353 0.676236 0.021783 0.065453 0.417083 7316.056213 19 30 0.000001
18 0 17 5.000000 0.700000 10541.104927 9008.477685 11.812137 1532.627296 1532.627228 4021746.156323 4021707.682034 2524.048714 2524.015432 2232.986627 2026.295864 705.946681 705.995544 1175.250601 0.740563 1.488125 1976.631957 445.871100 59.600560 12.711526 480.610769 42.852625 8.531983 39.164531 -0.229336 -0.064451 0.668252 0.021627 0.064791 0.411740 5307.487014 19 30 0.000020
19 0 18 5.000000 0.740000 10541.271008 8974.697039 11.889848 1566.573961 1566.573954 4059522.250262 4059392.512378 2552.251285 2552.165054 2243.875673 2038.289402 743.644308 743.746239 1198.308281 0.741438 1.490265 1981.653120 477.152597 59.892713 13.538260 473.843165 45.199386 7.725433 39.907717 0.057873 0.068006 0.668177 0.021377 0.063723 0.401049 4354.855820 19 30 0.000099
20 0 19 5.000000 0.780000 10540.894718 8940.171710 11.957664 1600.722989 1600.722993 4089999.560474 4089722.715891 2579.315983 2579.154283 2253.382552 2048.750493 782.679896 782.830449 1222.950441 0.741918 1.491445 1984.486146 509.110320 60.193865 14.388647 466.316643 47.512055 7.137433 40.567662 0.034940 0.047010 0.668694 0.021182 0.062881 0.392040 4200.607241 19 30 0.000216
21 0 20 5.000000 0.820000 10540.592270 8905.510837 12.018955 1635.081424 1635.081418 4115889.736583 4115464.930109 2605.803910 2605.562545 2262.742152 2059.040481 821.146830 821.336168 1247.949266 0.742179 1.492089 1986.905054 540.236994 60.463571 15.210925 458.883933 49.655019 6.711834 41.128790 0.044907 0.046891 0.669769 0.021020 0.062179 0.384112 3994.171648 19 30 0.000343
22 0 21 5.000000 0.860000 10540.524470 8869.789499 12.083377 1670.734948 1670.734956 4143456.250214 4142826.042410 2633.587686 2633.283376 2271.835324 2069.029095 860.934227 861.156509 1274.509632 0.742534 1.492965 1988.671689 571.022160 60.721387 16.020756 450.510766 51.728151 6.360932 41.535774 0.098137 0.012426 0.670414 0.020851 0.061445 0.375975 3692.594124 19 30 0.000419
23 0 22 5.000000 0.900000 10540.399869 8831.311794 12.153999 1709.088061 1709.088061 4173938.564655 4172979.665933 2663.811954 2663.449205 2283.655505 2082.000990 899.720120 899.959701 1301.042555 0.743005 1.494130 1993.423097 600.826496 60.894324 16.773038 443.241584 53.583070 6.170895 41.883247 0.064402 -0.030778 0.671604 0.020670 0.060651 0.367305 3582.163838 19 30 0.000432
24 0 23 5.000000 0.940000 10540.213804 8790.463237 12.223860 1749.750555 1749.750552 4202612.861115 4201310.084754 2695.403960 2694.983688 2296.485593 2096.065775 939.506045 939.746980 1328.874959 0.743370 1.495035 1998.769876 631.197842 61.038268 17.525760 435.999703 55.365236 6.024726 42.195922 0.050842 -0.079080 0.673355 0.020503 0.059918 0.358977 3435.836268 19 30 0.000422
25 0 24 5.000000 0.980000 10540.122010 8752.559690 12.297547 1787.562304 1787.562306 4235284.652503 4233549.032653 2726.022304 2725.605993 2306.093718 2106.588211 979.013443 979.223174 1357.078588 0.744056 1.496744 2000.979585 658.630847 61.189968 18.219178 426.746030 57.059627 6.039415 42.268475 -0.006625 -0.076771 0.673132 0.020317 0.059100 0.350440 3387.163789 19 30 0.000353
26 0 25 5.000000 1.020000 10540.128385 8714.417895 12.364896 1825.710485 1825.710475 4263498.023544 4261218.138020 2756.247550 2755.800587 2315.358438 2116.726328 1018.694442 1018.875114 1385.962037 0.744545 1.497966 2002.478114 686.011480 61.334325 18.910499 417.316760 58.686877 6.084483 42.322492 -0.045369 -0.055144 0.673332 0.020162 0.058410 0.342852 3314.428159 19 30 0.000272
27 0 26 5.000000 1.060000 10539.897542 8676.442107 12.440519 1863.455424 1863.455421 4297262.034482 4294403.734520 2787.380650 2786.910447 2323.396744 2125.515957 1058.771744 1058.930373 1415.668677 0.745349 1.499984 2002.819000 711.712117 61.475068 19.562933 406.610242 60.260119 6.103510 42.229718 -0.081338 -0.025505 0.672201 0.019979 0.057598 0.334590 3225.622364 19 30 0.000198
28 0 27 5.000000 1.100000 10539.735662 8640.171883 12.519215 1899.563758 1899.563764 4333870.706893 4330444.131341 2818.104576 2817.585247 2329.478529 2132.162253 1098.609190 1098.749491 1445.695235 0.746346 1.502498 2001.297399 735.475760 61.621126 20.178354 394.707379 61.778903 6.144220 42.018868 -0.080289 0.017369 0.669892 0.019786 0.056734 0.326250 3060.542849 19 30 0.000139
29 0 28 5.000000 1.140000 10539.743120 8603.891511 12.595382 1935.851598 1935.851593 4368691.803404 4364682.849108 2848.778612 2848.193154 2335.219471 2138.432985 1138.514989 1138.642409 1476.242123 0.747271 1.504846 1999.266328 758.834488 61.752674 20.784582 382.570192 63.244815 6.308013 41.792734 -0.056749 0.043683 0.667665 0.019606 0.055930 0.318413 2864.174341 19 30 0.000092
30 0 29 5.000000 1.180000 10539.687864 8569.300826 12.690119 1970.387008 1970.387023 4417084.877503 4412484.305625 2880.725168 2880.088423 2338.877300 2142.426820 1178.288138 1178.399588 1507.119722 0.748854 1.508897 1995.820046 778.906301 61.885973 21.319150 368.689351 64.669823 6.352089 41.375158 -0.037705 0.065903 0.662914 0.019362 0.054836 0.308995 2660.057423 19 30 0.000058
31 1 0 15.000000 0.020000 nan nan nan nan nan nan nan nan nan nan nan nan nan nan nan nan nan nan nan nan nan 0.000000 nan -1.000000 nan nan nan nan nan nan nan 19 30 0.000000
32 1 1 15.000000 0.060000 nan nan nan nan nan nan nan nan nan nan nan nan nan nan nan nan nan nan nan nan nan 0.000000 nan -1.000000 nan nan nan nan nan nan nan 19 30 0.000000
33 1 2 15.000000 0.100000 nan nan nan nan nan nan nan nan nan nan nan nan nan nan nan nan nan nan nan nan nan 0.000000 nan -1.000000 nan nan nan nan nan nan nan 19 30 0.000000
34 1 3 15.000000 0.140000 nan nan nan nan nan nan nan nan nan nan nan nan nan nan nan nan nan nan nan nan nan 0.000000 nan -1.000000 nan nan nan nan nan nan nan 19 30 0.000000
35 1 4 15.000000 0.180000 nan nan nan nan nan nan nan nan nan nan nan nan nan nan nan nan nan nan nan nan nan 0.000000 nan -1.000000 nan nan nan nan nan nan nan 19 30 0.000000
36 1 5 15.000000 0.220000 nan nan nan nan nan nan nan nan nan nan nan nan nan nan nan nan nan nan nan nan nan 0.000000 nan -1.000000 nan nan nan nan nan nan nan 19 30 0.000000
37 1 6 15.000000 0.260000 nan nan nan nan nan nan nan nan nan nan nan nan nan nan nan nan nan nan nan nan nan 0.000000 nan -1.000000 nan nan nan nan nan nan nan 19 30 0.000000
38 1 7 15.000000 0.300000 nan nan nan nan nan nan nan nan nan nan nan nan nan nan nan nan nan nan nan nan nan 0.000000 nan -1.000000 nan nan nan nan nan nan nan 19 30 0.000000
39 1 8 15.000000 0.340000 nan nan nan nan nan nan nan nan nan nan nan nan nan nan nan nan nan nan nan nan nan 0.000000 nan -1.000000 nan nan nan nan nan nan nan 19 30 0.000000
40 1 9 15.000000 0.380000 nan nan nan nan nan nan nan nan nan nan nan nan nan nan nan nan nan nan nan nan nan 0.000000 nan -1.000000 nan nan nan nan nan nan nan 19 30 0.000000
41 1 10 15.000000 0.420000 nan nan nan nan nan nan nan nan nan nan nan nan nan nan nan nan nan nan nan nan nan 0.000000 nan -1.000000 nan nan nan nan nan nan nan 19 30 0.000000
42 1 11 15.000000 0.460000 nan nan nan nan nan nan nan nan nan nan nan nan nan nan nan nan nan nan nan nan nan 0.000000 nan -1.000000 nan nan nan nan nan nan nan 19 30 0.000000
43 1 12 15.000000 0.500000 nan nan nan nan nan nan nan nan nan nan nan nan nan nan nan nan nan nan nan nan nan 0.000000 nan -1.000000 nan nan nan nan nan nan nan 19 30 0.000000
44 1 13 15.000000 0.540000 nan nan nan nan nan nan nan nan nan nan nan nan nan nan nan nan nan nan nan nan nan 0.000000 nan -1.000000 nan nan nan nan nan nan nan 19 30 0.000000
45 1 14 15.000000 0.580000 nan nan nan nan nan nan nan nan nan nan nan nan nan nan nan nan nan nan nan nan nan 0.000000 nan -1.000000 nan nan nan nan nan nan nan 19 30 0.000000
46 1 15 15.000000 0.620000 nan nan nan nan nan nan nan nan nan nan nan nan nan nan nan nan nan nan nan nan nan 0.000000 nan -1.000000 nan nan nan nan nan nan nan 19 30 0.000000
47 1 16 15.000000 0.660000 10541.785064 9114.403105 11.752695 1427.382101 1427.381944 4028589.116913 4028550.243919 2463.006930 2462.918890 2150.099821 1934.573569 668.031631 668.113747 1152.892123 0.745663 1.500773 1900.624583 360.833883 59.582698 10.749681 446.291931 38.956072 16.811460 32.688984 0.012657 -0.286813 0.628586 0.021581 0.064595 0.420094 5164.379875 19 30 0.000042
48 1 17 15.000000 0.700000 10541.105732 9082.368407 11.832538 1458.737295 1458.737311 4068816.782143 4068663.702957 2489.421841 2489.292720 2160.556884 1946.189021 703.428348 703.562148 1173.790426 0.746561 1.503042 1906.009321 393.421114 59.902139 11.662683 440.425085 41.773647 15.954591 33.999426 -0.022275 -0.040349 0.628489 0.021317 0.063464 0.408903 4954.444953 19 30 0.000253
49 1 18 15.000000 0.740000 10540.810431 9051.189264 11.917385 1489.621173 1489.621152 4113068.106233 4112728.396507 2516.464354 2516.286862 2168.065844 1954.521722 741.742495 741.903300 1197.165308 0.747731 1.506019 1907.857640 424.540206 60.251823 12.545172 431.818116 44.513074 15.281181 34.905960 -0.090333 -0.007470 0.626604 0.021037 0.062253 0.397383 4829.198874 19 30 0.000500
50 1 19 15.000000 0.780000 10540.741129 9017.886723 12.003667 1522.854391 1522.854392 4157547.342759 4156898.661347 2545.038603 2544.795504 2176.846838 1964.257572 780.557249 780.746553 1221.617554 0.748807 1.508779 1910.708890 455.520961 60.510926 13.409247 423.468598 47.088366 15.063412 35.693057 -0.065917 0.039269 0.625322 0.020766 0.061073 0.386065 4500.501832 19 30 0.000650
51 1 20 15.000000 0.820000 10540.513912 8981.658459 12.080610 1558.855443 1558.855438 4194222.189235 4193158.693062 2573.925878 2573.555706 2187.006127 1975.510429 820.359554 820.591533 1247.459311 0.749332 1.510131 1914.172664 488.451090 60.747201 14.315025 415.857523 49.589589 14.843653 36.529933 -0.057633 0.049500 0.625902 0.020550 0.060128 0.376321 4238.809845 19 30 0.000709
52 1 21 15.000000 0.860000 10540.332610 8940.796798 12.161285 1599.535798 1599.535798 4231362.177590 4229734.299514 2605.960366 2605.426849 2201.474362 1991.515760 859.647852 859.915494 1273.671436 0.749732 1.511163 1921.936406 521.819386 60.861913 15.190028 410.161934 51.831846 14.822478 37.360380 -0.021714 0.071059 0.628142 0.020339 0.059196 0.366429 3916.574868 19 30 0.000694
53 1 22 15.000000 0.900000 10540.297798 8899.398531 12.242114 1640.899248 1640.899252 4268345.823257 4266072.824943 2638.601819 2637.920237 2215.300805 2006.789304 899.903705 900.199507 1301.208447 0.750153 1.512255 1928.691246 554.394616 60.977952 16.037086 403.585319 53.946325 14.754607 38.014254 0.033817 0.043376 0.630056 0.020135 0.058290 0.356831 3574.132167 19 30 0.000635
54 1 23 15.000000 0.940000 10540.292250 8855.666236 12.310504 1684.626004 1684.625999 4295490.794835 4292486.538971 2671.154795 2670.290489 2231.330627 2024.470801 939.472389 939.789986 1328.905372 0.750032 1.511941 1937.191504 588.023041 61.031243 16.885357 398.581397 55.869287 14.802124 38.733306 0.034573 0.009786 0.634129 0.019990 0.057644 0.348953 3382.662385 19 30 0.000545
55 1 24 15.000000 0.980000 10540.191583 8812.659757 12.373964 1727.531813 1727.531811 4319211.994945 4315581.195714 2702.820787 2701.841475 2245.755088 2040.358196 979.323971 979.650166 1357.386723 0.749857 1.511488 1943.728855 620.467328 61.109880 17.703861 392.583923 57.677523 14.744470 39.298160 0.024253 -0.014785 0.637820 0.019865 0.057088 0.341842 3236.294256 19 30 0.000452
56 1 25 15.000000 1.020000 10540.137534 8771.240772 12.444330 1768.896744 1768.896748 4348560.183287 4344073.131602 2734.808688 2733.691430 2258.090182 2053.927195 1019.166938 1019.493318 1386.416566 0.750085 1.512079 1948.339709 650.068689 61.171068 18.451413 384.943887 59.367731 14.827151 39.615989 0.007024 -0.025224 0.639726 0.019714 0.056412 0.334164 3103.962977 19 30 0.000361
57 1 26 15.000000 1.060000 10540.043751 8727.960088 12.520739 1812.083643 1812.083647 4381025.423325 4375632.847778 2768.807801 2767.540423 2271.735865 2068.919885 1058.996900 1059.316843 1415.957783 0.750480 1.513104 1954.363019 678.892247 61.217061 19.155828 377.474991 60.925238 14.714801 39.857278 -0.017074 -0.016101 0.641552 0.019550 0.055677 0.326071 2982.925512 19 30 0.000279
58 1 27 15.000000 1.100000 10540.017304 8692.397328 12.596657 1847.619959 1847.619961 4416804.706506 4410585.364363 2798.598153 2797.192322 2277.077030 2074.783231 1099.039544 1099.351641 1446.152931 0.751281 1.515192 1952.035301 703.053085 61.328799 19.807201 365.631524 62.522751 14.860731 39.755747 -0.013224 0.010013 0.639653 0.019372 0.054879 0.318267 2822.461591 19 30 0.000206
59 1 28 15.000000 1.140000 10539.967033 8657.127985 12.668702 1882.839035 1882.839033 4449819.927788 4442853.160682 2827.839409 2826.293683 2281.858744 2080.030044 1138.787091 1139.093768 1476.590288 0.751984 1.517033 1949.005940 726.567841 61.456852 20.444898 353.597077 64.049311 14.854050 39.631482 -0.012852 0.017308 0.637850 0.019211 0.054156 0.311078 2682.283959 19 30 0.000143
60 1 29 15.000000 1.180000 10539.868175 8623.774350 12.752431 1916.093812 1916.093809 4491967.025674 4484145.019629 2857.525242 2855.794199 2284.200590 2082.598855 1178.576984 1178.890024 1507.503219 0.753169 1.520157 1943.942041 747.199659 61.588157 21.025433 339.835133 65.543405 14.891119 39.332243 -0.004137 0.019367 0.633964 0.019009 0.053252 0.302977 2519.821373 19 30 0.000096
61 2 0 25.000000 0.020000 nan nan nan nan nan nan nan nan nan nan nan nan nan nan nan nan nan nan nan nan nan 0.000000 nan -1.000000 nan nan nan nan nan nan nan 19 30 0.000000
62 2 1 25.000000 0.060000 nan nan nan nan nan nan nan nan nan nan nan nan nan nan nan nan nan nan nan nan nan 0.000000 nan -1.000000 nan nan nan nan nan nan nan 19 30 0.000000
63 2 2 25.000000 0.100000 nan nan nan nan nan nan nan nan nan nan nan nan nan nan nan nan nan nan nan nan nan 0.000000 nan -1.000000 nan nan nan nan nan nan nan 19 30 0.000000
64 2 3 25.000000 0.140000 nan nan nan nan nan nan nan nan nan nan nan nan nan nan nan nan nan nan nan nan nan 0.000000 nan -1.000000 nan nan nan nan nan nan nan 19 30 0.000000
65 2 4 25.000000 0.180000 nan nan nan nan nan nan nan nan nan nan nan nan nan nan nan nan nan nan nan nan nan 0.000000 nan -1.000000 nan nan nan nan nan nan nan 19 30 0.000000
66 2 5 25.000000 0.220000 nan nan nan nan nan nan nan nan nan nan nan nan nan nan nan nan nan nan nan nan nan 0.000000 nan -1.000000 nan nan nan nan nan nan nan 19 30 0.000000
67 2 6 25.000000 0.260000 nan nan nan nan nan nan nan nan nan nan nan nan nan nan nan nan nan nan nan nan nan 0.000000 nan -1.000000 nan nan nan nan nan nan nan 19 30 0.000000
68 2 7 25.000000 0.300000 nan nan nan nan nan nan nan nan nan nan nan nan nan nan nan nan nan nan nan nan nan 0.000000 nan -1.000000 nan nan nan nan nan nan nan 19 30 0.000000
69 2 8 25.000000 0.340000 nan nan nan nan nan nan nan nan nan nan nan nan nan nan nan nan nan nan nan nan nan 0.000000 nan -1.000000 nan nan nan nan nan nan nan 19 30 0.000000
70 2 9 25.000000 0.380000 nan nan nan nan nan nan nan nan nan nan nan nan nan nan nan nan nan nan nan nan nan 0.000000 nan -1.000000 nan nan nan nan nan nan nan 19 30 0.000000
71 2 10 25.000000 0.420000 nan nan nan nan nan nan nan nan nan nan nan nan nan nan nan nan nan nan nan nan nan 0.000000 nan -1.000000 nan nan nan nan nan nan nan 19 30 0.000000
72 2 11 25.000000 0.460000 nan nan nan nan nan nan nan nan nan nan nan nan nan nan nan nan nan nan nan nan nan 0.000000 nan -1.000000 nan nan nan nan nan nan nan 19 30 0.000000
73 2 12 25.000000 0.500000 nan nan nan nan nan nan nan nan nan nan nan nan nan nan nan nan nan nan nan nan nan 0.000000 nan -1.000000 nan nan nan nan nan nan nan 19 30 0.000000
74 2 13 25.000000 0.540000 nan nan nan nan nan nan nan nan nan nan nan nan nan nan nan nan nan nan nan nan nan 0.000000 nan -1.000000 nan nan nan nan nan nan nan 19 30 0.000000
75 2 14 25.000000 0.580000 nan nan nan nan nan nan nan nan nan nan nan nan nan nan nan nan nan nan nan nan nan 0.000000 nan -1.000000 nan nan nan nan nan nan nan 19 30 0.000000
76 2 15 25.000000 0.620000 nan nan nan nan nan nan nan nan nan nan nan nan nan nan nan nan nan nan nan nan nan 0.000000 nan -1.000000 nan nan nan nan nan nan nan 19 30 0.000000
77 2 16 25.000000 0.660000 10541.170292 9151.710226 11.748527 1389.459974 1389.460052 4042022.461142 4041945.337254 2443.883609 2443.879001 2110.768956 1890.764723 670.514909 670.542133 1154.301096 0.748492 1.507969 1861.366511 332.123397 59.595873 10.116812 424.452029 38.042316 21.358058 29.689916 -0.506329 0.101649 0.608567 0.021492 0.064214 0.420741 6513.390863 19 30 0.000010
78 2 17 25.000000 0.700000 10541.489335 9123.219999 11.873345 1418.269307 1418.269322 4115546.911271 4115250.780348 2475.258233 2475.224970 2120.641604 1901.779815 702.575381 702.639648 1173.237718 0.751462 1.515665 1868.477160 354.343859 59.657383 10.738231 416.649757 40.379827 21.674641 30.285149 -0.101217 -0.027950 0.602927 0.021021 0.062185 0.403271 5183.269657 19 30 0.000072
79 2 18 25.000000 0.740000 10541.186103 9091.939372 11.972452 1449.246726 1449.246717 4170183.662274 4169520.815506 2504.066186 2503.964229 2127.614679 1909.552271 741.944210 742.027108 1197.242038 0.753104 1.519985 1870.159006 385.869366 59.835212 11.658221 407.117507 43.465123 22.038506 31.333632 -0.136931 -0.022514 0.599678 0.020690 0.060742 0.390082 4935.442690 19 30 0.000143
80 2 19 25.000000 0.780000 10541.042248 9059.648730 12.074142 1481.393509 1481.393504 4226510.292185 4225269.358172 2533.915994 2533.731650 2135.421968 1918.247282 780.595506 780.690196 1221.581537 0.754760 1.524388 1872.730193 415.396506 59.969782 12.506480 397.864115 46.234999 22.318922 32.146695 -0.096631 -0.005227 0.596637 0.020365 0.059308 0.377092 4536.981232 19 30 0.000181
81 2 20 25.000000 0.820000 10540.853236 9027.416044 12.144851 1513.437181 1513.437177 4261267.576727 4259431.576148 2559.563390 2559.281865 2141.523896 1925.037727 820.578459 820.688777 1247.523281 0.755163 1.525466 1872.041524 448.587541 60.129025 13.475404 388.753759 49.087230 22.672549 33.133991 -0.052878 0.061249 0.596321 0.020172 0.058454 0.368384 4215.556388 19 30 0.000219
82 2 21 25.000000 0.860000 10540.836886 8995.234208 12.229176 1545.602663 1545.602663 4305821.036966 4303158.171923 2587.295571 2586.898870 2147.583254 1931.776252 859.723951 859.853245 1273.629409 0.756135 1.528081 1871.827647 477.515182 60.300202 14.311275 378.910041 51.567871 22.703469 33.734479 -0.014775 0.010256 0.594485 0.019932 0.057386 0.358310 3895.187726 19 30 0.000212
83 2 22 25.000000 0.900000 10540.834582 8958.200254 12.297560 1582.634317 1582.634314 4337032.051576 4333317.729798 2615.572006 2614.966367 2157.188562 1942.449008 899.817872 899.978778 1301.055751 0.756154 1.528133 1874.057650 510.897321 60.392779 15.249162 371.168515 54.001477 22.867216 34.588400 -0.013113 0.047375 0.596176 0.019771 0.056666 0.350391 3679.588616 19 30 0.000204
84 2 23 25.000000 0.940000 10540.668087 8923.149618 12.361257 1617.518450 1617.518455 4365637.523708 4360950.474978 2642.235817 2641.461040 2164.466636 1950.528511 939.263951 939.445559 1328.661818 0.756188 1.528223 1873.834176 541.578209 60.538474 16.120426 362.327908 56.216594 22.836865 35.203839 0.015319 0.035304 0.597121 0.019626 0.056017 0.343222 3439.216856 19 30 0.000177
85 2 24 25.000000 0.980000 10540.651778 8887.929672 12.429130 1652.722096 1652.722091 4396955.418963 4391374.921740 2669.811306 2668.869654 2171.319672 1958.130428 978.923441 979.131471 1357.012419 0.756411 1.528826 1873.160338 570.565615 60.641081 16.940763 352.776668 58.271793 22.917963 35.642522 0.011542 0.024335 0.597407 0.019469 0.055315 0.335772 3265.203778 19 30 0.000147
86 2 25 25.000000 1.020000 10540.456041 8850.537333 12.489000 1689.918691 1689.918693 4421486.235279 4414879.875963 2697.528885 2696.424497 2179.422781 1967.111921 1018.846867 1019.070818 1386.105913 0.756248 1.528386 1873.171130 600.632356 60.751172 17.778449 343.866523 60.208539 22.854421 36.113886 0.069134 0.003565 0.599056 0.019350 0.054782 0.329380 3000.571272 19 30 0.000111
87 2 26 25.000000 1.060000 10540.397399 8812.951780 12.557731 1727.445599 1727.445604 4451709.215603 4444431.681159 2726.844591 2725.527471 2187.144751 1975.663893 1058.999210 1059.254112 1415.910853 0.756449 1.528929 1872.982138 628.637995 60.857906 18.553545 334.099764 62.010872 22.730403 36.403804 0.071681 -0.048287 0.599602 0.019203 0.054121 0.322217 2834.995337 19 30 0.000080
88 2 27 25.000000 1.100000 10540.305041 8776.242973 12.613819 1764.062053 1764.062054 4472968.873006 4465343.977864 2754.147096 2752.682130 2193.741377 1982.964166 1098.780128 1099.059258 1445.930676 0.756299 1.528525 1871.170381 656.405583 60.978913 19.330844 324.115877 63.721047 22.603148 36.672705 0.059428 -0.087128 0.600723 0.019100 0.053661 0.316518 2722.467001 19 30 0.000055
89 2 28 25.000000 1.140000 10540.109645 8738.810468 12.680841 1801.299166 1801.299162 4501387.901554 4493396.810941 2783.361453 2781.739650 2200.510026 1990.449705 1138.547690 1138.845968 1476.399135 0.756543 1.529183 1869.872217 682.252096 61.072282 20.045288 313.623024 65.312331 22.472998 36.803549 0.005222 -0.111935 0.600843 0.018965 0.053052 0.309877 2671.739253 19 30 0.000036
90 2 29 25.000000 1.180000 10540.166861 8704.416064 12.763583 1835.750775 1835.750783 4542441.701463 4534092.537680 2813.236415 2811.418410 2203.802322 1994.088846 1178.637912 1178.960663 1507.558461 0.757517 1.531826 1865.698026 703.961080 61.193112 20.672384 300.667739 66.872262 22.320513 36.662704 -0.054529 -0.076086 0.597976 0.018771 0.052186 0.301900 2614.290989 19 30 0.000023
91 3 0 35.000000 0.020000 nan nan nan nan nan nan nan nan nan nan nan nan nan nan nan nan nan nan nan nan nan 0.000000 nan -1.000000 nan nan nan nan nan nan nan 19 30 0.000000
92 3 1 35.000000 0.060000 nan nan nan nan nan nan nan nan nan nan nan nan nan nan nan nan nan nan nan nan nan 0.000000 nan -1.000000 nan nan nan nan nan nan nan 19 30 0.000000
93 3 2 35.000000 0.100000 nan nan nan nan nan nan nan nan nan nan nan nan nan nan nan nan nan nan nan nan nan 0.000000 nan -1.000000 nan nan nan nan nan nan nan 19 30 0.000000
94 3 3 35.000000 0.140000 nan nan nan nan nan nan nan nan nan nan nan nan nan nan nan nan nan nan nan nan nan 0.000000 nan -1.000000 nan nan nan nan nan nan nan 19 30 0.000000
95 3 4 35.000000 0.180000 nan nan nan nan nan nan nan nan nan nan nan nan nan nan nan nan nan nan nan nan nan 0.000000 nan -1.000000 nan nan nan nan nan nan nan 19 30 0.000000
96 3 5 35.000000 0.220000 nan nan nan nan nan nan nan nan nan nan nan nan nan nan nan nan nan nan nan nan nan 0.000000 nan -1.000000 nan nan nan nan nan nan nan 19 30 0.000000
97 3 6 35.000000 0.260000 nan nan nan nan nan nan nan nan nan nan nan nan nan nan nan nan nan nan nan nan nan 0.000000 nan -1.000000 nan nan nan nan nan nan nan 19 30 0.000000
98 3 7 35.000000 0.300000 nan nan nan nan nan nan nan nan nan nan nan nan nan nan nan nan nan nan nan nan nan 0.000000 nan -1.000000 nan nan nan nan nan nan nan 19 30 0.000000
99 3 8 35.000000 0.340000 nan nan nan nan nan nan nan nan nan nan nan nan nan nan nan nan nan nan nan nan nan 0.000000 nan -1.000000 nan nan nan nan nan nan nan 19 30 0.000000
100 3 9 35.000000 0.380000 nan nan nan nan nan nan nan nan nan nan nan nan nan nan nan nan nan nan nan nan nan 0.000000 nan -1.000000 nan nan nan nan nan nan nan 19 30 0.000000
101 3 10 35.000000 0.420000 nan nan nan nan nan nan nan nan nan nan nan nan nan nan nan nan nan nan nan nan nan 0.000000 nan -1.000000 nan nan nan nan nan nan nan 19 30 0.000000
102 3 11 35.000000 0.460000 nan nan nan nan nan nan nan nan nan nan nan nan nan nan nan nan nan nan nan nan nan 0.000000 nan -1.000000 nan nan nan nan nan nan nan 19 30 0.000000
103 3 12 35.000000 0.500000 nan nan nan nan nan nan nan nan nan nan nan nan nan nan nan nan nan nan nan nan nan 0.000000 nan -1.000000 nan nan nan nan nan nan nan 19 30 0.000000
104 3 13 35.000000 0.540000 nan nan nan nan nan nan nan nan nan nan nan nan nan nan nan nan nan nan nan nan nan 0.000000 nan -1.000000 nan nan nan nan nan nan nan 19 30 0.000000
105 3 14 35.000000 0.580000 nan nan nan nan nan nan nan nan nan nan nan nan nan nan nan nan nan nan nan nan nan 0.000000 nan -1.000000 nan nan nan nan nan nan nan 19 30 0.000000
106 3 15 35.000000 0.620000 nan nan nan nan nan nan nan nan nan nan nan nan nan nan nan nan nan nan nan nan nan 0.000000 nan -1.000000 nan nan nan nan nan nan nan 19 30 0.000000
107 3 16 35.000000 0.660000 nan nan nan nan nan nan nan nan nan nan nan nan nan nan nan nan nan nan nan nan nan 0.000000 nan -1.000000 nan nan nan nan nan nan nan 19 30 0.000000
108 3 17 35.000000 0.700000 nan nan nan nan nan nan nan nan nan nan nan nan nan nan nan nan nan nan nan nan nan 0.000000 nan -1.000000 nan nan nan nan nan nan nan 19 30 0.000000
109 3 18 35.000000 0.740000 nan nan nan nan nan nan nan nan nan nan nan nan nan nan nan nan nan nan nan nan nan 0.000000 nan -1.000000 nan nan nan nan nan nan nan 19 30 0.000000
110 3 19 35.000000 0.780000 nan nan nan nan nan nan nan nan nan nan nan nan nan nan nan nan nan nan nan nan nan 0.000000 nan -1.000000 nan nan nan nan nan nan nan 19 30 0.000000
111 3 20 35.000000 0.820000 10539.611300 9047.924786 11.875508 1491.686160 1491.686500 4082041.250000 4082041.293991 2511.407710 2511.407953 2115.299781 1895.821410 827.477234 827.472970 1251.996719 0.745823 1.501177 1834.946250 476.561726 59.263639 14.558881 386.262683 50.974551 30.029098 35.164382 0.457013 0.889460 0.612554 0.021231 0.063093 0.403120 3691.692661 19 30 0.000000
112 3 21 35.000000 0.860000 10543.391178 9036.492945 11.921913 1506.898048 1506.898218 4110680.671355 4110165.775253 2526.033086 2526.045925 2111.395020 1891.463609 856.018772 856.121776 1271.113199 0.746797 1.503641 1826.094690 492.963249 59.295258 15.107168 374.875550 52.748705 30.709071 35.156358 -0.615901 0.676424 0.607900 0.021053 0.062323 0.396585 6231.377012 19 30 0.000000
113 3 22 35.000000 0.900000 10541.191348 8994.236831 11.898490 1546.954528 1546.954503 4074335.452861 4074094.351158 2543.117593 2543.061656 2120.135943 1901.215946 901.932743 901.962241 1302.428559 0.743028 1.494187 1822.261909 542.202553 59.550418 16.570042 368.976508 55.764159 30.551063 36.951347 -0.602884 0.354254 0.619040 0.021282 0.063313 0.399889 6249.538482 19 30 0.000000
114 3 23 35.000000 0.940000 10541.583013 8970.738740 12.066478 1570.844382 1570.844258 4179714.680541 4178727.640818 2578.153124 2578.037882 2118.910510 1899.849311 937.836491 937.863600 1327.543747 0.748026 1.506775 1818.460206 550.118065 59.501463 16.831543 351.771227 57.403249 30.877699 35.913635 -0.308382 0.417475 0.604498 0.020635 0.060501 0.378014 4851.507086 19 30 0.000001
115 3 24 35.000000 0.980000 10541.042355 8929.769531 12.207753 1611.272830 1611.272809 4258439.055756 4257026.857078 2618.162183 2617.866865 2131.191765 1913.537037 977.238519 977.299309 1355.691044 0.750776 1.513873 1825.863856 572.577657 59.474849 17.411046 341.858156 59.160637 30.577360 35.865004 -0.101728 0.371716 0.599945 0.020185 0.058514 0.360822 3951.784341 19 30 0.000000
116 3 25 35.000000 1.020000 10541.186222 8893.867283 12.101043 1647.318743 1647.318925 4167168.819034 4166443.561263 2623.122990 2622.995082 2138.242085 1921.386185 1017.092653 1017.139802 1384.686840 0.744550 1.497976 1818.008497 621.747516 59.820125 18.880367 338.514754 61.433611 30.205579 37.681422 0.466378 0.452432 0.616987 0.020709 0.060822 0.373734 2864.388383 19 30 0.000000
117 3 26 35.000000 1.060000 10542.300919 8869.698143 12.457320 1672.602976 1672.602761 4406160.926735 4402878.473393 2683.686444 2683.370729 2137.303699 1920.341833 1052.534922 1052.558841 1410.909062 0.756260 1.528418 1822.392822 605.472673 59.446206 18.378576 314.908942 62.520864 30.660070 35.116356 0.638546 0.209487 0.585303 0.019411 0.055053 0.332633 2147.801684 19 30 0.000000
118 3 27 35.000000 1.100000 10542.991412 8855.788629 12.720526 1687.203126 1687.202769 4583798.297194 4583226.474807 2725.847159 2725.780559 2121.078009 1902.266431 1093.534539 1093.533195 1441.734760 0.765064 1.552906 1807.313936 593.492975 59.633677 18.179353 286.593535 64.224434 30.424441 32.869657 0.609079 0.467179 0.556925 0.018542 0.051168 0.305853 1935.405596 19 30 0.000000
119 3 28 35.000000 1.140000 10542.750000 8836.271465 12.717898 1706.478760 1706.478520 4571139.500000 4571139.526005 2735.545410 2735.545369 2116.112478 1896.728150 1125.304810 1125.300620 1465.976042 0.763673 1.548940 1793.880804 616.091985 59.563165 18.954566 275.497839 65.907240 31.213392 33.195056 0.947171 -0.320729 0.558036 0.018598 0.051415 0.306121 1534.958796 19 30 0.000000
120 3 29 35.000000 1.180000 nan nan nan nan nan nan nan nan nan nan nan nan nan nan nan nan nan nan nan nan nan 0.000000 nan -1.000000 nan nan nan nan nan nan nan 19 30 0.000000
121 4 0 45.000000 0.020000 nan nan nan nan nan nan nan nan nan nan nan nan nan nan nan nan nan nan nan nan nan 0.000000 nan -1.000000 nan nan nan nan nan nan nan 19 30 0.000000
122 4 1 45.000000 0.060000 nan nan nan nan nan nan nan nan nan nan nan nan nan nan nan nan nan nan nan nan nan 0.000000 nan -1.000000 nan nan nan nan nan nan nan 19 30 0.000000
123 4 2 45.000000 0.100000 nan nan nan nan nan nan nan nan nan nan nan nan nan nan nan nan nan nan nan nan nan 0.000000 nan -1.000000 nan nan nan nan nan nan nan 19 30 0.000000
124 4 3 45.000000 0.140000 nan nan nan nan nan nan nan nan nan nan nan nan nan nan nan nan nan nan nan nan nan 0.000000 nan -1.000000 nan nan nan nan nan nan nan 19 30 0.000000
125 4 4 45.000000 0.180000 nan nan nan nan nan nan nan nan nan nan nan nan nan nan nan nan nan nan nan nan nan 0.000000 nan -1.000000 nan nan nan nan nan nan nan 19 30 0.000000
126 4 5 45.000000 0.220000 nan nan nan nan nan nan nan nan nan nan nan nan nan nan nan nan nan nan nan nan nan 0.000000 nan -1.000000 nan nan nan nan nan nan nan 19 30 0.000000
127 4 6 45.000000 0.260000 nan nan nan nan nan nan nan nan nan nan nan nan nan nan nan nan nan nan nan nan nan 0.000000 nan -1.000000 nan nan nan nan nan nan nan 19 30 0.000000
128 4 7 45.000000 0.300000 nan nan nan nan nan nan nan nan nan nan nan nan nan nan nan nan nan nan nan nan nan 0.000000 nan -1.000000 nan nan nan nan nan nan nan 19 30 0.000000
129 4 8 45.000000 0.340000 nan nan nan nan nan nan nan nan nan nan nan nan nan nan nan nan nan nan nan nan nan 0.000000 nan -1.000000 nan nan nan nan nan nan nan 19 30 0.000000
130 4 9 45.000000 0.380000 nan nan nan nan nan nan nan nan nan nan nan nan nan nan nan nan nan nan nan nan nan 0.000000 nan -1.000000 nan nan nan nan nan nan nan 19 30 0.000000
131 4 10 45.000000 0.420000 nan nan nan nan nan nan nan nan nan nan nan nan nan nan nan nan nan nan nan nan nan 0.000000 nan -1.000000 nan nan nan nan nan nan nan 19 30 0.000000
132 4 11 45.000000 0.460000 nan nan nan nan nan nan nan nan nan nan nan nan nan nan nan nan nan nan nan nan nan 0.000000 nan -1.000000 nan nan nan nan nan nan nan 19 30 0.000000
133 4 12 45.000000 0.500000 nan nan nan nan nan nan nan nan nan nan nan nan nan nan nan nan nan nan nan nan nan 0.000000 nan -1.000000 nan nan nan nan nan nan nan 19 30 0.000000
134 4 13 45.000000 0.540000 nan nan nan nan nan nan nan nan nan nan nan nan nan nan nan nan nan nan nan nan nan 0.000000 nan -1.000000 nan nan nan nan nan nan nan 19 30 0.000000
135 4 14 45.000000 0.580000 nan nan nan nan nan nan nan nan nan nan nan nan nan nan nan nan nan nan nan nan nan 0.000000 nan -1.000000 nan nan nan nan nan nan nan 19 30 0.000000
136 4 15 45.000000 0.620000 nan nan nan nan nan nan nan nan nan nan nan nan nan nan nan nan nan nan nan nan nan 0.000000 nan -1.000000 nan nan nan nan nan nan nan 19 30 0.000000
137 4 16 45.000000 0.660000 nan nan nan nan nan nan nan nan nan nan nan nan nan nan nan nan nan nan nan nan nan 0.000000 nan -1.000000 nan nan nan nan nan nan nan 19 30 0.000000
138 4 17 45.000000 0.700000 nan nan nan nan nan nan nan nan nan nan nan nan nan nan nan nan nan nan nan nan nan 0.000000 nan -1.000000 nan nan nan nan nan nan nan 19 30 0.000000
139 4 18 45.000000 0.740000 nan nan nan nan nan nan nan nan nan nan nan nan nan nan nan nan nan nan nan nan nan 0.000000 nan -1.000000 nan nan nan nan nan nan nan 19 30 0.000000
140 4 19 45.000000 0.780000 nan nan nan nan nan nan nan nan nan nan nan nan nan nan nan nan nan nan nan nan nan 0.000000 nan -1.000000 nan nan nan nan nan nan nan 19 30 0.000000
141 4 20 45.000000 0.820000 nan nan nan nan nan nan nan nan nan nan nan nan nan nan nan nan nan nan nan nan nan 0.000000 nan -1.000000 nan nan nan nan nan nan nan 19 30 0.000000
142 4 21 45.000000 0.860000 nan nan nan nan nan nan nan nan nan nan nan nan nan nan nan nan nan nan nan nan nan 0.000000 nan -1.000000 nan nan nan nan nan nan nan 19 30 0.000000
143 4 22 45.000000 0.900000 nan nan nan nan nan nan nan nan nan nan nan nan nan nan nan nan nan nan nan nan nan 0.000000 nan -1.000000 nan nan nan nan nan nan nan 19 30 0.000000
144 4 23 45.000000 0.940000 nan nan nan nan nan nan nan nan nan nan nan nan nan nan nan nan nan nan nan nan nan 0.000000 nan -1.000000 nan nan nan nan nan nan nan 19 30 0.000000
145 4 24 45.000000 0.980000 nan nan nan nan nan nan nan nan nan nan nan nan nan nan nan nan nan nan nan nan nan 0.000000 nan -1.000000 nan nan nan nan nan nan nan 19 30 0.000000
146 4 25 45.000000 1.020000 nan nan nan nan nan nan nan nan nan nan nan nan nan nan nan nan nan nan nan nan nan 0.000000 nan -1.000000 nan nan nan nan nan nan nan 19 30 0.000000
147 4 26 45.000000 1.060000 nan nan nan nan nan nan nan nan nan nan nan nan nan nan nan nan nan nan nan nan nan 0.000000 nan -1.000000 nan nan nan nan nan nan nan 19 30 0.000000
148 4 27 45.000000 1.100000 nan nan nan nan nan nan nan nan nan nan nan nan nan nan nan nan nan nan nan nan nan 0.000000 nan -1.000000 nan nan nan nan nan nan nan 19 30 0.000000
149 4 28 45.000000 1.140000 nan nan nan nan nan nan nan nan nan nan nan nan nan nan nan nan nan nan nan nan nan 0.000000 nan -1.000000 nan nan nan nan nan nan nan 19 30 0.000000
150 4 29 45.000000 1.180000 nan nan nan nan nan nan nan nan nan nan nan nan nan nan nan nan nan nan nan nan nan 0.000000 nan -1.000000 nan nan nan nan nan nan nan 19 30 0.000000
151 5 0 55.000000 0.020000 nan nan nan nan nan nan nan nan nan nan nan nan nan nan nan nan nan nan nan nan nan 0.000000 nan -1.000000 nan nan nan nan nan nan nan 19 30 0.000000
152 5 1 55.000000 0.060000 nan nan nan nan nan nan nan nan nan nan nan nan nan nan nan nan nan nan nan nan nan 0.000000 nan -1.000000 nan nan nan nan nan nan nan 19 30 0.000000
153 5 2 55.000000 0.100000 nan nan nan nan nan nan nan nan nan nan nan nan nan nan nan nan nan nan nan nan nan 0.000000 nan -1.000000 nan nan nan nan nan nan nan 19 30 0.000000
154 5 3 55.000000 0.140000 nan nan nan nan nan nan nan nan nan nan nan nan nan nan nan nan nan nan nan nan nan 0.000000 nan -1.000000 nan nan nan nan nan nan nan 19 30 0.000000
155 5 4 55.000000 0.180000 nan nan nan nan nan nan nan nan nan nan nan nan nan nan nan nan nan nan nan nan nan 0.000000 nan -1.000000 nan nan nan nan nan nan nan 19 30 0.000000
156 5 5 55.000000 0.220000 nan nan nan nan nan nan nan nan nan nan nan nan nan nan nan nan nan nan nan nan nan 0.000000 nan -1.000000 nan nan nan nan nan nan nan 19 30 0.000000
157 5 6 55.000000 0.260000 nan nan nan nan nan nan nan nan nan nan nan nan nan nan nan nan nan nan nan nan nan 0.000000 nan -1.000000 nan nan nan nan nan nan nan 19 30 0.000000
158 5 7 55.000000 0.300000 nan nan nan nan nan nan nan nan nan nan nan nan nan nan nan nan nan nan nan nan nan 0.000000 nan -1.000000 nan nan nan nan nan nan nan 19 30 0.000000
159 5 8 55.000000 0.340000 nan nan nan nan nan nan nan nan nan nan nan nan nan nan nan nan nan nan nan nan nan 0.000000 nan -1.000000 nan nan nan nan nan nan nan 19 30 0.000000
160 5 9 55.000000 0.380000 nan nan nan nan nan nan nan nan nan nan nan nan nan nan nan nan nan nan nan nan nan 0.000000 nan -1.000000 nan nan nan nan nan nan nan 19 30 0.000000
161 5 10 55.000000 0.420000 nan nan nan nan nan nan nan nan nan nan nan nan nan nan nan nan nan nan nan nan nan 0.000000 nan -1.000000 nan nan nan nan nan nan nan 19 30 0.000000
162 5 11 55.000000 0.460000 nan nan nan nan nan nan nan nan nan nan nan nan nan nan nan nan nan nan nan nan nan 0.000000 nan -1.000000 nan nan nan nan nan nan nan 19 30 0.000000
163 5 12 55.000000 0.500000 nan nan nan nan nan nan nan nan nan nan nan nan nan nan nan nan nan nan nan nan nan 0.000000 nan -1.000000 nan nan nan nan nan nan nan 19 30 0.000000
164 5 13 55.000000 0.540000 nan nan nan nan nan nan nan nan nan nan nan nan nan nan nan nan nan nan nan nan nan 0.000000 nan -1.000000 nan nan nan nan nan nan nan 19 30 0.000000
165 5 14 55.000000 0.580000 nan nan nan nan nan nan nan nan nan nan nan nan nan nan nan nan nan nan nan nan nan 0.000000 nan -1.000000 nan nan nan nan nan nan nan 19 30 0.000000
166 5 15 55.000000 0.620000 nan nan nan nan nan nan nan nan nan nan nan nan nan nan nan nan nan nan nan nan nan 0.000000 nan -1.000000 nan nan nan nan nan nan nan 19 30 0.000000
167 5 16 55.000000 0.660000 nan nan nan nan nan nan nan nan nan nan nan nan nan nan nan nan nan nan nan nan nan 0.000000 nan -1.000000 nan nan nan nan nan nan nan 19 30 0.000000
168 5 17 55.000000 0.700000 nan nan nan nan nan nan nan nan nan nan nan nan nan nan nan nan nan nan nan nan nan 0.000000 nan -1.000000 nan nan nan nan nan nan nan 19 30 0.000000
169 5 18 55.000000 0.740000 nan nan nan nan nan nan nan nan nan nan nan nan nan nan nan nan nan nan nan nan nan 0.000000 nan -1.000000 nan nan nan nan nan nan nan 19 30 0.000000
170 5 19 55.000000 0.780000 nan nan nan nan nan nan nan nan nan nan nan nan nan nan nan nan nan nan nan nan nan 0.000000 nan -1.000000 nan nan nan nan nan nan nan 19 30 0.000000
171 5 20 55.000000 0.820000 nan nan nan nan nan nan nan nan nan nan nan nan nan nan nan nan nan nan nan nan nan 0.000000 nan -1.000000 nan nan nan nan nan nan nan 19 30 0.000000
172 5 21 55.000000 0.860000 nan nan nan nan nan nan nan nan nan nan nan nan nan nan nan nan nan nan nan nan nan 0.000000 nan -1.000000 nan nan nan nan nan nan nan 19 30 0.000000
173 5 22 55.000000 0.900000 nan nan nan nan nan nan nan nan nan nan nan nan nan nan nan nan nan nan nan nan nan 0.000000 nan -1.000000 nan nan nan nan nan nan nan 19 30 0.000000
174 5 23 55.000000 0.940000 nan nan nan nan nan nan nan nan nan nan nan nan nan nan nan nan nan nan nan nan nan 0.000000 nan -1.000000 nan nan nan nan nan nan nan 19 30 0.000000
175 5 24 55.000000 0.980000 nan nan nan nan nan nan nan nan nan nan nan nan nan nan nan nan nan nan nan nan nan 0.000000 nan -1.000000 nan nan nan nan nan nan nan 19 30 0.000000
176 5 25 55.000000 1.020000 nan nan nan nan nan nan nan nan nan nan nan nan nan nan nan nan nan nan nan nan nan 0.000000 nan -1.000000 nan nan nan nan nan nan nan 19 30 0.000000
177 5 26 55.000000 1.060000 nan nan nan nan nan nan nan nan nan nan nan nan nan nan nan nan nan nan nan nan nan 0.000000 nan -1.000000 nan nan nan nan nan nan nan 19 30 0.000000
178 5 27 55.000000 1.100000 nan nan nan nan nan nan nan nan nan nan nan nan nan nan nan nan nan nan nan nan nan 0.000000 nan -1.000000 nan nan nan nan nan nan nan 19 30 0.000000
179 5 28 55.000000 1.140000 nan nan nan nan nan nan nan nan nan nan nan nan nan nan nan nan nan nan nan nan nan 0.000000 nan -1.000000 nan nan nan nan nan nan nan 19 30 0.000000
180 5 29 55.000000 1.180000 nan nan nan nan nan nan nan nan nan nan nan nan nan nan nan nan nan nan nan nan nan 0.000000 nan -1.000000 nan nan nan nan nan nan nan 19 30 0.000000
181 6 0 65.000000 0.020000 nan nan nan nan nan nan nan nan nan nan nan nan nan nan nan nan nan nan nan nan nan 0.000000 nan -1.000000 nan nan nan nan nan nan nan 19 30 0.000000
182 6 1 65.000000 0.060000 nan nan nan nan nan nan nan nan nan nan nan nan nan nan nan nan nan nan nan nan nan 0.000000 nan -1.000000 nan nan nan nan nan nan nan 19 30 0.000000
183 6 2 65.000000 0.100000 nan nan nan nan nan nan nan nan nan nan nan nan nan nan nan nan nan nan nan nan nan 0.000000 nan -1.000000 nan nan nan nan nan nan nan 19 30 0.000000
184 6 3 65.000000 0.140000 nan nan nan nan nan nan nan nan nan nan nan nan nan nan nan nan nan nan nan nan nan 0.000000 nan -1.000000 nan nan nan nan nan nan nan 19 30 0.000000
185 6 4 65.000000 0.180000 nan nan nan nan nan nan nan nan nan nan nan nan nan nan nan nan nan nan nan nan nan 0.000000 nan -1.000000 nan nan nan nan nan nan nan 19 30 0.000000
186 6 5 65.000000 0.220000 nan nan nan nan nan nan nan nan nan nan nan nan nan nan nan nan nan nan nan nan nan 0.000000 nan -1.000000 nan nan nan nan nan nan nan 19 30 0.000000
187 6 6 65.000000 0.260000 nan nan nan nan nan nan nan nan nan nan nan nan nan nan nan nan nan nan nan nan nan 0.000000 nan -1.000000 nan nan nan nan nan nan nan 19 30 0.000000
188 6 7 65.000000 0.300000 nan nan nan nan nan nan nan nan nan nan nan nan nan nan nan nan nan nan nan nan nan 0.000000 nan -1.000000 nan nan nan nan nan nan nan 19 30 0.000000
189 6 8 65.000000 0.340000 nan nan nan nan nan nan nan nan nan nan nan nan nan nan nan nan nan nan nan nan nan 0.000000 nan -1.000000 nan nan nan nan nan nan nan 19 30 0.000000
190 6 9 65.000000 0.380000 nan nan nan nan nan nan nan nan nan nan nan nan nan nan nan nan nan nan nan nan nan 0.000000 nan -1.000000 nan nan nan nan nan nan nan 19 30 0.000000
191 6 10 65.000000 0.420000 nan nan nan nan nan nan nan nan nan nan nan nan nan nan nan nan nan nan nan nan nan 0.000000 nan -1.000000 nan nan nan nan nan nan nan 19 30 0.000000
192 6 11 65.000000 0.460000 nan nan nan nan nan nan nan nan nan nan nan nan nan nan nan nan nan nan nan nan nan 0.000000 nan -1.000000 nan nan nan nan nan nan nan 19 30 0.000000
193 6 12 65.000000 0.500000 nan nan nan nan nan nan nan nan nan nan nan nan nan nan nan nan nan nan nan nan nan 0.000000 nan -1.000000 nan nan nan nan nan nan nan 19 30 0.000000
194 6 13 65.000000 0.540000 nan nan nan nan nan nan nan nan nan nan nan nan nan nan nan nan nan nan nan nan nan 0.000000 nan -1.000000 nan nan nan nan nan nan nan 19 30 0.000000
195 6 14 65.000000 0.580000 nan nan nan nan nan nan nan nan nan nan nan nan nan nan nan nan nan nan nan nan nan 0.000000 nan -1.000000 nan nan nan nan nan nan nan 19 30 0.000000
196 6 15 65.000000 0.620000 nan nan nan nan nan nan nan nan nan nan nan nan nan nan nan nan nan nan nan nan nan 0.000000 nan -1.000000 nan nan nan nan nan nan nan 19 30 0.000000
197 6 16 65.000000 0.660000 nan nan nan nan nan nan nan nan nan nan nan nan nan nan nan nan nan nan nan nan nan 0.000000 nan -1.000000 nan nan nan nan nan nan nan 19 30 0.000000
198 6 17 65.000000 0.700000 nan nan nan nan nan nan nan nan nan nan nan nan nan nan nan nan nan nan nan nan nan 0.000000 nan -1.000000 nan nan nan nan nan nan nan 19 30 0.000000
199 6 18 65.000000 0.740000 nan nan nan nan nan nan nan nan nan nan nan nan nan nan nan nan nan nan nan nan nan 0.000000 nan -1.000000 nan nan nan nan nan nan nan 19 30 0.000000
200 6 19 65.000000 0.780000 nan nan nan nan nan nan nan nan nan nan nan nan nan nan nan nan nan nan nan nan nan 0.000000 nan -1.000000 nan nan nan nan nan nan nan 19 30 0.000000
201 6 20 65.000000 0.820000 nan nan nan nan nan nan nan nan nan nan nan nan nan nan nan nan nan nan nan nan nan 0.000000 nan -1.000000 nan nan nan nan nan nan nan 19 30 0.000000
202 6 21 65.000000 0.860000 nan nan nan nan nan nan nan nan nan nan nan nan nan nan nan nan nan nan nan nan nan 0.000000 nan -1.000000 nan nan nan nan nan nan nan 19 30 0.000000
203 6 22 65.000000 0.900000 nan nan nan nan nan nan nan nan nan nan nan nan nan nan nan nan nan nan nan nan nan 0.000000 nan -1.000000 nan nan nan nan nan nan nan 19 30 0.000000
204 6 23 65.000000 0.940000 nan nan nan nan nan nan nan nan nan nan nan nan nan nan nan nan nan nan nan nan nan 0.000000 nan -1.000000 nan nan nan nan nan nan nan 19 30 0.000000
205 6 24 65.000000 0.980000 nan nan nan nan nan nan nan nan nan nan nan nan nan nan nan nan nan nan nan nan nan 0.000000 nan -1.000000 nan nan nan nan nan nan nan 19 30 0.000000
206 6 25 65.000000 1.020000 nan nan nan nan nan nan nan nan nan nan nan nan nan nan nan nan nan nan nan nan nan 0.000000 nan -1.000000 nan nan nan nan nan nan nan 19 30 0.000000
207 6 26 65.000000 1.060000 nan nan nan nan nan nan nan nan nan nan nan nan nan nan nan nan nan nan nan nan nan 0.000000 nan -1.000000 nan nan nan nan nan nan nan 19 30 0.000000
208 6 27 65.000000 1.100000 nan nan nan nan nan nan nan nan nan nan nan nan nan nan nan nan nan nan nan nan nan 0.000000 nan -1.000000 nan nan nan nan nan nan nan 19 30 0.000000
209 6 28 65.000000 1.140000 nan nan nan nan nan nan nan nan nan nan nan nan nan nan nan nan nan nan nan nan nan 0.000000 nan -1.000000 nan nan nan nan nan nan nan 19 30 0.000000
210 6 29 65.000000 1.180000 nan nan nan nan nan nan nan nan nan nan nan nan nan nan nan nan nan nan nan nan nan 0.000000 nan -1.000000 nan nan nan nan nan nan nan 19 30 0.000000
211 7 0 75.000000 0.020000 nan nan nan nan nan nan nan nan nan nan nan nan nan nan nan nan nan nan nan nan nan 0.000000 nan -1.000000 nan nan nan nan nan nan nan 19 30 0.000000
212 7 1 75.000000 0.060000 nan nan nan nan nan nan nan nan nan nan nan nan nan nan nan nan nan nan nan nan nan 0.000000 nan -1.000000 nan nan nan nan nan nan nan 19 30 0.000000
213 7 2 75.000000 0.100000 nan nan nan nan nan nan nan nan nan nan nan nan nan nan nan nan nan nan nan nan nan 0.000000 nan -1.000000 nan nan nan nan nan nan nan 19 30 0.000000
214 7 3 75.000000 0.140000 nan nan nan nan nan nan nan nan nan nan nan nan nan nan nan nan nan nan nan nan nan 0.000000 nan -1.000000 nan nan nan nan nan nan nan 19 30 0.000000
215 7 4 75.000000 0.180000 nan nan nan nan nan nan nan nan nan nan nan nan nan nan nan nan nan nan nan nan nan 0.000000 nan -1.000000 nan nan nan nan nan nan nan 19 30 0.000000
216 7 5 75.000000 0.220000 nan nan nan nan nan nan nan nan nan nan nan nan nan nan nan nan nan nan nan nan nan 0.000000 nan -1.000000 nan nan nan nan nan nan nan 19 30 0.000000
217 7 6 75.000000 0.260000 nan nan nan nan nan nan nan nan nan nan nan nan nan nan nan nan nan nan nan nan nan 0.000000 nan -1.000000 nan nan nan nan nan nan nan 19 30 0.000000
218 7 7 75.000000 0.300000 nan nan nan nan nan nan nan nan nan nan nan nan nan nan nan nan nan nan nan nan nan 0.000000 nan -1.000000 nan nan nan nan nan nan nan 19 30 0.000000
219 7 8 75.000000 0.340000 nan nan nan nan nan nan nan nan nan nan nan nan nan nan nan nan nan nan nan nan nan 0.000000 nan -1.000000 nan nan nan nan nan nan nan 19 30 0.000000
220 7 9 75.000000 0.380000 nan nan nan nan nan nan nan nan nan nan nan nan nan nan nan nan nan nan nan nan nan 0.000000 nan -1.000000 nan nan nan nan nan nan nan 19 30 0.000000
221 7 10 75.000000 0.420000 nan nan nan nan nan nan nan nan nan nan nan nan nan nan nan nan nan nan nan nan nan 0.000000 nan -1.000000 nan nan nan nan nan nan nan 19 30 0.000000
222 7 11 75.000000 0.460000 nan nan nan nan nan nan nan nan nan nan nan nan nan nan nan nan nan nan nan nan nan 0.000000 nan -1.000000 nan nan nan nan nan nan nan 19 30 0.000000
223 7 12 75.000000 0.500000 nan nan nan nan nan nan nan nan nan nan nan nan nan nan nan nan nan nan nan nan nan 0.000000 nan -1.000000 nan nan nan nan nan nan nan 19 30 0.000000
224 7 13 75.000000 0.540000 nan nan nan nan nan nan nan nan nan nan nan nan nan nan nan nan nan nan nan nan nan 0.000000 nan -1.000000 nan nan nan nan nan nan nan 19 30 0.000000
225 7 14 75.000000 0.580000 nan nan nan nan nan nan nan nan nan nan nan nan nan nan nan nan nan nan nan nan nan 0.000000 nan -1.000000 nan nan nan nan nan nan nan 19 30 0.000000
226 7 15 75.000000 0.620000 nan nan nan nan nan nan nan nan nan nan nan nan nan nan nan nan nan nan nan nan nan 0.000000 nan -1.000000 nan nan nan nan nan nan nan 19 30 0.000000
227 7 16 75.000000 0.660000 nan nan nan nan nan nan nan nan nan nan nan nan nan nan nan nan nan nan nan nan nan 0.000000 nan -1.000000 nan nan nan nan nan nan nan 19 30 0.000000
228 7 17 75.000000 0.700000 nan nan nan nan nan nan nan nan nan nan nan nan nan nan nan nan nan nan nan nan nan 0.000000 nan -1.000000 nan nan nan nan nan nan nan 19 30 0.000000
229 7 18 75.000000 0.740000 nan nan nan nan nan nan nan nan nan nan nan nan nan nan nan nan nan nan nan nan nan 0.000000 nan -1.000000 nan nan nan nan nan nan nan 19 30 0.000000
230 7 19 75.000000 0.780000 nan nan nan nan nan nan nan nan nan nan nan nan nan nan nan nan nan nan nan nan nan 0.000000 nan -1.000000 nan nan nan nan nan nan nan 19 30 0.000000
231 7 20 75.000000 0.820000 nan nan nan nan nan nan nan nan nan nan nan nan nan nan nan nan nan nan nan nan nan 0.000000 nan -1.000000 nan nan nan nan nan nan nan 19 30 0.000000
232 7 21 75.000000 0.860000 nan nan nan nan nan nan nan nan nan nan nan nan nan nan nan nan nan nan nan nan nan 0.000000 nan -1.000000 nan nan nan nan nan nan nan 19 30 0.000000
233 7 22 75.000000 0.900000 nan nan nan nan nan nan nan nan nan nan nan nan nan nan nan nan nan nan nan nan nan 0.000000 nan -1.000000 nan nan nan nan nan nan nan 19 30 0.000000
234 7 23 75.000000 0.940000 nan nan nan nan nan nan nan nan nan nan nan nan nan nan nan nan nan nan nan nan nan 0.000000 nan -1.000000 nan nan nan nan nan nan nan 19 30 0.000000
235 7 24 75.000000 0.980000 nan nan nan nan nan nan nan nan nan nan nan nan nan nan nan nan nan nan nan nan nan 0.000000 nan -1.000000 nan nan nan nan nan nan nan 19 30 0.000000
236 7 25 75.000000 1.020000 nan nan nan nan nan nan nan nan nan nan nan nan nan nan nan nan nan nan nan nan nan 0.000000 nan -1.000000 nan nan nan nan nan nan nan 19 30 0.000000
237 7 26 75.000000 1.060000 nan nan nan nan nan nan nan nan nan nan nan nan nan nan nan nan nan nan nan nan nan 0.000000 nan -1.000000 nan nan nan nan nan nan nan 19 30 0.000000
238 7 27 75.000000 1.100000 nan nan nan nan nan nan nan nan nan nan nan nan nan nan nan nan nan nan nan nan nan 0.000000 nan -1.000000 nan nan nan nan nan nan nan 19 30 0.000000
239 7 28 75.000000 1.140000 nan nan nan nan nan nan nan nan nan nan nan nan nan nan nan nan nan nan nan nan nan 0.000000 nan -1.000000 nan nan nan nan nan nan nan 19 30 0.000000
240 7 29 75.000000 1.180000 nan nan nan nan nan nan nan nan nan nan nan nan nan nan nan nan nan nan nan nan nan 0.000000 nan -1.000000 nan nan nan nan nan nan nan 19 30 0.000000
241 8 0 85.000000 0.020000 nan nan nan nan nan nan nan nan nan nan nan nan nan nan nan nan nan nan nan nan nan 0.000000 nan -1.000000 nan nan nan nan nan nan nan 19 30 0.000000
242 8 1 85.000000 0.060000 nan nan nan nan nan nan nan nan nan nan nan nan nan nan nan nan nan nan nan nan nan 0.000000 nan -1.000000 nan nan nan nan nan nan nan 19 30 0.000000
243 8 2 85.000000 0.100000 nan nan nan nan nan nan nan nan nan nan nan nan nan nan nan nan nan nan nan nan nan 0.000000 nan -1.000000 nan nan nan nan nan nan nan 19 30 0.000000
244 8 3 85.000000 0.140000 nan nan nan nan nan nan nan nan nan nan nan nan nan nan nan nan nan nan nan nan nan 0.000000 nan -1.000000 nan nan nan nan nan nan nan 19 30 0.000000
245 8 4 85.000000 0.180000 nan nan nan nan nan nan nan nan nan nan nan nan nan nan nan nan nan nan nan nan nan 0.000000 nan -1.000000 nan nan nan nan nan nan nan 19 30 0.000000
246 8 5 85.000000 0.220000 nan nan nan nan nan nan nan nan nan nan nan nan nan nan nan nan nan nan nan nan nan 0.000000 nan -1.000000 nan nan nan nan nan nan nan 19 30 0.000000
247 8 6 85.000000 0.260000 nan nan nan nan nan nan nan nan nan nan nan nan nan nan nan nan nan nan nan nan nan 0.000000 nan -1.000000 nan nan nan nan nan nan nan 19 30 0.000000
248 8 7 85.000000 0.300000 nan nan nan nan nan nan nan nan nan nan nan nan nan nan nan nan nan nan nan nan nan 0.000000 nan -1.000000 nan nan nan nan nan nan nan 19 30 0.000000
249 8 8 85.000000 0.340000 nan nan nan nan nan nan nan nan nan nan nan nan nan nan nan nan nan nan nan nan nan 0.000000 nan -1.000000 nan nan nan nan nan nan nan 19 30 0.000000
250 8 9 85.000000 0.380000 nan nan nan nan nan nan nan nan nan nan nan nan nan nan nan nan nan nan nan nan nan 0.000000 nan -1.000000 nan nan nan nan nan nan nan 19 30 0.000000
251 8 10 85.000000 0.420000 nan nan nan nan nan nan nan nan nan nan nan nan nan nan nan nan nan nan nan nan nan 0.000000 nan -1.000000 nan nan nan nan nan nan nan 19 30 0.000000
252 8 11 85.000000 0.460000 nan nan nan nan nan nan nan nan nan nan nan nan nan nan nan nan nan nan nan nan nan 0.000000 nan -1.000000 nan nan nan nan nan nan nan 19 30 0.000000
253 8 12 85.000000 0.500000 nan nan nan nan nan nan nan nan nan nan nan nan nan nan nan nan nan nan nan nan nan 0.000000 nan -1.000000 nan nan nan nan nan nan nan 19 30 0.000000
254 8 13 85.000000 0.540000 nan nan nan nan nan nan nan nan nan nan nan nan nan nan nan nan nan nan nan nan nan 0.000000 nan -1.000000 nan nan nan nan nan nan nan 19 30 0.000000
255 8 14 85.000000 0.580000 nan nan nan nan nan nan nan nan nan nan nan nan nan nan nan nan nan nan nan nan nan 0.000000 nan -1.000000 nan nan nan nan nan nan nan 19 30 0.000000
256 8 15 85.000000 0.620000 nan nan nan nan nan nan nan nan nan nan nan nan nan nan nan nan nan nan nan nan nan 0.000000 nan -1.000000 nan nan nan nan nan nan nan 19 30 0.000000
257 8 16 85.000000 0.660000 nan nan nan nan nan nan nan nan nan nan nan nan nan nan nan nan nan nan nan nan nan 0.000000 nan -1.000000 nan nan nan nan nan nan nan 19 30 0.000000
258 8 17 85.000000 0.700000 nan nan nan nan nan nan nan nan nan nan nan nan nan nan nan nan nan nan nan nan nan 0.000000 nan -1.000000 nan nan nan nan nan nan nan 19 30 0.000000
259 8 18 85.000000 0.740000 nan nan nan nan nan nan nan nan nan nan nan nan nan nan nan nan nan nan nan nan nan 0.000000 nan -1.000000 nan nan nan nan nan nan nan 19 30 0.000000
260 8 19 85.000000 0.780000 nan nan nan nan nan nan nan nan nan nan nan nan nan nan nan nan nan nan nan nan nan 0.000000 nan -1.000000 nan nan nan nan nan nan nan 19 30 0.000000
261 8 20 85.000000 0.820000 nan nan nan nan nan nan nan nan nan nan nan nan nan nan nan nan nan nan nan nan nan 0.000000 nan -1.000000 nan nan nan nan nan nan nan 19 30 0.000000
262 8 21 85.000000 0.860000 nan nan nan nan nan nan nan nan nan nan nan nan nan nan nan nan nan nan nan nan nan 0.000000 nan -1.000000 nan nan nan nan nan nan nan 19 30 0.000000
263 8 22 85.000000 0.900000 nan nan nan nan nan nan nan nan nan nan nan nan nan nan nan nan nan nan nan nan nan 0.000000 nan -1.000000 nan nan nan nan nan nan nan 19 30 0.000000
264 8 23 85.000000 0.940000 nan nan nan nan nan nan nan nan nan nan nan nan nan nan nan nan nan nan nan nan nan 0.000000 nan -1.000000 nan nan nan nan nan nan nan 19 30 0.000000
265 8 24 85.000000 0.980000 nan nan nan nan nan nan nan nan nan nan nan nan nan nan nan nan nan nan nan nan nan 0.000000 nan -1.000000 nan nan nan nan nan nan nan 19 30 0.000000
266 8 25 85.000000 1.020000 nan nan nan nan nan nan nan nan nan nan nan nan nan nan nan nan nan nan nan nan nan 0.000000 nan -1.000000 nan nan nan nan nan nan nan 19 30 0.000000
267 8 26 85.000000 1.060000 nan nan nan nan nan nan nan nan nan nan nan nan nan nan nan nan nan nan nan nan nan 0.000000 nan -1.000000 nan nan nan nan nan nan nan 19 30 0.000000
268 8 27 85.000000 1.100000 nan nan nan nan nan nan nan nan nan nan nan nan nan nan nan nan nan nan nan nan nan 0.000000 nan -1.000000 nan nan nan nan nan nan nan 19 30 0.000000
269 8 28 85.000000 1.140000 nan nan nan nan nan nan nan nan nan nan nan nan nan nan nan nan nan nan nan nan nan 0.000000 nan -1.000000 nan nan nan nan nan nan nan 19 30 0.000000
270 8 29 85.000000 1.180000 nan nan nan nan nan nan nan nan nan nan nan nan nan nan nan nan nan nan nan nan nan 0.000000 nan -1.000000 nan nan nan nan nan nan nan 19 30 0.000000
271 9 0 95.000000 0.020000 nan nan nan nan nan nan nan nan nan nan nan nan nan nan nan nan nan nan nan nan nan 0.000000 nan -1.000000 nan nan nan nan nan nan nan 19 30 0.000000
272 9 1 95.000000 0.060000 nan nan nan nan nan nan nan nan nan nan nan nan nan nan nan nan nan nan nan nan nan 0.000000 nan -1.000000 nan nan nan nan nan nan nan 19 30 0.000000
273 9 2 95.000000 0.100000 nan nan nan nan nan nan nan nan nan nan nan nan nan nan nan nan nan nan nan nan nan 0.000000 nan -1.000000 nan nan nan nan nan nan nan 19 30 0.000000
274 9 3 95.000000 0.140000 nan nan nan nan nan nan nan nan nan nan nan nan nan nan nan nan nan nan nan nan nan 0.000000 nan -1.000000 nan nan nan nan nan nan nan 19 30 0.000000
275 9 4 95.000000 0.180000 nan nan nan nan nan nan nan nan nan nan nan nan nan nan nan nan nan nan nan nan nan 0.000000 nan -1.000000 nan nan nan nan nan nan nan 19 30 0.000000
276 9 5 95.000000 0.220000 nan nan nan nan nan nan nan nan nan nan nan nan nan nan nan nan nan nan nan nan nan 0.000000 nan -1.000000 nan nan nan nan nan nan nan 19 30 0.000000
277 9 6 95.000000 0.260000 nan nan nan nan nan nan nan nan nan nan nan nan nan nan nan nan nan nan nan nan nan 0.000000 nan -1.000000 nan nan nan nan nan nan nan 19 30 0.000000
278 9 7 95.000000 0.300000 nan nan nan nan nan nan nan nan nan nan nan nan nan nan nan nan nan nan nan nan nan 0.000000 nan -1.000000 nan nan nan nan nan nan nan 19 30 0.000000
279 9 8 95.000000 0.340000 nan nan nan nan nan nan nan nan nan nan nan nan nan nan nan nan nan nan nan nan nan 0.000000 nan -1.000000 nan nan nan nan nan nan nan 19 30 0.000000
280 9 9 95.000000 0.380000 nan nan nan nan nan nan nan nan nan nan nan nan nan nan nan nan nan nan nan nan nan 0.000000 nan -1.000000 nan nan nan nan nan nan nan 19 30 0.000000
281 9 10 95.000000 0.420000 nan nan nan nan nan nan nan nan nan nan nan nan nan nan nan nan nan nan nan nan nan 0.000000 nan -1.000000 nan nan nan nan nan nan nan 19 30 0.000000
282 9 11 95.000000 0.460000 nan nan nan nan nan nan nan nan nan nan nan nan nan nan nan nan nan nan nan nan nan 0.000000 nan -1.000000 nan nan nan nan nan nan nan 19 30 0.000000
283 9 12 95.000000 0.500000 nan nan nan nan nan nan nan nan nan nan nan nan nan nan nan nan nan nan nan nan nan 0.000000 nan -1.000000 nan nan nan nan nan nan nan 19 30 0.000000
284 9 13 95.000000 0.540000 nan nan nan nan nan nan nan nan nan nan nan nan nan nan nan nan nan nan nan nan nan 0.000000 nan -1.000000 nan nan nan nan nan nan nan 19 30 0.000000
285 9 14 95.000000 0.580000 nan nan nan nan nan nan nan nan nan nan nan nan nan nan nan nan nan nan nan nan nan 0.000000 nan -1.000000 nan nan nan nan nan nan nan 19 30 0.000000
286 9 15 95.000000 0.620000 nan nan nan nan nan nan nan nan nan nan nan nan nan nan nan nan nan nan nan nan nan 0.000000 nan -1.000000 nan nan nan nan nan nan nan 19 30 0.000000
287 9 16 95.000000 0.660000 nan nan nan nan nan nan nan nan nan nan nan nan nan nan nan nan nan nan nan nan nan 0.000000 nan -1.000000 nan nan nan nan nan nan nan 19 30 0.000000
288 9 17 95.000000 0.700000 nan nan nan nan nan nan nan nan nan nan nan nan nan nan nan nan nan nan nan nan nan 0.000000 nan -1.000000 nan nan nan nan nan nan nan 19 30 0.000000
289 9 18 95.000000 0.740000 nan nan nan nan nan nan nan nan nan nan nan nan nan nan nan nan nan nan nan nan nan 0.000000 nan -1.000000 nan nan nan nan nan nan nan 19 30 0.000000
290 9 19 95.000000 0.780000 nan nan nan nan nan nan nan nan nan nan nan nan nan nan nan nan nan nan nan nan nan 0.000000 nan -1.000000 nan nan nan nan nan nan nan 19 30 0.000000
291 9 20 95.000000 0.820000 nan nan nan nan nan nan nan nan nan nan nan nan nan nan nan nan nan nan nan nan nan 0.000000 nan -1.000000 nan nan nan nan nan nan nan 19 30 0.000000
292 9 21 95.000000 0.860000 nan nan nan nan nan nan nan nan nan nan nan nan nan nan nan nan nan nan nan nan nan 0.000000 nan -1.000000 nan nan nan nan nan nan nan 19 30 0.000000
293 9 22 95.000000 0.900000 nan nan nan nan nan nan nan nan nan nan nan nan nan nan nan nan nan nan nan nan nan 0.000000 nan -1.000000 nan nan nan nan nan nan nan 19 30 0.000000
294 9 23 95.000000 0.940000 nan nan nan nan nan nan nan nan nan nan nan nan nan nan nan nan nan nan nan nan nan 0.000000 nan -1.000000 nan nan nan nan nan nan nan 19 30 0.000000
295 9 24 95.000000 0.980000 nan nan nan nan nan nan nan nan nan nan nan nan nan nan nan nan nan nan nan nan nan 0.000000 nan -1.000000 nan nan nan nan nan nan nan 19 30 0.000000
296 9 25 95.000000 1.020000 nan nan nan nan nan nan nan nan nan nan nan nan nan nan nan nan nan nan nan nan nan 0.000000 nan -1.000000 nan nan nan nan nan nan nan 19 30 0.000000
297 9 26 95.000000 1.060000 nan nan nan nan nan nan nan nan nan nan nan nan nan nan nan nan nan nan nan nan nan 0.000000 nan -1.000000 nan nan nan nan nan nan nan 19 30 0.000000
298 9 27 95.000000 1.100000 nan nan nan nan nan nan nan nan nan nan nan nan nan nan nan nan nan nan nan nan nan 0.000000 nan -1.000000 nan nan nan nan nan nan nan 19 30 0.000000
299 9 28 95.000000 1.140000 nan nan nan nan nan nan nan nan nan nan nan nan nan nan nan nan nan nan nan nan nan 0.000000 nan -1.000000 nan nan nan nan nan nan nan 19 30 0.000000
300 9 29 95.000000 1.180000 nan nan nan nan nan nan nan nan nan nan nan nan nan nan nan nan nan nan nan nan nan 0.000000 nan -1.000000 nan nan nan nan nan nan nan 19 30 0.000000
301 10 0 105.000000 0.020000 nan nan nan nan nan nan nan nan nan nan nan nan nan nan nan nan nan nan nan nan nan 0.000000 nan -1.000000 nan nan nan nan nan nan nan 19 30 0.000000
302 10 1 105.000000 0.060000 nan nan nan nan nan nan nan nan nan nan nan nan nan nan nan nan nan nan nan nan nan 0.000000 nan -1.000000 nan nan nan nan nan nan nan 19 30 0.000000
303 10 2 105.000000 0.100000 nan nan nan nan nan nan nan nan nan nan nan nan nan nan nan nan nan nan nan nan nan 0.000000 nan -1.000000 nan nan nan nan nan nan nan 19 30 0.000000
304 10 3 105.000000 0.140000 nan nan nan nan nan nan nan nan nan nan nan nan nan nan nan nan nan nan nan nan nan 0.000000 nan -1.000000 nan nan nan nan nan nan nan 19 30 0.000000
305 10 4 105.000000 0.180000 nan nan nan nan nan nan nan nan nan nan nan nan nan nan nan nan nan nan nan nan nan 0.000000 nan -1.000000 nan nan nan nan nan nan nan 19 30 0.000000
306 10 5 105.000000 0.220000 nan nan nan nan nan nan nan nan nan nan nan nan nan nan nan nan nan nan nan nan nan 0.000000 nan -1.000000 nan nan nan nan nan nan nan 19 30 0.000000
307 10 6 105.000000 0.260000 nan nan nan nan nan nan nan nan nan nan nan nan nan nan nan nan nan nan nan nan nan 0.000000 nan -1.000000 nan nan nan nan nan nan nan 19 30 0.000000
308 10 7 105.000000 0.300000 nan nan nan nan nan nan nan nan nan nan nan nan nan nan nan nan nan nan nan nan nan 0.000000 nan -1.000000 nan nan nan nan nan nan nan 19 30 0.000000
309 10 8 105.000000 0.340000 nan nan nan nan nan nan nan nan nan nan nan nan nan nan nan nan nan nan nan nan nan 0.000000 nan -1.000000 nan nan nan nan nan nan nan 19 30 0.000000
310 10 9 105.000000 0.380000 nan nan nan nan nan nan nan nan nan nan nan nan nan nan nan nan nan nan nan nan nan 0.000000 nan -1.000000 nan nan nan nan nan nan nan 19 30 0.000000
311 10 10 105.000000 0.420000 nan nan nan nan nan nan nan nan nan nan nan nan nan nan nan nan nan nan nan nan nan 0.000000 nan -1.000000 nan nan nan nan nan nan nan 19 30 0.000000
312 10 11 105.000000 0.460000 nan nan nan nan nan nan nan nan nan nan nan nan nan nan nan nan nan nan nan nan nan 0.000000 nan -1.000000 nan nan nan nan nan nan nan 19 30 0.000000
313 10 12 105.000000 0.500000 nan nan nan nan nan nan nan nan nan nan nan nan nan nan nan nan nan nan nan nan nan 0.000000 nan -1.000000 nan nan nan nan nan nan nan 19 30 0.000000
314 10 13 105.000000 0.540000 nan nan nan nan nan nan nan nan nan nan nan nan nan nan nan nan nan nan nan nan nan 0.000000 nan -1.000000 nan nan nan nan nan nan nan 19 30 0.000000
315 10 14 105.000000 0.580000 nan nan nan nan nan nan nan nan nan nan nan nan nan nan nan nan nan nan nan nan nan 0.000000 nan -1.000000 nan nan nan nan nan nan nan 19 30 0.000000
316 10 15 105.000000 0.620000 nan nan nan nan nan nan nan nan nan nan nan nan nan nan nan nan nan nan nan nan nan 0.000000 nan -1.000000 nan nan nan nan nan nan nan 19 30 0.000000
317 10 16 105.000000 0.660000 nan nan nan nan nan nan nan nan nan nan nan nan nan nan nan nan nan nan nan nan nan 0.000000 nan -1.000000 nan nan nan nan nan nan nan 19 30 0.000000
318 10 17 105.000000 0.700000 nan nan nan nan nan nan nan nan nan nan nan nan nan nan nan nan nan nan nan nan nan 0.000000 nan -1.000000 nan nan nan nan nan nan nan 19 30 0.000000
319 10 18 105.000000 0.740000 nan nan nan nan nan nan nan nan nan nan nan nan nan nan nan nan nan nan nan nan nan 0.000000 nan -1.000000 nan nan nan nan nan nan nan 19 30 0.000000
320 10 19 105.000000 0.780000 nan nan nan nan nan nan nan nan nan nan nan nan nan nan nan nan nan nan nan nan nan 0.000000 nan -1.000000 nan nan nan nan nan nan nan 19 30 0.000000
321 10 20 105.000000 0.820000 nan nan nan nan nan nan nan nan nan nan nan nan nan nan nan nan nan nan nan nan nan 0.000000 nan -1.000000 nan nan nan nan nan nan nan 19 30 0.000000
322 10 21 105.000000 0.860000 nan nan nan nan nan nan nan nan nan nan nan nan nan nan nan nan nan nan nan nan nan 0.000000 nan -1.000000 nan nan nan nan nan nan nan 19 30 0.000000
323 10 22 105.000000 0.900000 nan nan nan nan nan nan nan nan nan nan nan nan nan nan nan nan nan nan nan nan nan 0.000000 nan -1.000000 nan nan nan nan nan nan nan 19 30 0.000000
324 10 23 105.000000 0.940000 nan nan nan nan nan nan nan nan nan nan nan nan nan nan nan nan nan nan nan nan nan 0.000000 nan -1.000000 nan nan nan nan nan nan nan 19 30 0.000000
325 10 24 105.000000 0.980000 nan nan nan nan nan nan nan nan nan nan nan nan nan nan nan nan nan nan nan nan nan 0.000000 nan -1.000000 nan nan nan nan nan nan nan 19 30 0.000000
326 10 25 105.000000 1.020000 nan nan nan nan nan nan nan nan nan nan nan nan nan nan nan nan nan nan nan nan nan 0.000000 nan -1.000000 nan nan nan nan nan nan nan 19 30 0.000000
327 10 26 105.000000 1.060000 nan nan nan nan nan nan nan nan nan nan nan nan nan nan nan nan nan nan nan nan nan 0.000000 nan -1.000000 nan nan nan nan nan nan nan 19 30 0.000000
328 10 27 105.000000 1.100000 nan nan nan nan nan nan nan nan nan nan nan nan nan nan nan nan nan nan nan nan nan 0.000000 nan -1.000000 nan nan nan nan nan nan nan 19 30 0.000000
329 10 28 105.000000 1.140000 nan nan nan nan nan nan nan nan nan nan nan nan nan nan nan nan nan nan nan nan nan 0.000000 nan -1.000000 nan nan nan nan nan nan nan 19 30 0.000000
330 10 29 105.000000 1.180000 nan nan nan nan nan nan nan nan nan nan nan nan nan nan nan nan nan nan nan nan nan 0.000000 nan -1.000000 nan nan nan nan nan nan nan 19 30 0.000000
331 11 0 115.000000 0.020000 nan nan nan nan nan nan nan nan nan nan nan nan nan nan nan nan nan nan nan nan nan 0.000000 nan -1.000000 nan nan nan nan nan nan nan 19 30 0.000000
332 11 1 115.000000 0.060000 nan nan nan nan nan nan nan nan nan nan nan nan nan nan nan nan nan nan nan nan nan 0.000000 nan -1.000000 nan nan nan nan nan nan nan 19 30 0.000000
333 11 2 115.000000 0.100000 nan nan nan nan nan nan nan nan nan nan nan nan nan nan nan nan nan nan nan nan nan 0.000000 nan -1.000000 nan nan nan nan nan nan nan 19 30 0.000000
334 11 3 115.000000 0.140000 nan nan nan nan nan nan nan nan nan nan nan nan nan nan nan nan nan nan nan nan nan 0.000000 nan -1.000000 nan nan nan nan nan nan nan 19 30 0.000000
335 11 4 115.000000 0.180000 nan nan nan nan nan nan nan nan nan nan nan nan nan nan nan nan nan nan nan nan nan 0.000000 nan -1.000000 nan nan nan nan nan nan nan 19 30 0.000000
336 11 5 115.000000 0.220000 nan nan nan nan nan nan nan nan nan nan nan nan nan nan nan nan nan nan nan nan nan 0.000000 nan -1.000000 nan nan nan nan nan nan nan 19 30 0.000000
337 11 6 115.000000 0.260000 nan nan nan nan nan nan nan nan nan nan nan nan nan nan nan nan nan nan nan nan nan 0.000000 nan -1.000000 nan nan nan nan nan nan nan 19 30 0.000000
338 11 7 115.000000 0.300000 nan nan nan nan nan nan nan nan nan nan nan nan nan nan nan nan nan nan nan nan nan 0.000000 nan -1.000000 nan nan nan nan nan nan nan 19 30 0.000000
339 11 8 115.000000 0.340000 nan nan nan nan nan nan nan nan nan nan nan nan nan nan nan nan nan nan nan nan nan 0.000000 nan -1.000000 nan nan nan nan nan nan nan 19 30 0.000000
340 11 9 115.000000 0.380000 nan nan nan nan nan nan nan nan nan nan nan nan nan nan nan nan nan nan nan nan nan 0.000000 nan -1.000000 nan nan nan nan nan nan nan 19 30 0.000000
341 11 10 115.000000 0.420000 nan nan nan nan nan nan nan nan nan nan nan nan nan nan nan nan nan nan nan nan nan 0.000000 nan -1.000000 nan nan nan nan nan nan nan 19 30 0.000000
342 11 11 115.000000 0.460000 nan nan nan nan nan nan nan nan nan nan nan nan nan nan nan nan nan nan nan nan nan 0.000000 nan -1.000000 nan nan nan nan nan nan nan 19 30 0.000000
343 11 12 115.000000 0.500000 nan nan nan nan nan nan nan nan nan nan nan nan nan nan nan nan nan nan nan nan nan 0.000000 nan -1.000000 nan nan nan nan nan nan nan 19 30 0.000000
344 11 13 115.000000 0.540000 nan nan nan nan nan nan nan nan nan nan nan nan nan nan nan nan nan nan nan nan nan 0.000000 nan -1.000000 nan nan nan nan nan nan nan 19 30 0.000000
345 11 14 115.000000 0.580000 nan nan nan nan nan nan nan nan nan nan nan nan nan nan nan nan nan nan nan nan nan 0.000000 nan -1.000000 nan nan nan nan nan nan nan 19 30 0.000000
346 11 15 115.000000 0.620000 nan nan nan nan nan nan nan nan nan nan nan nan nan nan nan nan nan nan nan nan nan 0.000000 nan -1.000000 nan nan nan nan nan nan nan 19 30 0.000000
347 11 16 115.000000 0.660000 nan nan nan nan nan nan nan nan nan nan nan nan nan nan nan nan nan nan nan nan nan 0.000000 nan -1.000000 nan nan nan nan nan nan nan 19 30 0.000000
348 11 17 115.000000 0.700000 nan nan nan nan nan nan nan nan nan nan nan nan nan nan nan nan nan nan nan nan nan 0.000000 nan -1.000000 nan nan nan nan nan nan nan 19 30 0.000000
349 11 18 115.000000 0.740000 nan nan nan nan nan nan nan nan nan nan nan nan nan nan nan nan nan nan nan nan nan 0.000000 nan -1.000000 nan nan nan nan nan nan nan 19 30 0.000000
350 11 19 115.000000 0.780000 nan nan nan nan nan nan nan nan nan nan nan nan nan nan nan nan nan nan nan nan nan 0.000000 nan -1.000000 nan nan nan nan nan nan nan 19 30 0.000000
351 11 20 115.000000 0.820000 nan nan nan nan nan nan nan nan nan nan nan nan nan nan nan nan nan nan nan nan nan 0.000000 nan -1.000000 nan nan nan nan nan nan nan 19 30 0.000000
352 11 21 115.000000 0.860000 nan nan nan nan nan nan nan nan nan nan nan nan nan nan nan nan nan nan nan nan nan 0.000000 nan -1.000000 nan nan nan nan nan nan nan 19 30 0.000000
353 11 22 115.000000 0.900000 nan nan nan nan nan nan nan nan nan nan nan nan nan nan nan nan nan nan nan nan nan 0.000000 nan -1.000000 nan nan nan nan nan nan nan 19 30 0.000000
354 11 23 115.000000 0.940000 nan nan nan nan nan nan nan nan nan nan nan nan nan nan nan nan nan nan nan nan nan 0.000000 nan -1.000000 nan nan nan nan nan nan nan 19 30 0.000000
355 11 24 115.000000 0.980000 nan nan nan nan nan nan nan nan nan nan nan nan nan nan nan nan nan nan nan nan nan 0.000000 nan -1.000000 nan nan nan nan nan nan nan 19 30 0.000000
356 11 25 115.000000 1.020000 nan nan nan nan nan nan nan nan nan nan nan nan nan nan nan nan nan nan nan nan nan 0.000000 nan -1.000000 nan nan nan nan nan nan nan 19 30 0.000000
357 11 26 115.000000 1.060000 nan nan nan nan nan nan nan nan nan nan nan nan nan nan nan nan nan nan nan nan nan 0.000000 nan -1.000000 nan nan nan nan nan nan nan 19 30 0.000000
358 11 27 115.000000 1.100000 nan nan nan nan nan nan nan nan nan nan nan nan nan nan nan nan nan nan nan nan nan 0.000000 nan -1.000000 nan nan nan nan nan nan nan 19 30 0.000000
359 11 28 115.000000 1.140000 nan nan nan nan nan nan nan nan nan nan nan nan nan nan nan nan nan nan nan nan nan 0.000000 nan -1.000000 nan nan nan nan nan nan nan 19 30 0.000000
360 11 29 115.000000 1.180000 nan nan nan nan nan nan nan nan nan nan nan nan nan nan nan nan nan nan nan nan nan 0.000000 nan -1.000000 nan nan nan nan nan nan nan 19 30 0.000000
361 12 0 125.000000 0.020000 nan nan nan nan nan nan nan nan nan nan nan nan nan nan nan nan nan nan nan nan nan 0.000000 nan -1.000000 nan nan nan nan nan nan nan 19 30 0.000000
362 12 1 125.000000 0.060000 nan nan nan nan nan nan nan nan nan nan nan nan nan nan nan nan nan nan nan nan nan 0.000000 nan -1.000000 nan nan nan nan nan nan nan 19 30 0.000000
363 12 2 125.000000 0.100000 nan nan nan nan nan nan nan nan nan nan nan nan nan nan nan nan nan nan nan nan nan 0.000000 nan -1.000000 nan nan nan nan nan nan nan 19 30 0.000000
364 12 3 125.000000 0.140000 nan nan nan nan nan nan nan nan nan nan nan nan nan nan nan nan nan nan nan nan nan 0.000000 nan -1.000000 nan nan nan nan nan nan nan 19 30 0.000000
365 12 4 125.000000 0.180000 nan nan nan nan nan nan nan nan nan nan nan nan nan nan nan nan nan nan nan nan nan 0.000000 nan -1.000000 nan nan nan nan nan nan nan 19 30 0.000000
366 12 5 125.000000 0.220000 nan nan nan nan nan nan nan nan nan nan nan nan nan nan nan nan nan nan nan nan nan 0.000000 nan -1.000000 nan nan nan nan nan nan nan 19 30 0.000000
367 12 6 125.000000 0.260000 nan nan nan nan nan nan nan nan nan nan nan nan nan nan nan nan nan nan nan nan nan 0.000000 nan -1.000000 nan nan nan nan nan nan nan 19 30 0.000000
368 12 7 125.000000 0.300000 nan nan nan nan nan nan nan nan nan nan nan nan nan nan nan nan nan nan nan nan nan 0.000000 nan -1.000000 nan nan nan nan nan nan nan 19 30 0.000000
369 12 8 125.000000 0.340000 nan nan nan nan nan nan nan nan nan nan nan nan nan nan nan nan nan nan nan nan nan 0.000000 nan -1.000000 nan nan nan nan nan nan nan 19 30 0.000000
370 12 9 125.000000 0.380000 nan nan nan nan nan nan nan nan nan nan nan nan nan nan nan nan nan nan nan nan nan 0.000000 nan -1.000000 nan nan nan nan nan nan nan 19 30 0.000000
371 12 10 125.000000 0.420000 nan nan nan nan nan nan nan nan nan nan nan nan nan nan nan nan nan nan nan nan nan 0.000000 nan -1.000000 nan nan nan nan nan nan nan 19 30 0.000000
372 12 11 125.000000 0.460000 nan nan nan nan nan nan nan nan nan nan nan nan nan nan nan nan nan nan nan nan nan 0.000000 nan -1.000000 nan nan nan nan nan nan nan 19 30 0.000000
373 12 12 125.000000 0.500000 nan nan nan nan nan nan nan nan nan nan nan nan nan nan nan nan nan nan nan nan nan 0.000000 nan -1.000000 nan nan nan nan nan nan nan 19 30 0.000000
374 12 13 125.000000 0.540000 nan nan nan nan nan nan nan nan nan nan nan nan nan nan nan nan nan nan nan nan nan 0.000000 nan -1.000000 nan nan nan nan nan nan nan 19 30 0.000000
375 12 14 125.000000 0.580000 nan nan nan nan nan nan nan nan nan nan nan nan nan nan nan nan nan nan nan nan nan 0.000000 nan -1.000000 nan nan nan nan nan nan nan 19 30 0.000000
376 12 15 125.000000 0.620000 nan nan nan nan nan nan nan nan nan nan nan nan nan nan nan nan nan nan nan nan nan 0.000000 nan -1.000000 nan nan nan nan nan nan nan 19 30 0.000000
377 12 16 125.000000 0.660000 nan nan nan nan nan nan nan nan nan nan nan nan nan nan nan nan nan nan nan nan nan 0.000000 nan -1.000000 nan nan nan nan nan nan nan 19 30 0.000000
378 12 17 125.000000 0.700000 nan nan nan nan nan nan nan nan nan nan nan nan nan nan nan nan nan nan nan nan nan 0.000000 nan -1.000000 nan nan nan nan nan nan nan 19 30 0.000000
379 12 18 125.000000 0.740000 nan nan nan nan nan nan nan nan nan nan nan nan nan nan nan nan nan nan nan nan nan 0.000000 nan -1.000000 nan nan nan nan nan nan nan 19 30 0.000000
380 12 19 125.000000 0.780000 nan nan nan nan nan nan nan nan nan nan nan nan nan nan nan nan nan nan nan nan nan 0.000000 nan -1.000000 nan nan nan nan nan nan nan 19 30 0.000000
381 12 20 125.000000 0.820000 nan nan nan nan nan nan nan nan nan nan nan nan nan nan nan nan nan nan nan nan nan 0.000000 nan -1.000000 nan nan nan nan nan nan nan 19 30 0.000000
382 12 21 125.000000 0.860000 nan nan nan nan nan nan nan nan nan nan nan nan nan nan nan nan nan nan nan nan nan 0.000000 nan -1.000000 nan nan nan nan nan nan nan 19 30 0.000000
383 12 22 125.000000 0.900000 nan nan nan nan nan nan nan nan nan nan nan nan nan nan nan nan nan nan nan nan nan 0.000000 nan -1.000000 nan nan nan nan nan nan nan 19 30 0.000000
384 12 23 125.000000 0.940000 nan nan nan nan nan nan nan nan nan nan nan nan nan nan nan nan nan nan nan nan nan 0.000000 nan -1.000000 nan nan nan nan nan nan nan 19 30 0.000000
385 12 24 125.000000 0.980000 nan nan nan nan nan nan nan nan nan nan nan nan nan nan nan nan nan nan nan nan nan 0.000000 nan -1.000000 nan nan nan nan nan nan nan 19 30 0.000000
386 12 25 125.000000 1.020000 nan nan nan nan nan nan nan nan nan nan nan nan nan nan nan nan nan nan nan nan nan 0.000000 nan -1.000000 nan nan nan nan nan nan nan 19 30 0.000000
387 12 26 125.000000 1.060000 nan nan nan nan nan nan nan nan nan nan nan nan nan nan nan nan nan nan nan nan nan 0.000000 nan -1.000000 nan nan nan nan nan nan nan 19 30 0.000000
388 12 27 125.000000 1.100000 nan nan nan nan nan nan nan nan nan nan nan nan nan nan nan nan nan nan nan nan nan 0.000000 nan -1.000000 nan nan nan nan nan nan nan 19 30 0.000000
389 12 28 125.000000 1.140000 nan nan nan nan nan nan nan nan nan nan nan nan nan nan nan nan nan nan nan nan nan 0.000000 nan -1.000000 nan nan nan nan nan nan nan 19 30 0.000000
390 12 29 125.000000 1.180000 nan nan nan nan nan nan nan nan nan nan nan nan nan nan nan nan nan nan nan nan nan 0.000000 nan -1.000000 nan nan nan nan nan nan nan 19 30 0.000000
391 13 0 135.000000 0.020000 nan nan nan nan nan nan nan nan nan nan nan nan nan nan nan nan nan nan nan nan nan 0.000000 nan -1.000000 nan nan nan nan nan nan nan 19 30 0.000000
392 13 1 135.000000 0.060000 nan nan nan nan nan nan nan nan nan nan nan nan nan nan nan nan nan nan nan nan nan 0.000000 nan -1.000000 nan nan nan nan nan nan nan 19 30 0.000000
393 13 2 135.000000 0.100000 nan nan nan nan nan nan nan nan nan nan nan nan nan nan nan nan nan nan nan nan nan 0.000000 nan -1.000000 nan nan nan nan nan nan nan 19 30 0.000000
394 13 3 135.000000 0.140000 nan nan nan nan nan nan nan nan nan nan nan nan nan nan nan nan nan nan nan nan nan 0.000000 nan -1.000000 nan nan nan nan nan nan nan 19 30 0.000000
395 13 4 135.000000 0.180000 nan nan nan nan nan nan nan nan nan nan nan nan nan nan nan nan nan nan nan nan nan 0.000000 nan -1.000000 nan nan nan nan nan nan nan 19 30 0.000000
396 13 5 135.000000 0.220000 nan nan nan nan nan nan nan nan nan nan nan nan nan nan nan nan nan nan nan nan nan 0.000000 nan -1.000000 nan nan nan nan nan nan nan 19 30 0.000000
397 13 6 135.000000 0.260000 nan nan nan nan nan nan nan nan nan nan nan nan nan nan nan nan nan nan nan nan nan 0.000000 nan -1.000000 nan nan nan nan nan nan nan 19 30 0.000000
398 13 7 135.000000 0.300000 nan nan nan nan nan nan nan nan nan nan nan nan nan nan nan nan nan nan nan nan nan 0.000000 nan -1.000000 nan nan nan nan nan nan nan 19 30 0.000000
399 13 8 135.000000 0.340000 nan nan nan nan nan nan nan nan nan nan nan nan nan nan nan nan nan nan nan nan nan 0.000000 nan -1.000000 nan nan nan nan nan nan nan 19 30 0.000000
400 13 9 135.000000 0.380000 nan nan nan nan nan nan nan nan nan nan nan nan nan nan nan nan nan nan nan nan nan 0.000000 nan -1.000000 nan nan nan nan nan nan nan 19 30 0.000000
401 13 10 135.000000 0.420000 nan nan nan nan nan nan nan nan nan nan nan nan nan nan nan nan nan nan nan nan nan 0.000000 nan -1.000000 nan nan nan nan nan nan nan 19 30 0.000000
402 13 11 135.000000 0.460000 nan nan nan nan nan nan nan nan nan nan nan nan nan nan nan nan nan nan nan nan nan 0.000000 nan -1.000000 nan nan nan nan nan nan nan 19 30 0.000000
403 13 12 135.000000 0.500000 nan nan nan nan nan nan nan nan nan nan nan nan nan nan nan nan nan nan nan nan nan 0.000000 nan -1.000000 nan nan nan nan nan nan nan 19 30 0.000000
404 13 13 135.000000 0.540000 nan nan nan nan nan nan nan nan nan nan nan nan nan nan nan nan nan nan nan nan nan 0.000000 nan -1.000000 nan nan nan nan nan nan nan 19 30 0.000000
405 13 14 135.000000 0.580000 nan nan nan nan nan nan nan nan nan nan nan nan nan nan nan nan nan nan nan nan nan 0.000000 nan -1.000000 nan nan nan nan nan nan nan 19 30 0.000000
406 13 15 135.000000 0.620000 nan nan nan nan nan nan nan nan nan nan nan nan nan nan nan nan nan nan nan nan nan 0.000000 nan -1.000000 nan nan nan nan nan nan nan 19 30 0.000000
407 13 16 135.000000 0.660000 nan nan nan nan nan nan nan nan nan nan nan nan nan nan nan nan nan nan nan nan nan 0.000000 nan -1.000000 nan nan nan nan nan nan nan 19 30 0.000000
408 13 17 135.000000 0.700000 nan nan nan nan nan nan nan nan nan nan nan nan nan nan nan nan nan nan nan nan nan 0.000000 nan -1.000000 nan nan nan nan nan nan nan 19 30 0.000000
409 13 18 135.000000 0.740000 nan nan nan nan nan nan nan nan nan nan nan nan nan nan nan nan nan nan nan nan nan 0.000000 nan -1.000000 nan nan nan nan nan nan nan 19 30 0.000000
410 13 19 135.000000 0.780000 nan nan nan nan nan nan nan nan nan nan nan nan nan nan nan nan nan nan nan nan nan 0.000000 nan -1.000000 nan nan nan nan nan nan nan 19 30 0.000000
411 13 20 135.000000 0.820000 nan nan nan nan nan nan nan nan nan nan nan nan nan nan nan nan nan nan nan nan nan 0.000000 nan -1.000000 nan nan nan nan nan nan nan 19 30 0.000000
412 13 21 135.000000 0.860000 nan nan nan nan nan nan nan nan nan nan nan nan nan nan nan nan nan nan nan nan nan 0.000000 nan -1.000000 nan nan nan nan nan nan nan 19 30 0.000000
413 13 22 135.000000 0.900000 nan nan nan nan nan nan nan nan nan nan nan nan nan nan nan nan nan nan nan nan nan 0.000000 nan -1.000000 nan nan nan nan nan nan nan 19 30 0.000000
414 13 23 135.000000 0.940000 nan nan nan nan nan nan nan nan nan nan nan nan nan nan nan nan nan nan nan nan nan 0.000000 nan -1.000000 nan nan nan nan nan nan nan 19 30 0.000000
415 13 24 135.000000 0.980000 nan nan nan nan nan nan nan nan nan nan nan nan nan nan nan nan nan nan nan nan nan 0.000000 nan -1.000000 nan nan nan nan nan nan nan 19 30 0.000000
416 13 25 135.000000 1.020000 nan nan nan nan nan nan nan nan nan nan nan nan nan nan nan nan nan nan nan nan nan 0.000000 nan -1.000000 nan nan nan nan nan nan nan 19 30 0.000000
417 13 26 135.000000 1.060000 nan nan nan nan nan nan nan nan nan nan nan nan nan nan nan nan nan nan nan nan nan 0.000000 nan -1.000000 nan nan nan nan nan nan nan 19 30 0.000000
418 13 27 135.000000 1.100000 nan nan nan nan nan nan nan nan nan nan nan nan nan nan nan nan nan nan nan nan nan 0.000000 nan -1.000000 nan nan nan nan nan nan nan 19 30 0.000000
419 13 28 135.000000 1.140000 nan nan nan nan nan nan nan nan nan nan nan nan nan nan nan nan nan nan nan nan nan 0.000000 nan -1.000000 nan nan nan nan nan nan nan 19 30 0.000000
420 13 29 135.000000 1.180000 nan nan nan nan nan nan nan nan nan nan nan nan nan nan nan nan nan nan nan nan nan 0.000000 nan -1.000000 nan nan nan nan nan nan nan 19 30 0.000000
421 14 0 145.000000 0.020000 nan nan nan nan nan nan nan nan nan nan nan nan nan nan nan nan nan nan nan nan nan 0.000000 nan -1.000000 nan nan nan nan nan nan nan 19 30 0.000000
422 14 1 145.000000 0.060000 nan nan nan nan nan nan nan nan nan nan nan nan nan nan nan nan nan nan nan nan nan 0.000000 nan -1.000000 nan nan nan nan nan nan nan 19 30 0.000000
423 14 2 145.000000 0.100000 nan nan nan nan nan nan nan nan nan nan nan nan nan nan nan nan nan nan nan nan nan 0.000000 nan -1.000000 nan nan nan nan nan nan nan 19 30 0.000000
424 14 3 145.000000 0.140000 nan nan nan nan nan nan nan nan nan nan nan nan nan nan nan nan nan nan nan nan nan 0.000000 nan -1.000000 nan nan nan nan nan nan nan 19 30 0.000000
425 14 4 145.000000 0.180000 nan nan nan nan nan nan nan nan nan nan nan nan nan nan nan nan nan nan nan nan nan 0.000000 nan -1.000000 nan nan nan nan nan nan nan 19 30 0.000000
426 14 5 145.000000 0.220000 nan nan nan nan nan nan nan nan nan nan nan nan nan nan nan nan nan nan nan nan nan 0.000000 nan -1.000000 nan nan nan nan nan nan nan 19 30 0.000000
427 14 6 145.000000 0.260000 nan nan nan nan nan nan nan nan nan nan nan nan nan nan nan nan nan nan nan nan nan 0.000000 nan -1.000000 nan nan nan nan nan nan nan 19 30 0.000000
428 14 7 145.000000 0.300000 nan nan nan nan nan nan nan nan nan nan nan nan nan nan nan nan nan nan nan nan nan 0.000000 nan -1.000000 nan nan nan nan nan nan nan 19 30 0.000000
429 14 8 145.000000 0.340000 nan nan nan nan nan nan nan nan nan nan nan nan nan nan nan nan nan nan nan nan nan 0.000000 nan -1.000000 nan nan nan nan nan nan nan 19 30 0.000000
430 14 9 145.000000 0.380000 nan nan nan nan nan nan nan nan nan nan nan nan nan nan nan nan nan nan nan nan nan 0.000000 nan -1.000000 nan nan nan nan nan nan nan 19 30 0.000000
431 14 10 145.000000 0.420000 nan nan nan nan nan nan nan nan nan nan nan nan nan nan nan nan nan nan nan nan nan 0.000000 nan -1.000000 nan nan nan nan nan nan nan 19 30 0.000000
432 14 11 145.000000 0.460000 nan nan nan nan nan nan nan nan nan nan nan nan nan nan nan nan nan nan nan nan nan 0.000000 nan -1.000000 nan nan nan nan nan nan nan 19 30 0.000000
433 14 12 145.000000 0.500000 nan nan nan nan nan nan nan nan nan nan nan nan nan nan nan nan nan nan nan nan nan 0.000000 nan -1.000000 nan nan nan nan nan nan nan 19 30 0.000000
434 14 13 145.000000 0.540000 nan nan nan nan nan nan nan nan nan nan nan nan nan nan nan nan nan nan nan nan nan 0.000000 nan -1.000000 nan nan nan nan nan nan nan 19 30 0.000000
435 14 14 145.000000 0.580000 nan nan nan nan nan nan nan nan nan nan nan nan nan nan nan nan nan nan nan nan nan 0.000000 nan -1.000000 nan nan nan nan nan nan nan 19 30 0.000000
436 14 15 145.000000 0.620000 nan nan nan nan nan nan nan nan nan nan nan nan nan nan nan nan nan nan nan nan nan 0.000000 nan -1.000000 nan nan nan nan nan nan nan 19 30 0.000000
437 14 16 145.000000 0.660000 nan nan nan nan nan nan nan nan nan nan nan nan nan nan nan nan nan nan nan nan nan 0.000000 nan -1.000000 nan nan nan nan nan nan nan 19 30 0.000000
438 14 17 145.000000 0.700000 nan nan nan nan nan nan nan nan nan nan nan nan nan nan nan nan nan nan nan nan nan 0.000000 nan -1.000000 nan nan nan nan nan nan nan 19 30 0.000000
439 14 18 145.000000 0.740000 nan nan nan nan nan nan nan nan nan nan nan nan nan nan nan nan nan nan nan nan nan 0.000000 nan -1.000000 nan nan nan nan nan nan nan 19 30 0.000000
440 14 19 145.000000 0.780000 nan nan nan nan nan nan nan nan nan nan nan nan nan nan nan nan nan nan nan nan nan 0.000000 nan -1.000000 nan nan nan nan nan nan nan 19 30 0.000000
441 14 20 145.000000 0.820000 nan nan nan nan nan nan nan nan nan nan nan nan nan nan nan nan nan nan nan nan nan 0.000000 nan -1.000000 nan nan nan nan nan nan nan 19 30 0.000000
442 14 21 145.000000 0.860000 nan nan nan nan nan nan nan nan nan nan nan nan nan nan nan nan nan nan nan nan nan 0.000000 nan -1.000000 nan nan nan nan nan nan nan 19 30 0.000000
443 14 22 145.000000 0.900000 nan nan nan nan nan nan nan nan nan nan nan nan nan nan nan nan nan nan nan nan nan 0.000000 nan -1.000000 nan nan nan nan nan nan nan 19 30 0.000000
444 14 23 145.000000 0.940000 nan nan nan nan nan nan nan nan nan nan nan nan nan nan nan nan nan nan nan nan nan 0.000000 nan -1.000000 nan nan nan nan nan nan nan 19 30 0.000000
445 14 24 145.000000 0.980000 nan nan nan nan nan nan nan nan nan nan nan nan nan nan nan nan nan nan nan nan nan 0.000000 nan -1.000000 nan nan nan nan nan nan nan 19 30 0.000000
446 14 25 145.000000 1.020000 nan nan nan nan nan nan nan nan nan nan nan nan nan nan nan nan nan nan nan nan nan 0.000000 nan -1.000000 nan nan nan nan nan nan nan 19 30 0.000000
447 14 26 145.000000 1.060000 nan nan nan nan nan nan nan nan nan nan nan nan nan nan nan nan nan nan nan nan nan 0.000000 nan -1.000000 nan nan nan nan nan nan nan 19 30 0.000000
448 14 27 145.000000 1.100000 nan nan nan nan nan nan nan nan nan nan nan nan nan nan nan nan nan nan nan nan nan 0.000000 nan -1.000000 nan nan nan nan nan nan nan 19 30 0.000000
449 14 28 145.000000 1.140000 nan nan nan nan nan nan nan nan nan nan nan nan nan nan nan nan nan nan nan nan nan 0.000000 nan -1.000000 nan nan nan nan nan nan nan 19 30 0.000000
450 14 29 145.000000 1.180000 nan nan nan nan nan nan nan nan nan nan nan nan nan nan nan nan nan nan nan nan nan 0.000000 nan -1.000000 nan nan nan nan nan nan nan 19 30 0.000000
451 15 0 155.000000 0.020000 nan nan nan nan nan nan nan nan nan nan nan nan nan nan nan nan nan nan nan nan nan 0.000000 nan -1.000000 nan nan nan nan nan nan nan 19 30 0.000000
452 15 1 155.000000 0.060000 nan nan nan nan nan nan nan nan nan nan nan nan nan nan nan nan nan nan nan nan nan 0.000000 nan -1.000000 nan nan nan nan nan nan nan 19 30 0.000000
453 15 2 155.000000 0.100000 nan nan nan nan nan nan nan nan nan nan nan nan nan nan nan nan nan nan nan nan nan 0.000000 nan -1.000000 nan nan nan nan nan nan nan 19 30 0.000000
454 15 3 155.000000 0.140000 nan nan nan nan nan nan nan nan nan nan nan nan nan nan nan nan nan nan nan nan nan 0.000000 nan -1.000000 nan nan nan nan nan nan nan 19 30 0.000000
455 15 4 155.000000 0.180000 nan nan nan nan nan nan nan nan nan nan nan nan nan nan nan nan nan nan nan nan nan 0.000000 nan -1.000000 nan nan nan nan nan nan nan 19 30 0.000000
456 15 5 155.000000 0.220000 nan nan nan nan nan nan nan nan nan nan nan nan nan nan nan nan nan nan nan nan nan 0.000000 nan -1.000000 nan nan nan nan nan nan nan 19 30 0.000000
457 15 6 155.000000 0.260000 nan nan nan nan nan nan nan nan nan nan nan nan nan nan nan nan nan nan nan nan nan 0.000000 nan -1.000000 nan nan nan nan nan nan nan 19 30 0.000000
458 15 7 155.000000 0.300000 nan nan nan nan nan nan nan nan nan nan nan nan nan nan nan nan nan nan nan nan nan 0.000000 nan -1.000000 nan nan nan nan nan nan nan 19 30 0.000000
459 15 8 155.000000 0.340000 nan nan nan nan nan nan nan nan nan nan nan nan nan nan nan nan nan nan nan nan nan 0.000000 nan -1.000000 nan nan nan nan nan nan nan 19 30 0.000000
460 15 9 155.000000 0.380000 nan nan nan nan nan nan nan nan nan nan nan nan nan nan nan nan nan nan nan nan nan 0.000000 nan -1.000000 nan nan nan nan nan nan nan 19 30 0.000000
461 15 10 155.000000 0.420000 nan nan nan nan nan nan nan nan nan nan nan nan nan nan nan nan nan nan nan nan nan 0.000000 nan -1.000000 nan nan nan nan nan nan nan 19 30 0.000000
462 15 11 155.000000 0.460000 nan nan nan nan nan nan nan nan nan nan nan nan nan nan nan nan nan nan nan nan nan 0.000000 nan -1.000000 nan nan nan nan nan nan nan 19 30 0.000000
463 15 12 155.000000 0.500000 nan nan nan nan nan nan nan nan nan nan nan nan nan nan nan nan nan nan nan nan nan 0.000000 nan -1.000000 nan nan nan nan nan nan nan 19 30 0.000000
464 15 13 155.000000 0.540000 nan nan nan nan nan nan nan nan nan nan nan nan nan nan nan nan nan nan nan nan nan 0.000000 nan -1.000000 nan nan nan nan nan nan nan 19 30 0.000000
465 15 14 155.000000 0.580000 nan nan nan nan nan nan nan nan nan nan nan nan nan nan nan nan nan nan nan nan nan 0.000000 nan -1.000000 nan nan nan nan nan nan nan 19 30 0.000000
466 15 15 155.000000 0.620000 nan nan nan nan nan nan nan nan nan nan nan nan nan nan nan nan nan nan nan nan nan 0.000000 nan -1.000000 nan nan nan nan nan nan nan 19 30 0.000000
467 15 16 155.000000 0.660000 nan nan nan nan nan nan nan nan nan nan nan nan nan nan nan nan nan nan nan nan nan 0.000000 nan -1.000000 nan nan nan nan nan nan nan 19 30 0.000000
468 15 17 155.000000 0.700000 nan nan nan nan nan nan nan nan nan nan nan nan nan nan nan nan nan nan nan nan nan 0.000000 nan -1.000000 nan nan nan nan nan nan nan 19 30 0.000000
469 15 18 155.000000 0.740000 nan nan nan nan nan nan nan nan nan nan nan nan nan nan nan nan nan nan nan nan nan 0.000000 nan -1.000000 nan nan nan nan nan nan nan 19 30 0.000000
470 15 19 155.000000 0.780000 nan nan nan nan nan nan nan nan nan nan nan nan nan nan nan nan nan nan nan nan nan 0.000000 nan -1.000000 nan nan nan nan nan nan nan 19 30 0.000000
471 15 20 155.000000 0.820000 nan nan nan nan nan nan nan nan nan nan nan nan nan nan nan nan nan nan nan nan nan 0.000000 nan -1.000000 nan nan nan nan nan nan nan 19 30 0.000000
472 15 21 155.000000 0.860000 nan nan nan nan nan nan nan nan nan nan nan nan nan nan nan nan nan nan nan nan nan 0.000000 nan -1.000000 nan nan nan nan nan nan nan 19 30 0.000000
473 15 22 155.000000 0.900000 nan nan nan nan nan nan nan nan nan nan nan nan nan nan nan nan nan nan nan nan nan 0.000000 nan -1.000000 nan nan nan nan nan nan nan 19 30 0.000000
474 15 23 155.000000 0.940000 nan nan nan nan nan nan nan nan nan nan nan nan nan nan nan nan nan nan nan nan nan 0.000000 nan -1.000000 nan nan nan nan nan nan nan 19 30 0.000000
475 15 24 155.000000 0.980000 nan nan nan nan nan nan nan nan nan nan nan nan nan nan nan nan nan nan nan nan nan 0.000000 nan -1.000000 nan nan nan nan nan nan nan 19 30 0.000000
476 15 25 155.000000 1.020000 nan nan nan nan nan nan nan nan nan nan nan nan nan nan nan nan nan nan nan nan nan 0.000000 nan -1.000000 nan nan nan nan nan nan nan 19 30 0.000000
477 15 26 155.000000 1.060000 nan nan nan nan nan nan nan nan nan nan nan nan nan nan nan nan nan nan nan nan nan 0.000000 nan -1.000000 nan nan nan nan nan nan nan 19 30 0.000000
478 15 27 155.000000 1.100000 nan nan nan nan nan nan nan nan nan nan nan nan nan nan nan nan nan nan nan nan nan 0.000000 nan -1.000000 nan nan nan nan nan nan nan 19 30 0.000000
479 15 28 155.000000 1.140000 nan nan nan nan nan nan nan nan nan nan nan nan nan nan nan nan nan nan nan nan nan 0.000000 nan -1.000000 nan nan nan nan nan nan nan 19 30 0.000000
480 15 29 155.000000 1.180000 nan nan nan nan nan nan nan nan nan nan nan nan nan nan nan nan nan nan nan nan nan 0.000000 nan -1.000000 nan nan nan nan nan nan nan 19 30 0.000000
481 16 0 165.000000 0.020000 nan nan nan nan nan nan nan nan nan nan nan nan nan nan nan nan nan nan nan nan nan 0.000000 nan -1.000000 nan nan nan nan nan nan nan 19 30 0.000000
482 16 1 165.000000 0.060000 nan nan nan nan nan nan nan nan nan nan nan nan nan nan nan nan nan nan nan nan nan 0.000000 nan -1.000000 nan nan nan nan nan nan nan 19 30 0.000000
483 16 2 165.000000 0.100000 nan nan nan nan nan nan nan nan nan nan nan nan nan nan nan nan nan nan nan nan nan 0.000000 nan -1.000000 nan nan nan nan nan nan nan 19 30 0.000000
484 16 3 165.000000 0.140000 nan nan nan nan nan nan nan nan nan nan nan nan nan nan nan nan nan nan nan nan nan 0.000000 nan -1.000000 nan nan nan nan nan nan nan 19 30 0.000000
485 16 4 165.000000 0.180000 nan nan nan nan nan nan nan nan nan nan nan nan nan nan nan nan nan nan nan nan nan 0.000000 nan -1.000000 nan nan nan nan nan nan nan 19 30 0.000000
486 16 5 165.000000 0.220000 nan nan nan nan nan nan nan nan nan nan nan nan nan nan nan nan nan nan nan nan nan 0.000000 nan -1.000000 nan nan nan nan nan nan nan 19 30 0.000000
487 16 6 165.000000 0.260000 nan nan nan nan nan nan nan nan nan nan nan nan nan nan nan nan nan nan nan nan nan 0.000000 nan -1.000000 nan nan nan nan nan nan nan 19 30 0.000000
488 16 7 165.000000 0.300000 nan nan nan nan nan nan nan nan nan nan nan nan nan nan nan nan nan nan nan nan nan 0.000000 nan -1.000000 nan nan nan nan nan nan nan 19 30 0.000000
489 16 8 165.000000 0.340000 nan nan nan nan nan nan nan nan nan nan nan nan nan nan nan nan nan nan nan nan nan 0.000000 nan -1.000000 nan nan nan nan nan nan nan 19 30 0.000000
490 16 9 165.000000 0.380000 nan nan nan nan nan nan nan nan nan nan nan nan nan nan nan nan nan nan nan nan nan 0.000000 nan -1.000000 nan nan nan nan nan nan nan 19 30 0.000000
491 16 10 165.000000 0.420000 nan nan nan nan nan nan nan nan nan nan nan nan nan nan nan nan nan nan nan nan nan 0.000000 nan -1.000000 nan nan nan nan nan nan nan 19 30 0.000000
492 16 11 165.000000 0.460000 nan nan nan nan nan nan nan nan nan nan nan nan nan nan nan nan nan nan nan nan nan 0.000000 nan -1.000000 nan nan nan nan nan nan nan 19 30 0.000000
493 16 12 165.000000 0.500000 nan nan nan nan nan nan nan nan nan nan nan nan nan nan nan nan nan nan nan nan nan 0.000000 nan -1.000000 nan nan nan nan nan nan nan 19 30 0.000000
494 16 13 165.000000 0.540000 nan nan nan nan nan nan nan nan nan nan nan nan nan nan nan nan nan nan nan nan nan 0.000000 nan -1.000000 nan nan nan nan nan nan nan 19 30 0.000000
495 16 14 165.000000 0.580000 nan nan nan nan nan nan nan nan nan nan nan nan nan nan nan nan nan nan nan nan nan 0.000000 nan -1.000000 nan nan nan nan nan nan nan 19 30 0.000000
496 16 15 165.000000 0.620000 nan nan nan nan nan nan nan nan nan nan nan nan nan nan nan nan nan nan nan nan nan 0.000000 nan -1.000000 nan nan nan nan nan nan nan 19 30 0.000000
497 16 16 165.000000 0.660000 nan nan nan nan nan nan nan nan nan nan nan nan nan nan nan nan nan nan nan nan nan 0.000000 nan -1.000000 nan nan nan nan nan nan nan 19 30 0.000000
498 16 17 165.000000 0.700000 nan nan nan nan nan nan nan nan nan nan nan nan nan nan nan nan nan nan nan nan nan 0.000000 nan -1.000000 nan nan nan nan nan nan nan 19 30 0.000000
499 16 18 165.000000 0.740000 nan nan nan nan nan nan nan nan nan nan nan nan nan nan nan nan nan nan nan nan nan 0.000000 nan -1.000000 nan nan nan nan nan nan nan 19 30 0.000000
500 16 19 165.000000 0.780000 nan nan nan nan nan nan nan nan nan nan nan nan nan nan nan nan nan nan nan nan nan 0.000000 nan -1.000000 nan nan nan nan nan nan nan 19 30 0.000000
501 16 20 165.000000 0.820000 nan nan nan nan nan nan nan nan nan nan nan nan nan nan nan nan nan nan nan nan nan 0.000000 nan -1.000000 nan nan nan nan nan nan nan 19 30 0.000000
502 16 21 165.000000 0.860000 nan nan nan nan nan nan nan nan nan nan nan nan nan nan nan nan nan nan nan nan nan 0.000000 nan -1.000000 nan nan nan nan nan nan nan 19 30 0.000000
503 16 22 165.000000 0.900000 nan nan nan nan nan nan nan nan nan nan nan nan nan nan nan nan nan nan nan nan nan 0.000000 nan -1.000000 nan nan nan nan nan nan nan 19 30 0.000000
504 16 23 165.000000 0.940000 nan nan nan nan nan nan nan nan nan nan nan nan nan nan nan nan nan nan nan nan nan 0.000000 nan -1.000000 nan nan nan nan nan nan nan 19 30 0.000000
505 16 24 165.000000 0.980000 nan nan nan nan nan nan nan nan nan nan nan nan nan nan nan nan nan nan nan nan nan 0.000000 nan -1.000000 nan nan nan nan nan nan nan 19 30 0.000000
506 16 25 165.000000 1.020000 nan nan nan nan nan nan nan nan nan nan nan nan nan nan nan nan nan nan nan nan nan 0.000000 nan -1.000000 nan nan nan nan nan nan nan 19 30 0.000000
507 16 26 165.000000 1.060000 nan nan nan nan nan nan nan nan nan nan nan nan nan nan nan nan nan nan nan nan nan 0.000000 nan -1.000000 nan nan nan nan nan nan nan 19 30 0.000000
508 16 27 165.000000 1.100000 nan nan nan nan nan nan nan nan nan nan nan nan nan nan nan nan nan nan nan nan nan 0.000000 nan -1.000000 nan nan nan nan nan nan nan 19 30 0.000000
509 16 28 165.000000 1.140000 nan nan nan nan nan nan nan nan nan nan nan nan nan nan nan nan nan nan nan nan nan 0.000000 nan -1.000000 nan nan nan nan nan nan nan 19 30 0.000000
510 16 29 165.000000 1.180000 nan nan nan nan nan nan nan nan nan nan nan nan nan nan nan nan nan nan nan nan nan 0.000000 nan -1.000000 nan nan nan nan nan nan nan 19 30 0.000000
511 17 0 175.000000 0.020000 nan nan nan nan nan nan nan nan nan nan nan nan nan nan nan nan nan nan nan nan nan 0.000000 nan -1.000000 nan nan nan nan nan nan nan 19 30 0.000000
512 17 1 175.000000 0.060000 nan nan nan nan nan nan nan nan nan nan nan nan nan nan nan nan nan nan nan nan nan 0.000000 nan -1.000000 nan nan nan nan nan nan nan 19 30 0.000000
513 17 2 175.000000 0.100000 nan nan nan nan nan nan nan nan nan nan nan nan nan nan nan nan nan nan nan nan nan 0.000000 nan -1.000000 nan nan nan nan nan nan nan 19 30 0.000000
514 17 3 175.000000 0.140000 nan nan nan nan nan nan nan nan nan nan nan nan nan nan nan nan nan nan nan nan nan 0.000000 nan -1.000000 nan nan nan nan nan nan nan 19 30 0.000000
515 17 4 175.000000 0.180000 nan nan nan nan nan nan nan nan nan nan nan nan nan nan nan nan nan nan nan nan nan 0.000000 nan -1.000000 nan nan nan nan nan nan nan 19 30 0.000000
516 17 5 175.000000 0.220000 nan nan nan nan nan nan nan nan nan nan nan nan nan nan nan nan nan nan nan nan nan 0.000000 nan -1.000000 nan nan nan nan nan nan nan 19 30 0.000000
517 17 6 175.000000 0.260000 nan nan nan nan nan nan nan nan nan nan nan nan nan nan nan nan nan nan nan nan nan 0.000000 nan -1.000000 nan nan nan nan nan nan nan 19 30 0.000000
518 17 7 175.000000 0.300000 nan nan nan nan nan nan nan nan nan nan nan nan nan nan nan nan nan nan nan nan nan 0.000000 nan -1.000000 nan nan nan nan nan nan nan 19 30 0.000000
519 17 8 175.000000 0.340000 nan nan nan nan nan nan nan nan nan nan nan nan nan nan nan nan nan nan nan nan nan 0.000000 nan -1.000000 nan nan nan nan nan nan nan 19 30 0.000000
520 17 9 175.000000 0.380000 nan nan nan nan nan nan nan nan nan nan nan nan nan nan nan nan nan nan nan nan nan 0.000000 nan -1.000000 nan nan nan nan nan nan nan 19 30 0.000000
521 17 10 175.000000 0.420000 nan nan nan nan nan nan nan nan nan nan nan nan nan nan nan nan nan nan nan nan nan 0.000000 nan -1.000000 nan nan nan nan nan nan nan 19 30 0.000000
522 17 11 175.000000 0.460000 nan nan nan nan nan nan nan nan nan nan nan nan nan nan nan nan nan nan nan nan nan 0.000000 nan -1.000000 nan nan nan nan nan nan nan 19 30 0.000000
523 17 12 175.000000 0.500000 nan nan nan nan nan nan nan nan nan nan nan nan nan nan nan nan nan nan nan nan nan 0.000000 nan -1.000000 nan nan nan nan nan nan nan 19 30 0.000000
524 17 13 175.000000 0.540000 nan nan nan nan nan nan nan nan nan nan nan nan nan nan nan nan nan nan nan nan nan 0.000000 nan -1.000000 nan nan nan nan nan nan nan 19 30 0.000000
525 17 14 175.000000 0.580000 nan nan nan nan nan nan nan nan nan nan nan nan nan nan nan nan nan nan nan nan nan 0.000000 nan -1.000000 nan nan nan nan nan nan nan 19 30 0.000000
526 17 15 175.000000 0.620000 nan nan nan nan nan nan nan nan nan nan nan nan nan nan nan nan nan nan nan nan nan 0.000000 nan -1.000000 nan nan nan nan nan nan nan 19 30 0.000000
527 17 16 175.000000 0.660000 nan nan nan nan nan nan nan nan nan nan nan nan nan nan nan nan nan nan nan nan nan 0.000000 nan -1.000000 nan nan nan nan nan nan nan 19 30 0.000000
528 17 17 175.000000 0.700000 nan nan nan nan nan nan nan nan nan nan nan nan nan nan nan nan nan nan nan nan nan 0.000000 nan -1.000000 nan nan nan nan nan nan nan 19 30 0.000000
529 17 18 175.000000 0.740000 nan nan nan nan nan nan nan nan nan nan nan nan nan nan nan nan nan nan nan nan nan 0.000000 nan -1.000000 nan nan nan nan nan nan nan 19 30 0.000000
530 17 19 175.000000 0.780000 nan nan nan nan nan nan nan nan nan nan nan nan nan nan nan nan nan nan nan nan nan 0.000000 nan -1.000000 nan nan nan nan nan nan nan 19 30 0.000000
531 17 20 175.000000 0.820000 nan nan nan nan nan nan nan nan nan nan nan nan nan nan nan nan nan nan nan nan nan 0.000000 nan -1.000000 nan nan nan nan nan nan nan 19 30 0.000000
532 17 21 175.000000 0.860000 nan nan nan nan nan nan nan nan nan nan nan nan nan nan nan nan nan nan nan nan nan 0.000000 nan -1.000000 nan nan nan nan nan nan nan 19 30 0.000000
533 17 22 175.000000 0.900000 nan nan nan nan nan nan nan nan nan nan nan nan nan nan nan nan nan nan nan nan nan 0.000000 nan -1.000000 nan nan nan nan nan nan nan 19 30 0.000000
534 17 23 175.000000 0.940000 nan nan nan nan nan nan nan nan nan nan nan nan nan nan nan nan nan nan nan nan nan 0.000000 nan -1.000000 nan nan nan nan nan nan nan 19 30 0.000000
535 17 24 175.000000 0.980000 nan nan nan nan nan nan nan nan nan nan nan nan nan nan nan nan nan nan nan nan nan 0.000000 nan -1.000000 nan nan nan nan nan nan nan 19 30 0.000000
536 17 25 175.000000 1.020000 nan nan nan nan nan nan nan nan nan nan nan nan nan nan nan nan nan nan nan nan nan 0.000000 nan -1.000000 nan nan nan nan nan nan nan 19 30 0.000000
537 17 26 175.000000 1.060000 nan nan nan nan nan nan nan nan nan nan nan nan nan nan nan nan nan nan nan nan nan 0.000000 nan -1.000000 nan nan nan nan nan nan nan 19 30 0.000000
538 17 27 175.000000 1.100000 nan nan nan nan nan nan nan nan nan nan nan nan nan nan nan nan nan nan nan nan nan 0.000000 nan -1.000000 nan nan nan nan nan nan nan 19 30 0.000000
539 17 28 175.000000 1.140000 nan nan nan nan nan nan nan nan nan nan nan nan nan nan nan nan nan nan nan nan nan 0.000000 nan -1.000000 nan nan nan nan nan nan nan 19 30 0.000000
540 17 29 175.000000 1.180000 nan nan nan nan nan nan nan nan nan nan nan nan nan nan nan nan nan nan nan nan nan 0.000000 nan -1.000000 nan nan nan nan nan nan nan 19 30 0.000000
541 18 0 185.000000 0.020000 nan nan nan nan nan nan nan nan nan nan nan nan nan nan nan nan nan nan nan nan nan 0.000000 nan -1.000000 nan nan nan nan nan nan nan 19 30 0.000000
542 18 1 185.000000 0.060000 nan nan nan nan nan nan nan nan nan nan nan nan nan nan nan nan nan nan nan nan nan 0.000000 nan -1.000000 nan nan nan nan nan nan nan 19 30 0.000000
543 18 2 185.000000 0.100000 nan nan nan nan nan nan nan nan nan nan nan nan nan nan nan nan nan nan nan nan nan 0.000000 nan -1.000000 nan nan nan nan nan nan nan 19 30 0.000000
544 18 3 185.000000 0.140000 nan nan nan nan nan nan nan nan nan nan nan nan nan nan nan nan nan nan nan nan nan 0.000000 nan -1.000000 nan nan nan nan nan nan nan 19 30 0.000000
545 18 4 185.000000 0.180000 nan nan nan nan nan nan nan nan nan nan nan nan nan nan nan nan nan nan nan nan nan 0.000000 nan -1.000000 nan nan nan nan nan nan nan 19 30 0.000000
546 18 5 185.000000 0.220000 nan nan nan nan nan nan nan nan nan nan nan nan nan nan nan nan nan nan nan nan nan 0.000000 nan -1.000000 nan nan nan nan nan nan nan 19 30 0.000000
547 18 6 185.000000 0.260000 nan nan nan nan nan nan nan nan nan nan nan nan nan nan nan nan nan nan nan nan nan 0.000000 nan -1.000000 nan nan nan nan nan nan nan 19 30 0.000000
548 18 7 185.000000 0.300000 nan nan nan nan nan nan nan nan nan nan nan nan nan nan nan nan nan nan nan nan nan 0.000000 nan -1.000000 nan nan nan nan nan nan nan 19 30 0.000000
549 18 8 185.000000 0.340000 nan nan nan nan nan nan nan nan nan nan nan nan nan nan nan nan nan nan nan nan nan 0.000000 nan -1.000000 nan nan nan nan nan nan nan 19 30 0.000000
550 18 9 185.000000 0.380000 nan nan nan nan nan nan nan nan nan nan nan nan nan nan nan nan nan nan nan nan nan 0.000000 nan -1.000000 nan nan nan nan nan nan nan 19 30 0.000000
551 18 10 185.000000 0.420000 nan nan nan nan nan nan nan nan nan nan nan nan nan nan nan nan nan nan nan nan nan 0.000000 nan -1.000000 nan nan nan nan nan nan nan 19 30 0.000000
552 18 11 185.000000 0.460000 nan nan nan nan nan nan nan nan nan nan nan nan nan nan nan nan nan nan nan nan nan 0.000000 nan -1.000000 nan nan nan nan nan nan nan 19 30 0.000000
553 18 12 185.000000 0.500000 nan nan nan nan nan nan nan nan nan nan nan nan nan nan nan nan nan nan nan nan nan 0.000000 nan -1.000000 nan nan nan nan nan nan nan 19 30 0.000000
554 18 13 185.000000 0.540000 nan nan nan nan nan nan nan nan nan nan nan nan nan nan nan nan nan nan nan nan nan 0.000000 nan -1.000000 nan nan nan nan nan nan nan 19 30 0.000000
555 18 14 185.000000 0.580000 nan nan nan nan nan nan nan nan nan nan nan nan nan nan nan nan nan nan nan nan nan 0.000000 nan -1.000000 nan nan nan nan nan nan nan 19 30 0.000000
556 18 15 185.000000 0.620000 nan nan nan nan nan nan nan nan nan nan nan nan nan nan nan nan nan nan nan nan nan 0.000000 nan -1.000000 nan nan nan nan nan nan nan 19 30 0.000000
557 18 16 185.000000 0.660000 nan nan nan nan nan nan nan nan nan nan nan nan nan nan nan nan nan nan nan nan nan 0.000000 nan -1.000000 nan nan nan nan nan nan nan 19 30 0.000000
558 18 17 185.000000 0.700000 nan nan nan nan nan nan nan nan nan nan nan nan nan nan nan nan nan nan nan nan nan 0.000000 nan -1.000000 nan nan nan nan nan nan nan 19 30 0.000000
559 18 18 185.000000 0.740000 nan nan nan nan nan nan nan nan nan nan nan nan nan nan nan nan nan nan nan nan nan 0.000000 nan -1.000000 nan nan nan nan nan nan nan 19 30 0.000000
560 18 19 185.000000 0.780000 nan nan nan nan nan nan nan nan nan nan nan nan nan nan nan nan nan nan nan nan nan 0.000000 nan -1.000000 nan nan nan nan nan nan nan 19 30 0.000000
561 18 20 185.000000 0.820000 nan nan nan nan nan nan nan nan nan nan nan nan nan nan nan nan nan nan nan nan nan 0.000000 nan -1.000000 nan nan nan nan nan nan nan 19 30 0.000000
562 18 21 185.000000 0.860000 nan nan nan nan nan nan nan nan nan nan nan nan nan nan nan nan nan nan nan nan nan 0.000000 nan -1.000000 nan nan nan nan nan nan nan 19 30 0.000000
563 18 22 185.000000 0.900000 nan nan nan nan nan nan nan nan nan nan nan nan nan nan nan nan nan nan nan nan nan 0.000000 nan -1.000000 nan nan nan nan nan nan nan 19 30 0.000000
564 18 23 185.000000 0.940000 nan nan nan nan nan nan nan nan nan nan nan nan nan nan nan nan nan nan nan nan nan 0.000000 nan -1.000000 nan nan nan nan nan nan nan 19 30 0.000000
565 18 24 185.000000 0.980000 nan nan nan nan nan nan nan nan nan nan nan nan nan nan nan nan nan nan nan nan nan 0.000000 nan -1.000000 nan nan nan nan nan nan nan 19 30 0.000000
566 18 25 185.000000 1.020000 nan nan nan nan nan nan nan nan nan nan nan nan nan nan nan nan nan nan nan nan nan 0.000000 nan -1.000000 nan nan nan nan nan nan nan 19 30 0.000000
567 18 26 185.000000 1.060000 nan nan nan nan nan nan nan nan nan nan nan nan nan nan nan nan nan nan nan nan nan 0.000000 nan -1.000000 nan nan nan nan nan nan nan 19 30 0.000000
568 18 27 185.000000 1.100000 nan nan nan nan nan nan nan nan nan nan nan nan nan nan nan nan nan nan nan nan nan 0.000000 nan -1.000000 nan nan nan nan nan nan nan 19 30 0.000000
569 18 28 185.000000 1.140000 nan nan nan nan nan nan nan nan nan nan nan nan nan nan nan nan nan nan nan nan nan 0.000000 nan -1.000000 nan nan nan nan nan nan nan 19 30 0.000000
570 18 29 185.000000 1.180000 nan nan nan nan nan nan nan nan nan nan nan nan nan nan nan nan nan nan nan nan nan 0.000000 nan -1.000000 nan nan nan nan nan nan nan 19 30 0.000000
