                                            
# averaged kinematics results                                                                              
# averaged kinematic varibles used as input to calculate the averaged                                
# kinematics: Ei, omega, th_e, pf                                                                     
#
#---Useful Header Definitions---
#bc_fact_pwia(fsi):  bin-centering correction factor using PWIA or FSI model
#pwia(fsi)RC_dataXsec: average data Xsec radiative corrected using PWIA(FSI) model --> study rad. corr systematics  __
#fsiRC_dataXsec_pwiabc_corr: data Xsec radiative corrected using FSI model and Bin-Center corrected using PWIA model  | these can be used to study bin-centering corr. systematics from model dependency
#fsiRC_dataXsec_fsibc_corr: data Xsec radiative corrected using FSI model and Bin-Center corrected using FSI model  __| -->We write FSI bin-center corr. cross section to official table
#red_dataXsec: reduced data Xsec radiative corrected and bin-center corrected using FSI model (K_sig_cc1 evaluated at FSI avg. kin is used)
#red_pwiaXsec: reduced theoretical Xsec (K_sig_cc1 evaluated at PWIA avg. kin is used)
#red_fsiXsec: reduced theoretical Xsec (K_sig_cc1 evaluated at FSI avg. kin is used)                    
#i_b = 2D bin id number
#xb = th_nq value at bin center                                                                                                   
#yb = pmiss value at bin center        
#Averaged Kinemtics Definitions
#K_sig_cc1  [ub MeV^2 / sr^2]
#cross sections [ub sr^-2 MeV^-1]
#reduced cross sections   [ub sr^-2 MeV^-1] / [ub MeV^2 / sr^2] = [MeV]^-3                                                             
#Ei_avg : averaged beam energy [GeV]
#kf_avg : averaged final e- momentum [GeV/c]
#the_avg : averaged e- scattering angle [deg]
#nu_avg : averaged energy transfer [GeV]
#q_avg : averaged 3-momentum transfer [GeV/c]
#Q2_avg : averaged 4-momentum transfer [GeV/c]^2
#pf_avg : averaged final proton momentum [GeV/c]
#pm_avg : averaged missing momentum [GeV/c]
#th_pq_cm : averaged center of mass in-plane angle between proton and q-vector [deg]
#cphi_pq_avg : cos(phi_pq), where phi_pq is the averaged out of plane angle between (pf, q) or the scattering and reaction planes [deg]
#xbj_avg : avergaed x-Bjorken scale [unitless]

# current header line:  
#! i_b[i,0]/ i_x[i,1]/ i_y[i,2]/ xb[f,3]/ yb[f,4]/ bc_fact_pwia[f,5]/  bc_fact_pwia_err[f,6]/  bc_fact_fsi[f,7]/  bc_fact_fsi_err[f,8]/  pwiaRC_dataXsec[f,9]/  pwiaRC_dataXsec_err[f,10]/  fsiRC_dataXsec[f,11]/   fsiRC_dataXsec_err[f,12]/    fsiRC_dataXsec_pwiabc_corr[f,13]/   fsiRC_dataXsec_pwiabc_corr_err[f,14]/  fsiRC_dataXsec_fsibc_corr[f,15]/  fsiRC_dataXsec_fsibc_corr_err[f,16]/   pwiaXsec_theory[f,17]/   fsiXsec_theory[f,18]/   red_dataXsec[f,19]/   red_dataXsec_err[f,20]/   red_pwiaXsec[f,21]/   red_fsiXsec[f,22]/   pwia_Ksigcc1[f,23]/   fsi_Ksigcc1[f,24]/  Ei_avg[f,25]/  kf_avg[f,26]/  the_avg[f,27]/  nu_avg[f,28]/  q_avg[f,29]/  Q2_avg[f,30]/   pf_avg[f,31]/   pm_avg[f,32]/   th_pq_cm[f,33]/   cphi_pq_avg[f,34]/   xbj_avg[f,35]/                                                                                                                                                                          
1 0 0 5.000000 0.020000 1.152617 0.315077 1.154157 0.315727 2.383105733305e-03 1.045129265485e-03 2.689296799499e-03 1.178942953326e-03 3.099728116085e-03 1.601407e-03 3.103871221095e-03  1.603873137141e-03  1.684380430896e-03  1.638724667917e-03   1.314931256827e-06   6.794685635404e-07   7.136235773150e-07    6.942331474748e-07    2360.320601     2360.481740     10.540724     8.420390     12.391727     2.120334     2.937909     4.135495     2.908230     0.031809     0.668355     -0.116380     1.039356 
2 0 1 5.000000 0.060000 0.932296 0.083598 0.932544 0.083767 4.035958409962e-04 5.578886218755e-05 4.306847988560e-04 6.052984824398e-05 4.015257877516e-04 6.693929e-05 4.016327027828e-04  6.699110695763e-05  3.766812774268e-04  3.625789809394e-04   1.990852183183e-07   3.320680577463e-08   1.867698903018e-07    1.797266882846e-07    2016.820146     2017.390875     10.540274     8.405398     12.687229     2.134876     2.980614     4.326365     2.921956     0.061562     1.106038     0.036156     1.079921 
3 0 2 5.000000 0.100000 0.851663 0.045092 0.850888 0.045110 1.172879004097e-04 1.228329866509e-05 1.045102698211e-04 1.086218590348e-05 8.900750599086e-05 1.038211e-05 8.892651804188e-05  1.037546231604e-05  6.820885433009e-05  6.480987576003e-05   5.198970013481e-08   6.065875359215e-09   3.988090563463e-08    3.789022758039e-08    1710.313576     1710.464146     10.540197     8.394631     13.022389     2.145566     3.025649     4.551097     2.929970     0.097769     1.214040     -0.025027     1.130356 
4 0 3 5.000000 0.140000 0.846506 0.038437 0.846708 0.038453 2.300503909319e-05 3.494680532007e-06 2.336650740073e-05 3.542300712444e-06 1.977987934393e-05 3.130194e-06 1.978461933453e-05  3.130987568736e-06  1.596505803267e-05  1.510539978305e-05   1.303779486983e-08   2.063278194589e-09   1.052063070599e-08    9.954252870283e-09    1517.500089     1517.482023     10.539648     8.400982     13.284641     2.138666     3.051663     4.738753     2.917828     0.135600     1.350175     0.020557     1.180762 
5 0 4 5.000000 0.180000 0.825413 0.047655 0.827094 0.047734 4.922055449682e-06 1.777803223798e-06 4.595616056178e-06 1.659841188488e-06 3.793280544638e-06 1.387448e-06 3.801004805840e-06  1.390260298819e-06  4.467593882579e-06  4.239899372300e-06   2.705309021631e-09   9.894972305832e-10   3.179637740122e-09    3.017685745904e-09    1405.063799     1405.016867     10.539326     8.421618     13.481352     2.117708     3.062025     4.891312     2.889078     0.174863     1.646910     0.002557     1.230837 
6 0 5 5.000000 0.220000 1.000546 0.092885 1.002479 0.093066 2.881167394552e-06 2.066299328459e-06 2.725366384194e-06 1.954110373580e-06 2.726854768889e-06 1.971497e-06 2.732123521137e-06  1.975307104714e-06  1.780481876430e-06  1.692855035113e-06   2.002653970585e-09   1.447905479301e-09   1.305080425570e-09    1.240867344198e-09    1364.269850     1364.251419     10.539440     8.452100     13.584697     2.087341     3.056347     4.984267     2.850120     0.208215     1.886120     0.027663     1.272475 
7 0 6 5.000000 0.260000 4.314517 3.466554 -1.000000 -1.000000 6.404138051358e-06 8.396730212572e-06 3.519255777506e-06 4.590007520621e-06 1.518388980171e-05 2.325979e-05 -1.000000000000e+00  -1.000000000000e+00  1.176407774668e-06  -1.000000000000e+00   -1.000000000000e+00   -1.000000000000e+00   -1.000000000000e+00    -1.000000000000e+00    nan     -1.000000     -0.001000     -0.001000     -1.000000     -0.001000     -0.001000     -0.000001     -0.001000     -0.001000     -1.000000     -1.000000     -1.000000 
8 0 7 5.000000 0.300000 -1.000000 -1.000000 -1.000000 -1.000000 nan nan nan nan -1.000000000000e+00 -1.000000e+00 -1.000000000000e+00  -1.000000000000e+00  0.000000000000e+00  -1.000000000000e+00   -1.000000000000e+00   -1.000000000000e+00   -1.000000000000e+00    -1.000000000000e+00    nan     -1.000000     -0.001000     -0.001000     -1.000000     -0.001000     -0.001000     -0.000001     -0.001000     -0.001000     -1.000000     -1.000000     -1.000000 
9 0 8 5.000000 0.340000 -1.000000 -1.000000 -1.000000 -1.000000 nan nan nan nan -1.000000000000e+00 -1.000000e+00 -1.000000000000e+00  -1.000000000000e+00  0.000000000000e+00  -1.000000000000e+00   -1.000000000000e+00   -1.000000000000e+00   -1.000000000000e+00    -1.000000000000e+00    nan     -1.000000     -0.001000     -0.001000     -1.000000     -0.001000     -0.001000     -0.000001     -0.001000     -0.001000     -1.000000     -1.000000     -1.000000 
10 0 9 5.000000 0.380000 -1.000000 -1.000000 -1.000000 -1.000000 nan nan nan nan -1.000000000000e+00 -1.000000e+00 -1.000000000000e+00  -1.000000000000e+00  0.000000000000e+00  -1.000000000000e+00   -1.000000000000e+00   -1.000000000000e+00   -1.000000000000e+00    -1.000000000000e+00    nan     -1.000000     -0.001000     -0.001000     -1.000000     -0.001000     -0.001000     -0.000001     -0.001000     -0.001000     -1.000000     -1.000000     -1.000000 
11 0 10 5.000000 0.420000 -1.000000 -1.000000 -1.000000 -1.000000 nan nan nan nan -1.000000000000e+00 -1.000000e+00 -1.000000000000e+00  -1.000000000000e+00  0.000000000000e+00  -1.000000000000e+00   -1.000000000000e+00   -1.000000000000e+00   -1.000000000000e+00    -1.000000000000e+00    nan     -1.000000     -0.001000     -0.001000     -1.000000     -0.001000     -0.001000     -0.000001     -0.001000     -0.001000     -1.000000     -1.000000     -1.000000 
12 0 11 5.000000 0.460000 -1.000000 -1.000000 -1.000000 -1.000000 nan nan nan nan -1.000000000000e+00 -1.000000e+00 -1.000000000000e+00  -1.000000000000e+00  0.000000000000e+00  -1.000000000000e+00   -1.000000000000e+00   -1.000000000000e+00   -1.000000000000e+00    -1.000000000000e+00    nan     -1.000000     -0.001000     -0.001000     -1.000000     -0.001000     -0.001000     -0.000001     -0.001000     -0.001000     -1.000000     -1.000000     -1.000000 
13 0 12 5.000000 0.500000 -1.000000 -1.000000 -1.000000 -1.000000 nan nan nan nan -1.000000000000e+00 -1.000000e+00 -1.000000000000e+00  -1.000000000000e+00  0.000000000000e+00  -1.000000000000e+00   -1.000000000000e+00   -1.000000000000e+00   -1.000000000000e+00    -1.000000000000e+00    nan     -1.000000     -0.001000     -0.001000     -1.000000     -0.001000     -0.001000     -0.000001     -0.001000     -0.001000     -1.000000     -1.000000     -1.000000 
14 0 13 5.000000 0.540000 -1.000000 -1.000000 -1.000000 -1.000000 nan nan nan nan -1.000000000000e+00 -1.000000e+00 -1.000000000000e+00  -1.000000000000e+00  0.000000000000e+00  -1.000000000000e+00   -1.000000000000e+00   -1.000000000000e+00   -1.000000000000e+00    -1.000000000000e+00    nan     -1.000000     -0.001000     -0.001000     -1.000000     -0.001000     -0.001000     -0.000001     -0.001000     -0.001000     -1.000000     -1.000000     -1.000000 
15 0 14 5.000000 0.580000 -1.000000 -1.000000 -1.000000 -1.000000 nan nan nan nan -1.000000000000e+00 -1.000000e+00 -1.000000000000e+00  -1.000000000000e+00  0.000000000000e+00  -1.000000000000e+00   -1.000000000000e+00   -1.000000000000e+00   -1.000000000000e+00    -1.000000000000e+00    nan     -1.000000     -0.001000     -0.001000     -1.000000     -0.001000     -0.001000     -0.000001     -0.001000     -0.001000     -1.000000     -1.000000     -1.000000 
16 0 15 5.000000 0.620000 -1.000000 -1.000000 -1.000000 -1.000000 nan nan nan nan -1.000000000000e+00 -1.000000e+00 -1.000000000000e+00  -1.000000000000e+00  0.000000000000e+00  -1.000000000000e+00   -1.000000000000e+00   -1.000000000000e+00   -1.000000000000e+00    -1.000000000000e+00    nan     -1.000000     -0.001000     -0.001000     -1.000000     -0.001000     -0.001000     -0.000001     -0.001000     -0.001000     -1.000000     -1.000000     -1.000000 
17 0 16 5.000000 0.660000 -1.000000 -1.000000 -1.000000 -1.000000 nan nan nan nan -1.000000000000e+00 -1.000000e+00 -1.000000000000e+00  -1.000000000000e+00  0.000000000000e+00  -1.000000000000e+00   -1.000000000000e+00   -1.000000000000e+00   -1.000000000000e+00    -1.000000000000e+00    nan     -1.000000     -0.001000     -0.001000     -1.000000     -0.001000     -0.001000     -0.000001     -0.001000     -0.001000     -1.000000     -1.000000     -1.000000 
18 0 17 5.000000 0.700000 -1.000000 -1.000000 -1.000000 -1.000000 nan nan nan nan -1.000000000000e+00 -1.000000e+00 -1.000000000000e+00  -1.000000000000e+00  0.000000000000e+00  -1.000000000000e+00   -1.000000000000e+00   -1.000000000000e+00   -1.000000000000e+00    -1.000000000000e+00    nan     -1.000000     -0.001000     -0.001000     -1.000000     -0.001000     -0.001000     -0.000001     -0.001000     -0.001000     -1.000000     -1.000000     -1.000000 
19 0 18 5.000000 0.740000 -1.000000 -1.000000 -1.000000 -1.000000 nan nan nan nan -1.000000000000e+00 -1.000000e+00 -1.000000000000e+00  -1.000000000000e+00  0.000000000000e+00  -1.000000000000e+00   -1.000000000000e+00   -1.000000000000e+00   -1.000000000000e+00    -1.000000000000e+00    nan     -1.000000     -0.001000     -0.001000     -1.000000     -0.001000     -0.001000     -0.000001     -0.001000     -0.001000     -1.000000     -1.000000     -1.000000 
20 0 19 5.000000 0.780000 -1.000000 -1.000000 -1.000000 -1.000000 nan nan nan nan -1.000000000000e+00 -1.000000e+00 -1.000000000000e+00  -1.000000000000e+00  0.000000000000e+00  -1.000000000000e+00   -1.000000000000e+00   -1.000000000000e+00   -1.000000000000e+00    -1.000000000000e+00    nan     -1.000000     -0.001000     -0.001000     -1.000000     -0.001000     -0.001000     -0.000001     -0.001000     -0.001000     -1.000000     -1.000000     -1.000000 
21 0 20 5.000000 0.820000 -1.000000 -1.000000 -1.000000 -1.000000 nan nan nan nan -1.000000000000e+00 -1.000000e+00 -1.000000000000e+00  -1.000000000000e+00  0.000000000000e+00  -1.000000000000e+00   -1.000000000000e+00   -1.000000000000e+00   -1.000000000000e+00    -1.000000000000e+00    nan     -1.000000     -0.001000     -0.001000     -1.000000     -0.001000     -0.001000     -0.000001     -0.001000     -0.001000     -1.000000     -1.000000     -1.000000 
22 0 21 5.000000 0.860000 -1.000000 -1.000000 -1.000000 -1.000000 nan nan nan nan -1.000000000000e+00 -1.000000e+00 -1.000000000000e+00  -1.000000000000e+00  0.000000000000e+00  -1.000000000000e+00   -1.000000000000e+00   -1.000000000000e+00   -1.000000000000e+00    -1.000000000000e+00    nan     -1.000000     -0.001000     -0.001000     -1.000000     -0.001000     -0.001000     -0.000001     -0.001000     -0.001000     -1.000000     -1.000000     -1.000000 
23 0 22 5.000000 0.900000 -1.000000 -1.000000 -1.000000 -1.000000 nan nan nan nan -1.000000000000e+00 -1.000000e+00 -1.000000000000e+00  -1.000000000000e+00  0.000000000000e+00  -1.000000000000e+00   -1.000000000000e+00   -1.000000000000e+00   -1.000000000000e+00    -1.000000000000e+00    nan     -1.000000     -0.001000     -0.001000     -1.000000     -0.001000     -0.001000     -0.000001     -0.001000     -0.001000     -1.000000     -1.000000     -1.000000 
24 0 23 5.000000 0.940000 -1.000000 -1.000000 -1.000000 -1.000000 nan nan nan nan -1.000000000000e+00 -1.000000e+00 -1.000000000000e+00  -1.000000000000e+00  0.000000000000e+00  -1.000000000000e+00   -1.000000000000e+00   -1.000000000000e+00   -1.000000000000e+00    -1.000000000000e+00    nan     -1.000000     -0.001000     -0.001000     -1.000000     -0.001000     -0.001000     -0.000001     -0.001000     -0.001000     -1.000000     -1.000000     -1.000000 
25 0 24 5.000000 0.980000 -1.000000 -1.000000 -1.000000 -1.000000 nan nan nan nan -1.000000000000e+00 -1.000000e+00 -1.000000000000e+00  -1.000000000000e+00  0.000000000000e+00  -1.000000000000e+00   -1.000000000000e+00   -1.000000000000e+00   -1.000000000000e+00    -1.000000000000e+00    nan     -1.000000     -0.001000     -0.001000     -1.000000     -0.001000     -0.001000     -0.000001     -0.001000     -0.001000     -1.000000     -1.000000     -1.000000 
26 0 25 5.000000 1.020000 -1.000000 -1.000000 -1.000000 -1.000000 nan nan nan nan -1.000000000000e+00 -1.000000e+00 -1.000000000000e+00  -1.000000000000e+00  0.000000000000e+00  -1.000000000000e+00   -1.000000000000e+00   -1.000000000000e+00   -1.000000000000e+00    -1.000000000000e+00    nan     -1.000000     -0.001000     -0.001000     -1.000000     -0.001000     -0.001000     -0.000001     -0.001000     -0.001000     -1.000000     -1.000000     -1.000000 
27 0 26 5.000000 1.060000 -1.000000 -1.000000 -1.000000 -1.000000 nan nan nan nan -1.000000000000e+00 -1.000000e+00 -1.000000000000e+00  -1.000000000000e+00  0.000000000000e+00  -1.000000000000e+00   -1.000000000000e+00   -1.000000000000e+00   -1.000000000000e+00    -1.000000000000e+00    nan     -1.000000     -0.001000     -0.001000     -1.000000     -0.001000     -0.001000     -0.000001     -0.001000     -0.001000     -1.000000     -1.000000     -1.000000 
28 0 27 5.000000 1.100000 -1.000000 -1.000000 -1.000000 -1.000000 nan nan nan nan -1.000000000000e+00 -1.000000e+00 -1.000000000000e+00  -1.000000000000e+00  0.000000000000e+00  -1.000000000000e+00   -1.000000000000e+00   -1.000000000000e+00   -1.000000000000e+00    -1.000000000000e+00    nan     -1.000000     -0.001000     -0.001000     -1.000000     -0.001000     -0.001000     -0.000001     -0.001000     -0.001000     -1.000000     -1.000000     -1.000000 
29 0 28 5.000000 1.140000 -1.000000 -1.000000 -1.000000 -1.000000 nan nan nan nan -1.000000000000e+00 -1.000000e+00 -1.000000000000e+00  -1.000000000000e+00  0.000000000000e+00  -1.000000000000e+00   -1.000000000000e+00   -1.000000000000e+00   -1.000000000000e+00    -1.000000000000e+00    nan     -1.000000     -0.001000     -0.001000     -1.000000     -0.001000     -0.001000     -0.000001     -0.001000     -0.001000     -1.000000     -1.000000     -1.000000 
30 0 29 5.000000 1.180000 -1.000000 -1.000000 -1.000000 -1.000000 nan nan nan nan -1.000000000000e+00 -1.000000e+00 -1.000000000000e+00  -1.000000000000e+00  0.000000000000e+00  -1.000000000000e+00   -1.000000000000e+00   -1.000000000000e+00   -1.000000000000e+00    -1.000000000000e+00    nan     -1.000000     -0.001000     -0.001000     -1.000000     -0.001000     -0.001000     -0.000001     -0.001000     -0.001000     -1.000000     -1.000000     -1.000000 
31 1 0 15.000000 0.020000 1.106356 0.179321 1.107390 0.179622 1.680176694453e-03 3.810209861142e-04 2.392382102699e-03 5.857830528817e-04 2.646825856567e-03 7.772121e-04 2.649299331093e-03  7.781145977281e-04  1.706255494919e-03  1.659784011578e-03   1.141996159008e-06   3.354109033453e-07   7.355376681365e-07    7.154597231653e-07    2319.739109     2319.884625     10.540568     8.408440     12.415596     2.132128     2.948117     4.145427     2.920640     0.031228     0.863276     -0.038553     1.036089 
32 1 1 15.000000 0.060000 0.966732 0.047640 0.967071 0.047742 4.489578735553e-04 3.567235459407e-05 4.420146951170e-04 3.448770719407e-05 4.273098373623e-04 3.943358e-05 4.274597932207e-04  3.946751383843e-05  3.750737012145e-04  3.606309746629e-04   2.097689045393e-07   1.936803712086e-08   1.841049058594e-07    1.769737544857e-07    2037.282491     2037.765293     10.540448     8.406098     12.671629     2.134350     2.978533     4.316207     2.921392     0.061732     1.381860     -0.034290     1.077650 
33 1 2 15.000000 0.100000 0.858306 0.026724 0.857434 0.026742 9.189658356588e-05 5.856259919941e-06 1.001690936909e-04 6.410173104662e-06 8.597577992148e-05 6.118564e-06 8.588834875100e-05  6.114308518933e-06  6.978456734117e-05  6.618274093005e-05   5.006910663553e-08   3.564371299354e-09   4.068474811654e-08    3.858160927817e-08    1715.251306     1715.396070     10.540098     8.389339     13.013242     2.150759     3.027803     4.541825     2.935459     0.097436     1.870421     -0.020455     1.125330 
34 1 3 15.000000 0.140000 0.849813 0.022298 0.849670 0.022304 2.232018638915e-05 1.985645052706e-06 2.233004936082e-05 1.984225429871e-06 1.897637279818e-05 1.758199e-06 1.897317929769e-05  1.757962313591e-06  1.604310216707e-05  1.511621934837e-05   1.234420493210e-08   1.143753860193e-09   1.043742938341e-08    9.834815056934e-09    1537.074080     1537.011043     10.539942     8.398710     13.258393     2.141232     3.050223     4.718985     2.920475     0.135918     2.498039     -0.011281     1.174427 
35 1 4 15.000000 0.180000 0.849292 0.024969 0.851276 0.025022 6.278079241458e-06 1.089030497448e-06 6.721108676676e-06 1.166896945684e-06 5.708183081386e-06 1.005144e-06 5.721516087032e-06  1.007486955769e-06  4.591924557955e-06  4.338670042278e-06   3.975931324935e-09   7.001114540227e-10   3.190732085923e-09    3.014979573116e-09    1439.144508     1439.037956     10.539613     8.421249     13.433707     2.118364     3.056852     4.856878     2.889811     0.174641     3.236008     -0.028203     1.221793 
36 1 5 15.000000 0.220000 0.933324 0.040732 0.936729 0.040883 2.586246020961e-06 9.887523113592e-07 2.861769952218e-06 1.094455137482e-06 2.670957727504e-06 1.028110e-06 2.680701886864e-06  1.031861777929e-06  1.624890552115e-06  1.540698560142e-06   1.933376730650e-09   7.441997039920e-10   1.171875103226e-09    1.111183141893e-09    1386.573149     1386.538818     10.539509     8.450845     13.551615     2.088664     3.053187     4.959430     2.850576     0.212296     4.148501     0.006770     1.265332 
37 1 6 15.000000 0.260000 1.645969 0.191310 1.648470 0.191634 1.768372428380e-06 1.788336422955e-06 1.591952129474e-06 1.609251570333e-06 2.620304191247e-06 2.666230e-06 2.624285125041e-06  2.670286728617e-06  8.691518857057e-07  8.217391511462e-07   1.918833267829e-09   1.952468868806e-09   6.354883477249e-10    6.008418847676e-10    1367.691302     1367.646251     10.539364     8.476461     13.622133     2.062903     3.046576     5.026055     2.815602     0.243836     5.242335     0.004058     1.298344 
38 1 7 15.000000 0.300000 -1.000000 -1.000000 -1.000000 -1.000000 nan nan -1.000000000000e+00 -1.000000000000e+00 -1.000000000000e+00 -1.000000e+00 -1.000000000000e+00  -1.000000000000e+00  0.000000000000e+00  -1.000000000000e+00   -1.000000000000e+00   -1.000000000000e+00   -1.000000000000e+00    -1.000000000000e+00    nan     -1.000000     -0.001000     -0.001000     -1.000000     -0.001000     -0.001000     -0.000001     -0.001000     -0.001000     -1.000000     -1.000000     -1.000000 
39 1 8 15.000000 0.340000 -1.000000 -1.000000 -1.000000 -1.000000 nan nan nan nan -1.000000000000e+00 -1.000000e+00 -1.000000000000e+00  -1.000000000000e+00  0.000000000000e+00  -1.000000000000e+00   -1.000000000000e+00   -1.000000000000e+00   -1.000000000000e+00    -1.000000000000e+00    nan     -1.000000     -0.001000     -0.001000     -1.000000     -0.001000     -0.001000     -0.000001     -0.001000     -0.001000     -1.000000     -1.000000     -1.000000 
40 1 9 15.000000 0.380000 -1.000000 -1.000000 -1.000000 -1.000000 nan nan nan nan -1.000000000000e+00 -1.000000e+00 -1.000000000000e+00  -1.000000000000e+00  0.000000000000e+00  -1.000000000000e+00   -1.000000000000e+00   -1.000000000000e+00   -1.000000000000e+00    -1.000000000000e+00    nan     -1.000000     -0.001000     -0.001000     -1.000000     -0.001000     -0.001000     -0.000001     -0.001000     -0.001000     -1.000000     -1.000000     -1.000000 
41 1 10 15.000000 0.420000 -1.000000 -1.000000 -1.000000 -1.000000 nan nan nan nan -1.000000000000e+00 -1.000000e+00 -1.000000000000e+00  -1.000000000000e+00  0.000000000000e+00  -1.000000000000e+00   -1.000000000000e+00   -1.000000000000e+00   -1.000000000000e+00    -1.000000000000e+00    nan     -1.000000     -0.001000     -0.001000     -1.000000     -0.001000     -0.001000     -0.000001     -0.001000     -0.001000     -1.000000     -1.000000     -1.000000 
42 1 11 15.000000 0.460000 -1.000000 -1.000000 -1.000000 -1.000000 nan nan nan nan -1.000000000000e+00 -1.000000e+00 -1.000000000000e+00  -1.000000000000e+00  0.000000000000e+00  -1.000000000000e+00   -1.000000000000e+00   -1.000000000000e+00   -1.000000000000e+00    -1.000000000000e+00    nan     -1.000000     -0.001000     -0.001000     -1.000000     -0.001000     -0.001000     -0.000001     -0.001000     -0.001000     -1.000000     -1.000000     -1.000000 
43 1 12 15.000000 0.500000 -1.000000 -1.000000 -1.000000 -1.000000 nan nan nan nan -1.000000000000e+00 -1.000000e+00 -1.000000000000e+00  -1.000000000000e+00  0.000000000000e+00  -1.000000000000e+00   -1.000000000000e+00   -1.000000000000e+00   -1.000000000000e+00    -1.000000000000e+00    nan     -1.000000     -0.001000     -0.001000     -1.000000     -0.001000     -0.001000     -0.000001     -0.001000     -0.001000     -1.000000     -1.000000     -1.000000 
44 1 13 15.000000 0.540000 -1.000000 -1.000000 -1.000000 -1.000000 nan nan nan nan -1.000000000000e+00 -1.000000e+00 -1.000000000000e+00  -1.000000000000e+00  0.000000000000e+00  -1.000000000000e+00   -1.000000000000e+00   -1.000000000000e+00   -1.000000000000e+00    -1.000000000000e+00    nan     -1.000000     -0.001000     -0.001000     -1.000000     -0.001000     -0.001000     -0.000001     -0.001000     -0.001000     -1.000000     -1.000000     -1.000000 
45 1 14 15.000000 0.580000 -1.000000 -1.000000 -1.000000 -1.000000 nan nan nan nan -1.000000000000e+00 -1.000000e+00 -1.000000000000e+00  -1.000000000000e+00  0.000000000000e+00  -1.000000000000e+00   -1.000000000000e+00   -1.000000000000e+00   -1.000000000000e+00    -1.000000000000e+00    nan     -1.000000     -0.001000     -0.001000     -1.000000     -0.001000     -0.001000     -0.000001     -0.001000     -0.001000     -1.000000     -1.000000     -1.000000 
46 1 15 15.000000 0.620000 -1.000000 -1.000000 -1.000000 -1.000000 nan nan nan nan -1.000000000000e+00 -1.000000e+00 -1.000000000000e+00  -1.000000000000e+00  0.000000000000e+00  -1.000000000000e+00   -1.000000000000e+00   -1.000000000000e+00   -1.000000000000e+00    -1.000000000000e+00    nan     -1.000000     -0.001000     -0.001000     -1.000000     -0.001000     -0.001000     -0.000001     -0.001000     -0.001000     -1.000000     -1.000000     -1.000000 
47 1 16 15.000000 0.660000 -1.000000 -1.000000 -1.000000 -1.000000 nan nan nan nan -1.000000000000e+00 -1.000000e+00 -1.000000000000e+00  -1.000000000000e+00  0.000000000000e+00  -1.000000000000e+00   -1.000000000000e+00   -1.000000000000e+00   -1.000000000000e+00    -1.000000000000e+00    nan     -1.000000     -0.001000     -0.001000     -1.000000     -0.001000     -0.001000     -0.000001     -0.001000     -0.001000     -1.000000     -1.000000     -1.000000 
48 1 17 15.000000 0.700000 -1.000000 -1.000000 -1.000000 -1.000000 nan nan nan nan -1.000000000000e+00 -1.000000e+00 -1.000000000000e+00  -1.000000000000e+00  0.000000000000e+00  -1.000000000000e+00   -1.000000000000e+00   -1.000000000000e+00   -1.000000000000e+00    -1.000000000000e+00    nan     -1.000000     -0.001000     -0.001000     -1.000000     -0.001000     -0.001000     -0.000001     -0.001000     -0.001000     -1.000000     -1.000000     -1.000000 
49 1 18 15.000000 0.740000 -1.000000 -1.000000 -1.000000 -1.000000 nan nan nan nan -1.000000000000e+00 -1.000000e+00 -1.000000000000e+00  -1.000000000000e+00  0.000000000000e+00  -1.000000000000e+00   -1.000000000000e+00   -1.000000000000e+00   -1.000000000000e+00    -1.000000000000e+00    nan     -1.000000     -0.001000     -0.001000     -1.000000     -0.001000     -0.001000     -0.000001     -0.001000     -0.001000     -1.000000     -1.000000     -1.000000 
50 1 19 15.000000 0.780000 -1.000000 -1.000000 -1.000000 -1.000000 nan nan nan nan -1.000000000000e+00 -1.000000e+00 -1.000000000000e+00  -1.000000000000e+00  0.000000000000e+00  -1.000000000000e+00   -1.000000000000e+00   -1.000000000000e+00   -1.000000000000e+00    -1.000000000000e+00    nan     -1.000000     -0.001000     -0.001000     -1.000000     -0.001000     -0.001000     -0.000001     -0.001000     -0.001000     -1.000000     -1.000000     -1.000000 
51 1 20 15.000000 0.820000 -1.000000 -1.000000 -1.000000 -1.000000 nan nan nan nan -1.000000000000e+00 -1.000000e+00 -1.000000000000e+00  -1.000000000000e+00  0.000000000000e+00  -1.000000000000e+00   -1.000000000000e+00   -1.000000000000e+00   -1.000000000000e+00    -1.000000000000e+00    nan     -1.000000     -0.001000     -0.001000     -1.000000     -0.001000     -0.001000     -0.000001     -0.001000     -0.001000     -1.000000     -1.000000     -1.000000 
52 1 21 15.000000 0.860000 -1.000000 -1.000000 -1.000000 -1.000000 nan nan nan nan -1.000000000000e+00 -1.000000e+00 -1.000000000000e+00  -1.000000000000e+00  0.000000000000e+00  -1.000000000000e+00   -1.000000000000e+00   -1.000000000000e+00   -1.000000000000e+00    -1.000000000000e+00    nan     -1.000000     -0.001000     -0.001000     -1.000000     -0.001000     -0.001000     -0.000001     -0.001000     -0.001000     -1.000000     -1.000000     -1.000000 
53 1 22 15.000000 0.900000 -1.000000 -1.000000 -1.000000 -1.000000 nan nan nan nan -1.000000000000e+00 -1.000000e+00 -1.000000000000e+00  -1.000000000000e+00  0.000000000000e+00  -1.000000000000e+00   -1.000000000000e+00   -1.000000000000e+00   -1.000000000000e+00    -1.000000000000e+00    nan     -1.000000     -0.001000     -0.001000     -1.000000     -0.001000     -0.001000     -0.000001     -0.001000     -0.001000     -1.000000     -1.000000     -1.000000 
54 1 23 15.000000 0.940000 -1.000000 -1.000000 -1.000000 -1.000000 nan nan nan nan -1.000000000000e+00 -1.000000e+00 -1.000000000000e+00  -1.000000000000e+00  0.000000000000e+00  -1.000000000000e+00   -1.000000000000e+00   -1.000000000000e+00   -1.000000000000e+00    -1.000000000000e+00    nan     -1.000000     -0.001000     -0.001000     -1.000000     -0.001000     -0.001000     -0.000001     -0.001000     -0.001000     -1.000000     -1.000000     -1.000000 
55 1 24 15.000000 0.980000 -1.000000 -1.000000 -1.000000 -1.000000 nan nan nan nan -1.000000000000e+00 -1.000000e+00 -1.000000000000e+00  -1.000000000000e+00  0.000000000000e+00  -1.000000000000e+00   -1.000000000000e+00   -1.000000000000e+00   -1.000000000000e+00    -1.000000000000e+00    nan     -1.000000     -0.001000     -0.001000     -1.000000     -0.001000     -0.001000     -0.000001     -0.001000     -0.001000     -1.000000     -1.000000     -1.000000 
56 1 25 15.000000 1.020000 -1.000000 -1.000000 -1.000000 -1.000000 nan nan nan nan -1.000000000000e+00 -1.000000e+00 -1.000000000000e+00  -1.000000000000e+00  0.000000000000e+00  -1.000000000000e+00   -1.000000000000e+00   -1.000000000000e+00   -1.000000000000e+00    -1.000000000000e+00    nan     -1.000000     -0.001000     -0.001000     -1.000000     -0.001000     -0.001000     -0.000001     -0.001000     -0.001000     -1.000000     -1.000000     -1.000000 
57 1 26 15.000000 1.060000 -1.000000 -1.000000 -1.000000 -1.000000 nan nan nan nan -1.000000000000e+00 -1.000000e+00 -1.000000000000e+00  -1.000000000000e+00  0.000000000000e+00  -1.000000000000e+00   -1.000000000000e+00   -1.000000000000e+00   -1.000000000000e+00    -1.000000000000e+00    nan     -1.000000     -0.001000     -0.001000     -1.000000     -0.001000     -0.001000     -0.000001     -0.001000     -0.001000     -1.000000     -1.000000     -1.000000 
58 1 27 15.000000 1.100000 -1.000000 -1.000000 -1.000000 -1.000000 nan nan nan nan -1.000000000000e+00 -1.000000e+00 -1.000000000000e+00  -1.000000000000e+00  0.000000000000e+00  -1.000000000000e+00   -1.000000000000e+00   -1.000000000000e+00   -1.000000000000e+00    -1.000000000000e+00    nan     -1.000000     -0.001000     -0.001000     -1.000000     -0.001000     -0.001000     -0.000001     -0.001000     -0.001000     -1.000000     -1.000000     -1.000000 
59 1 28 15.000000 1.140000 -1.000000 -1.000000 -1.000000 -1.000000 nan nan nan nan -1.000000000000e+00 -1.000000e+00 -1.000000000000e+00  -1.000000000000e+00  0.000000000000e+00  -1.000000000000e+00   -1.000000000000e+00   -1.000000000000e+00   -1.000000000000e+00    -1.000000000000e+00    nan     -1.000000     -0.001000     -0.001000     -1.000000     -0.001000     -0.001000     -0.000001     -0.001000     -0.001000     -1.000000     -1.000000     -1.000000 
60 1 29 15.000000 1.180000 -1.000000 -1.000000 -1.000000 -1.000000 nan nan nan nan -1.000000000000e+00 -1.000000e+00 -1.000000000000e+00  -1.000000000000e+00  0.000000000000e+00  -1.000000000000e+00   -1.000000000000e+00   -1.000000000000e+00   -1.000000000000e+00    -1.000000000000e+00    nan     -1.000000     -0.001000     -0.001000     -1.000000     -0.001000     -0.001000     -0.000001     -0.001000     -0.001000     -1.000000     -1.000000     -1.000000 
61 2 0 25.000000 0.020000 1.060186 0.133744 1.060469 0.133889 2.047538242752e-03 3.805112447045e-04 2.138623569605e-03 4.145203760618e-04 2.267337747270e-03 5.243516e-04 2.267944742987e-03  5.246194677503e-04  1.590782626163e-03  1.545619819770e-03   9.930591465434e-07   2.297137805121e-07   6.965981912915e-07    6.767765854293e-07    2283.644497     2283.796238     10.540913     8.398334     12.442166     2.142578     2.957853     4.158251     2.931592     0.031891     1.049315     -0.099054     1.034225 
62 2 1 25.000000 0.060000 0.952351 0.039621 0.952556 0.039734 4.311721982608e-04 2.803776476028e-05 4.010003059599e-04 2.611415462540e-05 3.818929595236e-04 2.951173e-05 3.819751007903e-04  2.954057013829e-05  3.939802677016e-04  3.785768378590e-04   1.848559132128e-07   1.429608646857e-08   1.907197788422e-07    1.832113322016e-07    2065.754638     2066.339638     10.540307     8.403639     12.641286     2.136668     2.976522     4.294331     2.923892     0.060764     1.790493     -0.009238     1.071025 
63 2 2 25.000000 0.100000 0.819611 0.020604 0.816621 0.020585 9.824472617675e-05 4.970448883304e-06 1.016929535897e-04 5.162948218496e-06 8.334863200387e-05 4.721952e-06 8.304458275751e-05  4.707257264783e-06  7.053133511564e-05  6.650246579340e-05   4.699077238085e-08   2.663601252756e-09   3.991408026472e-08    3.763041644737e-08    1767.079052     1767.252985     10.540217     8.392211     12.953847     2.148006     3.019297     4.502228     2.932523     0.097852     2.712669     -0.005177     1.116949 
64 2 3 25.000000 0.140000 0.847806 0.017322 0.846649 0.017324 2.175468395724e-05 1.520166358912e-06 2.213299502925e-05 1.546515184083e-06 1.876448699944e-05 1.366049e-06 1.873887427774e-05  1.364343021577e-06  1.614913287185e-05  1.507739834176e-05   1.185508336286e-08   8.631468473823e-10   1.021574666682e-08    9.538663400335e-09    1580.807884     1580.661536     10.539929     8.395951     13.199519     2.143978     3.045070     4.675810     2.923267     0.136531     3.781693     -0.012668     1.162192 
65 2 4 25.000000 0.180000 0.873560 0.018585 0.875562 0.018631 5.608582301389e-06 7.666486349322e-07 5.266863003797e-06 7.198112268362e-07 4.600921323922e-06 6.363718e-07 4.611465608743e-06  6.378326924058e-07  4.612141186364e-06  4.310952656045e-06   3.104827504918e-09   4.294427531159e-10   3.104834392778e-09    2.902496844715e-09    1485.470915     1485.256621     10.539807     8.417390     13.361173     2.122417     3.050795     4.802696     2.893897     0.175549     4.956830     -0.004393     1.205856 
66 2 5 25.000000 0.220000 0.931403 0.024132 0.935771 0.024240 1.796040892456e-06 5.221954078184e-07 1.877921550754e-06 5.459975002632e-07 1.749102580185e-06 5.105592e-07 1.757303698252e-06  5.129522368409e-07  1.559573728235e-06  1.467861276180e-06   1.240250152793e-09   3.620256935384e-10   1.100622669723e-09    1.035970716884e-09    1416.992191     1416.894563     10.539714     8.440185     13.493957     2.099529     3.052774     4.911405     2.861412     0.214865     6.316974     0.016533     1.246594 
67 2 6 25.000000 0.260000 1.069160 0.046184 1.074689 0.046423 7.250773214444e-07 5.143375524209e-07 7.576008096962e-07 5.374472515483e-07 8.099968242338e-07 5.756816e-07 8.141856240304e-07  5.786586847822e-07  6.698830615587e-07  6.331043607162e-07   5.866590139798e-10   4.169507829980e-10   4.826698054010e-10    4.561814517990e-10    1387.870246     1387.834508     10.539720     8.462959     13.583153     2.076761     3.050018     4.989675     2.828435     0.250441     7.729315     -0.003506     1.280345 
68 2 7 25.000000 0.300000 2.401117 0.538655 2.422850 0.543636 -1.000000000000e+00 -1.000000000000e+00 -1.000000000000e+00 -1.000000000000e+00 -1.000000000000e+00 -1.000000e+00 -1.000000000000e+00  -1.000000000000e+00  4.107669108229e-07  3.906783443224e-07   -1.000000000000e+00   -1.000000000000e+00   2.827963299091e-10    2.689783503053e-10    1452.518535     1452.452749     10.538943     8.475103     13.634408     2.063841     3.048525     5.034066     2.805346     0.283331     9.772139     -0.317947     1.299822 
69 2 8 25.000000 0.340000 -1.000000 -1.000000 -1.000000 -1.000000 nan nan -1.000000000000e+00 -1.000000000000e+00 -1.000000000000e+00 -1.000000e+00 -1.000000000000e+00  -1.000000000000e+00  0.000000000000e+00  -1.000000000000e+00   -1.000000000000e+00   -1.000000000000e+00   -1.000000000000e+00    -1.000000000000e+00    nan     -1.000000     -0.001000     -0.001000     -1.000000     -0.001000     -0.001000     -0.000001     -0.001000     -0.001000     -1.000000     -1.000000     -1.000000 
70 2 9 25.000000 0.380000 -1.000000 -1.000000 -1.000000 -1.000000 nan nan nan nan -1.000000000000e+00 -1.000000e+00 -1.000000000000e+00  -1.000000000000e+00  0.000000000000e+00  -1.000000000000e+00   -1.000000000000e+00   -1.000000000000e+00   -1.000000000000e+00    -1.000000000000e+00    nan     -1.000000     -0.001000     -0.001000     -1.000000     -0.001000     -0.001000     -0.000001     -0.001000     -0.001000     -1.000000     -1.000000     -1.000000 
71 2 10 25.000000 0.420000 -1.000000 -1.000000 -1.000000 -1.000000 nan nan nan nan -1.000000000000e+00 -1.000000e+00 -1.000000000000e+00  -1.000000000000e+00  2.074852396815e-07  -1.000000000000e+00   -1.000000000000e+00   -1.000000000000e+00   -1.000000000000e+00    -1.000000000000e+00    nan     -1.000000     -0.001000     -0.001000     -1.000000     -0.001000     -0.001000     -0.000001     -0.001000     -0.001000     -1.000000     -1.000000     -1.000000 
72 2 11 25.000000 0.460000 -1.000000 -1.000000 -1.000000 -1.000000 nan nan nan nan -1.000000000000e+00 -1.000000e+00 -1.000000000000e+00  -1.000000000000e+00  0.000000000000e+00  -1.000000000000e+00   -1.000000000000e+00   -1.000000000000e+00   -1.000000000000e+00    -1.000000000000e+00    nan     -1.000000     -0.001000     -0.001000     -1.000000     -0.001000     -0.001000     -0.000001     -0.001000     -0.001000     -1.000000     -1.000000     -1.000000 
73 2 12 25.000000 0.500000 -1.000000 -1.000000 -1.000000 -1.000000 nan nan nan nan -1.000000000000e+00 -1.000000e+00 -1.000000000000e+00  -1.000000000000e+00  0.000000000000e+00  -1.000000000000e+00   -1.000000000000e+00   -1.000000000000e+00   -1.000000000000e+00    -1.000000000000e+00    nan     -1.000000     -0.001000     -0.001000     -1.000000     -0.001000     -0.001000     -0.000001     -0.001000     -0.001000     -1.000000     -1.000000     -1.000000 
74 2 13 25.000000 0.540000 -1.000000 -1.000000 -1.000000 -1.000000 nan nan nan nan -1.000000000000e+00 -1.000000e+00 -1.000000000000e+00  -1.000000000000e+00  0.000000000000e+00  -1.000000000000e+00   -1.000000000000e+00   -1.000000000000e+00   -1.000000000000e+00    -1.000000000000e+00    nan     -1.000000     -0.001000     -0.001000     -1.000000     -0.001000     -0.001000     -0.000001     -0.001000     -0.001000     -1.000000     -1.000000     -1.000000 
75 2 14 25.000000 0.580000 -1.000000 -1.000000 -1.000000 -1.000000 nan nan nan nan -1.000000000000e+00 -1.000000e+00 -1.000000000000e+00  -1.000000000000e+00  0.000000000000e+00  -1.000000000000e+00   -1.000000000000e+00   -1.000000000000e+00   -1.000000000000e+00    -1.000000000000e+00    nan     -1.000000     -0.001000     -0.001000     -1.000000     -0.001000     -0.001000     -0.000001     -0.001000     -0.001000     -1.000000     -1.000000     -1.000000 
76 2 15 25.000000 0.620000 -1.000000 -1.000000 -1.000000 -1.000000 nan nan nan nan -1.000000000000e+00 -1.000000e+00 -1.000000000000e+00  -1.000000000000e+00  0.000000000000e+00  -1.000000000000e+00   -1.000000000000e+00   -1.000000000000e+00   -1.000000000000e+00    -1.000000000000e+00    nan     -1.000000     -0.001000     -0.001000     -1.000000     -0.001000     -0.001000     -0.000001     -0.001000     -0.001000     -1.000000     -1.000000     -1.000000 
77 2 16 25.000000 0.660000 -1.000000 -1.000000 -1.000000 -1.000000 nan nan nan nan -1.000000000000e+00 -1.000000e+00 -1.000000000000e+00  -1.000000000000e+00  0.000000000000e+00  -1.000000000000e+00   -1.000000000000e+00   -1.000000000000e+00   -1.000000000000e+00    -1.000000000000e+00    nan     -1.000000     -0.001000     -0.001000     -1.000000     -0.001000     -0.001000     -0.000001     -0.001000     -0.001000     -1.000000     -1.000000     -1.000000 
78 2 17 25.000000 0.700000 -1.000000 -1.000000 -1.000000 -1.000000 nan nan nan nan -1.000000000000e+00 -1.000000e+00 -1.000000000000e+00  -1.000000000000e+00  0.000000000000e+00  -1.000000000000e+00   -1.000000000000e+00   -1.000000000000e+00   -1.000000000000e+00    -1.000000000000e+00    nan     -1.000000     -0.001000     -0.001000     -1.000000     -0.001000     -0.001000     -0.000001     -0.001000     -0.001000     -1.000000     -1.000000     -1.000000 
79 2 18 25.000000 0.740000 -1.000000 -1.000000 -1.000000 -1.000000 nan nan nan nan -1.000000000000e+00 -1.000000e+00 -1.000000000000e+00  -1.000000000000e+00  0.000000000000e+00  -1.000000000000e+00   -1.000000000000e+00   -1.000000000000e+00   -1.000000000000e+00    -1.000000000000e+00    nan     -1.000000     -0.001000     -0.001000     -1.000000     -0.001000     -0.001000     -0.000001     -0.001000     -0.001000     -1.000000     -1.000000     -1.000000 
80 2 19 25.000000 0.780000 -1.000000 -1.000000 -1.000000 -1.000000 nan nan nan nan -1.000000000000e+00 -1.000000e+00 -1.000000000000e+00  -1.000000000000e+00  0.000000000000e+00  -1.000000000000e+00   -1.000000000000e+00   -1.000000000000e+00   -1.000000000000e+00    -1.000000000000e+00    nan     -1.000000     -0.001000     -0.001000     -1.000000     -0.001000     -0.001000     -0.000001     -0.001000     -0.001000     -1.000000     -1.000000     -1.000000 
81 2 20 25.000000 0.820000 -1.000000 -1.000000 -1.000000 -1.000000 nan nan nan nan -1.000000000000e+00 -1.000000e+00 -1.000000000000e+00  -1.000000000000e+00  0.000000000000e+00  -1.000000000000e+00   -1.000000000000e+00   -1.000000000000e+00   -1.000000000000e+00    -1.000000000000e+00    nan     -1.000000     -0.001000     -0.001000     -1.000000     -0.001000     -0.001000     -0.000001     -0.001000     -0.001000     -1.000000     -1.000000     -1.000000 
82 2 21 25.000000 0.860000 -1.000000 -1.000000 -1.000000 -1.000000 nan nan nan nan -1.000000000000e+00 -1.000000e+00 -1.000000000000e+00  -1.000000000000e+00  0.000000000000e+00  -1.000000000000e+00   -1.000000000000e+00   -1.000000000000e+00   -1.000000000000e+00    -1.000000000000e+00    nan     -1.000000     -0.001000     -0.001000     -1.000000     -0.001000     -0.001000     -0.000001     -0.001000     -0.001000     -1.000000     -1.000000     -1.000000 
83 2 22 25.000000 0.900000 -1.000000 -1.000000 -1.000000 -1.000000 nan nan nan nan -1.000000000000e+00 -1.000000e+00 -1.000000000000e+00  -1.000000000000e+00  0.000000000000e+00  -1.000000000000e+00   -1.000000000000e+00   -1.000000000000e+00   -1.000000000000e+00    -1.000000000000e+00    nan     -1.000000     -0.001000     -0.001000     -1.000000     -0.001000     -0.001000     -0.000001     -0.001000     -0.001000     -1.000000     -1.000000     -1.000000 
84 2 23 25.000000 0.940000 -1.000000 -1.000000 -1.000000 -1.000000 nan nan nan nan -1.000000000000e+00 -1.000000e+00 -1.000000000000e+00  -1.000000000000e+00  0.000000000000e+00  -1.000000000000e+00   -1.000000000000e+00   -1.000000000000e+00   -1.000000000000e+00    -1.000000000000e+00    nan     -1.000000     -0.001000     -0.001000     -1.000000     -0.001000     -0.001000     -0.000001     -0.001000     -0.001000     -1.000000     -1.000000     -1.000000 
85 2 24 25.000000 0.980000 -1.000000 -1.000000 -1.000000 -1.000000 nan nan nan nan -1.000000000000e+00 -1.000000e+00 -1.000000000000e+00  -1.000000000000e+00  0.000000000000e+00  -1.000000000000e+00   -1.000000000000e+00   -1.000000000000e+00   -1.000000000000e+00    -1.000000000000e+00    nan     -1.000000     -0.001000     -0.001000     -1.000000     -0.001000     -0.001000     -0.000001     -0.001000     -0.001000     -1.000000     -1.000000     -1.000000 
86 2 25 25.000000 1.020000 -1.000000 -1.000000 -1.000000 -1.000000 nan nan nan nan -1.000000000000e+00 -1.000000e+00 -1.000000000000e+00  -1.000000000000e+00  0.000000000000e+00  -1.000000000000e+00   -1.000000000000e+00   -1.000000000000e+00   -1.000000000000e+00    -1.000000000000e+00    nan     -1.000000     -0.001000     -0.001000     -1.000000     -0.001000     -0.001000     -0.000001     -0.001000     -0.001000     -1.000000     -1.000000     -1.000000 
87 2 26 25.000000 1.060000 -1.000000 -1.000000 -1.000000 -1.000000 nan nan nan nan -1.000000000000e+00 -1.000000e+00 -1.000000000000e+00  -1.000000000000e+00  0.000000000000e+00  -1.000000000000e+00   -1.000000000000e+00   -1.000000000000e+00   -1.000000000000e+00    -1.000000000000e+00    nan     -1.000000     -0.001000     -0.001000     -1.000000     -0.001000     -0.001000     -0.000001     -0.001000     -0.001000     -1.000000     -1.000000     -1.000000 
88 2 27 25.000000 1.100000 -1.000000 -1.000000 -1.000000 -1.000000 nan nan nan nan -1.000000000000e+00 -1.000000e+00 -1.000000000000e+00  -1.000000000000e+00  0.000000000000e+00  -1.000000000000e+00   -1.000000000000e+00   -1.000000000000e+00   -1.000000000000e+00    -1.000000000000e+00    nan     -1.000000     -0.001000     -0.001000     -1.000000     -0.001000     -0.001000     -0.000001     -0.001000     -0.001000     -1.000000     -1.000000     -1.000000 
89 2 28 25.000000 1.140000 -1.000000 -1.000000 -1.000000 -1.000000 nan nan nan nan -1.000000000000e+00 -1.000000e+00 -1.000000000000e+00  -1.000000000000e+00  0.000000000000e+00  -1.000000000000e+00   -1.000000000000e+00   -1.000000000000e+00   -1.000000000000e+00    -1.000000000000e+00    nan     -1.000000     -0.001000     -0.001000     -1.000000     -0.001000     -0.001000     -0.000001     -0.001000     -0.001000     -1.000000     -1.000000     -1.000000 
90 2 29 25.000000 1.180000 -1.000000 -1.000000 -1.000000 -1.000000 nan nan nan nan -1.000000000000e+00 -1.000000e+00 -1.000000000000e+00  -1.000000000000e+00  0.000000000000e+00  -1.000000000000e+00   -1.000000000000e+00   -1.000000000000e+00   -1.000000000000e+00    -1.000000000000e+00    nan     -1.000000     -0.001000     -0.001000     -1.000000     -0.001000     -0.001000     -0.000001     -0.001000     -0.001000     -1.000000     -1.000000     -1.000000 
91 3 0 35.000000 0.020000 1.041760 0.123977 1.041722 0.124077 1.955230283928e-03 3.386653909989e-04 2.059196391593e-03 3.515861487891e-04 2.145188211770e-03 4.464603e-04 2.145110944955e-03  4.465676133854e-04  1.569474042288e-03  1.523458168201e-03   9.424019017347e-07   1.961885323914e-07   6.895351274363e-07    6.692939954002e-07    2276.133557     2276.216698     10.540656     8.393908     12.439380     2.146748     2.960175     4.154105     2.935967     0.031954     1.206993     0.036023     1.031188 
92 3 1 35.000000 0.060000 0.834638 0.030027 0.831600 0.030001 4.530687795861e-04 2.573399073480e-05 4.369656529979e-04 2.472204186834e-05 3.647080648587e-04 2.445231e-05 3.633805679104e-04  2.438278979618e-05  3.837551969134e-04  3.670243857396e-04   1.725419238580e-07   1.157754110147e-08   1.822607087573e-07    1.742720971087e-07    2105.528940     2106.042171     10.540412     8.403412     12.604480     2.137000     2.972567     4.269388     2.924160     0.061950     2.272924     -0.012354     1.064639 
93 3 2 35.000000 0.100000 0.807496 0.017981 0.803236 0.017968 9.225591232934e-05 4.275305475337e-06 8.927381305994e-05 4.075235672121e-06 7.208821866549e-05 3.661379e-06 7.170796186067e-05  3.645265843261e-06  7.358856589082e-05  6.887880545534e-05   3.935816229441e-08   2.000767570888e-09   4.039460164017e-08    3.780533058552e-08    1821.742582     1821.933690     10.540236     8.388186     12.891728     2.152050     3.014718     4.457203     2.936794     0.097625     3.504038     -0.016547     1.103700 
94 3 3 35.000000 0.140000 0.823825 0.014948 0.820204 0.014936 2.107196926750e-05 1.311076456193e-06 2.105639708637e-05 1.311369486877e-06 1.734677975993e-05 1.125256e-06 1.727053422845e-05  1.120628382185e-06  1.672980644665e-05  1.537697231775e-05   1.054121045264e-08   6.839846098309e-10   1.020953963279e-08    9.385459603146e-09    1638.644547     1638.382452     10.540060     8.389367     13.118552     2.150693     3.039866     4.615308     2.930309     0.136597     4.951673     0.001319     1.143572 
95 3 4 35.000000 0.180000 0.879773 0.015808 0.879731 0.015830 5.093089899247e-06 6.092854037688e-07 5.199230036254e-06 6.218891461004e-07 4.574142984623e-06 5.532604e-07 4.573922829845e-06  5.532511919680e-07  4.750288042594e-06  4.344957045733e-06   2.950421141889e-09   3.568761595422e-10   3.063317304016e-09    2.802726151102e-09    1550.700620     1550.261000     10.540013     8.407796     13.264995     2.132217     3.045514     4.728806     2.904044     0.176338     6.535901     -0.004902     1.181847 
96 3 5 35.000000 0.220000 0.903165 0.018331 0.906872 0.018427 2.694649323381e-06 5.056367265203e-07 2.663865025824e-06 5.001431428461e-07 2.405908558425e-06 4.543433e-07 2.415784288063e-06  4.562142045564e-07  1.588784945764e-06  1.467384439244e-06   1.621182374920e-09   3.061558232950e-10   1.065952238350e-09    9.847310465133e-10    1490.484178     1490.137276     10.540037     8.428781     13.381241     2.111256     3.046489     4.823692     2.873431     0.216224     8.236326     0.003968     1.217531 
97 3 6 35.000000 0.260000 0.944985 0.025087 0.950449 0.025226 5.480339016516e-07 2.747492707328e-07 5.659420685031e-07 2.836645636510e-07 5.348070375242e-07 2.684346e-07 5.378992250418e-07  2.699864975214e-07  6.309328038870e-07  5.934572368048e-07   3.731836727062e-10   1.873112063292e-10   4.376622610635e-10    4.117287047731e-10    1441.597460     1441.379311     10.539912     8.444398     13.485371     2.095514     3.049411     4.907728     2.846986     0.254832     10.036215     0.005492     1.248047 
98 3 7 35.000000 0.300000 0.962575 0.046031 0.970223 0.046162 8.410881835660e-07 5.971213261926e-07 7.564612708744e-07 5.373562615871e-07 7.281503971559e-07 5.184162e-07 7.339364481293e-07  5.225237760330e-07  2.977770959690e-07  2.856300070825e-07   5.230971339013e-10   3.724173807348e-10   2.122319345520e-10    2.035765336929e-10    1403.073937     1403.059586     10.539894     8.452315     13.569559     2.087578     3.054757     4.973558     2.827753     0.291803     12.059272     0.010225     1.269596 
99 3 8 35.000000 0.340000 1.364020 0.173594 1.376612 0.174719 -1.000000000000e+00 -1.000000000000e+00 -1.000000000000e+00 -1.000000000000e+00 -1.000000000000e+00 -1.000000e+00 -1.000000000000e+00  -1.000000000000e+00  1.691128879142e-07  1.666234562933e-07   -1.000000000000e+00   -1.000000000000e+00   1.243876289722e-10    1.225752894680e-10    1359.563562     1359.356009     10.539648     8.452760     13.641621     2.086889     3.062928     5.026420     2.814758     0.328925     14.327555     0.046887     1.283514 
100 3 9 35.000000 0.380000 -1.000000 -1.000000 -1.000000 -1.000000 -1.000000000000e+00 -1.000000000000e+00 -1.000000000000e+00 -1.000000000000e+00 -1.000000000000e+00 -1.000000e+00 -1.000000000000e+00  -1.000000000000e+00  0.000000000000e+00  -1.000000000000e+00   -1.000000000000e+00   -1.000000000000e+00   -1.000000000000e+00    -1.000000000000e+00    nan     -1.000000     -0.001000     -0.001000     -1.000000     -0.001000     -0.001000     -0.000001     -0.001000     -0.001000     -1.000000     -1.000000     -1.000000 
101 3 10 35.000000 0.420000 -1.000000 -1.000000 -1.000000 -1.000000 nan nan nan nan -1.000000000000e+00 -1.000000e+00 -1.000000000000e+00  -1.000000000000e+00  0.000000000000e+00  -1.000000000000e+00   -1.000000000000e+00   -1.000000000000e+00   -1.000000000000e+00    -1.000000000000e+00    nan     -1.000000     -0.001000     -0.001000     -1.000000     -0.001000     -0.001000     -0.000001     -0.001000     -0.001000     -1.000000     -1.000000     -1.000000 
102 3 11 35.000000 0.460000 -1.000000 -1.000000 -1.000000 -1.000000 nan nan nan nan -1.000000000000e+00 -1.000000e+00 -1.000000000000e+00  -1.000000000000e+00  0.000000000000e+00  -1.000000000000e+00   -1.000000000000e+00   -1.000000000000e+00   -1.000000000000e+00    -1.000000000000e+00    nan     -1.000000     -0.001000     -0.001000     -1.000000     -0.001000     -0.001000     -0.000001     -0.001000     -0.001000     -1.000000     -1.000000     -1.000000 
103 3 12 35.000000 0.500000 -1.000000 -1.000000 -1.000000 -1.000000 nan nan nan nan -1.000000000000e+00 -1.000000e+00 -1.000000000000e+00  -1.000000000000e+00  0.000000000000e+00  -1.000000000000e+00   -1.000000000000e+00   -1.000000000000e+00   -1.000000000000e+00    -1.000000000000e+00    nan     -1.000000     -0.001000     -0.001000     -1.000000     -0.001000     -0.001000     -0.000001     -0.001000     -0.001000     -1.000000     -1.000000     -1.000000 
104 3 13 35.000000 0.540000 -1.000000 -1.000000 -1.000000 -1.000000 nan nan nan nan -1.000000000000e+00 -1.000000e+00 -1.000000000000e+00  -1.000000000000e+00  0.000000000000e+00  -1.000000000000e+00   -1.000000000000e+00   -1.000000000000e+00   -1.000000000000e+00    -1.000000000000e+00    nan     -1.000000     -0.001000     -0.001000     -1.000000     -0.001000     -0.001000     -0.000001     -0.001000     -0.001000     -1.000000     -1.000000     -1.000000 
105 3 14 35.000000 0.580000 -1.000000 -1.000000 -1.000000 -1.000000 nan nan nan nan -1.000000000000e+00 -1.000000e+00 -1.000000000000e+00  -1.000000000000e+00  0.000000000000e+00  -1.000000000000e+00   -1.000000000000e+00   -1.000000000000e+00   -1.000000000000e+00    -1.000000000000e+00    nan     -1.000000     -0.001000     -0.001000     -1.000000     -0.001000     -0.001000     -0.000001     -0.001000     -0.001000     -1.000000     -1.000000     -1.000000 
106 3 15 35.000000 0.620000 -1.000000 -1.000000 -1.000000 -1.000000 nan nan nan nan -1.000000000000e+00 -1.000000e+00 -1.000000000000e+00  -1.000000000000e+00  0.000000000000e+00  -1.000000000000e+00   -1.000000000000e+00   -1.000000000000e+00   -1.000000000000e+00    -1.000000000000e+00    nan     -1.000000     -0.001000     -0.001000     -1.000000     -0.001000     -0.001000     -0.000001     -0.001000     -0.001000     -1.000000     -1.000000     -1.000000 
107 3 16 35.000000 0.660000 -1.000000 -1.000000 -1.000000 -1.000000 nan nan nan nan -1.000000000000e+00 -1.000000e+00 -1.000000000000e+00  -1.000000000000e+00  0.000000000000e+00  -1.000000000000e+00   -1.000000000000e+00   -1.000000000000e+00   -1.000000000000e+00    -1.000000000000e+00    nan     -1.000000     -0.001000     -0.001000     -1.000000     -0.001000     -0.001000     -0.000001     -0.001000     -0.001000     -1.000000     -1.000000     -1.000000 
108 3 17 35.000000 0.700000 -1.000000 -1.000000 -1.000000 -1.000000 nan nan nan nan -1.000000000000e+00 -1.000000e+00 -1.000000000000e+00  -1.000000000000e+00  0.000000000000e+00  -1.000000000000e+00   -1.000000000000e+00   -1.000000000000e+00   -1.000000000000e+00    -1.000000000000e+00    nan     -1.000000     -0.001000     -0.001000     -1.000000     -0.001000     -0.001000     -0.000001     -0.001000     -0.001000     -1.000000     -1.000000     -1.000000 
109 3 18 35.000000 0.740000 -1.000000 -1.000000 -1.000000 -1.000000 nan nan nan nan -1.000000000000e+00 -1.000000e+00 -1.000000000000e+00  -1.000000000000e+00  0.000000000000e+00  -1.000000000000e+00   -1.000000000000e+00   -1.000000000000e+00   -1.000000000000e+00    -1.000000000000e+00    nan     -1.000000     -0.001000     -0.001000     -1.000000     -0.001000     -0.001000     -0.000001     -0.001000     -0.001000     -1.000000     -1.000000     -1.000000 
110 3 19 35.000000 0.780000 -1.000000 -1.000000 -1.000000 -1.000000 nan nan nan nan -1.000000000000e+00 -1.000000e+00 -1.000000000000e+00  -1.000000000000e+00  0.000000000000e+00  -1.000000000000e+00   -1.000000000000e+00   -1.000000000000e+00   -1.000000000000e+00    -1.000000000000e+00    nan     -1.000000     -0.001000     -0.001000     -1.000000     -0.001000     -0.001000     -0.000001     -0.001000     -0.001000     -1.000000     -1.000000     -1.000000 
111 3 20 35.000000 0.820000 -1.000000 -1.000000 -1.000000 -1.000000 nan nan nan nan -1.000000000000e+00 -1.000000e+00 -1.000000000000e+00  -1.000000000000e+00  0.000000000000e+00  -1.000000000000e+00   -1.000000000000e+00   -1.000000000000e+00   -1.000000000000e+00    -1.000000000000e+00    nan     -1.000000     -0.001000     -0.001000     -1.000000     -0.001000     -0.001000     -0.000001     -0.001000     -0.001000     -1.000000     -1.000000     -1.000000 
112 3 21 35.000000 0.860000 -1.000000 -1.000000 -1.000000 -1.000000 nan nan nan nan -1.000000000000e+00 -1.000000e+00 -1.000000000000e+00  -1.000000000000e+00  0.000000000000e+00  -1.000000000000e+00   -1.000000000000e+00   -1.000000000000e+00   -1.000000000000e+00    -1.000000000000e+00    nan     -1.000000     -0.001000     -0.001000     -1.000000     -0.001000     -0.001000     -0.000001     -0.001000     -0.001000     -1.000000     -1.000000     -1.000000 
113 3 22 35.000000 0.900000 -1.000000 -1.000000 -1.000000 -1.000000 nan nan nan nan -1.000000000000e+00 -1.000000e+00 -1.000000000000e+00  -1.000000000000e+00  0.000000000000e+00  -1.000000000000e+00   -1.000000000000e+00   -1.000000000000e+00   -1.000000000000e+00    -1.000000000000e+00    nan     -1.000000     -0.001000     -0.001000     -1.000000     -0.001000     -0.001000     -0.000001     -0.001000     -0.001000     -1.000000     -1.000000     -1.000000 
114 3 23 35.000000 0.940000 -1.000000 -1.000000 -1.000000 -1.000000 nan nan nan nan -1.000000000000e+00 -1.000000e+00 -1.000000000000e+00  -1.000000000000e+00  0.000000000000e+00  -1.000000000000e+00   -1.000000000000e+00   -1.000000000000e+00   -1.000000000000e+00    -1.000000000000e+00    nan     -1.000000     -0.001000     -0.001000     -1.000000     -0.001000     -0.001000     -0.000001     -0.001000     -0.001000     -1.000000     -1.000000     -1.000000 
115 3 24 35.000000 0.980000 -1.000000 -1.000000 -1.000000 -1.000000 nan nan nan nan -1.000000000000e+00 -1.000000e+00 -1.000000000000e+00  -1.000000000000e+00  0.000000000000e+00  -1.000000000000e+00   -1.000000000000e+00   -1.000000000000e+00   -1.000000000000e+00    -1.000000000000e+00    nan     -1.000000     -0.001000     -0.001000     -1.000000     -0.001000     -0.001000     -0.000001     -0.001000     -0.001000     -1.000000     -1.000000     -1.000000 
116 3 25 35.000000 1.020000 -1.000000 -1.000000 -1.000000 -1.000000 nan nan nan nan -1.000000000000e+00 -1.000000e+00 -1.000000000000e+00  -1.000000000000e+00  0.000000000000e+00  -1.000000000000e+00   -1.000000000000e+00   -1.000000000000e+00   -1.000000000000e+00    -1.000000000000e+00    nan     -1.000000     -0.001000     -0.001000     -1.000000     -0.001000     -0.001000     -0.000001     -0.001000     -0.001000     -1.000000     -1.000000     -1.000000 
117 3 26 35.000000 1.060000 -1.000000 -1.000000 -1.000000 -1.000000 nan nan nan nan -1.000000000000e+00 -1.000000e+00 -1.000000000000e+00  -1.000000000000e+00  0.000000000000e+00  -1.000000000000e+00   -1.000000000000e+00   -1.000000000000e+00   -1.000000000000e+00    -1.000000000000e+00    nan     -1.000000     -0.001000     -0.001000     -1.000000     -0.001000     -0.001000     -0.000001     -0.001000     -0.001000     -1.000000     -1.000000     -1.000000 
118 3 27 35.000000 1.100000 -1.000000 -1.000000 -1.000000 -1.000000 nan nan nan nan -1.000000000000e+00 -1.000000e+00 -1.000000000000e+00  -1.000000000000e+00  0.000000000000e+00  -1.000000000000e+00   -1.000000000000e+00   -1.000000000000e+00   -1.000000000000e+00    -1.000000000000e+00    nan     -1.000000     -0.001000     -0.001000     -1.000000     -0.001000     -0.001000     -0.000001     -0.001000     -0.001000     -1.000000     -1.000000     -1.000000 
119 3 28 35.000000 1.140000 -1.000000 -1.000000 -1.000000 -1.000000 nan nan nan nan -1.000000000000e+00 -1.000000e+00 -1.000000000000e+00  -1.000000000000e+00  0.000000000000e+00  -1.000000000000e+00   -1.000000000000e+00   -1.000000000000e+00   -1.000000000000e+00    -1.000000000000e+00    nan     -1.000000     -0.001000     -0.001000     -1.000000     -0.001000     -0.001000     -0.000001     -0.001000     -0.001000     -1.000000     -1.000000     -1.000000 
120 3 29 35.000000 1.180000 -1.000000 -1.000000 -1.000000 -1.000000 nan nan nan nan -1.000000000000e+00 -1.000000e+00 -1.000000000000e+00  -1.000000000000e+00  0.000000000000e+00  -1.000000000000e+00   -1.000000000000e+00   -1.000000000000e+00   -1.000000000000e+00    -1.000000000000e+00    nan     -1.000000     -0.001000     -0.001000     -1.000000     -0.001000     -0.001000     -0.000001     -0.001000     -0.001000     -1.000000     -1.000000     -1.000000 
121 4 0 45.000000 0.020000 1.092294 0.123985 1.092697 0.124165 1.852017917569e-03 3.082237512859e-04 1.228168754170e-03 1.921437027171e-04 1.341521640028e-03 2.592989e-04 1.342016862108e-03  2.594919238532e-04  1.597006888775e-03  1.549583059462e-03   5.842897013612e-07   1.129780578582e-07   6.953279546979e-07    6.746602435572e-07    2296.767846     2296.834702     10.540796     8.392208     12.420703     2.148588     2.959280     4.140905     2.937878     0.032547     1.415893     0.032581     1.027031 
122 4 1 45.000000 0.060000 0.877268 0.029821 0.872841 0.029763 4.797937633052e-04 2.591990166247e-05 4.581233361177e-04 2.443242015112e-05 4.018967542266e-04 2.541736e-05 3.998686354210e-04  2.531196084662e-05  4.093556866645e-04  3.900602140666e-04   1.855972252136e-07   1.174843256436e-08   1.900360761010e-07    1.810446906413e-07    2154.094607     2154.496841     10.540398     8.399777     12.556779     2.140622     2.969459     4.235425     2.927989     0.061581     2.663051     -0.002616     1.054383 
123 4 2 45.000000 0.100000 0.751400 0.015778 0.743935 0.015733 9.328121078221e-05 4.011161877607e-06 9.005298346642e-05 3.924386376147e-06 6.766578276904e-05 3.273262e-06 6.699359148273e-05  3.245108802498e-06  7.312316622693e-05  6.758637314875e-05   3.544448138910e-08   1.716898527307e-09   3.868973445526e-08    3.575810599503e-08    1889.988837     1890.099357     10.540288     8.383208     12.816942     2.157079     3.009361     4.403262     2.941969     0.098580     4.252894     -0.021874     1.087801 
124 4 3 45.000000 0.140000 0.786225 0.012983 0.779485 0.012944 2.204182959523e-05 1.219565341523e-06 2.195423838161e-05 1.217631594698e-06 1.726097606735e-05 9.988668e-07 1.711299569419e-05  9.907533716986e-07  1.710960487340e-05  1.536461417595e-05   9.986531446013e-09   5.781681874128e-10   9.981072563736e-09    8.966238604040e-09    1714.205038     1713.607551     10.540168     8.379145     13.021634     2.161023     3.035158     4.542164     2.941120     0.136823     5.954980     -0.004524     1.120069 
125 4 4 45.000000 0.180000 0.830052 0.013509 0.826202 0.013542 5.361663947870e-06 5.572413617603e-07 5.322217683422e-06 5.533016371455e-07 4.417716892407e-06 4.648628e-07 4.397225573852e-06  4.627853971890e-07  4.926512288694e-06  4.339811987514e-06   2.712410967219e-09   2.854673169984e-10   3.037115188390e-09    2.676995626651e-09    1622.102549     1621.150197     10.540067     8.389297     13.157373     2.150770     3.044391     4.642509     2.923536     0.176332     7.822535     0.002405     1.150271 
126 4 5 45.000000 0.220000 0.857245 0.016515 0.857655 0.016797 1.393871079766e-06 3.066020761487e-07 1.403549818590e-06 3.091418863418e-07 1.203186002559e-06 2.660221e-07 1.203761232934e-06  2.661830695530e-07  1.660942614990e-06  1.467982613857e-06   7.646635372264e-10   1.690870929762e-10   1.054380066204e-09    9.325045095223e-10    1575.278847     1574.236477     10.540078     8.406615     13.249016     2.133463     3.044421     4.716838     2.896708     0.216541     9.820038     0.007188     1.178168 
127 4 6 45.000000 0.260000 0.840140 0.024313 0.844028 0.024882 6.397283283102e-07 2.428058359400e-07 6.233292775649e-07 2.367789902547e-07 5.236840535688e-07 1.995040e-07 5.261073127553e-07  2.004489852960e-07  6.465413066052e-07  5.898677102281e-07   3.439167450512e-10   1.310336520714e-10   4.224057848208e-10    3.855969647143e-10    1530.616601     1529.751954     10.540063     8.418306     13.338877     2.121757     3.047826     4.787389     2.874102     0.256651     11.898901     0.009544     1.202387 
128 4 7 45.000000 0.300000 0.856757 0.027645 0.866432 0.027547 5.116595969839e-07 2.566796480553e-07 5.231453633656e-07 2.627013725868e-07 4.482082252782e-07 2.255353e-07 4.532700179260e-07  2.280687053294e-07  2.908373074609e-07  2.809434231588e-07   3.042440179723e-10   1.530843350298e-10   1.951926476019e-10    1.885749167259e-10    1490.001345     1489.823928     10.539972     8.424876     13.419929     2.115096     3.053334     4.849219     2.855252     0.296504     14.069895     0.016444     1.221752 
129 4 8 45.000000 0.340000 0.894083 0.030551 0.908090 0.030193 -1.000000000000e+00 -1.000000000000e+00 -1.000000000000e+00 -1.000000000000e+00 -1.000000000000e+00 -1.000000e+00 -1.000000000000e+00  -1.000000000000e+00  1.554445838801e-07  1.605583623139e-07   -1.000000000000e+00   -1.000000000000e+00   1.060390718254e-10    1.094765829954e-10    1465.917998     1466.600052     10.539872     8.425552     13.487568     2.114320     3.060832     4.898344     2.841454     0.335204     16.293946     0.002003     1.234582 
130 4 9 45.000000 0.380000 0.891318 0.047656 0.906050 0.047346 5.686881201928e-07 5.708278907631e-07 5.037427093981e-07 5.060530148257e-07 4.489950420054e-07 4.516927e-07 4.564160412196e-07  4.591291748521e-07  9.160845589143e-08  1.017336314587e-07   3.183674662912e-10   3.202599797050e-10   6.391698258703e-11    7.096305904929e-11    1433.241248     1433.613951     10.539513     8.419206     13.539259     2.120307     3.070440     4.931902     2.832908     0.375091     18.715494     0.030277     1.239530 
131 4 10 45.000000 0.420000 0.954361 0.093477 0.952633 0.093103 -1.000000000000e+00 -1.000000000000e+00 -1.000000000000e+00 -1.000000000000e+00 -1.000000000000e+00 -1.000000e+00 -1.000000000000e+00  -1.000000000000e+00  6.348623035554e-08  7.431806415910e-08   -1.000000000000e+00   -1.000000000000e+00   4.285294282930e-11    5.014154679608e-11    1481.490562     1482.165368     10.539886     8.416103     13.582101     2.123783     3.077632     4.961362     2.821110     0.413038     20.948082     -0.087926     1.244893 
132 4 11 45.000000 0.460000 0.868654 0.206736 0.846177 0.200985 -1.000000000000e+00 -1.000000000000e+00 -1.000000000000e+00 -1.000000000000e+00 -1.000000000000e+00 -1.000000e+00 -1.000000000000e+00  -1.000000000000e+00  4.364369947319e-08  5.305040524800e-08   -1.000000000000e+00   -1.000000000000e+00   3.063589400056e-11    3.728040512153e-11    1424.593631     1423.010428     10.539340     8.410864     13.629096     2.128476     3.085877     4.992224     2.809544     0.450558     23.106242     -0.005033     1.249875 
133 4 12 45.000000 0.500000 0.808829 0.572867 0.786906 0.557650 -1.000000000000e+00 -1.000000000000e+00 -1.000000000000e+00 -1.000000000000e+00 -1.000000000000e+00 -1.000000e+00 -1.000000000000e+00  -1.000000000000e+00  3.156391274754e-08  4.078935025420e-08   -1.000000000000e+00   -1.000000000000e+00   2.398121386223e-11    3.099039525205e-11    1316.193289     1316.193289     10.538073     8.395834     13.650766     2.142239     3.096397     4.998487     2.810107     0.480360     24.920226     0.170901     1.243403 
134 4 13 45.000000 0.540000 -1.000000 -1.000000 -1.000000 -1.000000 nan nan nan nan -1.000000000000e+00 -1.000000e+00 -1.000000000000e+00  -1.000000000000e+00  2.598221848055e-08  -1.000000000000e+00   -1.000000000000e+00   -1.000000000000e+00   -1.000000000000e+00    -1.000000000000e+00    nan     -1.000000     -0.001000     -0.001000     -1.000000     -0.001000     -0.001000     -0.000001     -0.001000     -0.001000     -1.000000     -1.000000     -1.000000 
135 4 14 45.000000 0.580000 -1.000000 -1.000000 -1.000000 -1.000000 nan nan nan nan -1.000000000000e+00 -1.000000e+00 -1.000000000000e+00  -1.000000000000e+00  2.466620351742e-08  -1.000000000000e+00   -1.000000000000e+00   -1.000000000000e+00   -1.000000000000e+00    -1.000000000000e+00    nan     -1.000000     -0.001000     -0.001000     -1.000000     -0.001000     -0.001000     -0.000001     -0.001000     -0.001000     -1.000000     -1.000000     -1.000000 
136 4 15 45.000000 0.620000 -1.000000 -1.000000 -1.000000 -1.000000 nan nan nan nan -1.000000000000e+00 -1.000000e+00 -1.000000000000e+00  -1.000000000000e+00  2.661853165870e-08  -1.000000000000e+00   -1.000000000000e+00   -1.000000000000e+00   -1.000000000000e+00    -1.000000000000e+00    nan     -1.000000     -0.001000     -0.001000     -1.000000     -0.001000     -0.001000     -0.000001     -0.001000     -0.001000     -1.000000     -1.000000     -1.000000 
137 4 16 45.000000 0.660000 -1.000000 -1.000000 -1.000000 -1.000000 nan nan nan nan -1.000000000000e+00 -1.000000e+00 -1.000000000000e+00  -1.000000000000e+00  0.000000000000e+00  -1.000000000000e+00   -1.000000000000e+00   -1.000000000000e+00   -1.000000000000e+00    -1.000000000000e+00    nan     -1.000000     -0.001000     -0.001000     -1.000000     -0.001000     -0.001000     -0.000001     -0.001000     -0.001000     -1.000000     -1.000000     -1.000000 
138 4 17 45.000000 0.700000 -1.000000 -1.000000 -1.000000 -1.000000 nan nan nan nan -1.000000000000e+00 -1.000000e+00 -1.000000000000e+00  -1.000000000000e+00  0.000000000000e+00  -1.000000000000e+00   -1.000000000000e+00   -1.000000000000e+00   -1.000000000000e+00    -1.000000000000e+00    nan     -1.000000     -0.001000     -0.001000     -1.000000     -0.001000     -0.001000     -0.000001     -0.001000     -0.001000     -1.000000     -1.000000     -1.000000 
139 4 18 45.000000 0.740000 -1.000000 -1.000000 -1.000000 -1.000000 nan nan nan nan -1.000000000000e+00 -1.000000e+00 -1.000000000000e+00  -1.000000000000e+00  0.000000000000e+00  -1.000000000000e+00   -1.000000000000e+00   -1.000000000000e+00   -1.000000000000e+00    -1.000000000000e+00    nan     -1.000000     -0.001000     -0.001000     -1.000000     -0.001000     -0.001000     -0.000001     -0.001000     -0.001000     -1.000000     -1.000000     -1.000000 
140 4 19 45.000000 0.780000 -1.000000 -1.000000 -1.000000 -1.000000 nan nan nan nan -1.000000000000e+00 -1.000000e+00 -1.000000000000e+00  -1.000000000000e+00  0.000000000000e+00  -1.000000000000e+00   -1.000000000000e+00   -1.000000000000e+00   -1.000000000000e+00    -1.000000000000e+00    nan     -1.000000     -0.001000     -0.001000     -1.000000     -0.001000     -0.001000     -0.000001     -0.001000     -0.001000     -1.000000     -1.000000     -1.000000 
141 4 20 45.000000 0.820000 -1.000000 -1.000000 -1.000000 -1.000000 nan nan nan nan -1.000000000000e+00 -1.000000e+00 -1.000000000000e+00  -1.000000000000e+00  0.000000000000e+00  -1.000000000000e+00   -1.000000000000e+00   -1.000000000000e+00   -1.000000000000e+00    -1.000000000000e+00    nan     -1.000000     -0.001000     -0.001000     -1.000000     -0.001000     -0.001000     -0.000001     -0.001000     -0.001000     -1.000000     -1.000000     -1.000000 
142 4 21 45.000000 0.860000 -1.000000 -1.000000 -1.000000 -1.000000 nan nan nan nan -1.000000000000e+00 -1.000000e+00 -1.000000000000e+00  -1.000000000000e+00  0.000000000000e+00  -1.000000000000e+00   -1.000000000000e+00   -1.000000000000e+00   -1.000000000000e+00    -1.000000000000e+00    nan     -1.000000     -0.001000     -0.001000     -1.000000     -0.001000     -0.001000     -0.000001     -0.001000     -0.001000     -1.000000     -1.000000     -1.000000 
143 4 22 45.000000 0.900000 -1.000000 -1.000000 -1.000000 -1.000000 nan nan nan nan -1.000000000000e+00 -1.000000e+00 -1.000000000000e+00  -1.000000000000e+00  0.000000000000e+00  -1.000000000000e+00   -1.000000000000e+00   -1.000000000000e+00   -1.000000000000e+00    -1.000000000000e+00    nan     -1.000000     -0.001000     -0.001000     -1.000000     -0.001000     -0.001000     -0.000001     -0.001000     -0.001000     -1.000000     -1.000000     -1.000000 
144 4 23 45.000000 0.940000 -1.000000 -1.000000 -1.000000 -1.000000 nan nan nan nan -1.000000000000e+00 -1.000000e+00 -1.000000000000e+00  -1.000000000000e+00  0.000000000000e+00  -1.000000000000e+00   -1.000000000000e+00   -1.000000000000e+00   -1.000000000000e+00    -1.000000000000e+00    nan     -1.000000     -0.001000     -0.001000     -1.000000     -0.001000     -0.001000     -0.000001     -0.001000     -0.001000     -1.000000     -1.000000     -1.000000 
145 4 24 45.000000 0.980000 -1.000000 -1.000000 -1.000000 -1.000000 nan nan nan nan -1.000000000000e+00 -1.000000e+00 -1.000000000000e+00  -1.000000000000e+00  0.000000000000e+00  -1.000000000000e+00   -1.000000000000e+00   -1.000000000000e+00   -1.000000000000e+00    -1.000000000000e+00    nan     -1.000000     -0.001000     -0.001000     -1.000000     -0.001000     -0.001000     -0.000001     -0.001000     -0.001000     -1.000000     -1.000000     -1.000000 
146 4 25 45.000000 1.020000 -1.000000 -1.000000 -1.000000 -1.000000 nan nan nan nan -1.000000000000e+00 -1.000000e+00 -1.000000000000e+00  -1.000000000000e+00  0.000000000000e+00  -1.000000000000e+00   -1.000000000000e+00   -1.000000000000e+00   -1.000000000000e+00    -1.000000000000e+00    nan     -1.000000     -0.001000     -0.001000     -1.000000     -0.001000     -0.001000     -0.000001     -0.001000     -0.001000     -1.000000     -1.000000     -1.000000 
147 4 26 45.000000 1.060000 -1.000000 -1.000000 -1.000000 -1.000000 nan nan nan nan -1.000000000000e+00 -1.000000e+00 -1.000000000000e+00  -1.000000000000e+00  0.000000000000e+00  -1.000000000000e+00   -1.000000000000e+00   -1.000000000000e+00   -1.000000000000e+00    -1.000000000000e+00    nan     -1.000000     -0.001000     -0.001000     -1.000000     -0.001000     -0.001000     -0.000001     -0.001000     -0.001000     -1.000000     -1.000000     -1.000000 
148 4 27 45.000000 1.100000 -1.000000 -1.000000 -1.000000 -1.000000 nan nan nan nan -1.000000000000e+00 -1.000000e+00 -1.000000000000e+00  -1.000000000000e+00  0.000000000000e+00  -1.000000000000e+00   -1.000000000000e+00   -1.000000000000e+00   -1.000000000000e+00    -1.000000000000e+00    nan     -1.000000     -0.001000     -0.001000     -1.000000     -0.001000     -0.001000     -0.000001     -0.001000     -0.001000     -1.000000     -1.000000     -1.000000 
149 4 28 45.000000 1.140000 -1.000000 -1.000000 -1.000000 -1.000000 nan nan nan nan -1.000000000000e+00 -1.000000e+00 -1.000000000000e+00  -1.000000000000e+00  0.000000000000e+00  -1.000000000000e+00   -1.000000000000e+00   -1.000000000000e+00   -1.000000000000e+00    -1.000000000000e+00    nan     -1.000000     -0.001000     -0.001000     -1.000000     -0.001000     -0.001000     -0.000001     -0.001000     -0.001000     -1.000000     -1.000000     -1.000000 
150 4 29 45.000000 1.180000 -1.000000 -1.000000 -1.000000 -1.000000 nan nan nan nan -1.000000000000e+00 -1.000000e+00 -1.000000000000e+00  -1.000000000000e+00  0.000000000000e+00  -1.000000000000e+00   -1.000000000000e+00   -1.000000000000e+00   -1.000000000000e+00    -1.000000000000e+00    nan     -1.000000     -0.001000     -0.001000     -1.000000     -0.001000     -0.001000     -0.000001     -0.001000     -0.001000     -1.000000     -1.000000     -1.000000 
151 5 0 55.000000 0.020000 0.953820 0.103940 0.951973 0.103819 1.967955554119e-03 3.266190309269e-04 1.819623346328e-03 2.979333116834e-04 1.735593279399e-03 3.413587e-04 1.732232710726e-03  3.407792254597e-04  1.609511859909e-03  1.560463882135e-03   7.400618770817e-07   1.455911273944e-07   6.876289883238e-07    6.666770709155e-07    2340.669005     2340.659294     10.540882     8.390167     12.387943     2.150715     2.956988     4.118207     2.940135     0.031838     1.554836     -0.039260     1.020391 
152 5 1 55.000000 0.060000 0.800803 0.027807 0.793867 0.027664 4.335843801922e-04 2.360583445525e-05 4.456482283425e-04 2.438195008684e-05 3.568764105523e-04 2.312572e-05 3.537855287577e-04  2.294866738255e-05  3.955817306905e-04  3.748760552780e-04   1.608205937789e-07   1.043179557924e-08   1.798430072844e-07    1.704077326593e-07    2199.594728     2199.877021     10.540455     8.392941     12.513091     2.147514     2.968929     4.202722     2.935190     0.062093     3.030316     -0.010065     1.042884 
153 5 2 55.000000 0.100000 0.736712 0.015030 0.724989 0.014929 9.643604228244e-05 4.027012414355e-06 9.505679778969e-05 3.991676101477e-06 7.002950564667e-05 3.269417e-06 6.891514556898e-05  3.223149621623e-06  7.846258638908e-05  7.142321298054e-05   3.495903757752e-08   1.635028233779e-09   3.980485280227e-08    3.623132137180e-08    1971.181423     1971.311293     10.540223     8.376181     12.728286     2.164041     3.003700     4.339140     2.949244     0.098867     4.830722     -0.014149     1.068512 
154 5 3 55.000000 0.140000 0.749421 0.011552 0.735815 0.011459 2.222262836769e-05 1.136531633573e-06 2.248706903042e-05 1.157192200272e-06 1.685228780034e-05 9.052977e-07 1.654631615744e-05  8.896149942917e-07  1.764673469166e-05  1.525514823013e-05   9.291376483161e-09   4.995521515714e-10   9.904584227310e-09    8.566337314233e-09    1781.673444     1780.825068     10.540090     8.359503     12.932225     2.180586     3.037217     4.469732     2.961532     0.137590     6.772189     -0.005422     1.092319 
155 5 4 55.000000 0.180000 0.773870 0.011333 0.762834 0.011347 5.731475164531e-06 5.092273720862e-07 5.893987633733e-06 5.189550051816e-07 4.561178949361e-06 4.071211e-07 4.496133178297e-06  4.014863811301e-07  5.037290599760e-06  4.159757425334e-06   2.662744195613e-09   2.377722119380e-10   2.980152905291e-09    2.463532440038e-09    1690.279244     1688.533651     10.540014     8.359797     13.055734     2.180217     3.051003     4.555271     2.954302     0.177089     8.830941     0.001180     1.113411 
156 5 5 55.000000 0.220000 0.758421 0.019667 0.738689 0.021357 2.344074184390e-06 3.423865087251e-07 2.428650465920e-06 3.564517699564e-07 1.841938894011e-06 2.745275e-07 1.794016381668e-06  2.683669867217e-07  1.762972361628e-06  1.410731593162e-06   1.076713520140e-09   1.610656212035e-10   1.056754576150e-09    8.466777645781e-10    1668.289309     1666.196577     10.540031     8.373572     13.110338     2.166459     3.048673     4.600865     2.931249     0.217068     10.999758     0.007901     1.131697 
157 5 6 55.000000 0.260000 0.816366 0.017355 0.823574 0.018530 4.496918777801e-07 1.508856822194e-07 4.667197071772e-07 1.563402239931e-07 3.810142033619e-07 1.278876e-07 3.843780977001e-07  1.290478327725e-07  6.951046783791e-07  5.818555211126e-07   2.331540177699e-10   7.827714657892e-11   4.211680114038e-10    3.529388207099e-10    1650.421351     1648.601647     10.540040     8.381883     13.166398     2.158157     3.049979     4.644731     2.912141     0.257470     13.232288     -0.000800     1.146882 
158 5 7 55.000000 0.300000 0.772214 0.025108 0.790253 0.026129 1.249403793891e-07 8.859426067944e-08 1.289770312661e-07 9.138911592717e-08 9.959787382066e-08 7.064622e-08 1.019245172292e-07  7.229913354404e-08  3.160470457941e-07  2.910632348192e-07   6.243909921722e-11   4.429054849015e-11   1.934853868345e-10    1.783057373379e-10    1633.441424     1632.382890     10.540021     8.386803     13.211791     2.153218     3.052172     4.679408     2.894948     0.297781     15.504582     0.007259     1.158095 
159 5 8 55.000000 0.340000 0.809534 0.026131 0.841430 0.025307 3.949151502676e-07 1.775223662838e-07 3.877622259702e-07 1.755770191819e-07 3.139065379535e-07 1.424962e-07 3.262747711711e-07  1.480613132042e-07  1.672155177640e-07  1.772162210936e-07   2.002155517884e-10   9.085648092034e-11   1.026362802470e-10    1.087471255125e-10    1629.204774     1629.617521     10.539961     8.386505     13.254889     2.153456     3.057291     4.709655     2.881745     0.337728     17.774182     -0.009529     1.165452 
160 5 9 55.000000 0.380000 0.870842 0.021411 0.901476 0.020402 1.009644842034e-07 1.010510409028e-07 1.036852668937e-07 1.037408951797e-07 9.029350205985e-08 9.036922e-08 9.346979612640e-08  9.354386605298e-08  9.884781362404e-08  1.221742551646e-07   5.799656684544e-11   5.804252609245e-11   6.145283884264e-11    7.580724094940e-11    1608.515009     1611.643606     10.539996     8.382078     13.289789     2.157918     3.064067     4.731895     2.871329     0.378089     20.079306     0.010663     1.168534 
161 5 10 55.000000 0.420000 0.882386 0.023248 0.912331 0.022572 3.015332906378e-07 2.135284152460e-07 2.970079958883e-07 2.102496934244e-07 2.620756728885e-07 1.856498e-07 2.709695788807e-07  1.919344192063e-07  6.600046703587e-08  9.333698903760e-08   1.670764299279e-10   1.183443457887e-10   4.078419497610e-11    5.755041201687e-11    1618.285394     1621.830075     10.539899     8.373965     13.306625     2.165933     3.070907     4.739202     2.863226     0.418369     22.391363     0.005892     1.166008 
162 5 11 55.000000 0.460000 0.921545 0.026926 0.931966 0.027231 -1.000000000000e+00 -1.000000000000e+00 -1.000000000000e+00 -1.000000000000e+00 -1.000000000000e+00 -1.000000e+00 -1.000000000000e+00  -1.000000000000e+00  4.769065998127e-08  7.543496178506e-08   -1.000000000000e+00   -1.000000000000e+00   2.896207962630e-11    4.559092987325e-11    1646.658686     1654.604589     10.539876     8.363320     13.315898     2.176555     3.078495     4.739737     2.857151     0.457191     24.585103     -0.022643     1.160448 
163 5 12 55.000000 0.500000 0.891025 0.033411 0.905663 0.034008 -1.000000000000e+00 -1.000000000000e+00 -1.000000000000e+00 -1.000000000000e+00 -1.000000000000e+00 -1.000000e+00 -1.000000000000e+00  -1.000000000000e+00  3.419389665417e-08  6.069123100815e-08   -1.000000000000e+00   -1.000000000000e+00   2.100779694887e-11    3.716868707576e-11    1627.676464     1632.859156     10.539783     8.349948     13.311044     2.189834     3.086107     4.728683     2.852069     0.497183     26.809612     0.037722     1.150721 
164 5 13 55.000000 0.540000 0.888119 0.045799 0.889676 0.046016 -1.000000000000e+00 -1.000000000000e+00 -1.000000000000e+00 -1.000000000000e+00 -1.000000000000e+00 -1.000000e+00 -1.000000000000e+00  -1.000000000000e+00  2.602340977737e-08  5.068798798970e-08   -1.000000000000e+00   -1.000000000000e+00   1.540404335971e-11    2.989267532110e-11    1689.388245     1695.665826     10.539746     8.334456     13.302870     2.205290     3.094742     4.714124     2.847996     0.537262     28.973444     -0.006931     1.139138 
165 5 14 55.000000 0.580000 0.862369 0.062187 0.856894 0.061992 -1.000000000000e+00 -1.000000000000e+00 -1.000000000000e+00 -1.000000000000e+00 -1.000000000000e+00 -1.000000e+00 -1.000000000000e+00  -1.000000000000e+00  1.947975088120e-08  4.177292506981e-08   -1.000000000000e+00   -1.000000000000e+00   1.144150493223e-11    2.449060423275e-11    1702.551456     1705.671476     10.539388     8.318011     13.290518     2.221377     3.103303     4.695969     2.844125     0.576039     31.006929     0.016642     1.126534 
166 5 15 55.000000 0.620000 0.904533 0.107309 0.885694 0.105265 -1.000000000000e+00 -1.000000000000e+00 -1.000000000000e+00 -1.000000000000e+00 -1.000000000000e+00 -1.000000e+00 -1.000000000000e+00  -1.000000000000e+00  1.602632943854e-08  3.689981021944e-08   -1.000000000000e+00   -1.000000000000e+00   8.550024653233e-12    1.974768814201e-11    1874.419091     1868.563548     10.539883     8.302941     13.257873     2.236943     3.109453     4.664784     2.839843     0.612764     32.894481     -0.099894     1.111266 
167 5 16 55.000000 0.660000 0.841212 0.255219 0.802146 0.244018 -1.000000000000e+00 -1.000000000000e+00 -1.000000000000e+00 -1.000000000000e+00 -1.000000000000e+00 -1.000000e+00 -1.000000000000e+00  -1.000000000000e+00  1.241266041276e-08  3.037505216355e-08   -1.000000000000e+00   -1.000000000000e+00   6.117213215882e-12    1.482792684376e-11    2029.136467     2048.502969     10.538219     8.268222     13.298907     2.269997     3.134661     4.673210     2.850392     0.653980     34.812171     -0.281924     1.097062 
168 5 17 55.000000 0.700000 0.930501 1.315928 -1.000000 -1.000000 -1.000000000000e+00 -1.000000000000e+00 -1.000000000000e+00 -1.000000000000e+00 -1.000000000000e+00 -1.000000e+00 -1.000000000000e+00  -1.000000000000e+00  1.131160683072e-08  -1.000000000000e+00   -1.000000000000e+00   -1.000000000000e+00   -1.000000000000e+00    -1.000000000000e+00    nan     -1.000000     -0.001000     -0.001000     -1.000000     -0.001000     -0.001000     -0.000001     -0.001000     -0.001000     -1.000000     -1.000000     -1.000000 
169 5 18 55.000000 0.740000 -1.000000 -1.000000 -1.000000 -1.000000 nan nan nan nan -1.000000000000e+00 -1.000000e+00 -1.000000000000e+00  -1.000000000000e+00  1.286925360337e-08  -1.000000000000e+00   -1.000000000000e+00   -1.000000000000e+00   -1.000000000000e+00    -1.000000000000e+00    nan     -1.000000     -0.001000     -0.001000     -1.000000     -0.001000     -0.001000     -0.000001     -0.001000     -0.001000     -1.000000     -1.000000     -1.000000 
170 5 19 55.000000 0.780000 -1.000000 -1.000000 -1.000000 -1.000000 nan nan nan nan -1.000000000000e+00 -1.000000e+00 -1.000000000000e+00  -1.000000000000e+00  1.760970314004e-08  -1.000000000000e+00   -1.000000000000e+00   -1.000000000000e+00   -1.000000000000e+00    -1.000000000000e+00    nan     -1.000000     -0.001000     -0.001000     -1.000000     -0.001000     -0.001000     -0.000001     -0.001000     -0.001000     -1.000000     -1.000000     -1.000000 
171 5 20 55.000000 0.820000 -1.000000 -1.000000 -1.000000 -1.000000 nan nan nan nan -1.000000000000e+00 -1.000000e+00 -1.000000000000e+00  -1.000000000000e+00  0.000000000000e+00  -1.000000000000e+00   -1.000000000000e+00   -1.000000000000e+00   -1.000000000000e+00    -1.000000000000e+00    nan     -1.000000     -0.001000     -0.001000     -1.000000     -0.001000     -0.001000     -0.000001     -0.001000     -0.001000     -1.000000     -1.000000     -1.000000 
172 5 21 55.000000 0.860000 -1.000000 -1.000000 -1.000000 -1.000000 nan nan nan nan -1.000000000000e+00 -1.000000e+00 -1.000000000000e+00  -1.000000000000e+00  0.000000000000e+00  -1.000000000000e+00   -1.000000000000e+00   -1.000000000000e+00   -1.000000000000e+00    -1.000000000000e+00    nan     -1.000000     -0.001000     -0.001000     -1.000000     -0.001000     -0.001000     -0.000001     -0.001000     -0.001000     -1.000000     -1.000000     -1.000000 
173 5 22 55.000000 0.900000 -1.000000 -1.000000 -1.000000 -1.000000 nan nan nan nan -1.000000000000e+00 -1.000000e+00 -1.000000000000e+00  -1.000000000000e+00  0.000000000000e+00  -1.000000000000e+00   -1.000000000000e+00   -1.000000000000e+00   -1.000000000000e+00    -1.000000000000e+00    nan     -1.000000     -0.001000     -0.001000     -1.000000     -0.001000     -0.001000     -0.000001     -0.001000     -0.001000     -1.000000     -1.000000     -1.000000 
174 5 23 55.000000 0.940000 -1.000000 -1.000000 -1.000000 -1.000000 nan nan nan nan -1.000000000000e+00 -1.000000e+00 -1.000000000000e+00  -1.000000000000e+00  0.000000000000e+00  -1.000000000000e+00   -1.000000000000e+00   -1.000000000000e+00   -1.000000000000e+00    -1.000000000000e+00    nan     -1.000000     -0.001000     -0.001000     -1.000000     -0.001000     -0.001000     -0.000001     -0.001000     -0.001000     -1.000000     -1.000000     -1.000000 
175 5 24 55.000000 0.980000 -1.000000 -1.000000 -1.000000 -1.000000 nan nan nan nan -1.000000000000e+00 -1.000000e+00 -1.000000000000e+00  -1.000000000000e+00  0.000000000000e+00  -1.000000000000e+00   -1.000000000000e+00   -1.000000000000e+00   -1.000000000000e+00    -1.000000000000e+00    nan     -1.000000     -0.001000     -0.001000     -1.000000     -0.001000     -0.001000     -0.000001     -0.001000     -0.001000     -1.000000     -1.000000     -1.000000 
176 5 25 55.000000 1.020000 -1.000000 -1.000000 -1.000000 -1.000000 nan nan nan nan -1.000000000000e+00 -1.000000e+00 -1.000000000000e+00  -1.000000000000e+00  0.000000000000e+00  -1.000000000000e+00   -1.000000000000e+00   -1.000000000000e+00   -1.000000000000e+00    -1.000000000000e+00    nan     -1.000000     -0.001000     -0.001000     -1.000000     -0.001000     -0.001000     -0.000001     -0.001000     -0.001000     -1.000000     -1.000000     -1.000000 
177 5 26 55.000000 1.060000 -1.000000 -1.000000 -1.000000 -1.000000 nan nan nan nan -1.000000000000e+00 -1.000000e+00 -1.000000000000e+00  -1.000000000000e+00  0.000000000000e+00  -1.000000000000e+00   -1.000000000000e+00   -1.000000000000e+00   -1.000000000000e+00    -1.000000000000e+00    nan     -1.000000     -0.001000     -0.001000     -1.000000     -0.001000     -0.001000     -0.000001     -0.001000     -0.001000     -1.000000     -1.000000     -1.000000 
178 5 27 55.000000 1.100000 -1.000000 -1.000000 -1.000000 -1.000000 nan nan nan nan -1.000000000000e+00 -1.000000e+00 -1.000000000000e+00  -1.000000000000e+00  0.000000000000e+00  -1.000000000000e+00   -1.000000000000e+00   -1.000000000000e+00   -1.000000000000e+00    -1.000000000000e+00    nan     -1.000000     -0.001000     -0.001000     -1.000000     -0.001000     -0.001000     -0.000001     -0.001000     -0.001000     -1.000000     -1.000000     -1.000000 
179 5 28 55.000000 1.140000 -1.000000 -1.000000 -1.000000 -1.000000 nan nan nan nan -1.000000000000e+00 -1.000000e+00 -1.000000000000e+00  -1.000000000000e+00  0.000000000000e+00  -1.000000000000e+00   -1.000000000000e+00   -1.000000000000e+00   -1.000000000000e+00    -1.000000000000e+00    nan     -1.000000     -0.001000     -0.001000     -1.000000     -0.001000     -0.001000     -0.000001     -0.001000     -0.001000     -1.000000     -1.000000     -1.000000 
180 5 29 55.000000 1.180000 -1.000000 -1.000000 -1.000000 -1.000000 nan nan nan nan -1.000000000000e+00 -1.000000e+00 -1.000000000000e+00  -1.000000000000e+00  0.000000000000e+00  -1.000000000000e+00   -1.000000000000e+00   -1.000000000000e+00   -1.000000000000e+00    -1.000000000000e+00    nan     -1.000000     -0.001000     -0.001000     -1.000000     -0.001000     -0.001000     -0.000001     -0.001000     -0.001000     -1.000000     -1.000000     -1.000000 
181 6 0 65.000000 0.020000 1.170234 0.152654 1.170731 0.152835 1.733611533008e-03 3.209306904505e-04 1.873200100428e-03 3.553841934959e-04 2.192082327333e-03 5.047045e-04 2.193013706876e-03  5.050423488735e-04  1.787315602821e-03  1.734103401976e-03   9.237762660858e-07   2.127420060325e-07   7.529467520941e-07    7.304667365560e-07    2373.760957     2373.966281     10.541105     8.388503     12.351390     2.152602     2.954150     4.093309     2.942156     0.030696     1.621299     0.069327     1.013333 
182 6 1 65.000000 0.060000 0.808824 0.029493 0.801903 0.029349 4.223992420555e-04 2.457934309808e-05 4.342298685487e-04 2.565228257624e-05 3.512156286785e-04 2.438242e-05 3.482101319953e-04  2.419847257287e-05  4.152083439856e-04  3.927604468305e-04   1.563691411888e-07   1.086669808434e-08   1.864893648668e-07    1.763751485687e-07    2226.445161     2226.846866     10.540539     8.379377     12.484325     2.161162     2.974456     4.176769     2.949519     0.062032     3.274397     -0.031670     1.029899 
183 6 2 65.000000 0.100000 0.753314 0.014939 0.738893 0.014789 8.462417059604e-05 3.596713373112e-06 8.825196668902e-05 3.831077497646e-06 6.648140304241e-05 3.172868e-06 6.520879270932e-05  3.117145204292e-06  8.098311236091e-05  7.253441352036e-05   3.171375305408e-08   1.515997599945e-09   3.939212912444e-08    3.527650770290e-08    2055.819631     2056.167638     10.540299     8.366143     12.632882     2.174156     2.999410     4.269507     2.959870     0.098748     5.237293     0.013505     1.046473 
184 6 3 65.000000 0.140000 0.742397 0.010785 0.721705 0.010635 2.025684304780e-05 1.052456890756e-06 2.021162407553e-05 1.051315628729e-06 1.500504481571e-05 8.103639e-07 1.458682670447e-05  7.886022359525e-07  1.866347821273e-05  1.541708543467e-05   7.684979281125e-09   4.154702024731e-10   9.828542244453e-09    8.122395949525e-09    1898.906038     1898.095775     10.540151     8.345459     12.797056     2.194691     3.030926     4.369842     2.976309     0.137691     7.328818     -0.005662     1.061044 
185 6 4 65.000000 0.180000 0.755328 0.009333 0.733911 0.009250 5.063410035111e-06 4.246620787893e-07 4.881765828200e-06 4.097331137155e-07 3.687336718604e-06 3.128186e-07 3.582780988351e-06  3.040793040939e-07  5.326187219839e-06  3.991041920190e-06   2.003022537439e-09   1.700013763747e-10   2.972111754964e-09    2.231268654153e-09    1792.054828     1788.687307     10.540013     8.329961     12.923708     2.210052     3.054897     4.448063     2.985536     0.177366     9.484113     -0.002677     1.072531 
186 6 5 65.000000 0.220000 0.723071 0.016417 0.692471 0.019618 1.940231716058e-06 2.568371662369e-07 2.059098384678e-06 2.700032399207e-07 1.488874298281e-06 1.981365e-07 1.425865278179e-06  1.912834021152e-07  1.820450001674e-06  1.247421464515e-06   8.094264376647e-10   1.085865860737e-10   1.030076475965e-09    7.081285502500e-10    1767.295967     1761.574878     10.539942     8.329225     12.978413     2.210717     3.061451     4.485212     2.977616     0.217356     11.701746     -0.005303     1.081163 
187 6 6 65.000000 0.260000 0.667012 0.026788 0.627416 0.032721 8.283649464312e-07 1.696475168391e-07 8.743770668069e-07 1.889507108272e-07 5.832203270474e-07 1.281905e-07 5.485980250523e-07  1.219542486561e-07  7.299179846266e-07  4.935605678556e-07   3.073419477152e-10   6.832262349200e-11   4.076412319923e-10    2.765082251722e-10    1790.589193     1784.976080     10.539988     8.336576     12.984081     2.203412     3.057469     4.493095     2.959491     0.258045     14.000166     -0.005972     1.086654 
188 6 7 65.000000 0.300000 0.650520 0.033517 0.653008 0.040004 4.470899287082e-07 1.253463627478e-07 4.511717985595e-07 1.310236177276e-07 2.934961342667e-07 8.656448e-08 2.946187122108e-07  8.744238859797e-08  3.425023263531e-07  2.701520757181e-07   1.638742817599e-10   4.863763920268e-11   1.904273729183e-10    1.502653278268e-10    1798.598180     1797.833736     10.540005     8.336124     12.997738     2.203881     3.059308     4.502275     2.947871     0.298693     16.284606     -0.003487     1.088642 
189 6 8 65.000000 0.340000 0.666988 0.029895 0.728449 0.031863 2.673712731676e-07 1.025482743574e-07 2.783847528577e-07 1.069944391835e-07 1.856793820551e-07 7.184765e-08 2.027891047666e-07  7.844312306871e-08  1.842235760448e-07  1.909970279786e-07   1.114705652753e-10   4.311917684380e-11   1.014934916729e-10    1.049886121800e-10    1815.126990     1819.216618     10.540020     8.330926     12.999239     2.209094     3.062777     4.500509     2.939696     0.339150     18.550540     0.001883     1.085647 
190 6 9 65.000000 0.380000 0.666206 0.123887 0.767115 0.111633 1.448602412306e-07 8.801202893133e-08 1.430691132097e-07 8.529660462503e-08 9.531344677351e-08 5.952517e-08 1.097505046438e-07  6.735331447259e-08  1.122988219321e-07  1.571713398719e-07   5.954325900565e-11   3.654138868470e-11   6.123007882729e-11    8.527062202250e-11    1834.046666     1843.206208     10.539937     8.320720     13.000636     2.219217     3.069340     4.495922     2.935234     0.379402     20.763418     0.002666     1.079593 
191 6 10 65.000000 0.420000 0.850404 0.012999 0.923207 0.012907 1.363968922102e-07 7.895910675256e-08 1.207684004822e-07 7.191573219805e-08 1.027019204513e-07 6.117756e-08 1.114942552732e-07  6.641141638033e-08  7.586475834339e-08  1.381960073556e-07   5.922101392535e-11   3.527492429654e-11   4.063621113076e-11    7.340385077220e-11    1866.924997     1882.680621     10.539997     8.307809     12.992501     2.232188     3.076693     4.483379     2.932419     0.419416     22.920432     -0.003494     1.070326 
192 6 11 65.000000 0.460000 0.861650 0.012619 0.926946 0.013611 1.154140564839e-07 8.164406919067e-08 9.920712083802e-08 7.141595890017e-08 8.548177152243e-08 6.154826e-08 9.195964158801e-08  6.621250566138e-08  5.430600610785e-08  1.230673031702e-07   4.794502554188e-11   3.452123366628e-11   2.858650207273e-11    6.416363626449e-11    1899.707980     1918.022580     10.539917     8.291238     12.982095     2.248678     3.086069     4.467269     2.932118     0.459040     24.997289     -0.001149     1.058659 
193 6 12 65.000000 0.500000 0.861355 0.014046 0.941314 0.015426 6.914552343638e-08 6.916439606971e-08 5.937702150359e-08 5.981570250827e-08 5.114468979782e-08 5.152930e-08 5.589245046605e-08  5.631283663154e-08  4.037936225680e-08  1.094169451768e-07   2.840235508408e-11   2.861597887487e-11   2.072186729401e-11    5.560140776105e-11    1948.635308     1967.880843     10.539884     8.273366     12.959424     2.266518     3.095035     4.442136     2.931875     0.498836     27.030831     0.000866     1.044417 
194 6 13 65.000000 0.540000 0.843258 0.015987 0.928227 0.017690 -1.000000000000e+00 -1.000000000000e+00 -1.000000000000e+00 -1.000000000000e+00 -1.000000000000e+00 -1.000000e+00 -1.000000000000e+00  -1.000000000000e+00  3.031632463066e-08  9.393354395180e-08   -1.000000000000e+00   -1.000000000000e+00   1.529183926957e-11    4.696033899646e-11    1982.516563     2000.273975     10.539782     8.245190     12.958218     2.294593     3.113085     4.426145     2.941452     0.538067     28.920274     -0.003454     1.027925 
195 6 14 65.000000 0.580000 0.809941 0.018905 0.908760 0.021294 -1.000000000000e+00 -1.000000000000e+00 -1.000000000000e+00 -1.000000000000e+00 -1.000000000000e+00 -1.000000e+00 -1.000000000000e+00  -1.000000000000e+00  2.273376210570e-08  7.712490217005e-08   -1.000000000000e+00   -1.000000000000e+00   1.133018031013e-11    3.815552053170e-11    2006.478404     2021.330101     10.539601     8.213468     12.958183     2.326133     3.133674     4.409016     2.953718     0.576976     30.712486     0.002151     1.010063 
196 6 15 65.000000 0.620000 0.775702 0.025181 0.868691 0.028293 -1.000000000000e+00 -1.000000000000e+00 -1.000000000000e+00 -1.000000000000e+00 -1.000000000000e+00 -1.000000e+00 -1.000000000000e+00  -1.000000000000e+00  1.689418271701e-08  5.794852299114e-08   -1.000000000000e+00   -1.000000000000e+00   8.351945960887e-12    2.853704360979e-11    2022.784007     2030.642129     10.539182     8.158086     13.000046     2.381096     3.174421     4.407332     2.989476     0.615910     32.282448     -0.024054     0.986371 
197 6 16 65.000000 0.660000 0.684854 0.035388 0.729937 0.037912 -1.000000000000e+00 -1.000000000000e+00 -1.000000000000e+00 -1.000000000000e+00 -1.000000000000e+00 -1.000000e+00 -1.000000000000e+00  -1.000000000000e+00  1.151660099167e-08  3.568338818378e-08   -1.000000000000e+00   -1.000000000000e+00   6.043206600808e-12    1.878672909710e-11    1905.710288     1899.393343     10.539195     8.067711     13.091713     2.471484     3.244713     4.419927     3.060368     0.656366     33.588791     0.023576     0.953012 
198 6 17 65.000000 0.700000 0.690493 0.055021 0.719711 0.057721 -1.000000000000e+00 -1.000000000000e+00 -1.000000000000e+00 -1.000000000000e+00 -1.000000000000e+00 -1.000000e+00 -1.000000000000e+00  -1.000000000000e+00  8.459248173720e-09  2.170446103287e-08   -1.000000000000e+00   -1.000000000000e+00   4.358647290738e-12    1.119886648872e-11    1940.796676     1938.094454     10.538703     7.985431     13.145167     2.553271     3.305976     4.410285     3.121941     0.695530     34.805181     -0.031800     0.920473 
199 6 18 65.000000 0.740000 0.683773 0.094235 0.717603 0.099347 -1.000000000000e+00 -1.000000000000e+00 -1.000000000000e+00 -1.000000000000e+00 -1.000000000000e+00 -1.000000e+00 -1.000000000000e+00  -1.000000000000e+00  6.123038807358e-09  1.318939667968e-08   -1.000000000000e+00   -1.000000000000e+00   3.046083501945e-12    6.538573811517e-12    2010.134917     2017.167208     10.539052     7.918525     13.152816     2.620526     3.353462     4.378547     3.166190     0.736538     36.141834     -0.071147     0.890395 
200 6 19 65.000000 0.780000 0.728492 0.140617 0.759648 0.147375 -1.000000000000e+00 -1.000000000000e+00 -1.000000000000e+00 -1.000000000000e+00 -1.000000000000e+00 -1.000000e+00 -1.000000000000e+00  -1.000000000000e+00  4.619891461362e-09  8.251389401585e-09   -1.000000000000e+00   -1.000000000000e+00   2.101493901078e-12    3.732918841183e-12    2198.384425     2210.439003     10.539035     7.834436     13.226787     2.704598     3.419874     4.380689     3.228087     0.775903     37.227131     -0.247241     0.863139 
201 6 20 65.000000 0.820000 0.686704 0.252810 0.740068 0.272648 -1.000000000000e+00 -1.000000000000e+00 -1.000000000000e+00 -1.000000000000e+00 -1.000000000000e+00 -1.000000e+00 -1.000000000000e+00  -1.000000000000e+00  3.062593911956e-09  4.816573289121e-09   -1.000000000000e+00   -1.000000000000e+00   1.402771531182e-12    2.172532767460e-12    2183.244986     2217.031366     10.538784     7.771264     13.212209     2.767521     3.463366     4.335732     3.265163     0.818115     38.530438     -0.198015     0.834858 
202 6 21 65.000000 0.860000 -1.000000 -1.000000 -1.000000 -1.000000 nan nan nan nan -1.000000000000e+00 -1.000000e+00 -1.000000000000e+00  -1.000000000000e+00  2.146104755357e-09  -1.000000000000e+00   -1.000000000000e+00   -1.000000000000e+00   -1.000000000000e+00    -1.000000000000e+00    nan     -1.000000     -0.001000     -0.001000     -1.000000     -0.001000     -0.001000     -0.000001     -0.001000     -0.001000     -1.000000     -1.000000     -1.000000 
203 6 22 65.000000 0.900000 1.098643 1.553716 -1.000000 -1.000000 -1.000000000000e+00 -1.000000000000e+00 nan nan -1.000000000000e+00 -1.000000e+00 -1.000000000000e+00  -1.000000000000e+00  2.271677036236e-09  -1.000000000000e+00   -1.000000000000e+00   -1.000000000000e+00   6.714137582643e-13    -1.000000000000e+00    3383.423423     -1.000000     -0.001000     -0.001000     -1.000000     -0.001000     -0.001000     -0.000001     -0.001000     -0.001000     -1.000000     -1.000000     -1.000000 
204 6 23 65.000000 0.940000 -1.000000 -1.000000 -1.000000 -1.000000 nan nan nan nan -1.000000000000e+00 -1.000000e+00 -1.000000000000e+00  -1.000000000000e+00  4.869701264653e-09  -1.000000000000e+00   -1.000000000000e+00   -1.000000000000e+00   -1.000000000000e+00    -1.000000000000e+00    nan     -1.000000     -0.001000     -0.001000     -1.000000     -0.001000     -0.001000     -0.000001     -0.001000     -0.001000     -1.000000     -1.000000     -1.000000 
205 6 24 65.000000 0.980000 -1.000000 -1.000000 -1.000000 -1.000000 nan nan nan nan -1.000000000000e+00 -1.000000e+00 -1.000000000000e+00  -1.000000000000e+00  1.518920158468e-08  -1.000000000000e+00   -1.000000000000e+00   -1.000000000000e+00   -1.000000000000e+00    -1.000000000000e+00    nan     -1.000000     -0.001000     -0.001000     -1.000000     -0.001000     -0.001000     -0.000001     -0.001000     -0.001000     -1.000000     -1.000000     -1.000000 
206 6 25 65.000000 1.020000 -1.000000 -1.000000 -1.000000 -1.000000 nan nan nan nan -1.000000000000e+00 -1.000000e+00 -1.000000000000e+00  -1.000000000000e+00  4.808703172806e-08  -1.000000000000e+00   -1.000000000000e+00   -1.000000000000e+00   -1.000000000000e+00    -1.000000000000e+00    nan     -1.000000     -0.001000     -0.001000     -1.000000     -0.001000     -0.001000     -0.000001     -0.001000     -0.001000     -1.000000     -1.000000     -1.000000 
207 6 26 65.000000 1.060000 -1.000000 -1.000000 -1.000000 -1.000000 nan nan nan nan -1.000000000000e+00 -1.000000e+00 -1.000000000000e+00  -1.000000000000e+00  0.000000000000e+00  -1.000000000000e+00   -1.000000000000e+00   -1.000000000000e+00   -1.000000000000e+00    -1.000000000000e+00    nan     -1.000000     -0.001000     -0.001000     -1.000000     -0.001000     -0.001000     -0.000001     -0.001000     -0.001000     -1.000000     -1.000000     -1.000000 
208 6 27 65.000000 1.100000 -1.000000 -1.000000 -1.000000 -1.000000 nan nan nan nan -1.000000000000e+00 -1.000000e+00 -1.000000000000e+00  -1.000000000000e+00  0.000000000000e+00  -1.000000000000e+00   -1.000000000000e+00   -1.000000000000e+00   -1.000000000000e+00    -1.000000000000e+00    nan     -1.000000     -0.001000     -0.001000     -1.000000     -0.001000     -0.001000     -0.000001     -0.001000     -0.001000     -1.000000     -1.000000     -1.000000 
209 6 28 65.000000 1.140000 -1.000000 -1.000000 -1.000000 -1.000000 nan nan nan nan -1.000000000000e+00 -1.000000e+00 -1.000000000000e+00  -1.000000000000e+00  0.000000000000e+00  -1.000000000000e+00   -1.000000000000e+00   -1.000000000000e+00   -1.000000000000e+00    -1.000000000000e+00    nan     -1.000000     -0.001000     -0.001000     -1.000000     -0.001000     -0.001000     -0.000001     -0.001000     -0.001000     -1.000000     -1.000000     -1.000000 
210 6 29 65.000000 1.180000 -1.000000 -1.000000 -1.000000 -1.000000 nan nan nan nan -1.000000000000e+00 -1.000000e+00 -1.000000000000e+00  -1.000000000000e+00  0.000000000000e+00  -1.000000000000e+00   -1.000000000000e+00   -1.000000000000e+00   -1.000000000000e+00    -1.000000000000e+00    nan     -1.000000     -0.001000     -0.001000     -1.000000     -0.001000     -0.001000     -0.000001     -0.001000     -0.001000     -1.000000     -1.000000     -1.000000 
211 7 0 75.000000 0.020000 1.075252 0.155088 1.074825 0.155149 1.699813018228e-03 3.405557422296e-04 2.040659767273e-03 4.236267509968e-04 2.194224140320e-03 5.546581e-04 2.193351501300e-03  5.545805724752e-04  1.725704300764e-03  1.673283927768e-03   9.228066900034e-07   2.333281565325e-07   7.260866186569e-07    7.039991546746e-07    2376.719604     2376.826615     10.540767     8.377465     12.350156     2.163302     2.960887     4.086978     2.953373     0.031046     1.719733     -0.025557     1.006761 
212 7 1 75.000000 0.060000 0.784899 0.032322 0.777083 0.032140 4.370808494613e-04 2.966459795606e-05 4.248303233211e-04 2.875030751587e-05 3.334486920044e-04 2.641540e-05 3.301282669722e-04  2.618330925153e-05  4.097538221465e-04  3.864970374607e-04   1.476117119768e-07   1.170745885920e-08   1.832427698680e-07    1.728161296116e-07    2236.125455     2236.463913     10.540575     8.360632     12.463688     2.179942     2.984272     4.153728     2.969254     0.061556     3.407036     -0.025789     1.015393 
213 7 2 75.000000 0.100000 0.745595 0.015996 0.729268 0.015793 8.557103157849e-05 4.094564930085e-06 8.428133477653e-05 4.060786028186e-06 6.283972433689e-05 3.314289e-06 6.146367200484e-05  3.246776060991e-06  8.149517634543e-05  7.209731441838e-05   2.917047503709e-08   1.540910214910e-09   3.868387965197e-08    3.421716994580e-08    2106.696047     2107.050774     10.540383     8.343392     12.576201     2.196991     3.007778     4.219961     2.983784     0.099037     5.482060     -0.005832     1.023579 
214 7 3 75.000000 0.140000 0.731915 0.010569 0.703087 0.010300 2.018363763747e-05 1.093522044441e-06 2.011204128378e-05 1.092118303415e-06 1.472029677445e-05 8.271158e-07 1.414052049004e-05  7.953087713434e-07  1.918146198831e-05  1.517339820133e-05   7.148208990786e-09   4.020384761488e-10   9.694695155106e-09    7.670341521013e-09    1978.552361     1978.190692     10.540175     8.318296     12.697713     2.221879     3.037316     4.288542     3.004761     0.137971     7.625323     0.000928     1.028562 
215 7 4 75.000000 0.180000 0.730269 0.009845 0.681598 0.010347 5.326304580708e-06 4.222380692624e-07 5.287084740147e-06 4.215261780473e-07 3.860993427269e-06 3.121971e-07 3.603664535433e-06  2.924731151155e-07  5.487864679597e-06  3.663440667659e-06   1.898296786362e-09   1.540656098985e-10   2.885206923835e-09    1.929784966960e-09    1902.069704     1898.367295     10.540070     8.295477     12.791914     2.244593     3.062410     4.340162     3.021684     0.177564     9.793396     -0.014292     1.030409 
216 7 5 75.000000 0.220000 0.661647 0.034952 0.561012 0.044595 2.512771923132e-06 2.937537093478e-07 2.361323717643e-06 3.424427666109e-07 1.562362039956e-06 2.411401e-07 1.324731725483e-06  2.190820678517e-07  1.880896406887e-06  1.020918772139e-06   7.089872594190e-10   1.172512078379e-10   1.002567388089e-09    5.463886675505e-10    1876.079782     1868.484529     10.540018     8.279269     12.841442     2.260749     3.078330     4.365127     3.029953     0.217696     11.986965     -0.017166     1.028930 
217 7 6 75.000000 0.260000 0.641178 0.029197 0.533164 0.037655 9.157943710962e-07 1.554518349490e-07 8.789741577561e-07 1.640141443809e-07 5.635792203929e-07 1.082485e-07 4.686372101469e-07  9.350049881430e-08  7.574386229117e-07  3.826941588859e-07   2.524795366670e-10   5.037364107595e-11   4.066878303644e-10    2.061774904524e-10    1862.457065     1856.139378     10.539973     8.263873     12.866342     2.276099     3.091029     4.373834     3.035552     0.258423     14.192222     -0.000811     1.024029 
218 7 7 75.000000 0.300000 0.585657 0.038125 0.542105 0.046858 5.843551348439e-07 1.213098437811e-07 5.942848372244e-07 1.701413196093e-07 3.480471760183e-07 1.021879e-07 3.221647871774e-07  9.634643861688e-08  3.548370917416e-07  2.339242145133e-07   1.706811352043e-10   5.104381413032e-11   1.884373759201e-10    1.239317643455e-10    1883.050483     1887.524282     10.539982     8.249490     12.861363     2.290493     3.099874     4.362861     3.038308     0.299736     16.402980     -0.003591     1.015041 
219 7 8 75.000000 0.340000 0.557296 0.043122 0.635341 0.050152 5.408764887434e-07 1.276229734596e-07 5.297709733186e-07 1.269022299440e-07 2.952394943526e-07 7.432035e-08 3.365853362773e-07  8.489109856316e-08  1.923879895516e-07  2.034412061410e-07   1.747061057840e-10   4.406309974680e-11   1.005109671487e-10    1.055970568237e-10    1914.099476     1926.580269     10.539954     8.232650     12.846838     2.307304     3.109310     4.344155     3.042236     0.340245     18.521777     -0.000338     1.003325 
220 7 9 75.000000 0.380000 0.705310 0.018716 0.870743 0.016604 2.526369873355e-07 7.575412958711e-08 2.254168876666e-07 7.394187361991e-08 1.589887876746e-07 5.232232e-08 1.962802320595e-07  6.449308698783e-08  1.184014766768e-07  1.900381188291e-07   1.001129639214e-10   3.289477510316e-11   6.091196738451e-11    9.692916670418e-11    1943.813043     1960.587564     10.539935     8.212213     12.836799     2.327721     3.121684     4.326622     3.048726     0.379973     20.539620     0.004914     0.990511 
221 7 10 75.000000 0.420000 0.759132 0.008872 0.921183 0.009085 1.934791624567e-07 7.361832357416e-08 2.738322389415e-07 8.275113367131e-08 2.078748409774e-07 6.286600e-08 2.522496459410e-07  7.626953331709e-08  7.986274046843e-08  1.690598847433e-07   1.262549254517e-10   3.817410409938e-11   4.030576976374e-11    8.461713817480e-11    1981.422038     1997.939051     10.539933     8.185743     12.832593     2.354191     3.138801     4.309861     3.060127     0.419742     22.483953     0.000800     0.975580 
222 7 11 75.000000 0.460000 0.765783 0.008057 0.907100 0.009086 1.962776852281e-07 7.424444045422e-08 2.001135418586e-07 7.568163972838e-08 1.532436021799e-07 5.797815e-08 1.815230663204e-07  6.867491459564e-08  5.695125478726e-08  1.391007181696e-07   8.974065797307e-11   3.395123356489e-11   2.836074103792e-11    6.876806472096e-11    2008.101788     2022.751676     10.539912     8.154009     12.834016     2.385903     3.160163     4.294093     3.075728     0.459379     24.342742     0.005076     0.959091 
223 7 12 75.000000 0.500000 0.765151 0.008331 0.874125 0.009539 1.633994096516e-07 7.311717524186e-08 1.673615651177e-07 7.488502195839e-08 1.280569232303e-07 5.731534e-08 1.462949695666e-07  6.547835491166e-08  4.241074408123e-08  1.070079702530e-07   7.062826855608e-11   3.161163264199e-11   2.058905646544e-11    5.166129555281e-11    2059.868268     2071.337335     10.539918     8.116724     12.834137     2.423194     3.185343     4.274541     3.095929     0.498926     26.108598     -0.009890     0.940032 
224 7 13 75.000000 0.540000 0.745653 0.008949 0.827151 0.009975 2.431822432276e-07 9.935903822344e-08 2.472064453701e-07 1.009975240796e-07 1.843303166139e-07 7.534163e-08 2.044770580248e-07  8.357658471711e-08  3.150723879577e-08  7.672562098728e-08   9.848899140622e-11   4.025573144233e-11   1.518738957000e-11    3.695587709960e-11    2074.565787     2076.141253     10.539858     8.074152     12.833278     2.465706     3.214224     4.251530     3.120342     0.538533     27.786161     0.017151     0.918851 
225 7 14 75.000000 0.580000 0.737919 0.010151 0.790844 0.010937 4.534779065694e-08 4.569289971165e-08 5.546754191601e-08 5.547668939779e-08 4.093052925671e-08 4.094115e-08 4.386618906705e-08  4.387761686562e-08  2.393392957654e-08  5.341507617521e-08   2.056407066809e-11   2.056942791617e-11   1.120368975061e-11    2.504050214002e-11    2136.254226     2133.147166     10.539816     8.025147     12.842625     2.514670     3.248908     4.231841     3.150449     0.577928     29.355321     -0.008418     0.896788 
226 7 15 75.000000 0.620000 0.718107 0.012121 0.749067 0.012703 2.372650349226e-07 1.372328948581e-07 2.402324986358e-07 1.388006380911e-07 1.725127011352e-07 9.971627e-08 1.799502646319e-07  1.040157695769e-07  1.787598811030e-08  3.597366175353e-08   8.368372956767e-11   4.837129609033e-11   8.252514807046e-12    1.672912339362e-11    2166.126148     2150.361433     10.539677     7.976313     12.840747     2.563365     3.282628     4.204809     3.179237     0.617239     30.864033     0.012052     0.874132 
227 7 16 75.000000 0.660000 0.719599 0.016010 0.736045 0.016422 1.308699765189e-07 1.309388971816e-07 1.347827971164e-07 1.348401169824e-07 9.698955700125e-08 9.705479e-08 9.920615945717e-08  9.927302710405e-08  1.340933043198e-08  2.447503659758e-08   4.505193460163e-11   4.508230082961e-11   6.027751276303e-12    1.111471056031e-11    2224.599161     2202.039942     10.539560     7.929067     12.862684     2.610494     3.317946     4.194090     3.205419     0.656469     32.349598     -0.013648     0.856163 
228 7 17 75.000000 0.700000 0.710969 0.022062 0.726926 0.022575 2.622088850961e-07 2.624246497827e-07 2.465954737608e-07 2.467927841885e-07 1.753218600826e-07 1.755465e-07 1.792565797067e-07  1.794863583055e-07  9.736314736753e-09  1.629078179624e-08   8.038584634219e-11   8.048888829002e-11   4.329012765704e-12    7.305440527814e-12    2249.084321     2229.952011     10.539367     7.886746     12.867947     2.652621     3.348347     4.175028     3.225113     0.696223     33.849774     -0.003895     0.838736 
229 7 18 75.000000 0.740000 0.687413 0.032446 0.693776 0.032746 -1.000000000000e+00 -1.000000000000e+00 -1.000000000000e+00 -1.000000000000e+00 -1.000000000000e+00 -1.000000e+00 -1.000000000000e+00  -1.000000000000e+00  7.005821927978e-09  1.070687450748e-08   -1.000000000000e+00   -1.000000000000e+00   3.066819215681e-12    4.721591568295e-12    2284.393515     2267.640975     10.539215     7.844115     12.870352     2.695099     3.378980     4.153946     3.244203     0.736055     35.308925     0.002428     0.821348 
230 7 19 75.000000 0.780000 0.709784 0.054539 0.707940 0.054411 -1.000000000000e+00 -1.000000000000e+00 -1.000000000000e+00 -1.000000000000e+00 -1.000000000000e+00 -1.000000e+00 -1.000000000000e+00  -1.000000000000e+00  5.115566086814e-09  7.238510333960e-09   -1.000000000000e+00   -1.000000000000e+00   2.120166058219e-12    3.012483458498e-12    2412.813877     2402.838201     10.539156     7.807408     12.881837     2.731748     3.406506     4.141836     3.256345     0.775911     36.790136     -0.061992     0.807967 
231 7 20 75.000000 0.820000 0.631040 0.097984 0.636949 0.098958 -1.000000000000e+00 -1.000000000000e+00 -1.000000000000e+00 -1.000000000000e+00 -1.000000000000e+00 -1.000000e+00 -1.000000000000e+00  -1.000000000000e+00  3.375677096642e-09  4.445765460280e-09   -1.000000000000e+00   -1.000000000000e+00   1.480868511881e-12    1.965238720365e-12    2279.525204     2262.201235     10.539508     7.773812     12.828185     2.765695     3.426234     4.090012     3.265845     0.814331     38.156984     0.106825     0.788064 
232 7 21 75.000000 0.860000 0.749385 0.295414 0.716233 0.282605 -1.000000000000e+00 -1.000000000000e+00 -1.000000000000e+00 -1.000000000000e+00 -1.000000000000e+00 -1.000000e+00 -1.000000000000e+00  -1.000000000000e+00  2.901567686585e-09  3.457932386691e-09   -1.000000000000e+00   -1.000000000000e+00   9.873473688996e-13    1.169365619919e-12    2938.750614     2957.101122     10.538757     7.731755     12.828298     2.807002     3.456432     4.067666     3.283084     0.851619     39.407579     -0.259283     0.772225 
233 7 22 75.000000 0.900000 0.395255 0.558976 -1.000000 -1.000000 nan nan nan nan -1.000000000000e+00 -1.000000e+00 -1.000000000000e+00  -1.000000000000e+00  9.440961911268e-10  -1.000000000000e+00   -1.000000000000e+00   -1.000000000000e+00   5.454027347636e-13    -1.000000000000e+00    1731.007439     -1.000000     -0.001000     -0.001000     -1.000000     -0.001000     -0.001000     -0.000001     -0.001000     -0.001000     -1.000000     -1.000000     -1.000000 
234 7 23 75.000000 0.940000 -1.000000 -1.000000 -1.000000 -1.000000 nan nan nan nan -1.000000000000e+00 -1.000000e+00 -1.000000000000e+00  -1.000000000000e+00  7.767202563071e-10  -1.000000000000e+00   -1.000000000000e+00   -1.000000000000e+00   -1.000000000000e+00    -1.000000000000e+00    nan     -1.000000     -0.001000     -0.001000     -1.000000     -0.001000     -0.001000     -0.000001     -0.001000     -0.001000     -1.000000     -1.000000     -1.000000 
235 7 24 75.000000 0.980000 -1.000000 -1.000000 -1.000000 -1.000000 nan nan nan nan -1.000000000000e+00 -1.000000e+00 -1.000000000000e+00  -1.000000000000e+00  2.314298561707e-09  -1.000000000000e+00   -1.000000000000e+00   -1.000000000000e+00   -1.000000000000e+00    -1.000000000000e+00    nan     -1.000000     -0.001000     -0.001000     -1.000000     -0.001000     -0.001000     -0.000001     -0.001000     -0.001000     -1.000000     -1.000000     -1.000000 
236 7 25 75.000000 1.020000 -1.000000 -1.000000 -1.000000 -1.000000 nan nan nan nan -1.000000000000e+00 -1.000000e+00 -1.000000000000e+00  -1.000000000000e+00  9.180918499336e-09  -1.000000000000e+00   -1.000000000000e+00   -1.000000000000e+00   -1.000000000000e+00    -1.000000000000e+00    nan     -1.000000     -0.001000     -0.001000     -1.000000     -0.001000     -0.001000     -0.000001     -0.001000     -0.001000     -1.000000     -1.000000     -1.000000 
237 7 26 75.000000 1.060000 -1.000000 -1.000000 -1.000000 -1.000000 nan nan nan nan -1.000000000000e+00 -1.000000e+00 -1.000000000000e+00  -1.000000000000e+00  0.000000000000e+00  -1.000000000000e+00   -1.000000000000e+00   -1.000000000000e+00   -1.000000000000e+00    -1.000000000000e+00    nan     -1.000000     -0.001000     -0.001000     -1.000000     -0.001000     -0.001000     -0.000001     -0.001000     -0.001000     -1.000000     -1.000000     -1.000000 
238 7 27 75.000000 1.100000 -1.000000 -1.000000 -1.000000 -1.000000 nan nan nan nan -1.000000000000e+00 -1.000000e+00 -1.000000000000e+00  -1.000000000000e+00  0.000000000000e+00  -1.000000000000e+00   -1.000000000000e+00   -1.000000000000e+00   -1.000000000000e+00    -1.000000000000e+00    nan     -1.000000     -0.001000     -0.001000     -1.000000     -0.001000     -0.001000     -0.000001     -0.001000     -0.001000     -1.000000     -1.000000     -1.000000 
239 7 28 75.000000 1.140000 -1.000000 -1.000000 -1.000000 -1.000000 nan nan nan nan -1.000000000000e+00 -1.000000e+00 -1.000000000000e+00  -1.000000000000e+00  0.000000000000e+00  -1.000000000000e+00   -1.000000000000e+00   -1.000000000000e+00   -1.000000000000e+00    -1.000000000000e+00    nan     -1.000000     -0.001000     -0.001000     -1.000000     -0.001000     -0.001000     -0.000001     -0.001000     -0.001000     -1.000000     -1.000000     -1.000000 
240 7 29 75.000000 1.180000 -1.000000 -1.000000 -1.000000 -1.000000 nan nan nan nan -1.000000000000e+00 -1.000000e+00 -1.000000000000e+00  -1.000000000000e+00  0.000000000000e+00  -1.000000000000e+00   -1.000000000000e+00   -1.000000000000e+00   -1.000000000000e+00    -1.000000000000e+00    nan     -1.000000     -0.001000     -0.001000     -1.000000     -0.001000     -0.001000     -0.000001     -0.001000     -0.001000     -1.000000     -1.000000     -1.000000 
241 8 0 85.000000 0.020000 0.985117 0.148410 0.983638 0.148293 2.425670823081e-03 5.991528113361e-04 1.871567271824e-03 4.353180580159e-04 1.843712598979e-03 5.109338e-04 1.840944732968e-03  5.102743991089e-04  1.736053286940e-03  1.683582912517e-03   7.736787343335e-07   2.144488339033e-07   7.296265769382e-07    7.075455735175e-07    2379.372328     2379.469218     10.540790     8.366815     12.342136     2.173975     2.966931     4.076512     2.964593     0.030389     1.720535     -0.033554     0.999253 
242 8 1 85.000000 0.060000 0.785654 0.040895 0.778231 0.040668 4.510053626153e-04 3.747980835384e-05 4.677725734769e-04 3.897305479099e-05 3.675072583624e-04 3.610372e-05 3.640351434577e-04  3.580227369313e-05  4.448604262354e-04  4.204279334341e-04   1.594009088244e-07   1.567682424960e-08   1.948218583389e-07    1.840937499826e-07    2283.421532     2283.770815     10.540767     8.347665     12.420689     2.193103     2.988077     4.118906     2.983107     0.060757     3.426058     -0.058954     1.000839 
243 8 2 85.000000 0.100000 0.770278 0.019915 0.753566 0.019643 8.367531365880e-05 5.002693046305e-06 7.977579251955e-05 4.784973074114e-06 6.144953649676e-05 4.013597e-06 6.011628856279e-05  3.931595507122e-06  8.421055483443e-05  7.425385489230e-05   2.785529341595e-08   1.821731664777e-09   3.903468221709e-08    3.440603145569e-08    2157.326512     2158.163896     10.540584     8.318789     12.517184     2.221795     3.017405     4.168356     3.009811     0.098715     5.532079     -0.013977     0.999774 
244 8 3 85.000000 0.140000 0.735747 0.012294 0.699844 0.011838 2.257310838138e-05 1.418192805398e-06 2.217496019411e-05 1.396569947723e-06 1.631515004454e-05 1.063070e-06 1.551900447617e-05  1.012018906469e-06  1.967717385828e-05  1.531210064047e-05   7.570060600987e-09   4.936556634855e-10   9.599804076097e-09    7.469134373586e-09    2049.747443     2050.050230     10.540375     8.284280     12.611004     2.256094     3.050107     4.213188     3.040605     0.137847     7.660560     -0.005212     0.995164 
245 8 4 85.000000 0.180000 0.731454 0.009226 0.667463 0.008532 6.000187769378e-06 5.229537844469e-07 5.839287393902e-06 5.093714470405e-07 4.271169318264e-06 3.764568e-07 3.897506523703e-06  3.436169826968e-07  5.698937305159e-06  3.711472031997e-06   1.961589434290e-09   1.729401704914e-10   2.867228241369e-09    1.867959496501e-09    1987.612016     1986.912478     10.540163     8.249694     12.682583     2.290469     3.080475     4.243081     3.069633     0.177846     9.789958     -0.022443     0.987184 
246 8 5 85.000000 0.220000 0.714163 0.007788 0.625030 0.007168 2.273419205442e-06 2.646251369589e-07 2.201894644530e-06 2.564807869023e-07 1.572511464319e-06 1.839699e-07 1.376250850526e-06  1.610832893578e-07  1.947924210317e-06  1.074170574066e-06   7.084902779604e-10   8.292524898951e-11   1.002694800960e-09    5.529801549666e-10    1942.689050     1942.511977     10.540140     8.213809     12.733741     2.326331     3.109733     4.258625     3.098489     0.217917     11.865154     -0.018241     0.975527 
247 8 6 85.000000 0.260000 0.689954 0.016147 0.620024 0.020829 9.999400871466e-07 1.583066234053e-07 9.840293022633e-07 1.588209283354e-07 6.789349799958e-07 1.107251e-07 6.101218644898e-07  1.005832019173e-07  7.804173971076e-07  4.449620417735e-07   3.165474603411e-10   5.218524195414e-11   4.055448912242e-10    2.308581489526e-10    1924.367472     1927.426187     10.540123     8.179502     12.756209     2.360621     3.135009     4.255748     3.123876     0.258547     13.914452     -0.004299     0.960707 
248 8 7 85.000000 0.300000 0.648685 0.028033 0.651789 0.034108 6.171844923731e-07 1.230828241563e-07 6.095745845720e-07 1.255788762506e-07 3.954219900659e-07 8.323413e-08 3.973138812621e-07  8.445032470360e-08  3.649047930529e-07  2.816310806705e-07   2.043448513693e-10   4.343414580641e-11   1.883096427379e-10    1.448473462286e-10    1937.791330     1944.330276     10.540031     8.145748     12.760605     2.394283     3.158108     4.241058     3.146899     0.299330     15.915163     -0.004301     0.943931 
249 8 8 85.000000 0.340000 0.685799 0.009775 0.766080 0.009920 3.553895556006e-07 8.922635598273e-08 3.640405041940e-07 9.131258959361e-08 2.496584718335e-07 6.272307e-08 2.788842020691e-07  7.004591708015e-08  1.990388622791e-07  2.196965388364e-07   1.407126159995e-10   3.534206727849e-11   1.007557297369e-10    1.108491426777e-10    1975.459488     1981.941705     10.539978     8.112500     12.753596     2.427478     3.179899     4.219107     3.168093     0.339360     17.824029     -0.009168     0.926204 
250 8 9 85.000000 0.380000 0.683832 0.009985 0.787201 0.009249 2.549650593365e-07 8.089028334167e-08 2.658817804955e-07 8.417681234621e-08 1.818185264876e-07 5.762400e-08 2.093024162490e-07  6.630968782644e-08  1.242437206064e-07  1.769364329026e-07   1.030421668216e-10   3.264507900745e-11   6.125218557126e-11    8.710799312644e-11    2028.396529     2031.230735     10.539940     8.077952     12.739453     2.461988     3.202067     4.191850     3.189340     0.378947     19.651478     -0.012445     0.907321 
251 8 10 85.000000 0.420000 0.701537 0.007746 0.797956 0.008503 2.695216988545e-07 9.541111218605e-08 2.751025706681e-07 9.734205823857e-08 1.929946946073e-07 6.832232e-08 2.195197421930e-07  7.770989096295e-08  8.533150254018e-08  1.398593917857e-07   1.048555105932e-10   3.711880404770e-11   4.072163987377e-11    6.680505265925e-11    2095.482962     2093.545117     10.539942     8.045394     12.716445     2.494548     3.222223     4.159951     3.207252     0.418311     21.432059     -0.012143     0.888664 
252 8 11 85.000000 0.460000 0.700435 0.009472 0.789259 0.010459 2.700080993197e-07 1.208529345073e-07 2.660195623242e-07 1.190599343247e-07 1.863293724968e-07 8.343178e-08 2.099582400817e-07  9.401026414712e-08  6.194403833474e-08  1.080165695539e-07   9.746893734036e-11   4.364239546846e-11   2.871633670463e-11    5.014454419828e-11    2157.100990     2154.104126     10.539885     8.014824     12.701763     2.525061     3.241995     4.134597     3.221695     0.457720     23.199405     -0.013223     0.872575 
253 8 12 85.000000 0.500000 0.696988 0.012463 0.775647 0.013817 1.009901381147e-07 1.010192049856e-07 9.940405747408e-08 9.943253527778e-08 6.928340801576e-08 6.931433e-08 7.710241949531e-08  7.713673660698e-08  4.614662375482e-08  8.149043223534e-08   3.497250834355e-11   3.498807407394e-11   2.089581055969e-11    3.696284552320e-11    2208.415109     2204.657977     10.539844     7.986473     12.684688     2.553371     3.260159     4.108932     3.232729     0.496840     24.932144     0.000665     0.857544 
254 8 13 85.000000 0.540000 0.690329 0.018156 0.755231 0.019848 2.326568823342e-07 2.328078723160e-07 2.310456248880e-07 2.311988305825e-07 1.594975854319e-07 1.596585e-07 1.744928777190e-07  1.746687948453e-07  3.491742942086e-08  5.959823921363e-08   7.718571189453e-11   7.726352761289e-11   1.542435504717e-11    2.636286696339e-11    2263.785378     2260.688843     10.539839     7.951487     12.666517     2.588353     3.283114     4.079266     3.249477     0.536067     26.580945     0.012279     0.839846 
255 8 14 85.000000 0.580000 0.689446 0.033520 0.739199 0.035939 7.973699609350e-07 7.991180230643e-07 7.809714906539e-07 7.826438041139e-07 5.384375032818e-07 5.402251e-07 5.772931803621e-07  5.792097975649e-07  2.692008604452e-08  4.330643355661e-08   2.469134649732e-10   2.477332193210e-10   1.149408622679e-11    1.852254959670e-11    2342.081442     2338.038472     10.540043     7.917117     12.643470     2.622926     3.305563     4.047005     3.265216     0.574303     28.144718     0.014153     0.822222 
256 8 15 85.000000 0.620000 0.675478 0.104826 0.697649 0.108258 -1.000000000000e+00 -1.000000000000e+00 -1.000000000000e+00 -1.000000000000e+00 -1.000000000000e+00 -1.000000e+00 -1.000000000000e+00  -1.000000000000e+00  2.102419130371e-08  3.138926052846e-08   -1.000000000000e+00   -1.000000000000e+00   8.663164313164e-12    1.292185110100e-11    2426.848960     2429.161293     10.539448     7.883972     12.592610     2.655476     3.324028     3.997609     3.278864     0.610734     29.580321     0.035355     0.802231 
257 8 16 85.000000 0.660000 -1.000000 -1.000000 -1.000000 -1.000000 nan nan nan nan -1.000000000000e+00 -1.000000e+00 -1.000000000000e+00  -1.000000000000e+00  1.591090800519e-08  2.150448625349e-08   -1.000000000000e+00   -1.000000000000e+00   6.464657462395e-12    8.701981789167e-12    2461.214395     2471.217106     10.537479     7.839783     12.495917     2.697697     3.345365     3.913899     3.301336     0.647776     30.886550     0.134408     0.773139 
258 8 17 85.000000 0.700000 -1.000000 -1.000000 -1.000000 -1.000000 nan nan nan nan -1.000000000000e+00 -1.000000e+00 -1.000000000000e+00  -1.000000000000e+00  1.450323195682e-08  -1.000000000000e+00   -1.000000000000e+00   -1.000000000000e+00   -1.000000000000e+00    -1.000000000000e+00    nan     -1.000000     -0.001000     -0.001000     -1.000000     -0.001000     -0.001000     -0.000001     -0.001000     -0.001000     -1.000000     -1.000000     -1.000000 
259 8 18 85.000000 0.740000 -1.000000 -1.000000 -1.000000 -1.000000 nan nan nan nan -1.000000000000e+00 -1.000000e+00 -1.000000000000e+00  -1.000000000000e+00  1.659100746343e-08  -1.000000000000e+00   -1.000000000000e+00   -1.000000000000e+00   -1.000000000000e+00    -1.000000000000e+00    nan     -1.000000     -0.001000     -0.001000     -1.000000     -0.001000     -0.001000     -0.000001     -0.001000     -0.001000     -1.000000     -1.000000     -1.000000 
260 8 19 85.000000 0.780000 -1.000000 -1.000000 -1.000000 -1.000000 nan nan nan nan -1.000000000000e+00 -1.000000e+00 -1.000000000000e+00  -1.000000000000e+00  2.269276488649e-08  -1.000000000000e+00   -1.000000000000e+00   -1.000000000000e+00   -1.000000000000e+00    -1.000000000000e+00    nan     -1.000000     -0.001000     -0.001000     -1.000000     -0.001000     -0.001000     -0.000001     -0.001000     -0.001000     -1.000000     -1.000000     -1.000000 
261 8 20 85.000000 0.820000 -1.000000 -1.000000 -1.000000 -1.000000 nan nan nan nan -1.000000000000e+00 -1.000000e+00 -1.000000000000e+00  -1.000000000000e+00  0.000000000000e+00  -1.000000000000e+00   -1.000000000000e+00   -1.000000000000e+00   -1.000000000000e+00    -1.000000000000e+00    nan     -1.000000     -0.001000     -0.001000     -1.000000     -0.001000     -0.001000     -0.000001     -0.001000     -0.001000     -1.000000     -1.000000     -1.000000 
262 8 21 85.000000 0.860000 -1.000000 -1.000000 -1.000000 -1.000000 nan nan nan nan -1.000000000000e+00 -1.000000e+00 -1.000000000000e+00  -1.000000000000e+00  0.000000000000e+00  -1.000000000000e+00   -1.000000000000e+00   -1.000000000000e+00   -1.000000000000e+00    -1.000000000000e+00    nan     -1.000000     -0.001000     -0.001000     -1.000000     -0.001000     -0.001000     -0.000001     -0.001000     -0.001000     -1.000000     -1.000000     -1.000000 
263 8 22 85.000000 0.900000 -1.000000 -1.000000 -1.000000 -1.000000 nan nan nan nan -1.000000000000e+00 -1.000000e+00 -1.000000000000e+00  -1.000000000000e+00  0.000000000000e+00  -1.000000000000e+00   -1.000000000000e+00   -1.000000000000e+00   -1.000000000000e+00    -1.000000000000e+00    nan     -1.000000     -0.001000     -0.001000     -1.000000     -0.001000     -0.001000     -0.000001     -0.001000     -0.001000     -1.000000     -1.000000     -1.000000 
264 8 23 85.000000 0.940000 -1.000000 -1.000000 -1.000000 -1.000000 nan nan nan nan -1.000000000000e+00 -1.000000e+00 -1.000000000000e+00  -1.000000000000e+00  0.000000000000e+00  -1.000000000000e+00   -1.000000000000e+00   -1.000000000000e+00   -1.000000000000e+00    -1.000000000000e+00    nan     -1.000000     -0.001000     -0.001000     -1.000000     -0.001000     -0.001000     -0.000001     -0.001000     -0.001000     -1.000000     -1.000000     -1.000000 
265 8 24 85.000000 0.980000 -1.000000 -1.000000 -1.000000 -1.000000 nan nan nan nan -1.000000000000e+00 -1.000000e+00 -1.000000000000e+00  -1.000000000000e+00  0.000000000000e+00  -1.000000000000e+00   -1.000000000000e+00   -1.000000000000e+00   -1.000000000000e+00    -1.000000000000e+00    nan     -1.000000     -0.001000     -0.001000     -1.000000     -0.001000     -0.001000     -0.000001     -0.001000     -0.001000     -1.000000     -1.000000     -1.000000 
266 8 25 85.000000 1.020000 -1.000000 -1.000000 -1.000000 -1.000000 nan nan nan nan -1.000000000000e+00 -1.000000e+00 -1.000000000000e+00  -1.000000000000e+00  0.000000000000e+00  -1.000000000000e+00   -1.000000000000e+00   -1.000000000000e+00   -1.000000000000e+00    -1.000000000000e+00    nan     -1.000000     -0.001000     -0.001000     -1.000000     -0.001000     -0.001000     -0.000001     -0.001000     -0.001000     -1.000000     -1.000000     -1.000000 
267 8 26 85.000000 1.060000 -1.000000 -1.000000 -1.000000 -1.000000 nan nan nan nan -1.000000000000e+00 -1.000000e+00 -1.000000000000e+00  -1.000000000000e+00  0.000000000000e+00  -1.000000000000e+00   -1.000000000000e+00   -1.000000000000e+00   -1.000000000000e+00    -1.000000000000e+00    nan     -1.000000     -0.001000     -0.001000     -1.000000     -0.001000     -0.001000     -0.000001     -0.001000     -0.001000     -1.000000     -1.000000     -1.000000 
268 8 27 85.000000 1.100000 -1.000000 -1.000000 -1.000000 -1.000000 nan nan nan nan -1.000000000000e+00 -1.000000e+00 -1.000000000000e+00  -1.000000000000e+00  0.000000000000e+00  -1.000000000000e+00   -1.000000000000e+00   -1.000000000000e+00   -1.000000000000e+00    -1.000000000000e+00    nan     -1.000000     -0.001000     -0.001000     -1.000000     -0.001000     -0.001000     -0.000001     -0.001000     -0.001000     -1.000000     -1.000000     -1.000000 
269 8 28 85.000000 1.140000 -1.000000 -1.000000 -1.000000 -1.000000 nan nan nan nan -1.000000000000e+00 -1.000000e+00 -1.000000000000e+00  -1.000000000000e+00  0.000000000000e+00  -1.000000000000e+00   -1.000000000000e+00   -1.000000000000e+00   -1.000000000000e+00    -1.000000000000e+00    nan     -1.000000     -0.001000     -0.001000     -1.000000     -0.001000     -0.001000     -0.000001     -0.001000     -0.001000     -1.000000     -1.000000     -1.000000 
270 8 29 85.000000 1.180000 -1.000000 -1.000000 -1.000000 -1.000000 nan nan nan nan -1.000000000000e+00 -1.000000e+00 -1.000000000000e+00  -1.000000000000e+00  0.000000000000e+00  -1.000000000000e+00   -1.000000000000e+00   -1.000000000000e+00   -1.000000000000e+00    -1.000000000000e+00    nan     -1.000000     -0.001000     -0.001000     -1.000000     -0.001000     -0.001000     -0.000001     -0.001000     -0.001000     -1.000000     -1.000000     -1.000000 
271 9 0 95.000000 0.020000 0.983092 0.228335 0.981518 0.228108 2.767287009199e-03 9.175873830255e-04 2.369410634898e-03 7.567626031908e-04 2.329348909547e-03 9.198861e-04 2.325619305342e-03  9.186053892407e-04  1.733363038701e-03  1.681428712254e-03   9.981585018429e-07   3.942664979617e-07   7.440086838185e-07    7.216711525072e-07    2329.761838     2329.909830     10.541046     8.346560     12.371200     2.194486     2.983557     4.085843     2.986090     0.030654     1.721910     -0.051008     0.992179 
272 9 1 95.000000 0.060000 0.844962 0.061488 0.838102 0.061230 4.417487815914e-04 5.133184314081e-05 5.978185528947e-04 7.319671020070e-05 5.051336756555e-04 7.194731e-05 5.010327800943e-04  7.143712431233e-05  4.544409773285e-04  4.300360355219e-04   2.217508769351e-07   3.161718273005e-08   2.011409528833e-07    1.903286008008e-07    2259.316021     2259.439904     10.540969     8.323313     12.416628     2.217657     3.003714     4.104294     3.008918     0.059548     3.318973     0.000726     0.986246 
273 9 2 95.000000 0.100000 0.766003 0.029179 0.748682 0.028736 1.021972395255e-04 8.638876686857e-06 1.014575855514e-04 8.538117442825e-06 7.771676561841e-05 7.179036e-06 7.595946567207e-05  7.025812126918e-06  8.660282103971e-05  7.687146723943e-05   3.466806166893e-08   3.206595595891e-09   3.953474599620e-08    3.508430112374e-08    2190.549575     2191.050264     10.540759     8.289855     12.469363     2.250903     3.031326     4.122373     3.040291     0.098675     5.437656     -0.006307     0.975959 
274 9 3 95.000000 0.140000 0.765761 0.018568 0.733091 0.017904 2.632676464191e-05 2.378566534613e-06 2.562620759731e-05 2.317019402513e-06 1.962356254605e-05 1.836980e-06 1.878632943473e-05  1.759456695270e-06  2.099924212474e-05  1.689428815229e-05   8.852160018340e-09   8.290598898512e-10   9.896606689380e-09    7.960625977501e-09    2121.862855     2122.231116     10.540518     8.250065     12.524292     2.290453     3.063453     4.138572     3.076568     0.137693     7.485178     -0.001550     0.962876 
275 9 4 95.000000 0.180000 0.757535 0.014095 0.710324 0.013281 7.114326160056e-06 8.880698700242e-07 7.179357281890e-06 8.967557753794e-07 5.438611944766e-06 6.868188e-07 5.099670078157e-06  6.440836967054e-07  6.087168689137e-06  4.404149350474e-06   2.463407715770e-09   3.111261559569e-10   2.940738529699e-09    2.127434780110e-09    2069.945569     2070.168915     10.540510     8.204623     12.574016     2.335888     3.099154     4.148387     3.117107     0.177788     9.511730     -0.008605     0.946387 
276 9 5 95.000000 0.220000 0.735413 0.011770 0.691460 0.011076 3.306045380263e-06 5.152095073261e-07 3.365628965740e-06 5.246219576477e-07 2.475128814511e-06 3.878424e-07 2.327196153211e-06  3.646653366486e-07  2.122546249199e-06  1.475782460005e-06   1.129516690585e-09   1.769922074055e-10   1.030854869908e-09    7.162786505765e-10    2059.015591     2060.346848     10.540462     8.160233     12.599080     2.380229     3.131743     4.142323     3.154779     0.217841     11.467292     -0.024631     0.927398 
277 9 6 95.000000 0.260000 0.710284 0.010827 0.698832 0.010608 2.530398484641e-06 4.384082935085e-07 2.495474287541e-06 4.310672268421e-07 1.772496412167e-06 3.073702e-07 1.743916792641e-06  3.024042942605e-07  8.548408237484e-07  6.515398462084e-07   8.446944793832e-10   1.464744413160e-10   4.146004620552e-10    3.155839278071e-10    2061.842429     2064.553321     10.540381     8.117590     12.604232     2.422791     3.161316     4.124001     3.188858     0.258101     13.377304     -0.012926     0.907077 
278 9 7 95.000000 0.300000 0.692350 0.013157 0.726081 0.013552 1.296174006564e-06 3.478944930135e-07 1.267408912989e-06 3.404713232659e-07 8.774901668239e-07 2.363143e-07 9.202421148196e-07  2.478058420512e-07  4.079579127531e-07  3.797005439717e-07   4.367385930739e-10   1.176064136492e-10   1.939157859623e-10    1.802024474788e-10    2103.789079     2107.077619     10.540365     8.079465     12.594268     2.460899     3.186564     4.098166     3.216883     0.297648     15.221712     -0.021061     0.887436 
279 9 8 95.000000 0.340000 0.698311 0.014859 0.755492 0.015970 8.026944685016e-07 3.597409872014e-07 7.724055889216e-07 3.461437730348e-07 5.393795761620e-07 2.419885e-07 5.835464973954e-07  2.617997475288e-07  2.259473052377e-07  2.561486185589e-07   2.698708829848e-10   1.210736922355e-10   1.045713085532e-10    1.184602326881e-10    2160.700754     2162.317368     10.540241     8.043442     12.585450     2.496799     3.210632     4.074157     3.241248     0.336740     17.024180     -0.034772     0.869552 
280 9 9 95.000000 0.380000 0.689033 0.024776 0.761164 0.027246 4.796900465706e-07 4.803219341606e-07 4.532005352301e-07 4.537914502694e-07 3.122700686077e-07 3.128788e-07 3.449598959224e-07  3.456303153669e-07  1.425397162001e-07  1.887172265404e-07   1.546416078914e-10   1.549421493227e-10   6.391821275400e-11    8.459979172644e-11    2230.032882     2230.705569     10.540070     8.010326     12.557967     2.529744     3.230989     4.039688     3.261516     0.374791     18.738126     -0.030029     0.850967 
281 9 10 95.000000 0.420000 0.661355 0.078027 0.737883 0.086425 1.054578924191e-05 7.666513287645e-06 1.135113526878e-05 8.247895676102e-06 7.507128916480e-06 5.526224e-06 8.375809016737e-06  6.164541590569e-06  9.838517403256e-08  1.422854816807e-07   3.673128903181e-09   2.703399259216e-09   4.312993684871e-11    6.239790260500e-11    2281.134201     2280.292698     10.540398     7.977490     12.515937     2.562908     3.250380     3.996475     3.281285     0.411484     20.331808     0.011794     0.830970 
282 9 11 95.000000 0.460000 0.201722 0.209793 0.302358 0.309629 -1.000000000000e+00 -1.000000000000e+00 -1.000000000000e+00 -1.000000000000e+00 -1.000000000000e+00 -1.000000e+00 -1.000000000000e+00  -1.000000000000e+00  6.515211987939e-08  1.034069750605e-07   -1.000000000000e+00   -1.000000000000e+00   3.184471490192e-11    5.036289183917e-11    2045.931957     2053.237439     10.539796     7.956630     12.423745     2.583166     3.255806     3.927525     3.288272     0.444159     21.735097     0.342967     0.810229 
283 9 12 95.000000 0.500000 -1.000000 -1.000000 -1.000000 -1.000000 nan nan nan nan -1.000000000000e+00 -1.000000e+00 -1.000000000000e+00  -1.000000000000e+00  4.809353509776e-08  -1.000000000000e+00   -1.000000000000e+00   -1.000000000000e+00   -1.000000000000e+00    -1.000000000000e+00    nan     -1.000000     -0.001000     -0.001000     -1.000000     -0.001000     -0.001000     -0.000001     -0.001000     -0.001000     -1.000000     -1.000000     -1.000000 
284 9 13 95.000000 0.540000 -1.000000 -1.000000 -1.000000 -1.000000 nan nan nan nan -1.000000000000e+00 -1.000000e+00 -1.000000000000e+00  -1.000000000000e+00  4.227213702907e-08  -1.000000000000e+00   -1.000000000000e+00   -1.000000000000e+00   -1.000000000000e+00    -1.000000000000e+00    nan     -1.000000     -0.001000     -0.001000     -1.000000     -0.001000     -0.001000     -0.000001     -0.001000     -0.001000     -1.000000     -1.000000     -1.000000 
285 9 14 95.000000 0.580000 -1.000000 -1.000000 -1.000000 -1.000000 nan nan nan nan -1.000000000000e+00 -1.000000e+00 -1.000000000000e+00  -1.000000000000e+00  4.367462000617e-08  -1.000000000000e+00   -1.000000000000e+00   -1.000000000000e+00   -1.000000000000e+00    -1.000000000000e+00    nan     -1.000000     -0.001000     -0.001000     -1.000000     -0.001000     -0.001000     -0.000001     -0.001000     -0.001000     -1.000000     -1.000000     -1.000000 
286 9 15 95.000000 0.620000 -1.000000 -1.000000 -1.000000 -1.000000 nan nan nan nan -1.000000000000e+00 -1.000000e+00 -1.000000000000e+00  -1.000000000000e+00  0.000000000000e+00  -1.000000000000e+00   -1.000000000000e+00   -1.000000000000e+00   -1.000000000000e+00    -1.000000000000e+00    nan     -1.000000     -0.001000     -0.001000     -1.000000     -0.001000     -0.001000     -0.000001     -0.001000     -0.001000     -1.000000     -1.000000     -1.000000 
287 9 16 95.000000 0.660000 -1.000000 -1.000000 -1.000000 -1.000000 nan nan nan nan -1.000000000000e+00 -1.000000e+00 -1.000000000000e+00  -1.000000000000e+00  0.000000000000e+00  -1.000000000000e+00   -1.000000000000e+00   -1.000000000000e+00   -1.000000000000e+00    -1.000000000000e+00    nan     -1.000000     -0.001000     -0.001000     -1.000000     -0.001000     -0.001000     -0.000001     -0.001000     -0.001000     -1.000000     -1.000000     -1.000000 
288 9 17 95.000000 0.700000 -1.000000 -1.000000 -1.000000 -1.000000 nan nan nan nan -1.000000000000e+00 -1.000000e+00 -1.000000000000e+00  -1.000000000000e+00  0.000000000000e+00  -1.000000000000e+00   -1.000000000000e+00   -1.000000000000e+00   -1.000000000000e+00    -1.000000000000e+00    nan     -1.000000     -0.001000     -0.001000     -1.000000     -0.001000     -0.001000     -0.000001     -0.001000     -0.001000     -1.000000     -1.000000     -1.000000 
289 9 18 95.000000 0.740000 -1.000000 -1.000000 -1.000000 -1.000000 nan nan nan nan -1.000000000000e+00 -1.000000e+00 -1.000000000000e+00  -1.000000000000e+00  0.000000000000e+00  -1.000000000000e+00   -1.000000000000e+00   -1.000000000000e+00   -1.000000000000e+00    -1.000000000000e+00    nan     -1.000000     -0.001000     -0.001000     -1.000000     -0.001000     -0.001000     -0.000001     -0.001000     -0.001000     -1.000000     -1.000000     -1.000000 
290 9 19 95.000000 0.780000 -1.000000 -1.000000 -1.000000 -1.000000 nan nan nan nan -1.000000000000e+00 -1.000000e+00 -1.000000000000e+00  -1.000000000000e+00  0.000000000000e+00  -1.000000000000e+00   -1.000000000000e+00   -1.000000000000e+00   -1.000000000000e+00    -1.000000000000e+00    nan     -1.000000     -0.001000     -0.001000     -1.000000     -0.001000     -0.001000     -0.000001     -0.001000     -0.001000     -1.000000     -1.000000     -1.000000 
291 9 20 95.000000 0.820000 -1.000000 -1.000000 -1.000000 -1.000000 nan nan nan nan -1.000000000000e+00 -1.000000e+00 -1.000000000000e+00  -1.000000000000e+00  0.000000000000e+00  -1.000000000000e+00   -1.000000000000e+00   -1.000000000000e+00   -1.000000000000e+00    -1.000000000000e+00    nan     -1.000000     -0.001000     -0.001000     -1.000000     -0.001000     -0.001000     -0.000001     -0.001000     -0.001000     -1.000000     -1.000000     -1.000000 
292 9 21 95.000000 0.860000 -1.000000 -1.000000 -1.000000 -1.000000 nan nan nan nan -1.000000000000e+00 -1.000000e+00 -1.000000000000e+00  -1.000000000000e+00  0.000000000000e+00  -1.000000000000e+00   -1.000000000000e+00   -1.000000000000e+00   -1.000000000000e+00    -1.000000000000e+00    nan     -1.000000     -0.001000     -0.001000     -1.000000     -0.001000     -0.001000     -0.000001     -0.001000     -0.001000     -1.000000     -1.000000     -1.000000 
293 9 22 95.000000 0.900000 -1.000000 -1.000000 -1.000000 -1.000000 nan nan nan nan -1.000000000000e+00 -1.000000e+00 -1.000000000000e+00  -1.000000000000e+00  0.000000000000e+00  -1.000000000000e+00   -1.000000000000e+00   -1.000000000000e+00   -1.000000000000e+00    -1.000000000000e+00    nan     -1.000000     -0.001000     -0.001000     -1.000000     -0.001000     -0.001000     -0.000001     -0.001000     -0.001000     -1.000000     -1.000000     -1.000000 
294 9 23 95.000000 0.940000 -1.000000 -1.000000 -1.000000 -1.000000 nan nan nan nan -1.000000000000e+00 -1.000000e+00 -1.000000000000e+00  -1.000000000000e+00  0.000000000000e+00  -1.000000000000e+00   -1.000000000000e+00   -1.000000000000e+00   -1.000000000000e+00    -1.000000000000e+00    nan     -1.000000     -0.001000     -0.001000     -1.000000     -0.001000     -0.001000     -0.000001     -0.001000     -0.001000     -1.000000     -1.000000     -1.000000 
295 9 24 95.000000 0.980000 -1.000000 -1.000000 -1.000000 -1.000000 nan nan nan nan -1.000000000000e+00 -1.000000e+00 -1.000000000000e+00  -1.000000000000e+00  0.000000000000e+00  -1.000000000000e+00   -1.000000000000e+00   -1.000000000000e+00   -1.000000000000e+00    -1.000000000000e+00    nan     -1.000000     -0.001000     -0.001000     -1.000000     -0.001000     -0.001000     -0.000001     -0.001000     -0.001000     -1.000000     -1.000000     -1.000000 
296 9 25 95.000000 1.020000 -1.000000 -1.000000 -1.000000 -1.000000 nan nan nan nan -1.000000000000e+00 -1.000000e+00 -1.000000000000e+00  -1.000000000000e+00  0.000000000000e+00  -1.000000000000e+00   -1.000000000000e+00   -1.000000000000e+00   -1.000000000000e+00    -1.000000000000e+00    nan     -1.000000     -0.001000     -0.001000     -1.000000     -0.001000     -0.001000     -0.000001     -0.001000     -0.001000     -1.000000     -1.000000     -1.000000 
297 9 26 95.000000 1.060000 -1.000000 -1.000000 -1.000000 -1.000000 nan nan nan nan -1.000000000000e+00 -1.000000e+00 -1.000000000000e+00  -1.000000000000e+00  0.000000000000e+00  -1.000000000000e+00   -1.000000000000e+00   -1.000000000000e+00   -1.000000000000e+00    -1.000000000000e+00    nan     -1.000000     -0.001000     -0.001000     -1.000000     -0.001000     -0.001000     -0.000001     -0.001000     -0.001000     -1.000000     -1.000000     -1.000000 
298 9 27 95.000000 1.100000 -1.000000 -1.000000 -1.000000 -1.000000 nan nan nan nan -1.000000000000e+00 -1.000000e+00 -1.000000000000e+00  -1.000000000000e+00  0.000000000000e+00  -1.000000000000e+00   -1.000000000000e+00   -1.000000000000e+00   -1.000000000000e+00    -1.000000000000e+00    nan     -1.000000     -0.001000     -0.001000     -1.000000     -0.001000     -0.001000     -0.000001     -0.001000     -0.001000     -1.000000     -1.000000     -1.000000 
299 9 28 95.000000 1.140000 -1.000000 -1.000000 -1.000000 -1.000000 nan nan nan nan -1.000000000000e+00 -1.000000e+00 -1.000000000000e+00  -1.000000000000e+00  0.000000000000e+00  -1.000000000000e+00   -1.000000000000e+00   -1.000000000000e+00   -1.000000000000e+00    -1.000000000000e+00    nan     -1.000000     -0.001000     -0.001000     -1.000000     -0.001000     -0.001000     -0.000001     -0.001000     -0.001000     -1.000000     -1.000000     -1.000000 
300 9 29 95.000000 1.180000 -1.000000 -1.000000 -1.000000 -1.000000 nan nan nan nan -1.000000000000e+00 -1.000000e+00 -1.000000000000e+00  -1.000000000000e+00  0.000000000000e+00  -1.000000000000e+00   -1.000000000000e+00   -1.000000000000e+00   -1.000000000000e+00    -1.000000000000e+00    nan     -1.000000     -0.001000     -0.001000     -1.000000     -0.001000     -0.001000     -0.000001     -0.001000     -0.001000     -1.000000     -1.000000     -1.000000 
301 10 0 105.000000 0.020000 1.083645 0.305126 1.083376 0.305298 2.881352033570e-03 1.167406137038e-03 3.113286590756e-03 1.362851763667e-03 3.373698920763e-03 1.755983e-03 3.372860868743e-03  1.755963483298e-03  1.928932919638e-03  1.874363987839e-03   1.399013874180e-06   7.283482394584e-07   8.001609120391e-07    7.774590551752e-07    2410.681265     2410.884503     10.540905     8.354039     12.302677     2.186866     2.970998     4.044447     2.978139     0.029563     1.615741     0.051033     0.985549 
302 10 1 105.000000 0.060000 0.807048 0.094886 0.799777 0.094269 5.845171022993e-04 1.093563636976e-04 7.106777143329e-04 1.397122610367e-04 5.735507940751e-04 1.313803e-04 5.683838280366e-04  1.302836720392e-04  4.731443595986e-04  4.488261151960e-04   2.488875048182e-07   5.704943816649e-08   2.071992815471e-07    1.965348174917e-07    2283.523167     2283.697723     10.541300     8.310979     12.371083     2.230322     3.007122     4.068446     3.022169     0.059744     3.208449     0.114293     0.972081 
303 10 2 105.000000 0.100000 0.790412 0.055490 0.774296 0.054708 1.644998948084e-04 2.416027944579e-05 1.412574445747e-04 2.041542859508e-05 1.116515569877e-04 1.793964e-05 1.093751071825e-04  1.759545799229e-05  9.187690431082e-05  8.270669171258e-05   4.824786955206e-08   7.761760274249e-09   4.053526057568e-08    3.648381954198e-08    2266.592172     2266.941695     10.541111     8.267137     12.405606     2.273974     3.039803     4.069442     3.064481     0.098176     5.187846     -0.064178     0.953654 
304 10 3 105.000000 0.140000 0.774437 0.043916 0.750140 0.042706 3.460969603385e-05 7.111358277448e-06 2.706022080471e-05 5.534448575718e-06 2.095644661024e-05 4.447780e-06 2.029894921096e-05  4.309450002440e-06  2.221042092038e-05  1.872718624313e-05   9.213061265032e-09   1.955925229353e-09   1.008371149783e-08    8.499686973276e-09    2202.603766     2203.279521     10.541091     8.216848     12.447311     2.324242     3.077973     4.071814     3.111961     0.137136     7.124444     -0.038831     0.933572 
305 10 4 105.000000 0.180000 0.749409 0.038642 0.719635 0.037146 7.855649658664e-06 2.837432930020e-06 6.906337462814e-06 2.490196048227e-06 5.175671395810e-06 1.885162e-06 4.970041689186e-06  1.810301733317e-06  6.410109364794e-06  5.144795047849e-06   2.320282260103e-09   8.451460289332e-10   2.993103022963e-09    2.401866508960e-09    2141.626705     2141.998745     10.540878     8.160429     12.486786     2.380449     3.120240     4.069361     3.163741     0.177137     9.029070     -0.008846     0.910979 
306 10 5 105.000000 0.220000 0.732381 0.040846 0.713664 0.039724 6.166515717761e-06 2.801057456794e-06 6.182440135378e-06 2.808509816968e-06 4.527900219930e-06 2.072342e-06 4.412186770693e-06  2.019323444597e-06  2.275375377199e-06  1.848595004789e-06   2.082177538480e-09   9.529492149319e-10   1.074162075885e-09    8.723798870629e-10    2118.279381     2119.025246     10.540978     8.103462     12.518122     2.437516     3.162705     4.061219     3.214934     0.215991     10.807531     -0.024307     0.887872 
307 10 6 105.000000 0.260000 0.700925 0.059223 0.706215 0.059457 2.973561445261e-06 2.995481659111e-06 2.646180641806e-06 2.664395133402e-06 1.854774404668e-06 1.874105e-06 1.868773571581e-06  1.888203340306e-06  9.765025270645e-07  8.631204521821e-07   8.695402195844e-10   8.785808896908e-10   4.544050161012e-10    4.016098894653e-10    2148.969515     2149.151390     10.540763     8.056520     12.507992     2.484243     3.194146     4.031103     3.254147     0.253408     12.482860     -0.026857     0.864711 
308 10 7 105.000000 0.300000 0.584801 0.231456 0.643416 0.253815 6.163722083362e-05 6.988026818878e-05 1.159023924307e-04 1.374520907472e-04 6.777978901386e-05 8.474036e-05 7.457343007554e-05  9.320318549548e-05  5.068389922909e-07  5.059087030935e-07   3.294763850465e-08   4.117853852338e-08   2.236958712395e-10    2.235179077722e-10    2265.750322     2263.392263     10.540617     8.022229     12.466933     2.518388     3.214026     3.987686     3.279625     0.288282     14.045144     -0.074954     0.843800 
309 10 8 105.000000 0.340000 -1.000000 -1.000000 -1.000000 -1.000000 nan nan nan nan -1.000000000000e+00 -1.000000e+00 -1.000000000000e+00  -1.000000000000e+00  3.461178776143e-07  -1.000000000000e+00   -1.000000000000e+00   -1.000000000000e+00   -1.000000000000e+00    -1.000000000000e+00    nan     -1.000000     -0.001000     -0.001000     -1.000000     -0.001000     -0.001000     -0.000001     -0.001000     -0.001000     -1.000000     -1.000000     -1.000000 
310 10 9 105.000000 0.380000 -1.000000 -1.000000 -1.000000 -1.000000 nan nan nan nan -1.000000000000e+00 -1.000000e+00 -1.000000000000e+00  -1.000000000000e+00  2.791142733174e-07  -1.000000000000e+00   -1.000000000000e+00   -1.000000000000e+00   -1.000000000000e+00    -1.000000000000e+00    nan     -1.000000     -0.001000     -0.001000     -1.000000     -0.001000     -0.001000     -0.000001     -0.001000     -0.001000     -1.000000     -1.000000     -1.000000 
311 10 10 105.000000 0.420000 -1.000000 -1.000000 -1.000000 -1.000000 nan nan nan nan -1.000000000000e+00 -1.000000e+00 -1.000000000000e+00  -1.000000000000e+00  2.612087234618e-07  -1.000000000000e+00   -1.000000000000e+00   -1.000000000000e+00   -1.000000000000e+00    -1.000000000000e+00    nan     -1.000000     -0.001000     -0.001000     -1.000000     -0.001000     -0.001000     -0.000001     -0.001000     -0.001000     -1.000000     -1.000000     -1.000000 
312 10 11 105.000000 0.460000 -1.000000 -1.000000 -1.000000 -1.000000 nan nan nan nan -1.000000000000e+00 -1.000000e+00 -1.000000000000e+00  -1.000000000000e+00  0.000000000000e+00  -1.000000000000e+00   -1.000000000000e+00   -1.000000000000e+00   -1.000000000000e+00    -1.000000000000e+00    nan     -1.000000     -0.001000     -0.001000     -1.000000     -0.001000     -0.001000     -0.000001     -0.001000     -0.001000     -1.000000     -1.000000     -1.000000 
313 10 12 105.000000 0.500000 -1.000000 -1.000000 -1.000000 -1.000000 nan nan nan nan -1.000000000000e+00 -1.000000e+00 -1.000000000000e+00  -1.000000000000e+00  0.000000000000e+00  -1.000000000000e+00   -1.000000000000e+00   -1.000000000000e+00   -1.000000000000e+00    -1.000000000000e+00    nan     -1.000000     -0.001000     -0.001000     -1.000000     -0.001000     -0.001000     -0.000001     -0.001000     -0.001000     -1.000000     -1.000000     -1.000000 
314 10 13 105.000000 0.540000 -1.000000 -1.000000 -1.000000 -1.000000 nan nan nan nan -1.000000000000e+00 -1.000000e+00 -1.000000000000e+00  -1.000000000000e+00  0.000000000000e+00  -1.000000000000e+00   -1.000000000000e+00   -1.000000000000e+00   -1.000000000000e+00    -1.000000000000e+00    nan     -1.000000     -0.001000     -0.001000     -1.000000     -0.001000     -0.001000     -0.000001     -0.001000     -0.001000     -1.000000     -1.000000     -1.000000 
315 10 14 105.000000 0.580000 -1.000000 -1.000000 -1.000000 -1.000000 nan nan nan nan -1.000000000000e+00 -1.000000e+00 -1.000000000000e+00  -1.000000000000e+00  0.000000000000e+00  -1.000000000000e+00   -1.000000000000e+00   -1.000000000000e+00   -1.000000000000e+00    -1.000000000000e+00    nan     -1.000000     -0.001000     -0.001000     -1.000000     -0.001000     -0.001000     -0.000001     -0.001000     -0.001000     -1.000000     -1.000000     -1.000000 
316 10 15 105.000000 0.620000 -1.000000 -1.000000 -1.000000 -1.000000 nan nan nan nan -1.000000000000e+00 -1.000000e+00 -1.000000000000e+00  -1.000000000000e+00  0.000000000000e+00  -1.000000000000e+00   -1.000000000000e+00   -1.000000000000e+00   -1.000000000000e+00    -1.000000000000e+00    nan     -1.000000     -0.001000     -0.001000     -1.000000     -0.001000     -0.001000     -0.000001     -0.001000     -0.001000     -1.000000     -1.000000     -1.000000 
317 10 16 105.000000 0.660000 -1.000000 -1.000000 -1.000000 -1.000000 nan nan nan nan -1.000000000000e+00 -1.000000e+00 -1.000000000000e+00  -1.000000000000e+00  0.000000000000e+00  -1.000000000000e+00   -1.000000000000e+00   -1.000000000000e+00   -1.000000000000e+00    -1.000000000000e+00    nan     -1.000000     -0.001000     -0.001000     -1.000000     -0.001000     -0.001000     -0.000001     -0.001000     -0.001000     -1.000000     -1.000000     -1.000000 
318 10 17 105.000000 0.700000 -1.000000 -1.000000 -1.000000 -1.000000 nan nan nan nan -1.000000000000e+00 -1.000000e+00 -1.000000000000e+00  -1.000000000000e+00  0.000000000000e+00  -1.000000000000e+00   -1.000000000000e+00   -1.000000000000e+00   -1.000000000000e+00    -1.000000000000e+00    nan     -1.000000     -0.001000     -0.001000     -1.000000     -0.001000     -0.001000     -0.000001     -0.001000     -0.001000     -1.000000     -1.000000     -1.000000 
319 10 18 105.000000 0.740000 -1.000000 -1.000000 -1.000000 -1.000000 nan nan nan nan -1.000000000000e+00 -1.000000e+00 -1.000000000000e+00  -1.000000000000e+00  0.000000000000e+00  -1.000000000000e+00   -1.000000000000e+00   -1.000000000000e+00   -1.000000000000e+00    -1.000000000000e+00    nan     -1.000000     -0.001000     -0.001000     -1.000000     -0.001000     -0.001000     -0.000001     -0.001000     -0.001000     -1.000000     -1.000000     -1.000000 
320 10 19 105.000000 0.780000 -1.000000 -1.000000 -1.000000 -1.000000 nan nan nan nan -1.000000000000e+00 -1.000000e+00 -1.000000000000e+00  -1.000000000000e+00  0.000000000000e+00  -1.000000000000e+00   -1.000000000000e+00   -1.000000000000e+00   -1.000000000000e+00    -1.000000000000e+00    nan     -1.000000     -0.001000     -0.001000     -1.000000     -0.001000     -0.001000     -0.000001     -0.001000     -0.001000     -1.000000     -1.000000     -1.000000 
321 10 20 105.000000 0.820000 -1.000000 -1.000000 -1.000000 -1.000000 nan nan nan nan -1.000000000000e+00 -1.000000e+00 -1.000000000000e+00  -1.000000000000e+00  0.000000000000e+00  -1.000000000000e+00   -1.000000000000e+00   -1.000000000000e+00   -1.000000000000e+00    -1.000000000000e+00    nan     -1.000000     -0.001000     -0.001000     -1.000000     -0.001000     -0.001000     -0.000001     -0.001000     -0.001000     -1.000000     -1.000000     -1.000000 
322 10 21 105.000000 0.860000 -1.000000 -1.000000 -1.000000 -1.000000 nan nan nan nan -1.000000000000e+00 -1.000000e+00 -1.000000000000e+00  -1.000000000000e+00  0.000000000000e+00  -1.000000000000e+00   -1.000000000000e+00   -1.000000000000e+00   -1.000000000000e+00    -1.000000000000e+00    nan     -1.000000     -0.001000     -0.001000     -1.000000     -0.001000     -0.001000     -0.000001     -0.001000     -0.001000     -1.000000     -1.000000     -1.000000 
323 10 22 105.000000 0.900000 -1.000000 -1.000000 -1.000000 -1.000000 nan nan nan nan -1.000000000000e+00 -1.000000e+00 -1.000000000000e+00  -1.000000000000e+00  0.000000000000e+00  -1.000000000000e+00   -1.000000000000e+00   -1.000000000000e+00   -1.000000000000e+00    -1.000000000000e+00    nan     -1.000000     -0.001000     -0.001000     -1.000000     -0.001000     -0.001000     -0.000001     -0.001000     -0.001000     -1.000000     -1.000000     -1.000000 
324 10 23 105.000000 0.940000 -1.000000 -1.000000 -1.000000 -1.000000 nan nan nan nan -1.000000000000e+00 -1.000000e+00 -1.000000000000e+00  -1.000000000000e+00  0.000000000000e+00  -1.000000000000e+00   -1.000000000000e+00   -1.000000000000e+00   -1.000000000000e+00    -1.000000000000e+00    nan     -1.000000     -0.001000     -0.001000     -1.000000     -0.001000     -0.001000     -0.000001     -0.001000     -0.001000     -1.000000     -1.000000     -1.000000 
325 10 24 105.000000 0.980000 -1.000000 -1.000000 -1.000000 -1.000000 nan nan nan nan -1.000000000000e+00 -1.000000e+00 -1.000000000000e+00  -1.000000000000e+00  0.000000000000e+00  -1.000000000000e+00   -1.000000000000e+00   -1.000000000000e+00   -1.000000000000e+00    -1.000000000000e+00    nan     -1.000000     -0.001000     -0.001000     -1.000000     -0.001000     -0.001000     -0.000001     -0.001000     -0.001000     -1.000000     -1.000000     -1.000000 
326 10 25 105.000000 1.020000 -1.000000 -1.000000 -1.000000 -1.000000 nan nan nan nan -1.000000000000e+00 -1.000000e+00 -1.000000000000e+00  -1.000000000000e+00  0.000000000000e+00  -1.000000000000e+00   -1.000000000000e+00   -1.000000000000e+00   -1.000000000000e+00    -1.000000000000e+00    nan     -1.000000     -0.001000     -0.001000     -1.000000     -0.001000     -0.001000     -0.000001     -0.001000     -0.001000     -1.000000     -1.000000     -1.000000 
327 10 26 105.000000 1.060000 -1.000000 -1.000000 -1.000000 -1.000000 nan nan nan nan -1.000000000000e+00 -1.000000e+00 -1.000000000000e+00  -1.000000000000e+00  0.000000000000e+00  -1.000000000000e+00   -1.000000000000e+00   -1.000000000000e+00   -1.000000000000e+00    -1.000000000000e+00    nan     -1.000000     -0.001000     -0.001000     -1.000000     -0.001000     -0.001000     -0.000001     -0.001000     -0.001000     -1.000000     -1.000000     -1.000000 
328 10 27 105.000000 1.100000 -1.000000 -1.000000 -1.000000 -1.000000 nan nan nan nan -1.000000000000e+00 -1.000000e+00 -1.000000000000e+00  -1.000000000000e+00  0.000000000000e+00  -1.000000000000e+00   -1.000000000000e+00   -1.000000000000e+00   -1.000000000000e+00    -1.000000000000e+00    nan     -1.000000     -0.001000     -0.001000     -1.000000     -0.001000     -0.001000     -0.000001     -0.001000     -0.001000     -1.000000     -1.000000     -1.000000 
329 10 28 105.000000 1.140000 -1.000000 -1.000000 -1.000000 -1.000000 nan nan nan nan -1.000000000000e+00 -1.000000e+00 -1.000000000000e+00  -1.000000000000e+00  0.000000000000e+00  -1.000000000000e+00   -1.000000000000e+00   -1.000000000000e+00   -1.000000000000e+00    -1.000000000000e+00    nan     -1.000000     -0.001000     -0.001000     -1.000000     -0.001000     -0.001000     -0.000001     -0.001000     -0.001000     -1.000000     -1.000000     -1.000000 
330 10 29 105.000000 1.180000 -1.000000 -1.000000 -1.000000 -1.000000 nan nan nan nan -1.000000000000e+00 -1.000000e+00 -1.000000000000e+00  -1.000000000000e+00  0.000000000000e+00  -1.000000000000e+00   -1.000000000000e+00   -1.000000000000e+00   -1.000000000000e+00    -1.000000000000e+00    nan     -1.000000     -0.001000     -0.001000     -1.000000     -0.001000     -0.001000     -0.000001     -0.001000     -0.001000     -1.000000     -1.000000     -1.000000 
331 11 0 115.000000 0.020000 1.176877 0.642261 1.178494 0.643472 5.995968089170e-03 5.016783711701e-03 2.523793528399e-03 1.721039448332e-03 2.970194990296e-03 2.594201e-03 2.974275356956e-03  2.598284452256e-03  1.899419799864e-03  1.846574484089e-03   1.263463186537e-06   1.103743386065e-06   8.068441031102e-07    7.844192624560e-07    2354.134823     2354.065705     10.540842     8.334929     12.335526     2.205914     2.987092     4.056664     2.998173     0.027347     1.399048     0.073779     0.979990 
332 11 1 115.000000 0.060000 1.017844 0.307636 1.015178 0.307390 2.740494622500e-03 1.390957652615e-03 1.428323286997e-03 6.201181487592e-04 1.453810556673e-03 7.690696e-04 1.450002763341e-03  7.675127253238e-04  6.077550911980e-04  5.812963218605e-04   6.156184421544e-07   3.258579916143e-07   2.580577975005e-07    2.467972786957e-07    2355.112293     2355.359528     10.541288     8.310905     12.313240     2.230383     3.000867     4.030596     3.022510     0.055422     2.821645     0.116025     0.963011 
333 11 2 115.000000 0.100000 0.843827 0.210429 0.832004 0.208550 3.201927608634e-04 1.539533801683e-04 2.698582106834e-04 1.373517862243e-04 2.277136275862e-04 1.290648e-04 2.245229876980e-04  1.273835973464e-04  1.099499448741e-04  1.007986954493e-04   9.529052805094e-08   5.406328492518e-08   4.666709868697e-08    4.278030064845e-08    2356.048436     2356.194181     10.541112     8.249630     12.357583     2.291483     3.046385     4.029568     3.083158     0.094707     4.717563     -0.226522     0.937094 
334 11 3 115.000000 0.140000 0.529317 0.374555 0.511718 0.364465 1.409545474904e-04 1.841598842087e-04 7.922431470147e-05 1.030826327971e-04 4.193481007267e-05 6.211045e-05 4.054051600733e-05  6.013502121278e-05  2.745529871844e-05  2.413906713071e-05   1.752959391477e-08   2.600219744922e-08   1.187169535667e-08    1.043765807535e-08    2312.668738     2312.689969     10.540269     8.202607     12.353711     2.337662     3.077083     4.003778     3.126781     0.131679     6.470756     -0.063800     0.912703 
335 11 4 115.000000 0.180000 -1.000000 -1.000000 -1.000000 -1.000000 nan nan nan nan -1.000000000000e+00 -1.000000e+00 -1.000000000000e+00  -1.000000000000e+00  8.238506087289e-06  7.099516367498e-06   -1.000000000000e+00   -1.000000000000e+00   4.158675885406e-09    3.585041142312e-09    1981.040676     1980.316567     10.541900     8.143216     12.390213     2.398684     3.122904     3.998840     3.185042     0.164894     7.935122     0.547718     0.888387 
336 11 5 115.000000 0.220000 -1.000000 -1.000000 -1.000000 -1.000000 nan nan nan nan -1.000000000000e+00 -1.000000e+00 -1.000000000000e+00  -1.000000000000e+00  3.420101308322e-06  -1.000000000000e+00   -1.000000000000e+00   -1.000000000000e+00   -1.000000000000e+00    -1.000000000000e+00    nan     -1.000000     -0.001000     -0.001000     -1.000000     -0.001000     -0.001000     -0.000001     -0.001000     -0.001000     -1.000000     -1.000000     -1.000000 
337 11 6 115.000000 0.260000 -1.000000 -1.000000 -1.000000 -1.000000 nan nan nan nan -1.000000000000e+00 -1.000000e+00 -1.000000000000e+00  -1.000000000000e+00  1.980881824804e-06  -1.000000000000e+00   -1.000000000000e+00   -1.000000000000e+00   -1.000000000000e+00    -1.000000000000e+00    nan     -1.000000     -0.001000     -0.001000     -1.000000     -0.001000     -0.001000     -0.000001     -0.001000     -0.001000     -1.000000     -1.000000     -1.000000 
338 11 7 115.000000 0.300000 -1.000000 -1.000000 -1.000000 -1.000000 nan nan nan nan -1.000000000000e+00 -1.000000e+00 -1.000000000000e+00  -1.000000000000e+00  1.549144000752e-06  -1.000000000000e+00   -1.000000000000e+00   -1.000000000000e+00   -1.000000000000e+00    -1.000000000000e+00    nan     -1.000000     -0.001000     -0.001000     -1.000000     -0.001000     -0.001000     -0.000001     -0.001000     -0.001000     -1.000000     -1.000000     -1.000000 
339 11 8 115.000000 0.340000 -1.000000 -1.000000 -1.000000 -1.000000 nan nan nan nan -1.000000000000e+00 -1.000000e+00 -1.000000000000e+00  -1.000000000000e+00  0.000000000000e+00  -1.000000000000e+00   -1.000000000000e+00   -1.000000000000e+00   -1.000000000000e+00    -1.000000000000e+00    nan     -1.000000     -0.001000     -0.001000     -1.000000     -0.001000     -0.001000     -0.000001     -0.001000     -0.001000     -1.000000     -1.000000     -1.000000 
340 11 9 115.000000 0.380000 -1.000000 -1.000000 -1.000000 -1.000000 nan nan nan nan -1.000000000000e+00 -1.000000e+00 -1.000000000000e+00  -1.000000000000e+00  0.000000000000e+00  -1.000000000000e+00   -1.000000000000e+00   -1.000000000000e+00   -1.000000000000e+00    -1.000000000000e+00    nan     -1.000000     -0.001000     -0.001000     -1.000000     -0.001000     -0.001000     -0.000001     -0.001000     -0.001000     -1.000000     -1.000000     -1.000000 
341 11 10 115.000000 0.420000 -1.000000 -1.000000 -1.000000 -1.000000 nan nan nan nan -1.000000000000e+00 -1.000000e+00 -1.000000000000e+00  -1.000000000000e+00  0.000000000000e+00  -1.000000000000e+00   -1.000000000000e+00   -1.000000000000e+00   -1.000000000000e+00    -1.000000000000e+00    nan     -1.000000     -0.001000     -0.001000     -1.000000     -0.001000     -0.001000     -0.000001     -0.001000     -0.001000     -1.000000     -1.000000     -1.000000 
342 11 11 115.000000 0.460000 -1.000000 -1.000000 -1.000000 -1.000000 nan nan nan nan -1.000000000000e+00 -1.000000e+00 -1.000000000000e+00  -1.000000000000e+00  0.000000000000e+00  -1.000000000000e+00   -1.000000000000e+00   -1.000000000000e+00   -1.000000000000e+00    -1.000000000000e+00    nan     -1.000000     -0.001000     -0.001000     -1.000000     -0.001000     -0.001000     -0.000001     -0.001000     -0.001000     -1.000000     -1.000000     -1.000000 
343 11 12 115.000000 0.500000 -1.000000 -1.000000 -1.000000 -1.000000 nan nan nan nan -1.000000000000e+00 -1.000000e+00 -1.000000000000e+00  -1.000000000000e+00  0.000000000000e+00  -1.000000000000e+00   -1.000000000000e+00   -1.000000000000e+00   -1.000000000000e+00    -1.000000000000e+00    nan     -1.000000     -0.001000     -0.001000     -1.000000     -0.001000     -0.001000     -0.000001     -0.001000     -0.001000     -1.000000     -1.000000     -1.000000 
344 11 13 115.000000 0.540000 -1.000000 -1.000000 -1.000000 -1.000000 nan nan nan nan -1.000000000000e+00 -1.000000e+00 -1.000000000000e+00  -1.000000000000e+00  0.000000000000e+00  -1.000000000000e+00   -1.000000000000e+00   -1.000000000000e+00   -1.000000000000e+00    -1.000000000000e+00    nan     -1.000000     -0.001000     -0.001000     -1.000000     -0.001000     -0.001000     -0.000001     -0.001000     -0.001000     -1.000000     -1.000000     -1.000000 
345 11 14 115.000000 0.580000 -1.000000 -1.000000 -1.000000 -1.000000 nan nan nan nan -1.000000000000e+00 -1.000000e+00 -1.000000000000e+00  -1.000000000000e+00  0.000000000000e+00  -1.000000000000e+00   -1.000000000000e+00   -1.000000000000e+00   -1.000000000000e+00    -1.000000000000e+00    nan     -1.000000     -0.001000     -0.001000     -1.000000     -0.001000     -0.001000     -0.000001     -0.001000     -0.001000     -1.000000     -1.000000     -1.000000 
346 11 15 115.000000 0.620000 -1.000000 -1.000000 -1.000000 -1.000000 nan nan nan nan -1.000000000000e+00 -1.000000e+00 -1.000000000000e+00  -1.000000000000e+00  0.000000000000e+00  -1.000000000000e+00   -1.000000000000e+00   -1.000000000000e+00   -1.000000000000e+00    -1.000000000000e+00    nan     -1.000000     -0.001000     -0.001000     -1.000000     -0.001000     -0.001000     -0.000001     -0.001000     -0.001000     -1.000000     -1.000000     -1.000000 
347 11 16 115.000000 0.660000 -1.000000 -1.000000 -1.000000 -1.000000 nan nan nan nan -1.000000000000e+00 -1.000000e+00 -1.000000000000e+00  -1.000000000000e+00  0.000000000000e+00  -1.000000000000e+00   -1.000000000000e+00   -1.000000000000e+00   -1.000000000000e+00    -1.000000000000e+00    nan     -1.000000     -0.001000     -0.001000     -1.000000     -0.001000     -0.001000     -0.000001     -0.001000     -0.001000     -1.000000     -1.000000     -1.000000 
348 11 17 115.000000 0.700000 -1.000000 -1.000000 -1.000000 -1.000000 nan nan nan nan -1.000000000000e+00 -1.000000e+00 -1.000000000000e+00  -1.000000000000e+00  0.000000000000e+00  -1.000000000000e+00   -1.000000000000e+00   -1.000000000000e+00   -1.000000000000e+00    -1.000000000000e+00    nan     -1.000000     -0.001000     -0.001000     -1.000000     -0.001000     -0.001000     -0.000001     -0.001000     -0.001000     -1.000000     -1.000000     -1.000000 
349 11 18 115.000000 0.740000 -1.000000 -1.000000 -1.000000 -1.000000 nan nan nan nan -1.000000000000e+00 -1.000000e+00 -1.000000000000e+00  -1.000000000000e+00  0.000000000000e+00  -1.000000000000e+00   -1.000000000000e+00   -1.000000000000e+00   -1.000000000000e+00    -1.000000000000e+00    nan     -1.000000     -0.001000     -0.001000     -1.000000     -0.001000     -0.001000     -0.000001     -0.001000     -0.001000     -1.000000     -1.000000     -1.000000 
350 11 19 115.000000 0.780000 -1.000000 -1.000000 -1.000000 -1.000000 nan nan nan nan -1.000000000000e+00 -1.000000e+00 -1.000000000000e+00  -1.000000000000e+00  0.000000000000e+00  -1.000000000000e+00   -1.000000000000e+00   -1.000000000000e+00   -1.000000000000e+00    -1.000000000000e+00    nan     -1.000000     -0.001000     -0.001000     -1.000000     -0.001000     -0.001000     -0.000001     -0.001000     -0.001000     -1.000000     -1.000000     -1.000000 
351 11 20 115.000000 0.820000 -1.000000 -1.000000 -1.000000 -1.000000 nan nan nan nan -1.000000000000e+00 -1.000000e+00 -1.000000000000e+00  -1.000000000000e+00  0.000000000000e+00  -1.000000000000e+00   -1.000000000000e+00   -1.000000000000e+00   -1.000000000000e+00    -1.000000000000e+00    nan     -1.000000     -0.001000     -0.001000     -1.000000     -0.001000     -0.001000     -0.000001     -0.001000     -0.001000     -1.000000     -1.000000     -1.000000 
352 11 21 115.000000 0.860000 -1.000000 -1.000000 -1.000000 -1.000000 nan nan nan nan -1.000000000000e+00 -1.000000e+00 -1.000000000000e+00  -1.000000000000e+00  0.000000000000e+00  -1.000000000000e+00   -1.000000000000e+00   -1.000000000000e+00   -1.000000000000e+00    -1.000000000000e+00    nan     -1.000000     -0.001000     -0.001000     -1.000000     -0.001000     -0.001000     -0.000001     -0.001000     -0.001000     -1.000000     -1.000000     -1.000000 
353 11 22 115.000000 0.900000 -1.000000 -1.000000 -1.000000 -1.000000 nan nan nan nan -1.000000000000e+00 -1.000000e+00 -1.000000000000e+00  -1.000000000000e+00  0.000000000000e+00  -1.000000000000e+00   -1.000000000000e+00   -1.000000000000e+00   -1.000000000000e+00    -1.000000000000e+00    nan     -1.000000     -0.001000     -0.001000     -1.000000     -0.001000     -0.001000     -0.000001     -0.001000     -0.001000     -1.000000     -1.000000     -1.000000 
354 11 23 115.000000 0.940000 -1.000000 -1.000000 -1.000000 -1.000000 nan nan nan nan -1.000000000000e+00 -1.000000e+00 -1.000000000000e+00  -1.000000000000e+00  0.000000000000e+00  -1.000000000000e+00   -1.000000000000e+00   -1.000000000000e+00   -1.000000000000e+00    -1.000000000000e+00    nan     -1.000000     -0.001000     -0.001000     -1.000000     -0.001000     -0.001000     -0.000001     -0.001000     -0.001000     -1.000000     -1.000000     -1.000000 
355 11 24 115.000000 0.980000 -1.000000 -1.000000 -1.000000 -1.000000 nan nan nan nan -1.000000000000e+00 -1.000000e+00 -1.000000000000e+00  -1.000000000000e+00  0.000000000000e+00  -1.000000000000e+00   -1.000000000000e+00   -1.000000000000e+00   -1.000000000000e+00    -1.000000000000e+00    nan     -1.000000     -0.001000     -0.001000     -1.000000     -0.001000     -0.001000     -0.000001     -0.001000     -0.001000     -1.000000     -1.000000     -1.000000 
356 11 25 115.000000 1.020000 -1.000000 -1.000000 -1.000000 -1.000000 nan nan nan nan -1.000000000000e+00 -1.000000e+00 -1.000000000000e+00  -1.000000000000e+00  0.000000000000e+00  -1.000000000000e+00   -1.000000000000e+00   -1.000000000000e+00   -1.000000000000e+00    -1.000000000000e+00    nan     -1.000000     -0.001000     -0.001000     -1.000000     -0.001000     -0.001000     -0.000001     -0.001000     -0.001000     -1.000000     -1.000000     -1.000000 
357 11 26 115.000000 1.060000 -1.000000 -1.000000 -1.000000 -1.000000 nan nan nan nan -1.000000000000e+00 -1.000000e+00 -1.000000000000e+00  -1.000000000000e+00  0.000000000000e+00  -1.000000000000e+00   -1.000000000000e+00   -1.000000000000e+00   -1.000000000000e+00    -1.000000000000e+00    nan     -1.000000     -0.001000     -0.001000     -1.000000     -0.001000     -0.001000     -0.000001     -0.001000     -0.001000     -1.000000     -1.000000     -1.000000 
358 11 27 115.000000 1.100000 -1.000000 -1.000000 -1.000000 -1.000000 nan nan nan nan -1.000000000000e+00 -1.000000e+00 -1.000000000000e+00  -1.000000000000e+00  0.000000000000e+00  -1.000000000000e+00   -1.000000000000e+00   -1.000000000000e+00   -1.000000000000e+00    -1.000000000000e+00    nan     -1.000000     -0.001000     -0.001000     -1.000000     -0.001000     -0.001000     -0.000001     -0.001000     -0.001000     -1.000000     -1.000000     -1.000000 
359 11 28 115.000000 1.140000 -1.000000 -1.000000 -1.000000 -1.000000 nan nan nan nan -1.000000000000e+00 -1.000000e+00 -1.000000000000e+00  -1.000000000000e+00  0.000000000000e+00  -1.000000000000e+00   -1.000000000000e+00   -1.000000000000e+00   -1.000000000000e+00    -1.000000000000e+00    nan     -1.000000     -0.001000     -0.001000     -1.000000     -0.001000     -0.001000     -0.000001     -0.001000     -0.001000     -1.000000     -1.000000     -1.000000 
360 11 29 115.000000 1.180000 -1.000000 -1.000000 -1.000000 -1.000000 nan nan nan nan -1.000000000000e+00 -1.000000e+00 -1.000000000000e+00  -1.000000000000e+00  0.000000000000e+00  -1.000000000000e+00   -1.000000000000e+00   -1.000000000000e+00   -1.000000000000e+00    -1.000000000000e+00    nan     -1.000000     -0.001000     -0.001000     -1.000000     -0.001000     -0.001000     -0.000001     -0.001000     -0.001000     -1.000000     -1.000000     -1.000000 
361 12 0 125.000000 0.020000 1.322876 1.372027 1.325158 1.375557 1.160838437621e-02 1.684991648369e-02 3.529988756729e-03 4.153859234548e-03 4.669737640562e-03 7.324782e-03 4.677792209620e-03  7.340134180421e-03  2.747403407642e-03  2.681559023161e-03   1.924061122921e-06   3.019130859325e-06   1.130035017141e-06    1.102974060000e-06    2431.255108     2431.207696     10.541571     8.354658     12.271794     2.186913     2.967724     4.024797     2.978469     0.019211     0.895247     0.407196     0.980740 
362 12 1 125.000000 0.060000 0.919711 0.778013 0.914634 0.774245 1.254062212432e-03 1.735688436112e-03 inf nan inf          nan inf  nan  5.651582596241e-04  5.400930477615e-04   inf   nan   2.352751037698e-07    2.248563798966e-07    2402.116716     2401.946736     10.540696     8.312234     12.223574     2.228462     2.989780     3.972741     3.020402     0.056961     2.644601     0.544299     0.950006 
363 12 2 125.000000 0.100000 -1.000000 -1.000000 -1.000000 -1.000000 nan nan nan nan -1.000000000000e+00 -1.000000e+00 -1.000000000000e+00  -1.000000000000e+00  1.168302551232e-04  -1.000000000000e+00   -1.000000000000e+00   -1.000000000000e+00   -1.000000000000e+00    -1.000000000000e+00    nan     -1.000000     -0.001000     -0.001000     -1.000000     -0.001000     -0.001000     -0.000001     -0.001000     -0.001000     -1.000000     -1.000000     -1.000000 
364 12 3 125.000000 0.140000 -1.000000 -1.000000 -1.000000 -1.000000 nan nan nan nan -1.000000000000e+00 -1.000000e+00 -1.000000000000e+00  -1.000000000000e+00  3.610153740481e-05  -1.000000000000e+00   -1.000000000000e+00   -1.000000000000e+00   -1.000000000000e+00    -1.000000000000e+00    nan     -1.000000     -0.001000     -0.001000     -1.000000     -0.001000     -0.001000     -0.000001     -0.001000     -0.001000     -1.000000     -1.000000     -1.000000 
365 12 4 125.000000 0.180000 -1.000000 -1.000000 -1.000000 -1.000000 nan nan nan nan -1.000000000000e+00 -1.000000e+00 -1.000000000000e+00  -1.000000000000e+00  1.487595102469e-05  -1.000000000000e+00   -1.000000000000e+00   -1.000000000000e+00   -1.000000000000e+00    -1.000000000000e+00    nan     -1.000000     -0.001000     -0.001000     -1.000000     -0.001000     -0.001000     -0.000001     -0.001000     -0.001000     -1.000000     -1.000000     -1.000000 
366 12 5 125.000000 0.220000 -1.000000 -1.000000 -1.000000 -1.000000 nan nan nan nan -1.000000000000e+00 -1.000000e+00 -1.000000000000e+00  -1.000000000000e+00  0.000000000000e+00  -1.000000000000e+00   -1.000000000000e+00   -1.000000000000e+00   -1.000000000000e+00    -1.000000000000e+00    nan     -1.000000     -0.001000     -0.001000     -1.000000     -0.001000     -0.001000     -0.000001     -0.001000     -0.001000     -1.000000     -1.000000     -1.000000 
367 12 6 125.000000 0.260000 -1.000000 -1.000000 -1.000000 -1.000000 nan nan nan nan -1.000000000000e+00 -1.000000e+00 -1.000000000000e+00  -1.000000000000e+00  0.000000000000e+00  -1.000000000000e+00   -1.000000000000e+00   -1.000000000000e+00   -1.000000000000e+00    -1.000000000000e+00    nan     -1.000000     -0.001000     -0.001000     -1.000000     -0.001000     -0.001000     -0.000001     -0.001000     -0.001000     -1.000000     -1.000000     -1.000000 
368 12 7 125.000000 0.300000 -1.000000 -1.000000 -1.000000 -1.000000 nan nan nan nan -1.000000000000e+00 -1.000000e+00 -1.000000000000e+00  -1.000000000000e+00  0.000000000000e+00  -1.000000000000e+00   -1.000000000000e+00   -1.000000000000e+00   -1.000000000000e+00    -1.000000000000e+00    nan     -1.000000     -0.001000     -0.001000     -1.000000     -0.001000     -0.001000     -0.000001     -0.001000     -0.001000     -1.000000     -1.000000     -1.000000 
369 12 8 125.000000 0.340000 -1.000000 -1.000000 -1.000000 -1.000000 nan nan nan nan -1.000000000000e+00 -1.000000e+00 -1.000000000000e+00  -1.000000000000e+00  0.000000000000e+00  -1.000000000000e+00   -1.000000000000e+00   -1.000000000000e+00   -1.000000000000e+00    -1.000000000000e+00    nan     -1.000000     -0.001000     -0.001000     -1.000000     -0.001000     -0.001000     -0.000001     -0.001000     -0.001000     -1.000000     -1.000000     -1.000000 
370 12 9 125.000000 0.380000 -1.000000 -1.000000 -1.000000 -1.000000 nan nan nan nan -1.000000000000e+00 -1.000000e+00 -1.000000000000e+00  -1.000000000000e+00  0.000000000000e+00  -1.000000000000e+00   -1.000000000000e+00   -1.000000000000e+00   -1.000000000000e+00    -1.000000000000e+00    nan     -1.000000     -0.001000     -0.001000     -1.000000     -0.001000     -0.001000     -0.000001     -0.001000     -0.001000     -1.000000     -1.000000     -1.000000 
371 12 10 125.000000 0.420000 -1.000000 -1.000000 -1.000000 -1.000000 nan nan nan nan -1.000000000000e+00 -1.000000e+00 -1.000000000000e+00  -1.000000000000e+00  0.000000000000e+00  -1.000000000000e+00   -1.000000000000e+00   -1.000000000000e+00   -1.000000000000e+00    -1.000000000000e+00    nan     -1.000000     -0.001000     -0.001000     -1.000000     -0.001000     -0.001000     -0.000001     -0.001000     -0.001000     -1.000000     -1.000000     -1.000000 
372 12 11 125.000000 0.460000 -1.000000 -1.000000 -1.000000 -1.000000 nan nan nan nan -1.000000000000e+00 -1.000000e+00 -1.000000000000e+00  -1.000000000000e+00  0.000000000000e+00  -1.000000000000e+00   -1.000000000000e+00   -1.000000000000e+00   -1.000000000000e+00    -1.000000000000e+00    nan     -1.000000     -0.001000     -0.001000     -1.000000     -0.001000     -0.001000     -0.000001     -0.001000     -0.001000     -1.000000     -1.000000     -1.000000 
373 12 12 125.000000 0.500000 -1.000000 -1.000000 -1.000000 -1.000000 nan nan nan nan -1.000000000000e+00 -1.000000e+00 -1.000000000000e+00  -1.000000000000e+00  0.000000000000e+00  -1.000000000000e+00   -1.000000000000e+00   -1.000000000000e+00   -1.000000000000e+00    -1.000000000000e+00    nan     -1.000000     -0.001000     -0.001000     -1.000000     -0.001000     -0.001000     -0.000001     -0.001000     -0.001000     -1.000000     -1.000000     -1.000000 
374 12 13 125.000000 0.540000 -1.000000 -1.000000 -1.000000 -1.000000 nan nan nan nan -1.000000000000e+00 -1.000000e+00 -1.000000000000e+00  -1.000000000000e+00  0.000000000000e+00  -1.000000000000e+00   -1.000000000000e+00   -1.000000000000e+00   -1.000000000000e+00    -1.000000000000e+00    nan     -1.000000     -0.001000     -0.001000     -1.000000     -0.001000     -0.001000     -0.000001     -0.001000     -0.001000     -1.000000     -1.000000     -1.000000 
375 12 14 125.000000 0.580000 -1.000000 -1.000000 -1.000000 -1.000000 nan nan nan nan -1.000000000000e+00 -1.000000e+00 -1.000000000000e+00  -1.000000000000e+00  0.000000000000e+00  -1.000000000000e+00   -1.000000000000e+00   -1.000000000000e+00   -1.000000000000e+00    -1.000000000000e+00    nan     -1.000000     -0.001000     -0.001000     -1.000000     -0.001000     -0.001000     -0.000001     -0.001000     -0.001000     -1.000000     -1.000000     -1.000000 
376 12 15 125.000000 0.620000 -1.000000 -1.000000 -1.000000 -1.000000 nan nan nan nan -1.000000000000e+00 -1.000000e+00 -1.000000000000e+00  -1.000000000000e+00  0.000000000000e+00  -1.000000000000e+00   -1.000000000000e+00   -1.000000000000e+00   -1.000000000000e+00    -1.000000000000e+00    nan     -1.000000     -0.001000     -0.001000     -1.000000     -0.001000     -0.001000     -0.000001     -0.001000     -0.001000     -1.000000     -1.000000     -1.000000 
377 12 16 125.000000 0.660000 -1.000000 -1.000000 -1.000000 -1.000000 nan nan nan nan -1.000000000000e+00 -1.000000e+00 -1.000000000000e+00  -1.000000000000e+00  0.000000000000e+00  -1.000000000000e+00   -1.000000000000e+00   -1.000000000000e+00   -1.000000000000e+00    -1.000000000000e+00    nan     -1.000000     -0.001000     -0.001000     -1.000000     -0.001000     -0.001000     -0.000001     -0.001000     -0.001000     -1.000000     -1.000000     -1.000000 
378 12 17 125.000000 0.700000 -1.000000 -1.000000 -1.000000 -1.000000 nan nan nan nan -1.000000000000e+00 -1.000000e+00 -1.000000000000e+00  -1.000000000000e+00  0.000000000000e+00  -1.000000000000e+00   -1.000000000000e+00   -1.000000000000e+00   -1.000000000000e+00    -1.000000000000e+00    nan     -1.000000     -0.001000     -0.001000     -1.000000     -0.001000     -0.001000     -0.000001     -0.001000     -0.001000     -1.000000     -1.000000     -1.000000 
379 12 18 125.000000 0.740000 -1.000000 -1.000000 -1.000000 -1.000000 nan nan nan nan -1.000000000000e+00 -1.000000e+00 -1.000000000000e+00  -1.000000000000e+00  0.000000000000e+00  -1.000000000000e+00   -1.000000000000e+00   -1.000000000000e+00   -1.000000000000e+00    -1.000000000000e+00    nan     -1.000000     -0.001000     -0.001000     -1.000000     -0.001000     -0.001000     -0.000001     -0.001000     -0.001000     -1.000000     -1.000000     -1.000000 
380 12 19 125.000000 0.780000 -1.000000 -1.000000 -1.000000 -1.000000 nan nan nan nan -1.000000000000e+00 -1.000000e+00 -1.000000000000e+00  -1.000000000000e+00  0.000000000000e+00  -1.000000000000e+00   -1.000000000000e+00   -1.000000000000e+00   -1.000000000000e+00    -1.000000000000e+00    nan     -1.000000     -0.001000     -0.001000     -1.000000     -0.001000     -0.001000     -0.000001     -0.001000     -0.001000     -1.000000     -1.000000     -1.000000 
381 12 20 125.000000 0.820000 -1.000000 -1.000000 -1.000000 -1.000000 nan nan nan nan -1.000000000000e+00 -1.000000e+00 -1.000000000000e+00  -1.000000000000e+00  0.000000000000e+00  -1.000000000000e+00   -1.000000000000e+00   -1.000000000000e+00   -1.000000000000e+00    -1.000000000000e+00    nan     -1.000000     -0.001000     -0.001000     -1.000000     -0.001000     -0.001000     -0.000001     -0.001000     -0.001000     -1.000000     -1.000000     -1.000000 
382 12 21 125.000000 0.860000 -1.000000 -1.000000 -1.000000 -1.000000 nan nan nan nan -1.000000000000e+00 -1.000000e+00 -1.000000000000e+00  -1.000000000000e+00  0.000000000000e+00  -1.000000000000e+00   -1.000000000000e+00   -1.000000000000e+00   -1.000000000000e+00    -1.000000000000e+00    nan     -1.000000     -0.001000     -0.001000     -1.000000     -0.001000     -0.001000     -0.000001     -0.001000     -0.001000     -1.000000     -1.000000     -1.000000 
383 12 22 125.000000 0.900000 -1.000000 -1.000000 -1.000000 -1.000000 nan nan nan nan -1.000000000000e+00 -1.000000e+00 -1.000000000000e+00  -1.000000000000e+00  0.000000000000e+00  -1.000000000000e+00   -1.000000000000e+00   -1.000000000000e+00   -1.000000000000e+00    -1.000000000000e+00    nan     -1.000000     -0.001000     -0.001000     -1.000000     -0.001000     -0.001000     -0.000001     -0.001000     -0.001000     -1.000000     -1.000000     -1.000000 
384 12 23 125.000000 0.940000 -1.000000 -1.000000 -1.000000 -1.000000 nan nan nan nan -1.000000000000e+00 -1.000000e+00 -1.000000000000e+00  -1.000000000000e+00  0.000000000000e+00  -1.000000000000e+00   -1.000000000000e+00   -1.000000000000e+00   -1.000000000000e+00    -1.000000000000e+00    nan     -1.000000     -0.001000     -0.001000     -1.000000     -0.001000     -0.001000     -0.000001     -0.001000     -0.001000     -1.000000     -1.000000     -1.000000 
385 12 24 125.000000 0.980000 -1.000000 -1.000000 -1.000000 -1.000000 nan nan nan nan -1.000000000000e+00 -1.000000e+00 -1.000000000000e+00  -1.000000000000e+00  0.000000000000e+00  -1.000000000000e+00   -1.000000000000e+00   -1.000000000000e+00   -1.000000000000e+00    -1.000000000000e+00    nan     -1.000000     -0.001000     -0.001000     -1.000000     -0.001000     -0.001000     -0.000001     -0.001000     -0.001000     -1.000000     -1.000000     -1.000000 
386 12 25 125.000000 1.020000 -1.000000 -1.000000 -1.000000 -1.000000 nan nan nan nan -1.000000000000e+00 -1.000000e+00 -1.000000000000e+00  -1.000000000000e+00  0.000000000000e+00  -1.000000000000e+00   -1.000000000000e+00   -1.000000000000e+00   -1.000000000000e+00    -1.000000000000e+00    nan     -1.000000     -0.001000     -0.001000     -1.000000     -0.001000     -0.001000     -0.000001     -0.001000     -0.001000     -1.000000     -1.000000     -1.000000 
387 12 26 125.000000 1.060000 -1.000000 -1.000000 -1.000000 -1.000000 nan nan nan nan -1.000000000000e+00 -1.000000e+00 -1.000000000000e+00  -1.000000000000e+00  0.000000000000e+00  -1.000000000000e+00   -1.000000000000e+00   -1.000000000000e+00   -1.000000000000e+00    -1.000000000000e+00    nan     -1.000000     -0.001000     -0.001000     -1.000000     -0.001000     -0.001000     -0.000001     -0.001000     -0.001000     -1.000000     -1.000000     -1.000000 
388 12 27 125.000000 1.100000 -1.000000 -1.000000 -1.000000 -1.000000 nan nan nan nan -1.000000000000e+00 -1.000000e+00 -1.000000000000e+00  -1.000000000000e+00  0.000000000000e+00  -1.000000000000e+00   -1.000000000000e+00   -1.000000000000e+00   -1.000000000000e+00    -1.000000000000e+00    nan     -1.000000     -0.001000     -0.001000     -1.000000     -0.001000     -0.001000     -0.000001     -0.001000     -0.001000     -1.000000     -1.000000     -1.000000 
389 12 28 125.000000 1.140000 -1.000000 -1.000000 -1.000000 -1.000000 nan nan nan nan -1.000000000000e+00 -1.000000e+00 -1.000000000000e+00  -1.000000000000e+00  0.000000000000e+00  -1.000000000000e+00   -1.000000000000e+00   -1.000000000000e+00   -1.000000000000e+00    -1.000000000000e+00    nan     -1.000000     -0.001000     -0.001000     -1.000000     -0.001000     -0.001000     -0.000001     -0.001000     -0.001000     -1.000000     -1.000000     -1.000000 
390 12 29 125.000000 1.180000 -1.000000 -1.000000 -1.000000 -1.000000 nan nan nan nan -1.000000000000e+00 -1.000000e+00 -1.000000000000e+00  -1.000000000000e+00  0.000000000000e+00  -1.000000000000e+00   -1.000000000000e+00   -1.000000000000e+00   -1.000000000000e+00    -1.000000000000e+00    nan     -1.000000     -0.001000     -0.001000     -1.000000     -0.001000     -0.001000     -0.000001     -0.001000     -0.001000     -1.000000     -1.000000     -1.000000 
391 13 0 135.000000 0.020000 -1.000000 -1.000000 -1.000000 -1.000000 nan nan nan nan -1.000000000000e+00 -1.000000e+00 -1.000000000000e+00  -1.000000000000e+00  2.994336781467e-03  2.927356545437e-03   -1.000000000000e+00   -1.000000000000e+00   1.244170612674e-06    1.216381758607e-06    2406.693062     2406.610034     10.540417     8.344843     12.307525     2.195574     2.977167     4.042979     2.987595     0.016890     0.745533     -0.094917     0.981284 
392 13 1 135.000000 0.060000 -1.000000 -1.000000 -1.000000 -1.000000 nan nan nan nan -1.000000000000e+00 -1.000000e+00 -1.000000000000e+00  -1.000000000000e+00  3.619806672793e-03  -1.000000000000e+00   -1.000000000000e+00   -1.000000000000e+00   -1.000000000000e+00    -1.000000000000e+00    nan     -1.000000     -0.001000     -0.001000     -1.000000     -0.001000     -0.001000     -0.000001     -0.001000     -0.001000     -1.000000     -1.000000     -1.000000 
393 13 2 135.000000 0.100000 -1.000000 -1.000000 -1.000000 -1.000000 nan nan nan nan -1.000000000000e+00 -1.000000e+00 -1.000000000000e+00  -1.000000000000e+00  3.489183426916e-03  -1.000000000000e+00   -1.000000000000e+00   -1.000000000000e+00   -1.000000000000e+00    -1.000000000000e+00    nan     -1.000000     -0.001000     -0.001000     -1.000000     -0.001000     -0.001000     -0.000001     -0.001000     -0.001000     -1.000000     -1.000000     -1.000000 
394 13 3 135.000000 0.140000 -1.000000 -1.000000 -1.000000 -1.000000 nan nan nan nan -1.000000000000e+00 -1.000000e+00 -1.000000000000e+00  -1.000000000000e+00  2.945248037415e-03  -1.000000000000e+00   -1.000000000000e+00   -1.000000000000e+00   -1.000000000000e+00    -1.000000000000e+00    nan     -1.000000     -0.001000     -0.001000     -1.000000     -0.001000     -0.001000     -0.000001     -0.001000     -0.001000     -1.000000     -1.000000     -1.000000 
395 13 4 135.000000 0.180000 -1.000000 -1.000000 -1.000000 -1.000000 nan nan nan nan -1.000000000000e+00 -1.000000e+00 -1.000000000000e+00  -1.000000000000e+00  0.000000000000e+00  -1.000000000000e+00   -1.000000000000e+00   -1.000000000000e+00   -1.000000000000e+00    -1.000000000000e+00    nan     -1.000000     -0.001000     -0.001000     -1.000000     -0.001000     -0.001000     -0.000001     -0.001000     -0.001000     -1.000000     -1.000000     -1.000000 
396 13 5 135.000000 0.220000 -1.000000 -1.000000 -1.000000 -1.000000 nan nan nan nan -1.000000000000e+00 -1.000000e+00 -1.000000000000e+00  -1.000000000000e+00  0.000000000000e+00  -1.000000000000e+00   -1.000000000000e+00   -1.000000000000e+00   -1.000000000000e+00    -1.000000000000e+00    nan     -1.000000     -0.001000     -0.001000     -1.000000     -0.001000     -0.001000     -0.000001     -0.001000     -0.001000     -1.000000     -1.000000     -1.000000 
397 13 6 135.000000 0.260000 -1.000000 -1.000000 -1.000000 -1.000000 nan nan nan nan -1.000000000000e+00 -1.000000e+00 -1.000000000000e+00  -1.000000000000e+00  0.000000000000e+00  -1.000000000000e+00   -1.000000000000e+00   -1.000000000000e+00   -1.000000000000e+00    -1.000000000000e+00    nan     -1.000000     -0.001000     -0.001000     -1.000000     -0.001000     -0.001000     -0.000001     -0.001000     -0.001000     -1.000000     -1.000000     -1.000000 
398 13 7 135.000000 0.300000 -1.000000 -1.000000 -1.000000 -1.000000 nan nan nan nan -1.000000000000e+00 -1.000000e+00 -1.000000000000e+00  -1.000000000000e+00  0.000000000000e+00  -1.000000000000e+00   -1.000000000000e+00   -1.000000000000e+00   -1.000000000000e+00    -1.000000000000e+00    nan     -1.000000     -0.001000     -0.001000     -1.000000     -0.001000     -0.001000     -0.000001     -0.001000     -0.001000     -1.000000     -1.000000     -1.000000 
399 13 8 135.000000 0.340000 -1.000000 -1.000000 -1.000000 -1.000000 nan nan nan nan -1.000000000000e+00 -1.000000e+00 -1.000000000000e+00  -1.000000000000e+00  0.000000000000e+00  -1.000000000000e+00   -1.000000000000e+00   -1.000000000000e+00   -1.000000000000e+00    -1.000000000000e+00    nan     -1.000000     -0.001000     -0.001000     -1.000000     -0.001000     -0.001000     -0.000001     -0.001000     -0.001000     -1.000000     -1.000000     -1.000000 
400 13 9 135.000000 0.380000 -1.000000 -1.000000 -1.000000 -1.000000 nan nan nan nan -1.000000000000e+00 -1.000000e+00 -1.000000000000e+00  -1.000000000000e+00  0.000000000000e+00  -1.000000000000e+00   -1.000000000000e+00   -1.000000000000e+00   -1.000000000000e+00    -1.000000000000e+00    nan     -1.000000     -0.001000     -0.001000     -1.000000     -0.001000     -0.001000     -0.000001     -0.001000     -0.001000     -1.000000     -1.000000     -1.000000 
401 13 10 135.000000 0.420000 -1.000000 -1.000000 -1.000000 -1.000000 nan nan nan nan -1.000000000000e+00 -1.000000e+00 -1.000000000000e+00  -1.000000000000e+00  0.000000000000e+00  -1.000000000000e+00   -1.000000000000e+00   -1.000000000000e+00   -1.000000000000e+00    -1.000000000000e+00    nan     -1.000000     -0.001000     -0.001000     -1.000000     -0.001000     -0.001000     -0.000001     -0.001000     -0.001000     -1.000000     -1.000000     -1.000000 
402 13 11 135.000000 0.460000 -1.000000 -1.000000 -1.000000 -1.000000 nan nan nan nan -1.000000000000e+00 -1.000000e+00 -1.000000000000e+00  -1.000000000000e+00  0.000000000000e+00  -1.000000000000e+00   -1.000000000000e+00   -1.000000000000e+00   -1.000000000000e+00    -1.000000000000e+00    nan     -1.000000     -0.001000     -0.001000     -1.000000     -0.001000     -0.001000     -0.000001     -0.001000     -0.001000     -1.000000     -1.000000     -1.000000 
403 13 12 135.000000 0.500000 -1.000000 -1.000000 -1.000000 -1.000000 nan nan nan nan -1.000000000000e+00 -1.000000e+00 -1.000000000000e+00  -1.000000000000e+00  0.000000000000e+00  -1.000000000000e+00   -1.000000000000e+00   -1.000000000000e+00   -1.000000000000e+00    -1.000000000000e+00    nan     -1.000000     -0.001000     -0.001000     -1.000000     -0.001000     -0.001000     -0.000001     -0.001000     -0.001000     -1.000000     -1.000000     -1.000000 
404 13 13 135.000000 0.540000 -1.000000 -1.000000 -1.000000 -1.000000 nan nan nan nan -1.000000000000e+00 -1.000000e+00 -1.000000000000e+00  -1.000000000000e+00  0.000000000000e+00  -1.000000000000e+00   -1.000000000000e+00   -1.000000000000e+00   -1.000000000000e+00    -1.000000000000e+00    nan     -1.000000     -0.001000     -0.001000     -1.000000     -0.001000     -0.001000     -0.000001     -0.001000     -0.001000     -1.000000     -1.000000     -1.000000 
405 13 14 135.000000 0.580000 -1.000000 -1.000000 -1.000000 -1.000000 nan nan nan nan -1.000000000000e+00 -1.000000e+00 -1.000000000000e+00  -1.000000000000e+00  0.000000000000e+00  -1.000000000000e+00   -1.000000000000e+00   -1.000000000000e+00   -1.000000000000e+00    -1.000000000000e+00    nan     -1.000000     -0.001000     -0.001000     -1.000000     -0.001000     -0.001000     -0.000001     -0.001000     -0.001000     -1.000000     -1.000000     -1.000000 
406 13 15 135.000000 0.620000 -1.000000 -1.000000 -1.000000 -1.000000 nan nan nan nan -1.000000000000e+00 -1.000000e+00 -1.000000000000e+00  -1.000000000000e+00  0.000000000000e+00  -1.000000000000e+00   -1.000000000000e+00   -1.000000000000e+00   -1.000000000000e+00    -1.000000000000e+00    nan     -1.000000     -0.001000     -0.001000     -1.000000     -0.001000     -0.001000     -0.000001     -0.001000     -0.001000     -1.000000     -1.000000     -1.000000 
407 13 16 135.000000 0.660000 -1.000000 -1.000000 -1.000000 -1.000000 nan nan nan nan -1.000000000000e+00 -1.000000e+00 -1.000000000000e+00  -1.000000000000e+00  0.000000000000e+00  -1.000000000000e+00   -1.000000000000e+00   -1.000000000000e+00   -1.000000000000e+00    -1.000000000000e+00    nan     -1.000000     -0.001000     -0.001000     -1.000000     -0.001000     -0.001000     -0.000001     -0.001000     -0.001000     -1.000000     -1.000000     -1.000000 
408 13 17 135.000000 0.700000 -1.000000 -1.000000 -1.000000 -1.000000 nan nan nan nan -1.000000000000e+00 -1.000000e+00 -1.000000000000e+00  -1.000000000000e+00  0.000000000000e+00  -1.000000000000e+00   -1.000000000000e+00   -1.000000000000e+00   -1.000000000000e+00    -1.000000000000e+00    nan     -1.000000     -0.001000     -0.001000     -1.000000     -0.001000     -0.001000     -0.000001     -0.001000     -0.001000     -1.000000     -1.000000     -1.000000 
409 13 18 135.000000 0.740000 -1.000000 -1.000000 -1.000000 -1.000000 nan nan nan nan -1.000000000000e+00 -1.000000e+00 -1.000000000000e+00  -1.000000000000e+00  0.000000000000e+00  -1.000000000000e+00   -1.000000000000e+00   -1.000000000000e+00   -1.000000000000e+00    -1.000000000000e+00    nan     -1.000000     -0.001000     -0.001000     -1.000000     -0.001000     -0.001000     -0.000001     -0.001000     -0.001000     -1.000000     -1.000000     -1.000000 
410 13 19 135.000000 0.780000 -1.000000 -1.000000 -1.000000 -1.000000 nan nan nan nan -1.000000000000e+00 -1.000000e+00 -1.000000000000e+00  -1.000000000000e+00  0.000000000000e+00  -1.000000000000e+00   -1.000000000000e+00   -1.000000000000e+00   -1.000000000000e+00    -1.000000000000e+00    nan     -1.000000     -0.001000     -0.001000     -1.000000     -0.001000     -0.001000     -0.000001     -0.001000     -0.001000     -1.000000     -1.000000     -1.000000 
411 13 20 135.000000 0.820000 -1.000000 -1.000000 -1.000000 -1.000000 nan nan nan nan -1.000000000000e+00 -1.000000e+00 -1.000000000000e+00  -1.000000000000e+00  0.000000000000e+00  -1.000000000000e+00   -1.000000000000e+00   -1.000000000000e+00   -1.000000000000e+00    -1.000000000000e+00    nan     -1.000000     -0.001000     -0.001000     -1.000000     -0.001000     -0.001000     -0.000001     -0.001000     -0.001000     -1.000000     -1.000000     -1.000000 
412 13 21 135.000000 0.860000 -1.000000 -1.000000 -1.000000 -1.000000 nan nan nan nan -1.000000000000e+00 -1.000000e+00 -1.000000000000e+00  -1.000000000000e+00  0.000000000000e+00  -1.000000000000e+00   -1.000000000000e+00   -1.000000000000e+00   -1.000000000000e+00    -1.000000000000e+00    nan     -1.000000     -0.001000     -0.001000     -1.000000     -0.001000     -0.001000     -0.000001     -0.001000     -0.001000     -1.000000     -1.000000     -1.000000 
413 13 22 135.000000 0.900000 -1.000000 -1.000000 -1.000000 -1.000000 nan nan nan nan -1.000000000000e+00 -1.000000e+00 -1.000000000000e+00  -1.000000000000e+00  0.000000000000e+00  -1.000000000000e+00   -1.000000000000e+00   -1.000000000000e+00   -1.000000000000e+00    -1.000000000000e+00    nan     -1.000000     -0.001000     -0.001000     -1.000000     -0.001000     -0.001000     -0.000001     -0.001000     -0.001000     -1.000000     -1.000000     -1.000000 
414 13 23 135.000000 0.940000 -1.000000 -1.000000 -1.000000 -1.000000 nan nan nan nan -1.000000000000e+00 -1.000000e+00 -1.000000000000e+00  -1.000000000000e+00  0.000000000000e+00  -1.000000000000e+00   -1.000000000000e+00   -1.000000000000e+00   -1.000000000000e+00    -1.000000000000e+00    nan     -1.000000     -0.001000     -0.001000     -1.000000     -0.001000     -0.001000     -0.000001     -0.001000     -0.001000     -1.000000     -1.000000     -1.000000 
415 13 24 135.000000 0.980000 -1.000000 -1.000000 -1.000000 -1.000000 nan nan nan nan -1.000000000000e+00 -1.000000e+00 -1.000000000000e+00  -1.000000000000e+00  0.000000000000e+00  -1.000000000000e+00   -1.000000000000e+00   -1.000000000000e+00   -1.000000000000e+00    -1.000000000000e+00    nan     -1.000000     -0.001000     -0.001000     -1.000000     -0.001000     -0.001000     -0.000001     -0.001000     -0.001000     -1.000000     -1.000000     -1.000000 
416 13 25 135.000000 1.020000 -1.000000 -1.000000 -1.000000 -1.000000 nan nan nan nan -1.000000000000e+00 -1.000000e+00 -1.000000000000e+00  -1.000000000000e+00  0.000000000000e+00  -1.000000000000e+00   -1.000000000000e+00   -1.000000000000e+00   -1.000000000000e+00    -1.000000000000e+00    nan     -1.000000     -0.001000     -0.001000     -1.000000     -0.001000     -0.001000     -0.000001     -0.001000     -0.001000     -1.000000     -1.000000     -1.000000 
417 13 26 135.000000 1.060000 -1.000000 -1.000000 -1.000000 -1.000000 nan nan nan nan -1.000000000000e+00 -1.000000e+00 -1.000000000000e+00  -1.000000000000e+00  0.000000000000e+00  -1.000000000000e+00   -1.000000000000e+00   -1.000000000000e+00   -1.000000000000e+00    -1.000000000000e+00    nan     -1.000000     -0.001000     -0.001000     -1.000000     -0.001000     -0.001000     -0.000001     -0.001000     -0.001000     -1.000000     -1.000000     -1.000000 
418 13 27 135.000000 1.100000 -1.000000 -1.000000 -1.000000 -1.000000 nan nan nan nan -1.000000000000e+00 -1.000000e+00 -1.000000000000e+00  -1.000000000000e+00  0.000000000000e+00  -1.000000000000e+00   -1.000000000000e+00   -1.000000000000e+00   -1.000000000000e+00    -1.000000000000e+00    nan     -1.000000     -0.001000     -0.001000     -1.000000     -0.001000     -0.001000     -0.000001     -0.001000     -0.001000     -1.000000     -1.000000     -1.000000 
419 13 28 135.000000 1.140000 -1.000000 -1.000000 -1.000000 -1.000000 nan nan nan nan -1.000000000000e+00 -1.000000e+00 -1.000000000000e+00  -1.000000000000e+00  0.000000000000e+00  -1.000000000000e+00   -1.000000000000e+00   -1.000000000000e+00   -1.000000000000e+00    -1.000000000000e+00    nan     -1.000000     -0.001000     -0.001000     -1.000000     -0.001000     -0.001000     -0.000001     -0.001000     -0.001000     -1.000000     -1.000000     -1.000000 
420 13 29 135.000000 1.180000 -1.000000 -1.000000 -1.000000 -1.000000 nan nan nan nan -1.000000000000e+00 -1.000000e+00 -1.000000000000e+00  -1.000000000000e+00  0.000000000000e+00  -1.000000000000e+00   -1.000000000000e+00   -1.000000000000e+00   -1.000000000000e+00    -1.000000000000e+00    nan     -1.000000     -0.001000     -0.001000     -1.000000     -0.001000     -0.001000     -0.000001     -0.001000     -0.001000     -1.000000     -1.000000     -1.000000 
421 14 0 145.000000 0.020000 -1.000000 -1.000000 -1.000000 -1.000000 nan nan nan nan -1.000000000000e+00 -1.000000e+00 -1.000000000000e+00  -1.000000000000e+00  3.719894418876e-03  3.640659187099e-03   -1.000000000000e+00   -1.000000000000e+00   1.449458383389e-06    1.418582468505e-06    2566.403052     2566.406443     10.539857     8.378723     12.206728     2.161134     2.943419     3.993213     2.951582     0.009904     0.317648     -0.230747     0.984650 
422 14 1 145.000000 0.060000 -1.000000 -1.000000 -1.000000 -1.000000 nan nan nan nan -1.000000000000e+00 -1.000000e+00 -1.000000000000e+00  -1.000000000000e+00  3.275895563071e-03  -1.000000000000e+00   -1.000000000000e+00   -1.000000000000e+00   -1.000000000000e+00    -1.000000000000e+00    nan     -1.000000     -0.001000     -0.001000     -1.000000     -0.001000     -0.001000     -0.000001     -0.001000     -0.001000     -1.000000     -1.000000     -1.000000 
423 14 2 145.000000 0.100000 -1.000000 -1.000000 -1.000000 -1.000000 nan nan nan nan -1.000000000000e+00 -1.000000e+00 -1.000000000000e+00  -1.000000000000e+00  2.753389059773e-03  -1.000000000000e+00   -1.000000000000e+00   -1.000000000000e+00   -1.000000000000e+00    -1.000000000000e+00    nan     -1.000000     -0.001000     -0.001000     -1.000000     -0.001000     -0.001000     -0.000001     -0.001000     -0.001000     -1.000000     -1.000000     -1.000000 
424 14 3 145.000000 0.140000 -1.000000 -1.000000 -1.000000 -1.000000 nan nan nan nan -1.000000000000e+00 -1.000000e+00 -1.000000000000e+00  -1.000000000000e+00  2.232074613742e-03  -1.000000000000e+00   -1.000000000000e+00   -1.000000000000e+00   -1.000000000000e+00    -1.000000000000e+00    nan     -1.000000     -0.001000     -0.001000     -1.000000     -0.001000     -0.001000     -0.000001     -0.001000     -0.001000     -1.000000     -1.000000     -1.000000 
425 14 4 145.000000 0.180000 -1.000000 -1.000000 -1.000000 -1.000000 nan nan nan nan -1.000000000000e+00 -1.000000e+00 -1.000000000000e+00  -1.000000000000e+00  0.000000000000e+00  -1.000000000000e+00   -1.000000000000e+00   -1.000000000000e+00   -1.000000000000e+00    -1.000000000000e+00    nan     -1.000000     -0.001000     -0.001000     -1.000000     -0.001000     -0.001000     -0.000001     -0.001000     -0.001000     -1.000000     -1.000000     -1.000000 
426 14 5 145.000000 0.220000 -1.000000 -1.000000 -1.000000 -1.000000 nan nan nan nan -1.000000000000e+00 -1.000000e+00 -1.000000000000e+00  -1.000000000000e+00  0.000000000000e+00  -1.000000000000e+00   -1.000000000000e+00   -1.000000000000e+00   -1.000000000000e+00    -1.000000000000e+00    nan     -1.000000     -0.001000     -0.001000     -1.000000     -0.001000     -0.001000     -0.000001     -0.001000     -0.001000     -1.000000     -1.000000     -1.000000 
427 14 6 145.000000 0.260000 -1.000000 -1.000000 -1.000000 -1.000000 nan nan nan nan -1.000000000000e+00 -1.000000e+00 -1.000000000000e+00  -1.000000000000e+00  0.000000000000e+00  -1.000000000000e+00   -1.000000000000e+00   -1.000000000000e+00   -1.000000000000e+00    -1.000000000000e+00    nan     -1.000000     -0.001000     -0.001000     -1.000000     -0.001000     -0.001000     -0.000001     -0.001000     -0.001000     -1.000000     -1.000000     -1.000000 
428 14 7 145.000000 0.300000 -1.000000 -1.000000 -1.000000 -1.000000 nan nan nan nan -1.000000000000e+00 -1.000000e+00 -1.000000000000e+00  -1.000000000000e+00  0.000000000000e+00  -1.000000000000e+00   -1.000000000000e+00   -1.000000000000e+00   -1.000000000000e+00    -1.000000000000e+00    nan     -1.000000     -0.001000     -0.001000     -1.000000     -0.001000     -0.001000     -0.000001     -0.001000     -0.001000     -1.000000     -1.000000     -1.000000 
429 14 8 145.000000 0.340000 -1.000000 -1.000000 -1.000000 -1.000000 nan nan nan nan -1.000000000000e+00 -1.000000e+00 -1.000000000000e+00  -1.000000000000e+00  0.000000000000e+00  -1.000000000000e+00   -1.000000000000e+00   -1.000000000000e+00   -1.000000000000e+00    -1.000000000000e+00    nan     -1.000000     -0.001000     -0.001000     -1.000000     -0.001000     -0.001000     -0.000001     -0.001000     -0.001000     -1.000000     -1.000000     -1.000000 
430 14 9 145.000000 0.380000 -1.000000 -1.000000 -1.000000 -1.000000 nan nan nan nan -1.000000000000e+00 -1.000000e+00 -1.000000000000e+00  -1.000000000000e+00  0.000000000000e+00  -1.000000000000e+00   -1.000000000000e+00   -1.000000000000e+00   -1.000000000000e+00    -1.000000000000e+00    nan     -1.000000     -0.001000     -0.001000     -1.000000     -0.001000     -0.001000     -0.000001     -0.001000     -0.001000     -1.000000     -1.000000     -1.000000 
431 14 10 145.000000 0.420000 -1.000000 -1.000000 -1.000000 -1.000000 nan nan nan nan -1.000000000000e+00 -1.000000e+00 -1.000000000000e+00  -1.000000000000e+00  0.000000000000e+00  -1.000000000000e+00   -1.000000000000e+00   -1.000000000000e+00   -1.000000000000e+00    -1.000000000000e+00    nan     -1.000000     -0.001000     -0.001000     -1.000000     -0.001000     -0.001000     -0.000001     -0.001000     -0.001000     -1.000000     -1.000000     -1.000000 
432 14 11 145.000000 0.460000 -1.000000 -1.000000 -1.000000 -1.000000 nan nan nan nan -1.000000000000e+00 -1.000000e+00 -1.000000000000e+00  -1.000000000000e+00  0.000000000000e+00  -1.000000000000e+00   -1.000000000000e+00   -1.000000000000e+00   -1.000000000000e+00    -1.000000000000e+00    nan     -1.000000     -0.001000     -0.001000     -1.000000     -0.001000     -0.001000     -0.000001     -0.001000     -0.001000     -1.000000     -1.000000     -1.000000 
433 14 12 145.000000 0.500000 -1.000000 -1.000000 -1.000000 -1.000000 nan nan nan nan -1.000000000000e+00 -1.000000e+00 -1.000000000000e+00  -1.000000000000e+00  0.000000000000e+00  -1.000000000000e+00   -1.000000000000e+00   -1.000000000000e+00   -1.000000000000e+00    -1.000000000000e+00    nan     -1.000000     -0.001000     -0.001000     -1.000000     -0.001000     -0.001000     -0.000001     -0.001000     -0.001000     -1.000000     -1.000000     -1.000000 
434 14 13 145.000000 0.540000 -1.000000 -1.000000 -1.000000 -1.000000 nan nan nan nan -1.000000000000e+00 -1.000000e+00 -1.000000000000e+00  -1.000000000000e+00  0.000000000000e+00  -1.000000000000e+00   -1.000000000000e+00   -1.000000000000e+00   -1.000000000000e+00    -1.000000000000e+00    nan     -1.000000     -0.001000     -0.001000     -1.000000     -0.001000     -0.001000     -0.000001     -0.001000     -0.001000     -1.000000     -1.000000     -1.000000 
435 14 14 145.000000 0.580000 -1.000000 -1.000000 -1.000000 -1.000000 nan nan nan nan -1.000000000000e+00 -1.000000e+00 -1.000000000000e+00  -1.000000000000e+00  0.000000000000e+00  -1.000000000000e+00   -1.000000000000e+00   -1.000000000000e+00   -1.000000000000e+00    -1.000000000000e+00    nan     -1.000000     -0.001000     -0.001000     -1.000000     -0.001000     -0.001000     -0.000001     -0.001000     -0.001000     -1.000000     -1.000000     -1.000000 
436 14 15 145.000000 0.620000 -1.000000 -1.000000 -1.000000 -1.000000 nan nan nan nan -1.000000000000e+00 -1.000000e+00 -1.000000000000e+00  -1.000000000000e+00  0.000000000000e+00  -1.000000000000e+00   -1.000000000000e+00   -1.000000000000e+00   -1.000000000000e+00    -1.000000000000e+00    nan     -1.000000     -0.001000     -0.001000     -1.000000     -0.001000     -0.001000     -0.000001     -0.001000     -0.001000     -1.000000     -1.000000     -1.000000 
437 14 16 145.000000 0.660000 -1.000000 -1.000000 -1.000000 -1.000000 nan nan nan nan -1.000000000000e+00 -1.000000e+00 -1.000000000000e+00  -1.000000000000e+00  0.000000000000e+00  -1.000000000000e+00   -1.000000000000e+00   -1.000000000000e+00   -1.000000000000e+00    -1.000000000000e+00    nan     -1.000000     -0.001000     -0.001000     -1.000000     -0.001000     -0.001000     -0.000001     -0.001000     -0.001000     -1.000000     -1.000000     -1.000000 
438 14 17 145.000000 0.700000 -1.000000 -1.000000 -1.000000 -1.000000 nan nan nan nan -1.000000000000e+00 -1.000000e+00 -1.000000000000e+00  -1.000000000000e+00  0.000000000000e+00  -1.000000000000e+00   -1.000000000000e+00   -1.000000000000e+00   -1.000000000000e+00    -1.000000000000e+00    nan     -1.000000     -0.001000     -0.001000     -1.000000     -0.001000     -0.001000     -0.000001     -0.001000     -0.001000     -1.000000     -1.000000     -1.000000 
439 14 18 145.000000 0.740000 -1.000000 -1.000000 -1.000000 -1.000000 nan nan nan nan -1.000000000000e+00 -1.000000e+00 -1.000000000000e+00  -1.000000000000e+00  0.000000000000e+00  -1.000000000000e+00   -1.000000000000e+00   -1.000000000000e+00   -1.000000000000e+00    -1.000000000000e+00    nan     -1.000000     -0.001000     -0.001000     -1.000000     -0.001000     -0.001000     -0.000001     -0.001000     -0.001000     -1.000000     -1.000000     -1.000000 
440 14 19 145.000000 0.780000 -1.000000 -1.000000 -1.000000 -1.000000 nan nan nan nan -1.000000000000e+00 -1.000000e+00 -1.000000000000e+00  -1.000000000000e+00  0.000000000000e+00  -1.000000000000e+00   -1.000000000000e+00   -1.000000000000e+00   -1.000000000000e+00    -1.000000000000e+00    nan     -1.000000     -0.001000     -0.001000     -1.000000     -0.001000     -0.001000     -0.000001     -0.001000     -0.001000     -1.000000     -1.000000     -1.000000 
441 14 20 145.000000 0.820000 -1.000000 -1.000000 -1.000000 -1.000000 nan nan nan nan -1.000000000000e+00 -1.000000e+00 -1.000000000000e+00  -1.000000000000e+00  0.000000000000e+00  -1.000000000000e+00   -1.000000000000e+00   -1.000000000000e+00   -1.000000000000e+00    -1.000000000000e+00    nan     -1.000000     -0.001000     -0.001000     -1.000000     -0.001000     -0.001000     -0.000001     -0.001000     -0.001000     -1.000000     -1.000000     -1.000000 
442 14 21 145.000000 0.860000 -1.000000 -1.000000 -1.000000 -1.000000 nan nan nan nan -1.000000000000e+00 -1.000000e+00 -1.000000000000e+00  -1.000000000000e+00  0.000000000000e+00  -1.000000000000e+00   -1.000000000000e+00   -1.000000000000e+00   -1.000000000000e+00    -1.000000000000e+00    nan     -1.000000     -0.001000     -0.001000     -1.000000     -0.001000     -0.001000     -0.000001     -0.001000     -0.001000     -1.000000     -1.000000     -1.000000 
443 14 22 145.000000 0.900000 -1.000000 -1.000000 -1.000000 -1.000000 nan nan nan nan -1.000000000000e+00 -1.000000e+00 -1.000000000000e+00  -1.000000000000e+00  0.000000000000e+00  -1.000000000000e+00   -1.000000000000e+00   -1.000000000000e+00   -1.000000000000e+00    -1.000000000000e+00    nan     -1.000000     -0.001000     -0.001000     -1.000000     -0.001000     -0.001000     -0.000001     -0.001000     -0.001000     -1.000000     -1.000000     -1.000000 
444 14 23 145.000000 0.940000 -1.000000 -1.000000 -1.000000 -1.000000 nan nan nan nan -1.000000000000e+00 -1.000000e+00 -1.000000000000e+00  -1.000000000000e+00  0.000000000000e+00  -1.000000000000e+00   -1.000000000000e+00   -1.000000000000e+00   -1.000000000000e+00    -1.000000000000e+00    nan     -1.000000     -0.001000     -0.001000     -1.000000     -0.001000     -0.001000     -0.000001     -0.001000     -0.001000     -1.000000     -1.000000     -1.000000 
445 14 24 145.000000 0.980000 -1.000000 -1.000000 -1.000000 -1.000000 nan nan nan nan -1.000000000000e+00 -1.000000e+00 -1.000000000000e+00  -1.000000000000e+00  0.000000000000e+00  -1.000000000000e+00   -1.000000000000e+00   -1.000000000000e+00   -1.000000000000e+00    -1.000000000000e+00    nan     -1.000000     -0.001000     -0.001000     -1.000000     -0.001000     -0.001000     -0.000001     -0.001000     -0.001000     -1.000000     -1.000000     -1.000000 
446 14 25 145.000000 1.020000 -1.000000 -1.000000 -1.000000 -1.000000 nan nan nan nan -1.000000000000e+00 -1.000000e+00 -1.000000000000e+00  -1.000000000000e+00  0.000000000000e+00  -1.000000000000e+00   -1.000000000000e+00   -1.000000000000e+00   -1.000000000000e+00    -1.000000000000e+00    nan     -1.000000     -0.001000     -0.001000     -1.000000     -0.001000     -0.001000     -0.000001     -0.001000     -0.001000     -1.000000     -1.000000     -1.000000 
447 14 26 145.000000 1.060000 -1.000000 -1.000000 -1.000000 -1.000000 nan nan nan nan -1.000000000000e+00 -1.000000e+00 -1.000000000000e+00  -1.000000000000e+00  0.000000000000e+00  -1.000000000000e+00   -1.000000000000e+00   -1.000000000000e+00   -1.000000000000e+00    -1.000000000000e+00    nan     -1.000000     -0.001000     -0.001000     -1.000000     -0.001000     -0.001000     -0.000001     -0.001000     -0.001000     -1.000000     -1.000000     -1.000000 
448 14 27 145.000000 1.100000 -1.000000 -1.000000 -1.000000 -1.000000 nan nan nan nan -1.000000000000e+00 -1.000000e+00 -1.000000000000e+00  -1.000000000000e+00  0.000000000000e+00  -1.000000000000e+00   -1.000000000000e+00   -1.000000000000e+00   -1.000000000000e+00    -1.000000000000e+00    nan     -1.000000     -0.001000     -0.001000     -1.000000     -0.001000     -0.001000     -0.000001     -0.001000     -0.001000     -1.000000     -1.000000     -1.000000 
449 14 28 145.000000 1.140000 -1.000000 -1.000000 -1.000000 -1.000000 nan nan nan nan -1.000000000000e+00 -1.000000e+00 -1.000000000000e+00  -1.000000000000e+00  0.000000000000e+00  -1.000000000000e+00   -1.000000000000e+00   -1.000000000000e+00   -1.000000000000e+00    -1.000000000000e+00    nan     -1.000000     -0.001000     -0.001000     -1.000000     -0.001000     -0.001000     -0.000001     -0.001000     -0.001000     -1.000000     -1.000000     -1.000000 
450 14 29 145.000000 1.180000 -1.000000 -1.000000 -1.000000 -1.000000 nan nan nan nan -1.000000000000e+00 -1.000000e+00 -1.000000000000e+00  -1.000000000000e+00  0.000000000000e+00  -1.000000000000e+00   -1.000000000000e+00   -1.000000000000e+00   -1.000000000000e+00    -1.000000000000e+00    nan     -1.000000     -0.001000     -0.001000     -1.000000     -0.001000     -0.001000     -0.000001     -0.001000     -0.001000     -1.000000     -1.000000     -1.000000 
451 15 0 155.000000 0.020000 -1.000000 -1.000000 -1.000000 -1.000000 nan nan nan nan -1.000000000000e+00 -1.000000e+00 -1.000000000000e+00  -1.000000000000e+00  3.407374242194e-03  3.334504249221e-03   -1.000000000000e+00   -1.000000000000e+00   1.438664344344e-06    1.407897116205e-06    2368.428922     2368.428922     10.541498     8.345162     12.325975     2.196336     2.979853     4.055635     2.988502     0.009596     0.233480     0.611838     0.984014 
452 15 1 155.000000 0.060000 -1.000000 -1.000000 -1.000000 -1.000000 nan nan nan nan -1.000000000000e+00 -1.000000e+00 -1.000000000000e+00  -1.000000000000e+00  0.000000000000e+00  -1.000000000000e+00   -1.000000000000e+00   -1.000000000000e+00   -1.000000000000e+00    -1.000000000000e+00    nan     -1.000000     -0.001000     -0.001000     -1.000000     -0.001000     -0.001000     -0.000001     -0.001000     -0.001000     -1.000000     -1.000000     -1.000000 
453 15 2 155.000000 0.100000 -1.000000 -1.000000 -1.000000 -1.000000 nan nan nan nan -1.000000000000e+00 -1.000000e+00 -1.000000000000e+00  -1.000000000000e+00  0.000000000000e+00  -1.000000000000e+00   -1.000000000000e+00   -1.000000000000e+00   -1.000000000000e+00    -1.000000000000e+00    nan     -1.000000     -0.001000     -0.001000     -1.000000     -0.001000     -0.001000     -0.000001     -0.001000     -0.001000     -1.000000     -1.000000     -1.000000 
454 15 3 155.000000 0.140000 -1.000000 -1.000000 -1.000000 -1.000000 nan nan nan nan -1.000000000000e+00 -1.000000e+00 -1.000000000000e+00  -1.000000000000e+00  0.000000000000e+00  -1.000000000000e+00   -1.000000000000e+00   -1.000000000000e+00   -1.000000000000e+00    -1.000000000000e+00    nan     -1.000000     -0.001000     -0.001000     -1.000000     -0.001000     -0.001000     -0.000001     -0.001000     -0.001000     -1.000000     -1.000000     -1.000000 
455 15 4 155.000000 0.180000 -1.000000 -1.000000 -1.000000 -1.000000 nan nan nan nan -1.000000000000e+00 -1.000000e+00 -1.000000000000e+00  -1.000000000000e+00  0.000000000000e+00  -1.000000000000e+00   -1.000000000000e+00   -1.000000000000e+00   -1.000000000000e+00    -1.000000000000e+00    nan     -1.000000     -0.001000     -0.001000     -1.000000     -0.001000     -0.001000     -0.000001     -0.001000     -0.001000     -1.000000     -1.000000     -1.000000 
456 15 5 155.000000 0.220000 -1.000000 -1.000000 -1.000000 -1.000000 nan nan nan nan -1.000000000000e+00 -1.000000e+00 -1.000000000000e+00  -1.000000000000e+00  0.000000000000e+00  -1.000000000000e+00   -1.000000000000e+00   -1.000000000000e+00   -1.000000000000e+00    -1.000000000000e+00    nan     -1.000000     -0.001000     -0.001000     -1.000000     -0.001000     -0.001000     -0.000001     -0.001000     -0.001000     -1.000000     -1.000000     -1.000000 
457 15 6 155.000000 0.260000 -1.000000 -1.000000 -1.000000 -1.000000 nan nan nan nan -1.000000000000e+00 -1.000000e+00 -1.000000000000e+00  -1.000000000000e+00  0.000000000000e+00  -1.000000000000e+00   -1.000000000000e+00   -1.000000000000e+00   -1.000000000000e+00    -1.000000000000e+00    nan     -1.000000     -0.001000     -0.001000     -1.000000     -0.001000     -0.001000     -0.000001     -0.001000     -0.001000     -1.000000     -1.000000     -1.000000 
458 15 7 155.000000 0.300000 -1.000000 -1.000000 -1.000000 -1.000000 nan nan nan nan -1.000000000000e+00 -1.000000e+00 -1.000000000000e+00  -1.000000000000e+00  0.000000000000e+00  -1.000000000000e+00   -1.000000000000e+00   -1.000000000000e+00   -1.000000000000e+00    -1.000000000000e+00    nan     -1.000000     -0.001000     -0.001000     -1.000000     -0.001000     -0.001000     -0.000001     -0.001000     -0.001000     -1.000000     -1.000000     -1.000000 
459 15 8 155.000000 0.340000 -1.000000 -1.000000 -1.000000 -1.000000 nan nan nan nan -1.000000000000e+00 -1.000000e+00 -1.000000000000e+00  -1.000000000000e+00  0.000000000000e+00  -1.000000000000e+00   -1.000000000000e+00   -1.000000000000e+00   -1.000000000000e+00    -1.000000000000e+00    nan     -1.000000     -0.001000     -0.001000     -1.000000     -0.001000     -0.001000     -0.000001     -0.001000     -0.001000     -1.000000     -1.000000     -1.000000 
460 15 9 155.000000 0.380000 -1.000000 -1.000000 -1.000000 -1.000000 nan nan nan nan -1.000000000000e+00 -1.000000e+00 -1.000000000000e+00  -1.000000000000e+00  0.000000000000e+00  -1.000000000000e+00   -1.000000000000e+00   -1.000000000000e+00   -1.000000000000e+00    -1.000000000000e+00    nan     -1.000000     -0.001000     -0.001000     -1.000000     -0.001000     -0.001000     -0.000001     -0.001000     -0.001000     -1.000000     -1.000000     -1.000000 
461 15 10 155.000000 0.420000 -1.000000 -1.000000 -1.000000 -1.000000 nan nan nan nan -1.000000000000e+00 -1.000000e+00 -1.000000000000e+00  -1.000000000000e+00  0.000000000000e+00  -1.000000000000e+00   -1.000000000000e+00   -1.000000000000e+00   -1.000000000000e+00    -1.000000000000e+00    nan     -1.000000     -0.001000     -0.001000     -1.000000     -0.001000     -0.001000     -0.000001     -0.001000     -0.001000     -1.000000     -1.000000     -1.000000 
462 15 11 155.000000 0.460000 -1.000000 -1.000000 -1.000000 -1.000000 nan nan nan nan -1.000000000000e+00 -1.000000e+00 -1.000000000000e+00  -1.000000000000e+00  0.000000000000e+00  -1.000000000000e+00   -1.000000000000e+00   -1.000000000000e+00   -1.000000000000e+00    -1.000000000000e+00    nan     -1.000000     -0.001000     -0.001000     -1.000000     -0.001000     -0.001000     -0.000001     -0.001000     -0.001000     -1.000000     -1.000000     -1.000000 
463 15 12 155.000000 0.500000 -1.000000 -1.000000 -1.000000 -1.000000 nan nan nan nan -1.000000000000e+00 -1.000000e+00 -1.000000000000e+00  -1.000000000000e+00  0.000000000000e+00  -1.000000000000e+00   -1.000000000000e+00   -1.000000000000e+00   -1.000000000000e+00    -1.000000000000e+00    nan     -1.000000     -0.001000     -0.001000     -1.000000     -0.001000     -0.001000     -0.000001     -0.001000     -0.001000     -1.000000     -1.000000     -1.000000 
464 15 13 155.000000 0.540000 -1.000000 -1.000000 -1.000000 -1.000000 nan nan nan nan -1.000000000000e+00 -1.000000e+00 -1.000000000000e+00  -1.000000000000e+00  0.000000000000e+00  -1.000000000000e+00   -1.000000000000e+00   -1.000000000000e+00   -1.000000000000e+00    -1.000000000000e+00    nan     -1.000000     -0.001000     -0.001000     -1.000000     -0.001000     -0.001000     -0.000001     -0.001000     -0.001000     -1.000000     -1.000000     -1.000000 
465 15 14 155.000000 0.580000 -1.000000 -1.000000 -1.000000 -1.000000 nan nan nan nan -1.000000000000e+00 -1.000000e+00 -1.000000000000e+00  -1.000000000000e+00  0.000000000000e+00  -1.000000000000e+00   -1.000000000000e+00   -1.000000000000e+00   -1.000000000000e+00    -1.000000000000e+00    nan     -1.000000     -0.001000     -0.001000     -1.000000     -0.001000     -0.001000     -0.000001     -0.001000     -0.001000     -1.000000     -1.000000     -1.000000 
466 15 15 155.000000 0.620000 -1.000000 -1.000000 -1.000000 -1.000000 nan nan nan nan -1.000000000000e+00 -1.000000e+00 -1.000000000000e+00  -1.000000000000e+00  0.000000000000e+00  -1.000000000000e+00   -1.000000000000e+00   -1.000000000000e+00   -1.000000000000e+00    -1.000000000000e+00    nan     -1.000000     -0.001000     -0.001000     -1.000000     -0.001000     -0.001000     -0.000001     -0.001000     -0.001000     -1.000000     -1.000000     -1.000000 
467 15 16 155.000000 0.660000 -1.000000 -1.000000 -1.000000 -1.000000 nan nan nan nan -1.000000000000e+00 -1.000000e+00 -1.000000000000e+00  -1.000000000000e+00  0.000000000000e+00  -1.000000000000e+00   -1.000000000000e+00   -1.000000000000e+00   -1.000000000000e+00    -1.000000000000e+00    nan     -1.000000     -0.001000     -0.001000     -1.000000     -0.001000     -0.001000     -0.000001     -0.001000     -0.001000     -1.000000     -1.000000     -1.000000 
468 15 17 155.000000 0.700000 -1.000000 -1.000000 -1.000000 -1.000000 nan nan nan nan -1.000000000000e+00 -1.000000e+00 -1.000000000000e+00  -1.000000000000e+00  0.000000000000e+00  -1.000000000000e+00   -1.000000000000e+00   -1.000000000000e+00   -1.000000000000e+00    -1.000000000000e+00    nan     -1.000000     -0.001000     -0.001000     -1.000000     -0.001000     -0.001000     -0.000001     -0.001000     -0.001000     -1.000000     -1.000000     -1.000000 
469 15 18 155.000000 0.740000 -1.000000 -1.000000 -1.000000 -1.000000 nan nan nan nan -1.000000000000e+00 -1.000000e+00 -1.000000000000e+00  -1.000000000000e+00  0.000000000000e+00  -1.000000000000e+00   -1.000000000000e+00   -1.000000000000e+00   -1.000000000000e+00    -1.000000000000e+00    nan     -1.000000     -0.001000     -0.001000     -1.000000     -0.001000     -0.001000     -0.000001     -0.001000     -0.001000     -1.000000     -1.000000     -1.000000 
470 15 19 155.000000 0.780000 -1.000000 -1.000000 -1.000000 -1.000000 nan nan nan nan -1.000000000000e+00 -1.000000e+00 -1.000000000000e+00  -1.000000000000e+00  0.000000000000e+00  -1.000000000000e+00   -1.000000000000e+00   -1.000000000000e+00   -1.000000000000e+00    -1.000000000000e+00    nan     -1.000000     -0.001000     -0.001000     -1.000000     -0.001000     -0.001000     -0.000001     -0.001000     -0.001000     -1.000000     -1.000000     -1.000000 
471 15 20 155.000000 0.820000 -1.000000 -1.000000 -1.000000 -1.000000 nan nan nan nan -1.000000000000e+00 -1.000000e+00 -1.000000000000e+00  -1.000000000000e+00  0.000000000000e+00  -1.000000000000e+00   -1.000000000000e+00   -1.000000000000e+00   -1.000000000000e+00    -1.000000000000e+00    nan     -1.000000     -0.001000     -0.001000     -1.000000     -0.001000     -0.001000     -0.000001     -0.001000     -0.001000     -1.000000     -1.000000     -1.000000 
472 15 21 155.000000 0.860000 -1.000000 -1.000000 -1.000000 -1.000000 nan nan nan nan -1.000000000000e+00 -1.000000e+00 -1.000000000000e+00  -1.000000000000e+00  0.000000000000e+00  -1.000000000000e+00   -1.000000000000e+00   -1.000000000000e+00   -1.000000000000e+00    -1.000000000000e+00    nan     -1.000000     -0.001000     -0.001000     -1.000000     -0.001000     -0.001000     -0.000001     -0.001000     -0.001000     -1.000000     -1.000000     -1.000000 
473 15 22 155.000000 0.900000 -1.000000 -1.000000 -1.000000 -1.000000 nan nan nan nan -1.000000000000e+00 -1.000000e+00 -1.000000000000e+00  -1.000000000000e+00  0.000000000000e+00  -1.000000000000e+00   -1.000000000000e+00   -1.000000000000e+00   -1.000000000000e+00    -1.000000000000e+00    nan     -1.000000     -0.001000     -0.001000     -1.000000     -0.001000     -0.001000     -0.000001     -0.001000     -0.001000     -1.000000     -1.000000     -1.000000 
474 15 23 155.000000 0.940000 -1.000000 -1.000000 -1.000000 -1.000000 nan nan nan nan -1.000000000000e+00 -1.000000e+00 -1.000000000000e+00  -1.000000000000e+00  0.000000000000e+00  -1.000000000000e+00   -1.000000000000e+00   -1.000000000000e+00   -1.000000000000e+00    -1.000000000000e+00    nan     -1.000000     -0.001000     -0.001000     -1.000000     -0.001000     -0.001000     -0.000001     -0.001000     -0.001000     -1.000000     -1.000000     -1.000000 
475 15 24 155.000000 0.980000 -1.000000 -1.000000 -1.000000 -1.000000 nan nan nan nan -1.000000000000e+00 -1.000000e+00 -1.000000000000e+00  -1.000000000000e+00  0.000000000000e+00  -1.000000000000e+00   -1.000000000000e+00   -1.000000000000e+00   -1.000000000000e+00    -1.000000000000e+00    nan     -1.000000     -0.001000     -0.001000     -1.000000     -0.001000     -0.001000     -0.000001     -0.001000     -0.001000     -1.000000     -1.000000     -1.000000 
476 15 25 155.000000 1.020000 -1.000000 -1.000000 -1.000000 -1.000000 nan nan nan nan -1.000000000000e+00 -1.000000e+00 -1.000000000000e+00  -1.000000000000e+00  0.000000000000e+00  -1.000000000000e+00   -1.000000000000e+00   -1.000000000000e+00   -1.000000000000e+00    -1.000000000000e+00    nan     -1.000000     -0.001000     -0.001000     -1.000000     -0.001000     -0.001000     -0.000001     -0.001000     -0.001000     -1.000000     -1.000000     -1.000000 
477 15 26 155.000000 1.060000 -1.000000 -1.000000 -1.000000 -1.000000 nan nan nan nan -1.000000000000e+00 -1.000000e+00 -1.000000000000e+00  -1.000000000000e+00  0.000000000000e+00  -1.000000000000e+00   -1.000000000000e+00   -1.000000000000e+00   -1.000000000000e+00    -1.000000000000e+00    nan     -1.000000     -0.001000     -0.001000     -1.000000     -0.001000     -0.001000     -0.000001     -0.001000     -0.001000     -1.000000     -1.000000     -1.000000 
478 15 27 155.000000 1.100000 -1.000000 -1.000000 -1.000000 -1.000000 nan nan nan nan -1.000000000000e+00 -1.000000e+00 -1.000000000000e+00  -1.000000000000e+00  0.000000000000e+00  -1.000000000000e+00   -1.000000000000e+00   -1.000000000000e+00   -1.000000000000e+00    -1.000000000000e+00    nan     -1.000000     -0.001000     -0.001000     -1.000000     -0.001000     -0.001000     -0.000001     -0.001000     -0.001000     -1.000000     -1.000000     -1.000000 
479 15 28 155.000000 1.140000 -1.000000 -1.000000 -1.000000 -1.000000 nan nan nan nan -1.000000000000e+00 -1.000000e+00 -1.000000000000e+00  -1.000000000000e+00  0.000000000000e+00  -1.000000000000e+00   -1.000000000000e+00   -1.000000000000e+00   -1.000000000000e+00    -1.000000000000e+00    nan     -1.000000     -0.001000     -0.001000     -1.000000     -0.001000     -0.001000     -0.000001     -0.001000     -0.001000     -1.000000     -1.000000     -1.000000 
480 15 29 155.000000 1.180000 -1.000000 -1.000000 -1.000000 -1.000000 nan nan nan nan -1.000000000000e+00 -1.000000e+00 -1.000000000000e+00  -1.000000000000e+00  0.000000000000e+00  -1.000000000000e+00   -1.000000000000e+00   -1.000000000000e+00   -1.000000000000e+00    -1.000000000000e+00    nan     -1.000000     -0.001000     -0.001000     -1.000000     -0.001000     -0.001000     -0.000001     -0.001000     -0.001000     -1.000000     -1.000000     -1.000000 
481 16 0 165.000000 0.020000 -1.000000 -1.000000 -1.000000 -1.000000 nan nan nan nan -1.000000000000e+00 -1.000000e+00 -1.000000000000e+00  -1.000000000000e+00  0.000000000000e+00  -1.000000000000e+00   -1.000000000000e+00   -1.000000000000e+00   -1.000000000000e+00    -1.000000000000e+00    nan     -1.000000     -0.001000     -0.001000     -1.000000     -0.001000     -0.001000     -0.000001     -0.001000     -0.001000     -1.000000     -1.000000     -1.000000 
482 16 1 165.000000 0.060000 -1.000000 -1.000000 -1.000000 -1.000000 nan nan nan nan -1.000000000000e+00 -1.000000e+00 -1.000000000000e+00  -1.000000000000e+00  0.000000000000e+00  -1.000000000000e+00   -1.000000000000e+00   -1.000000000000e+00   -1.000000000000e+00    -1.000000000000e+00    nan     -1.000000     -0.001000     -0.001000     -1.000000     -0.001000     -0.001000     -0.000001     -0.001000     -0.001000     -1.000000     -1.000000     -1.000000 
483 16 2 165.000000 0.100000 -1.000000 -1.000000 -1.000000 -1.000000 nan nan nan nan -1.000000000000e+00 -1.000000e+00 -1.000000000000e+00  -1.000000000000e+00  0.000000000000e+00  -1.000000000000e+00   -1.000000000000e+00   -1.000000000000e+00   -1.000000000000e+00    -1.000000000000e+00    nan     -1.000000     -0.001000     -0.001000     -1.000000     -0.001000     -0.001000     -0.000001     -0.001000     -0.001000     -1.000000     -1.000000     -1.000000 
484 16 3 165.000000 0.140000 -1.000000 -1.000000 -1.000000 -1.000000 nan nan nan nan -1.000000000000e+00 -1.000000e+00 -1.000000000000e+00  -1.000000000000e+00  0.000000000000e+00  -1.000000000000e+00   -1.000000000000e+00   -1.000000000000e+00   -1.000000000000e+00    -1.000000000000e+00    nan     -1.000000     -0.001000     -0.001000     -1.000000     -0.001000     -0.001000     -0.000001     -0.001000     -0.001000     -1.000000     -1.000000     -1.000000 
485 16 4 165.000000 0.180000 -1.000000 -1.000000 -1.000000 -1.000000 nan nan nan nan -1.000000000000e+00 -1.000000e+00 -1.000000000000e+00  -1.000000000000e+00  0.000000000000e+00  -1.000000000000e+00   -1.000000000000e+00   -1.000000000000e+00   -1.000000000000e+00    -1.000000000000e+00    nan     -1.000000     -0.001000     -0.001000     -1.000000     -0.001000     -0.001000     -0.000001     -0.001000     -0.001000     -1.000000     -1.000000     -1.000000 
486 16 5 165.000000 0.220000 -1.000000 -1.000000 -1.000000 -1.000000 nan nan nan nan -1.000000000000e+00 -1.000000e+00 -1.000000000000e+00  -1.000000000000e+00  0.000000000000e+00  -1.000000000000e+00   -1.000000000000e+00   -1.000000000000e+00   -1.000000000000e+00    -1.000000000000e+00    nan     -1.000000     -0.001000     -0.001000     -1.000000     -0.001000     -0.001000     -0.000001     -0.001000     -0.001000     -1.000000     -1.000000     -1.000000 
487 16 6 165.000000 0.260000 -1.000000 -1.000000 -1.000000 -1.000000 nan nan nan nan -1.000000000000e+00 -1.000000e+00 -1.000000000000e+00  -1.000000000000e+00  0.000000000000e+00  -1.000000000000e+00   -1.000000000000e+00   -1.000000000000e+00   -1.000000000000e+00    -1.000000000000e+00    nan     -1.000000     -0.001000     -0.001000     -1.000000     -0.001000     -0.001000     -0.000001     -0.001000     -0.001000     -1.000000     -1.000000     -1.000000 
488 16 7 165.000000 0.300000 -1.000000 -1.000000 -1.000000 -1.000000 nan nan nan nan -1.000000000000e+00 -1.000000e+00 -1.000000000000e+00  -1.000000000000e+00  0.000000000000e+00  -1.000000000000e+00   -1.000000000000e+00   -1.000000000000e+00   -1.000000000000e+00    -1.000000000000e+00    nan     -1.000000     -0.001000     -0.001000     -1.000000     -0.001000     -0.001000     -0.000001     -0.001000     -0.001000     -1.000000     -1.000000     -1.000000 
489 16 8 165.000000 0.340000 -1.000000 -1.000000 -1.000000 -1.000000 nan nan nan nan -1.000000000000e+00 -1.000000e+00 -1.000000000000e+00  -1.000000000000e+00  0.000000000000e+00  -1.000000000000e+00   -1.000000000000e+00   -1.000000000000e+00   -1.000000000000e+00    -1.000000000000e+00    nan     -1.000000     -0.001000     -0.001000     -1.000000     -0.001000     -0.001000     -0.000001     -0.001000     -0.001000     -1.000000     -1.000000     -1.000000 
490 16 9 165.000000 0.380000 -1.000000 -1.000000 -1.000000 -1.000000 nan nan nan nan -1.000000000000e+00 -1.000000e+00 -1.000000000000e+00  -1.000000000000e+00  0.000000000000e+00  -1.000000000000e+00   -1.000000000000e+00   -1.000000000000e+00   -1.000000000000e+00    -1.000000000000e+00    nan     -1.000000     -0.001000     -0.001000     -1.000000     -0.001000     -0.001000     -0.000001     -0.001000     -0.001000     -1.000000     -1.000000     -1.000000 
491 16 10 165.000000 0.420000 -1.000000 -1.000000 -1.000000 -1.000000 nan nan nan nan -1.000000000000e+00 -1.000000e+00 -1.000000000000e+00  -1.000000000000e+00  0.000000000000e+00  -1.000000000000e+00   -1.000000000000e+00   -1.000000000000e+00   -1.000000000000e+00    -1.000000000000e+00    nan     -1.000000     -0.001000     -0.001000     -1.000000     -0.001000     -0.001000     -0.000001     -0.001000     -0.001000     -1.000000     -1.000000     -1.000000 
492 16 11 165.000000 0.460000 -1.000000 -1.000000 -1.000000 -1.000000 nan nan nan nan -1.000000000000e+00 -1.000000e+00 -1.000000000000e+00  -1.000000000000e+00  0.000000000000e+00  -1.000000000000e+00   -1.000000000000e+00   -1.000000000000e+00   -1.000000000000e+00    -1.000000000000e+00    nan     -1.000000     -0.001000     -0.001000     -1.000000     -0.001000     -0.001000     -0.000001     -0.001000     -0.001000     -1.000000     -1.000000     -1.000000 
493 16 12 165.000000 0.500000 -1.000000 -1.000000 -1.000000 -1.000000 nan nan nan nan -1.000000000000e+00 -1.000000e+00 -1.000000000000e+00  -1.000000000000e+00  0.000000000000e+00  -1.000000000000e+00   -1.000000000000e+00   -1.000000000000e+00   -1.000000000000e+00    -1.000000000000e+00    nan     -1.000000     -0.001000     -0.001000     -1.000000     -0.001000     -0.001000     -0.000001     -0.001000     -0.001000     -1.000000     -1.000000     -1.000000 
494 16 13 165.000000 0.540000 -1.000000 -1.000000 -1.000000 -1.000000 nan nan nan nan -1.000000000000e+00 -1.000000e+00 -1.000000000000e+00  -1.000000000000e+00  0.000000000000e+00  -1.000000000000e+00   -1.000000000000e+00   -1.000000000000e+00   -1.000000000000e+00    -1.000000000000e+00    nan     -1.000000     -0.001000     -0.001000     -1.000000     -0.001000     -0.001000     -0.000001     -0.001000     -0.001000     -1.000000     -1.000000     -1.000000 
495 16 14 165.000000 0.580000 -1.000000 -1.000000 -1.000000 -1.000000 nan nan nan nan -1.000000000000e+00 -1.000000e+00 -1.000000000000e+00  -1.000000000000e+00  0.000000000000e+00  -1.000000000000e+00   -1.000000000000e+00   -1.000000000000e+00   -1.000000000000e+00    -1.000000000000e+00    nan     -1.000000     -0.001000     -0.001000     -1.000000     -0.001000     -0.001000     -0.000001     -0.001000     -0.001000     -1.000000     -1.000000     -1.000000 
496 16 15 165.000000 0.620000 -1.000000 -1.000000 -1.000000 -1.000000 nan nan nan nan -1.000000000000e+00 -1.000000e+00 -1.000000000000e+00  -1.000000000000e+00  0.000000000000e+00  -1.000000000000e+00   -1.000000000000e+00   -1.000000000000e+00   -1.000000000000e+00    -1.000000000000e+00    nan     -1.000000     -0.001000     -0.001000     -1.000000     -0.001000     -0.001000     -0.000001     -0.001000     -0.001000     -1.000000     -1.000000     -1.000000 
497 16 16 165.000000 0.660000 -1.000000 -1.000000 -1.000000 -1.000000 nan nan nan nan -1.000000000000e+00 -1.000000e+00 -1.000000000000e+00  -1.000000000000e+00  0.000000000000e+00  -1.000000000000e+00   -1.000000000000e+00   -1.000000000000e+00   -1.000000000000e+00    -1.000000000000e+00    nan     -1.000000     -0.001000     -0.001000     -1.000000     -0.001000     -0.001000     -0.000001     -0.001000     -0.001000     -1.000000     -1.000000     -1.000000 
498 16 17 165.000000 0.700000 -1.000000 -1.000000 -1.000000 -1.000000 nan nan nan nan -1.000000000000e+00 -1.000000e+00 -1.000000000000e+00  -1.000000000000e+00  0.000000000000e+00  -1.000000000000e+00   -1.000000000000e+00   -1.000000000000e+00   -1.000000000000e+00    -1.000000000000e+00    nan     -1.000000     -0.001000     -0.001000     -1.000000     -0.001000     -0.001000     -0.000001     -0.001000     -0.001000     -1.000000     -1.000000     -1.000000 
499 16 18 165.000000 0.740000 -1.000000 -1.000000 -1.000000 -1.000000 nan nan nan nan -1.000000000000e+00 -1.000000e+00 -1.000000000000e+00  -1.000000000000e+00  0.000000000000e+00  -1.000000000000e+00   -1.000000000000e+00   -1.000000000000e+00   -1.000000000000e+00    -1.000000000000e+00    nan     -1.000000     -0.001000     -0.001000     -1.000000     -0.001000     -0.001000     -0.000001     -0.001000     -0.001000     -1.000000     -1.000000     -1.000000 
500 16 19 165.000000 0.780000 -1.000000 -1.000000 -1.000000 -1.000000 nan nan nan nan -1.000000000000e+00 -1.000000e+00 -1.000000000000e+00  -1.000000000000e+00  0.000000000000e+00  -1.000000000000e+00   -1.000000000000e+00   -1.000000000000e+00   -1.000000000000e+00    -1.000000000000e+00    nan     -1.000000     -0.001000     -0.001000     -1.000000     -0.001000     -0.001000     -0.000001     -0.001000     -0.001000     -1.000000     -1.000000     -1.000000 
501 16 20 165.000000 0.820000 -1.000000 -1.000000 -1.000000 -1.000000 nan nan nan nan -1.000000000000e+00 -1.000000e+00 -1.000000000000e+00  -1.000000000000e+00  0.000000000000e+00  -1.000000000000e+00   -1.000000000000e+00   -1.000000000000e+00   -1.000000000000e+00    -1.000000000000e+00    nan     -1.000000     -0.001000     -0.001000     -1.000000     -0.001000     -0.001000     -0.000001     -0.001000     -0.001000     -1.000000     -1.000000     -1.000000 
502 16 21 165.000000 0.860000 -1.000000 -1.000000 -1.000000 -1.000000 nan nan nan nan -1.000000000000e+00 -1.000000e+00 -1.000000000000e+00  -1.000000000000e+00  0.000000000000e+00  -1.000000000000e+00   -1.000000000000e+00   -1.000000000000e+00   -1.000000000000e+00    -1.000000000000e+00    nan     -1.000000     -0.001000     -0.001000     -1.000000     -0.001000     -0.001000     -0.000001     -0.001000     -0.001000     -1.000000     -1.000000     -1.000000 
503 16 22 165.000000 0.900000 -1.000000 -1.000000 -1.000000 -1.000000 nan nan nan nan -1.000000000000e+00 -1.000000e+00 -1.000000000000e+00  -1.000000000000e+00  0.000000000000e+00  -1.000000000000e+00   -1.000000000000e+00   -1.000000000000e+00   -1.000000000000e+00    -1.000000000000e+00    nan     -1.000000     -0.001000     -0.001000     -1.000000     -0.001000     -0.001000     -0.000001     -0.001000     -0.001000     -1.000000     -1.000000     -1.000000 
504 16 23 165.000000 0.940000 -1.000000 -1.000000 -1.000000 -1.000000 nan nan nan nan -1.000000000000e+00 -1.000000e+00 -1.000000000000e+00  -1.000000000000e+00  0.000000000000e+00  -1.000000000000e+00   -1.000000000000e+00   -1.000000000000e+00   -1.000000000000e+00    -1.000000000000e+00    nan     -1.000000     -0.001000     -0.001000     -1.000000     -0.001000     -0.001000     -0.000001     -0.001000     -0.001000     -1.000000     -1.000000     -1.000000 
505 16 24 165.000000 0.980000 -1.000000 -1.000000 -1.000000 -1.000000 nan nan nan nan -1.000000000000e+00 -1.000000e+00 -1.000000000000e+00  -1.000000000000e+00  0.000000000000e+00  -1.000000000000e+00   -1.000000000000e+00   -1.000000000000e+00   -1.000000000000e+00    -1.000000000000e+00    nan     -1.000000     -0.001000     -0.001000     -1.000000     -0.001000     -0.001000     -0.000001     -0.001000     -0.001000     -1.000000     -1.000000     -1.000000 
506 16 25 165.000000 1.020000 -1.000000 -1.000000 -1.000000 -1.000000 nan nan nan nan -1.000000000000e+00 -1.000000e+00 -1.000000000000e+00  -1.000000000000e+00  0.000000000000e+00  -1.000000000000e+00   -1.000000000000e+00   -1.000000000000e+00   -1.000000000000e+00    -1.000000000000e+00    nan     -1.000000     -0.001000     -0.001000     -1.000000     -0.001000     -0.001000     -0.000001     -0.001000     -0.001000     -1.000000     -1.000000     -1.000000 
507 16 26 165.000000 1.060000 -1.000000 -1.000000 -1.000000 -1.000000 nan nan nan nan -1.000000000000e+00 -1.000000e+00 -1.000000000000e+00  -1.000000000000e+00  0.000000000000e+00  -1.000000000000e+00   -1.000000000000e+00   -1.000000000000e+00   -1.000000000000e+00    -1.000000000000e+00    nan     -1.000000     -0.001000     -0.001000     -1.000000     -0.001000     -0.001000     -0.000001     -0.001000     -0.001000     -1.000000     -1.000000     -1.000000 
508 16 27 165.000000 1.100000 -1.000000 -1.000000 -1.000000 -1.000000 nan nan nan nan -1.000000000000e+00 -1.000000e+00 -1.000000000000e+00  -1.000000000000e+00  0.000000000000e+00  -1.000000000000e+00   -1.000000000000e+00   -1.000000000000e+00   -1.000000000000e+00    -1.000000000000e+00    nan     -1.000000     -0.001000     -0.001000     -1.000000     -0.001000     -0.001000     -0.000001     -0.001000     -0.001000     -1.000000     -1.000000     -1.000000 
509 16 28 165.000000 1.140000 -1.000000 -1.000000 -1.000000 -1.000000 nan nan nan nan -1.000000000000e+00 -1.000000e+00 -1.000000000000e+00  -1.000000000000e+00  0.000000000000e+00  -1.000000000000e+00   -1.000000000000e+00   -1.000000000000e+00   -1.000000000000e+00    -1.000000000000e+00    nan     -1.000000     -0.001000     -0.001000     -1.000000     -0.001000     -0.001000     -0.000001     -0.001000     -0.001000     -1.000000     -1.000000     -1.000000 
510 16 29 165.000000 1.180000 -1.000000 -1.000000 -1.000000 -1.000000 nan nan nan nan -1.000000000000e+00 -1.000000e+00 -1.000000000000e+00  -1.000000000000e+00  0.000000000000e+00  -1.000000000000e+00   -1.000000000000e+00   -1.000000000000e+00   -1.000000000000e+00    -1.000000000000e+00    nan     -1.000000     -0.001000     -0.001000     -1.000000     -0.001000     -0.001000     -0.000001     -0.001000     -0.001000     -1.000000     -1.000000     -1.000000 
511 17 0 175.000000 0.020000 -1.000000 -1.000000 -1.000000 -1.000000 nan nan nan nan -1.000000000000e+00 -1.000000e+00 -1.000000000000e+00  -1.000000000000e+00  0.000000000000e+00  -1.000000000000e+00   -1.000000000000e+00   -1.000000000000e+00   -1.000000000000e+00    -1.000000000000e+00    nan     -1.000000     -0.001000     -0.001000     -1.000000     -0.001000     -0.001000     -0.000001     -0.001000     -0.001000     -1.000000     -1.000000     -1.000000 
512 17 1 175.000000 0.060000 -1.000000 -1.000000 -1.000000 -1.000000 nan nan nan nan -1.000000000000e+00 -1.000000e+00 -1.000000000000e+00  -1.000000000000e+00  0.000000000000e+00  -1.000000000000e+00   -1.000000000000e+00   -1.000000000000e+00   -1.000000000000e+00    -1.000000000000e+00    nan     -1.000000     -0.001000     -0.001000     -1.000000     -0.001000     -0.001000     -0.000001     -0.001000     -0.001000     -1.000000     -1.000000     -1.000000 
513 17 2 175.000000 0.100000 -1.000000 -1.000000 -1.000000 -1.000000 nan nan nan nan -1.000000000000e+00 -1.000000e+00 -1.000000000000e+00  -1.000000000000e+00  0.000000000000e+00  -1.000000000000e+00   -1.000000000000e+00   -1.000000000000e+00   -1.000000000000e+00    -1.000000000000e+00    nan     -1.000000     -0.001000     -0.001000     -1.000000     -0.001000     -0.001000     -0.000001     -0.001000     -0.001000     -1.000000     -1.000000     -1.000000 
514 17 3 175.000000 0.140000 -1.000000 -1.000000 -1.000000 -1.000000 nan nan nan nan -1.000000000000e+00 -1.000000e+00 -1.000000000000e+00  -1.000000000000e+00  0.000000000000e+00  -1.000000000000e+00   -1.000000000000e+00   -1.000000000000e+00   -1.000000000000e+00    -1.000000000000e+00    nan     -1.000000     -0.001000     -0.001000     -1.000000     -0.001000     -0.001000     -0.000001     -0.001000     -0.001000     -1.000000     -1.000000     -1.000000 
515 17 4 175.000000 0.180000 -1.000000 -1.000000 -1.000000 -1.000000 nan nan nan nan -1.000000000000e+00 -1.000000e+00 -1.000000000000e+00  -1.000000000000e+00  0.000000000000e+00  -1.000000000000e+00   -1.000000000000e+00   -1.000000000000e+00   -1.000000000000e+00    -1.000000000000e+00    nan     -1.000000     -0.001000     -0.001000     -1.000000     -0.001000     -0.001000     -0.000001     -0.001000     -0.001000     -1.000000     -1.000000     -1.000000 
516 17 5 175.000000 0.220000 -1.000000 -1.000000 -1.000000 -1.000000 nan nan nan nan -1.000000000000e+00 -1.000000e+00 -1.000000000000e+00  -1.000000000000e+00  0.000000000000e+00  -1.000000000000e+00   -1.000000000000e+00   -1.000000000000e+00   -1.000000000000e+00    -1.000000000000e+00    nan     -1.000000     -0.001000     -0.001000     -1.000000     -0.001000     -0.001000     -0.000001     -0.001000     -0.001000     -1.000000     -1.000000     -1.000000 
517 17 6 175.000000 0.260000 -1.000000 -1.000000 -1.000000 -1.000000 nan nan nan nan -1.000000000000e+00 -1.000000e+00 -1.000000000000e+00  -1.000000000000e+00  0.000000000000e+00  -1.000000000000e+00   -1.000000000000e+00   -1.000000000000e+00   -1.000000000000e+00    -1.000000000000e+00    nan     -1.000000     -0.001000     -0.001000     -1.000000     -0.001000     -0.001000     -0.000001     -0.001000     -0.001000     -1.000000     -1.000000     -1.000000 
518 17 7 175.000000 0.300000 -1.000000 -1.000000 -1.000000 -1.000000 nan nan nan nan -1.000000000000e+00 -1.000000e+00 -1.000000000000e+00  -1.000000000000e+00  0.000000000000e+00  -1.000000000000e+00   -1.000000000000e+00   -1.000000000000e+00   -1.000000000000e+00    -1.000000000000e+00    nan     -1.000000     -0.001000     -0.001000     -1.000000     -0.001000     -0.001000     -0.000001     -0.001000     -0.001000     -1.000000     -1.000000     -1.000000 
519 17 8 175.000000 0.340000 -1.000000 -1.000000 -1.000000 -1.000000 nan nan nan nan -1.000000000000e+00 -1.000000e+00 -1.000000000000e+00  -1.000000000000e+00  0.000000000000e+00  -1.000000000000e+00   -1.000000000000e+00   -1.000000000000e+00   -1.000000000000e+00    -1.000000000000e+00    nan     -1.000000     -0.001000     -0.001000     -1.000000     -0.001000     -0.001000     -0.000001     -0.001000     -0.001000     -1.000000     -1.000000     -1.000000 
520 17 9 175.000000 0.380000 -1.000000 -1.000000 -1.000000 -1.000000 nan nan nan nan -1.000000000000e+00 -1.000000e+00 -1.000000000000e+00  -1.000000000000e+00  0.000000000000e+00  -1.000000000000e+00   -1.000000000000e+00   -1.000000000000e+00   -1.000000000000e+00    -1.000000000000e+00    nan     -1.000000     -0.001000     -0.001000     -1.000000     -0.001000     -0.001000     -0.000001     -0.001000     -0.001000     -1.000000     -1.000000     -1.000000 
521 17 10 175.000000 0.420000 -1.000000 -1.000000 -1.000000 -1.000000 nan nan nan nan -1.000000000000e+00 -1.000000e+00 -1.000000000000e+00  -1.000000000000e+00  0.000000000000e+00  -1.000000000000e+00   -1.000000000000e+00   -1.000000000000e+00   -1.000000000000e+00    -1.000000000000e+00    nan     -1.000000     -0.001000     -0.001000     -1.000000     -0.001000     -0.001000     -0.000001     -0.001000     -0.001000     -1.000000     -1.000000     -1.000000 
522 17 11 175.000000 0.460000 -1.000000 -1.000000 -1.000000 -1.000000 nan nan nan nan -1.000000000000e+00 -1.000000e+00 -1.000000000000e+00  -1.000000000000e+00  0.000000000000e+00  -1.000000000000e+00   -1.000000000000e+00   -1.000000000000e+00   -1.000000000000e+00    -1.000000000000e+00    nan     -1.000000     -0.001000     -0.001000     -1.000000     -0.001000     -0.001000     -0.000001     -0.001000     -0.001000     -1.000000     -1.000000     -1.000000 
523 17 12 175.000000 0.500000 -1.000000 -1.000000 -1.000000 -1.000000 nan nan nan nan -1.000000000000e+00 -1.000000e+00 -1.000000000000e+00  -1.000000000000e+00  0.000000000000e+00  -1.000000000000e+00   -1.000000000000e+00   -1.000000000000e+00   -1.000000000000e+00    -1.000000000000e+00    nan     -1.000000     -0.001000     -0.001000     -1.000000     -0.001000     -0.001000     -0.000001     -0.001000     -0.001000     -1.000000     -1.000000     -1.000000 
524 17 13 175.000000 0.540000 -1.000000 -1.000000 -1.000000 -1.000000 nan nan nan nan -1.000000000000e+00 -1.000000e+00 -1.000000000000e+00  -1.000000000000e+00  0.000000000000e+00  -1.000000000000e+00   -1.000000000000e+00   -1.000000000000e+00   -1.000000000000e+00    -1.000000000000e+00    nan     -1.000000     -0.001000     -0.001000     -1.000000     -0.001000     -0.001000     -0.000001     -0.001000     -0.001000     -1.000000     -1.000000     -1.000000 
525 17 14 175.000000 0.580000 -1.000000 -1.000000 -1.000000 -1.000000 nan nan nan nan -1.000000000000e+00 -1.000000e+00 -1.000000000000e+00  -1.000000000000e+00  0.000000000000e+00  -1.000000000000e+00   -1.000000000000e+00   -1.000000000000e+00   -1.000000000000e+00    -1.000000000000e+00    nan     -1.000000     -0.001000     -0.001000     -1.000000     -0.001000     -0.001000     -0.000001     -0.001000     -0.001000     -1.000000     -1.000000     -1.000000 
526 17 15 175.000000 0.620000 -1.000000 -1.000000 -1.000000 -1.000000 nan nan nan nan -1.000000000000e+00 -1.000000e+00 -1.000000000000e+00  -1.000000000000e+00  0.000000000000e+00  -1.000000000000e+00   -1.000000000000e+00   -1.000000000000e+00   -1.000000000000e+00    -1.000000000000e+00    nan     -1.000000     -0.001000     -0.001000     -1.000000     -0.001000     -0.001000     -0.000001     -0.001000     -0.001000     -1.000000     -1.000000     -1.000000 
527 17 16 175.000000 0.660000 -1.000000 -1.000000 -1.000000 -1.000000 nan nan nan nan -1.000000000000e+00 -1.000000e+00 -1.000000000000e+00  -1.000000000000e+00  0.000000000000e+00  -1.000000000000e+00   -1.000000000000e+00   -1.000000000000e+00   -1.000000000000e+00    -1.000000000000e+00    nan     -1.000000     -0.001000     -0.001000     -1.000000     -0.001000     -0.001000     -0.000001     -0.001000     -0.001000     -1.000000     -1.000000     -1.000000 
528 17 17 175.000000 0.700000 -1.000000 -1.000000 -1.000000 -1.000000 nan nan nan nan -1.000000000000e+00 -1.000000e+00 -1.000000000000e+00  -1.000000000000e+00  0.000000000000e+00  -1.000000000000e+00   -1.000000000000e+00   -1.000000000000e+00   -1.000000000000e+00    -1.000000000000e+00    nan     -1.000000     -0.001000     -0.001000     -1.000000     -0.001000     -0.001000     -0.000001     -0.001000     -0.001000     -1.000000     -1.000000     -1.000000 
529 17 18 175.000000 0.740000 -1.000000 -1.000000 -1.000000 -1.000000 nan nan nan nan -1.000000000000e+00 -1.000000e+00 -1.000000000000e+00  -1.000000000000e+00  0.000000000000e+00  -1.000000000000e+00   -1.000000000000e+00   -1.000000000000e+00   -1.000000000000e+00    -1.000000000000e+00    nan     -1.000000     -0.001000     -0.001000     -1.000000     -0.001000     -0.001000     -0.000001     -0.001000     -0.001000     -1.000000     -1.000000     -1.000000 
530 17 19 175.000000 0.780000 -1.000000 -1.000000 -1.000000 -1.000000 nan nan nan nan -1.000000000000e+00 -1.000000e+00 -1.000000000000e+00  -1.000000000000e+00  0.000000000000e+00  -1.000000000000e+00   -1.000000000000e+00   -1.000000000000e+00   -1.000000000000e+00    -1.000000000000e+00    nan     -1.000000     -0.001000     -0.001000     -1.000000     -0.001000     -0.001000     -0.000001     -0.001000     -0.001000     -1.000000     -1.000000     -1.000000 
531 17 20 175.000000 0.820000 -1.000000 -1.000000 -1.000000 -1.000000 nan nan nan nan -1.000000000000e+00 -1.000000e+00 -1.000000000000e+00  -1.000000000000e+00  0.000000000000e+00  -1.000000000000e+00   -1.000000000000e+00   -1.000000000000e+00   -1.000000000000e+00    -1.000000000000e+00    nan     -1.000000     -0.001000     -0.001000     -1.000000     -0.001000     -0.001000     -0.000001     -0.001000     -0.001000     -1.000000     -1.000000     -1.000000 
532 17 21 175.000000 0.860000 -1.000000 -1.000000 -1.000000 -1.000000 nan nan nan nan -1.000000000000e+00 -1.000000e+00 -1.000000000000e+00  -1.000000000000e+00  0.000000000000e+00  -1.000000000000e+00   -1.000000000000e+00   -1.000000000000e+00   -1.000000000000e+00    -1.000000000000e+00    nan     -1.000000     -0.001000     -0.001000     -1.000000     -0.001000     -0.001000     -0.000001     -0.001000     -0.001000     -1.000000     -1.000000     -1.000000 
533 17 22 175.000000 0.900000 -1.000000 -1.000000 -1.000000 -1.000000 nan nan nan nan -1.000000000000e+00 -1.000000e+00 -1.000000000000e+00  -1.000000000000e+00  0.000000000000e+00  -1.000000000000e+00   -1.000000000000e+00   -1.000000000000e+00   -1.000000000000e+00    -1.000000000000e+00    nan     -1.000000     -0.001000     -0.001000     -1.000000     -0.001000     -0.001000     -0.000001     -0.001000     -0.001000     -1.000000     -1.000000     -1.000000 
534 17 23 175.000000 0.940000 -1.000000 -1.000000 -1.000000 -1.000000 nan nan nan nan -1.000000000000e+00 -1.000000e+00 -1.000000000000e+00  -1.000000000000e+00  0.000000000000e+00  -1.000000000000e+00   -1.000000000000e+00   -1.000000000000e+00   -1.000000000000e+00    -1.000000000000e+00    nan     -1.000000     -0.001000     -0.001000     -1.000000     -0.001000     -0.001000     -0.000001     -0.001000     -0.001000     -1.000000     -1.000000     -1.000000 
535 17 24 175.000000 0.980000 -1.000000 -1.000000 -1.000000 -1.000000 nan nan nan nan -1.000000000000e+00 -1.000000e+00 -1.000000000000e+00  -1.000000000000e+00  0.000000000000e+00  -1.000000000000e+00   -1.000000000000e+00   -1.000000000000e+00   -1.000000000000e+00    -1.000000000000e+00    nan     -1.000000     -0.001000     -0.001000     -1.000000     -0.001000     -0.001000     -0.000001     -0.001000     -0.001000     -1.000000     -1.000000     -1.000000 
536 17 25 175.000000 1.020000 -1.000000 -1.000000 -1.000000 -1.000000 nan nan nan nan -1.000000000000e+00 -1.000000e+00 -1.000000000000e+00  -1.000000000000e+00  0.000000000000e+00  -1.000000000000e+00   -1.000000000000e+00   -1.000000000000e+00   -1.000000000000e+00    -1.000000000000e+00    nan     -1.000000     -0.001000     -0.001000     -1.000000     -0.001000     -0.001000     -0.000001     -0.001000     -0.001000     -1.000000     -1.000000     -1.000000 
537 17 26 175.000000 1.060000 -1.000000 -1.000000 -1.000000 -1.000000 nan nan nan nan -1.000000000000e+00 -1.000000e+00 -1.000000000000e+00  -1.000000000000e+00  0.000000000000e+00  -1.000000000000e+00   -1.000000000000e+00   -1.000000000000e+00   -1.000000000000e+00    -1.000000000000e+00    nan     -1.000000     -0.001000     -0.001000     -1.000000     -0.001000     -0.001000     -0.000001     -0.001000     -0.001000     -1.000000     -1.000000     -1.000000 
538 17 27 175.000000 1.100000 -1.000000 -1.000000 -1.000000 -1.000000 nan nan nan nan -1.000000000000e+00 -1.000000e+00 -1.000000000000e+00  -1.000000000000e+00  0.000000000000e+00  -1.000000000000e+00   -1.000000000000e+00   -1.000000000000e+00   -1.000000000000e+00    -1.000000000000e+00    nan     -1.000000     -0.001000     -0.001000     -1.000000     -0.001000     -0.001000     -0.000001     -0.001000     -0.001000     -1.000000     -1.000000     -1.000000 
539 17 28 175.000000 1.140000 -1.000000 -1.000000 -1.000000 -1.000000 nan nan nan nan -1.000000000000e+00 -1.000000e+00 -1.000000000000e+00  -1.000000000000e+00  0.000000000000e+00  -1.000000000000e+00   -1.000000000000e+00   -1.000000000000e+00   -1.000000000000e+00    -1.000000000000e+00    nan     -1.000000     -0.001000     -0.001000     -1.000000     -0.001000     -0.001000     -0.000001     -0.001000     -0.001000     -1.000000     -1.000000     -1.000000 
540 17 29 175.000000 1.180000 -1.000000 -1.000000 -1.000000 -1.000000 nan nan nan nan -1.000000000000e+00 -1.000000e+00 -1.000000000000e+00  -1.000000000000e+00  0.000000000000e+00  -1.000000000000e+00   -1.000000000000e+00   -1.000000000000e+00   -1.000000000000e+00    -1.000000000000e+00    nan     -1.000000     -0.001000     -0.001000     -1.000000     -0.001000     -0.001000     -0.000001     -0.001000     -0.001000     -1.000000     -1.000000     -1.000000 
541 18 0 185.000000 0.020000 -1.000000 -1.000000 -1.000000 -1.000000 nan nan nan nan -1.000000000000e+00 -1.000000e+00 -1.000000000000e+00  -1.000000000000e+00  0.000000000000e+00  -1.000000000000e+00   -1.000000000000e+00   -1.000000000000e+00   -1.000000000000e+00    -1.000000000000e+00    nan     -1.000000     -0.001000     -0.001000     -1.000000     -0.001000     -0.001000     -0.000001     -0.001000     -0.001000     -1.000000     -1.000000     -1.000000 
542 18 1 185.000000 0.060000 -1.000000 -1.000000 -1.000000 -1.000000 nan nan nan nan -1.000000000000e+00 -1.000000e+00 -1.000000000000e+00  -1.000000000000e+00  0.000000000000e+00  -1.000000000000e+00   -1.000000000000e+00   -1.000000000000e+00   -1.000000000000e+00    -1.000000000000e+00    nan     -1.000000     -0.001000     -0.001000     -1.000000     -0.001000     -0.001000     -0.000001     -0.001000     -0.001000     -1.000000     -1.000000     -1.000000 
543 18 2 185.000000 0.100000 -1.000000 -1.000000 -1.000000 -1.000000 nan nan nan nan -1.000000000000e+00 -1.000000e+00 -1.000000000000e+00  -1.000000000000e+00  0.000000000000e+00  -1.000000000000e+00   -1.000000000000e+00   -1.000000000000e+00   -1.000000000000e+00    -1.000000000000e+00    nan     -1.000000     -0.001000     -0.001000     -1.000000     -0.001000     -0.001000     -0.000001     -0.001000     -0.001000     -1.000000     -1.000000     -1.000000 
544 18 3 185.000000 0.140000 -1.000000 -1.000000 -1.000000 -1.000000 nan nan nan nan -1.000000000000e+00 -1.000000e+00 -1.000000000000e+00  -1.000000000000e+00  0.000000000000e+00  -1.000000000000e+00   -1.000000000000e+00   -1.000000000000e+00   -1.000000000000e+00    -1.000000000000e+00    nan     -1.000000     -0.001000     -0.001000     -1.000000     -0.001000     -0.001000     -0.000001     -0.001000     -0.001000     -1.000000     -1.000000     -1.000000 
545 18 4 185.000000 0.180000 -1.000000 -1.000000 -1.000000 -1.000000 nan nan nan nan -1.000000000000e+00 -1.000000e+00 -1.000000000000e+00  -1.000000000000e+00  0.000000000000e+00  -1.000000000000e+00   -1.000000000000e+00   -1.000000000000e+00   -1.000000000000e+00    -1.000000000000e+00    nan     -1.000000     -0.001000     -0.001000     -1.000000     -0.001000     -0.001000     -0.000001     -0.001000     -0.001000     -1.000000     -1.000000     -1.000000 
546 18 5 185.000000 0.220000 -1.000000 -1.000000 -1.000000 -1.000000 nan nan nan nan -1.000000000000e+00 -1.000000e+00 -1.000000000000e+00  -1.000000000000e+00  0.000000000000e+00  -1.000000000000e+00   -1.000000000000e+00   -1.000000000000e+00   -1.000000000000e+00    -1.000000000000e+00    nan     -1.000000     -0.001000     -0.001000     -1.000000     -0.001000     -0.001000     -0.000001     -0.001000     -0.001000     -1.000000     -1.000000     -1.000000 
547 18 6 185.000000 0.260000 -1.000000 -1.000000 -1.000000 -1.000000 nan nan nan nan -1.000000000000e+00 -1.000000e+00 -1.000000000000e+00  -1.000000000000e+00  0.000000000000e+00  -1.000000000000e+00   -1.000000000000e+00   -1.000000000000e+00   -1.000000000000e+00    -1.000000000000e+00    nan     -1.000000     -0.001000     -0.001000     -1.000000     -0.001000     -0.001000     -0.000001     -0.001000     -0.001000     -1.000000     -1.000000     -1.000000 
548 18 7 185.000000 0.300000 -1.000000 -1.000000 -1.000000 -1.000000 nan nan nan nan -1.000000000000e+00 -1.000000e+00 -1.000000000000e+00  -1.000000000000e+00  0.000000000000e+00  -1.000000000000e+00   -1.000000000000e+00   -1.000000000000e+00   -1.000000000000e+00    -1.000000000000e+00    nan     -1.000000     -0.001000     -0.001000     -1.000000     -0.001000     -0.001000     -0.000001     -0.001000     -0.001000     -1.000000     -1.000000     -1.000000 
549 18 8 185.000000 0.340000 -1.000000 -1.000000 -1.000000 -1.000000 nan nan nan nan -1.000000000000e+00 -1.000000e+00 -1.000000000000e+00  -1.000000000000e+00  0.000000000000e+00  -1.000000000000e+00   -1.000000000000e+00   -1.000000000000e+00   -1.000000000000e+00    -1.000000000000e+00    nan     -1.000000     -0.001000     -0.001000     -1.000000     -0.001000     -0.001000     -0.000001     -0.001000     -0.001000     -1.000000     -1.000000     -1.000000 
550 18 9 185.000000 0.380000 -1.000000 -1.000000 -1.000000 -1.000000 nan nan nan nan -1.000000000000e+00 -1.000000e+00 -1.000000000000e+00  -1.000000000000e+00  0.000000000000e+00  -1.000000000000e+00   -1.000000000000e+00   -1.000000000000e+00   -1.000000000000e+00    -1.000000000000e+00    nan     -1.000000     -0.001000     -0.001000     -1.000000     -0.001000     -0.001000     -0.000001     -0.001000     -0.001000     -1.000000     -1.000000     -1.000000 
551 18 10 185.000000 0.420000 -1.000000 -1.000000 -1.000000 -1.000000 nan nan nan nan -1.000000000000e+00 -1.000000e+00 -1.000000000000e+00  -1.000000000000e+00  0.000000000000e+00  -1.000000000000e+00   -1.000000000000e+00   -1.000000000000e+00   -1.000000000000e+00    -1.000000000000e+00    nan     -1.000000     -0.001000     -0.001000     -1.000000     -0.001000     -0.001000     -0.000001     -0.001000     -0.001000     -1.000000     -1.000000     -1.000000 
552 18 11 185.000000 0.460000 -1.000000 -1.000000 -1.000000 -1.000000 nan nan nan nan -1.000000000000e+00 -1.000000e+00 -1.000000000000e+00  -1.000000000000e+00  0.000000000000e+00  -1.000000000000e+00   -1.000000000000e+00   -1.000000000000e+00   -1.000000000000e+00    -1.000000000000e+00    nan     -1.000000     -0.001000     -0.001000     -1.000000     -0.001000     -0.001000     -0.000001     -0.001000     -0.001000     -1.000000     -1.000000     -1.000000 
553 18 12 185.000000 0.500000 -1.000000 -1.000000 -1.000000 -1.000000 nan nan nan nan -1.000000000000e+00 -1.000000e+00 -1.000000000000e+00  -1.000000000000e+00  0.000000000000e+00  -1.000000000000e+00   -1.000000000000e+00   -1.000000000000e+00   -1.000000000000e+00    -1.000000000000e+00    nan     -1.000000     -0.001000     -0.001000     -1.000000     -0.001000     -0.001000     -0.000001     -0.001000     -0.001000     -1.000000     -1.000000     -1.000000 
554 18 13 185.000000 0.540000 -1.000000 -1.000000 -1.000000 -1.000000 nan nan nan nan -1.000000000000e+00 -1.000000e+00 -1.000000000000e+00  -1.000000000000e+00  0.000000000000e+00  -1.000000000000e+00   -1.000000000000e+00   -1.000000000000e+00   -1.000000000000e+00    -1.000000000000e+00    nan     -1.000000     -0.001000     -0.001000     -1.000000     -0.001000     -0.001000     -0.000001     -0.001000     -0.001000     -1.000000     -1.000000     -1.000000 
555 18 14 185.000000 0.580000 -1.000000 -1.000000 -1.000000 -1.000000 nan nan nan nan -1.000000000000e+00 -1.000000e+00 -1.000000000000e+00  -1.000000000000e+00  0.000000000000e+00  -1.000000000000e+00   -1.000000000000e+00   -1.000000000000e+00   -1.000000000000e+00    -1.000000000000e+00    nan     -1.000000     -0.001000     -0.001000     -1.000000     -0.001000     -0.001000     -0.000001     -0.001000     -0.001000     -1.000000     -1.000000     -1.000000 
556 18 15 185.000000 0.620000 -1.000000 -1.000000 -1.000000 -1.000000 nan nan nan nan -1.000000000000e+00 -1.000000e+00 -1.000000000000e+00  -1.000000000000e+00  0.000000000000e+00  -1.000000000000e+00   -1.000000000000e+00   -1.000000000000e+00   -1.000000000000e+00    -1.000000000000e+00    nan     -1.000000     -0.001000     -0.001000     -1.000000     -0.001000     -0.001000     -0.000001     -0.001000     -0.001000     -1.000000     -1.000000     -1.000000 
557 18 16 185.000000 0.660000 -1.000000 -1.000000 -1.000000 -1.000000 nan nan nan nan -1.000000000000e+00 -1.000000e+00 -1.000000000000e+00  -1.000000000000e+00  0.000000000000e+00  -1.000000000000e+00   -1.000000000000e+00   -1.000000000000e+00   -1.000000000000e+00    -1.000000000000e+00    nan     -1.000000     -0.001000     -0.001000     -1.000000     -0.001000     -0.001000     -0.000001     -0.001000     -0.001000     -1.000000     -1.000000     -1.000000 
558 18 17 185.000000 0.700000 -1.000000 -1.000000 -1.000000 -1.000000 nan nan nan nan -1.000000000000e+00 -1.000000e+00 -1.000000000000e+00  -1.000000000000e+00  0.000000000000e+00  -1.000000000000e+00   -1.000000000000e+00   -1.000000000000e+00   -1.000000000000e+00    -1.000000000000e+00    nan     -1.000000     -0.001000     -0.001000     -1.000000     -0.001000     -0.001000     -0.000001     -0.001000     -0.001000     -1.000000     -1.000000     -1.000000 
559 18 18 185.000000 0.740000 -1.000000 -1.000000 -1.000000 -1.000000 nan nan nan nan -1.000000000000e+00 -1.000000e+00 -1.000000000000e+00  -1.000000000000e+00  0.000000000000e+00  -1.000000000000e+00   -1.000000000000e+00   -1.000000000000e+00   -1.000000000000e+00    -1.000000000000e+00    nan     -1.000000     -0.001000     -0.001000     -1.000000     -0.001000     -0.001000     -0.000001     -0.001000     -0.001000     -1.000000     -1.000000     -1.000000 
560 18 19 185.000000 0.780000 -1.000000 -1.000000 -1.000000 -1.000000 nan nan nan nan -1.000000000000e+00 -1.000000e+00 -1.000000000000e+00  -1.000000000000e+00  0.000000000000e+00  -1.000000000000e+00   -1.000000000000e+00   -1.000000000000e+00   -1.000000000000e+00    -1.000000000000e+00    nan     -1.000000     -0.001000     -0.001000     -1.000000     -0.001000     -0.001000     -0.000001     -0.001000     -0.001000     -1.000000     -1.000000     -1.000000 
561 18 20 185.000000 0.820000 -1.000000 -1.000000 -1.000000 -1.000000 nan nan nan nan -1.000000000000e+00 -1.000000e+00 -1.000000000000e+00  -1.000000000000e+00  0.000000000000e+00  -1.000000000000e+00   -1.000000000000e+00   -1.000000000000e+00   -1.000000000000e+00    -1.000000000000e+00    nan     -1.000000     -0.001000     -0.001000     -1.000000     -0.001000     -0.001000     -0.000001     -0.001000     -0.001000     -1.000000     -1.000000     -1.000000 
562 18 21 185.000000 0.860000 -1.000000 -1.000000 -1.000000 -1.000000 nan nan nan nan -1.000000000000e+00 -1.000000e+00 -1.000000000000e+00  -1.000000000000e+00  0.000000000000e+00  -1.000000000000e+00   -1.000000000000e+00   -1.000000000000e+00   -1.000000000000e+00    -1.000000000000e+00    nan     -1.000000     -0.001000     -0.001000     -1.000000     -0.001000     -0.001000     -0.000001     -0.001000     -0.001000     -1.000000     -1.000000     -1.000000 
563 18 22 185.000000 0.900000 -1.000000 -1.000000 -1.000000 -1.000000 nan nan nan nan -1.000000000000e+00 -1.000000e+00 -1.000000000000e+00  -1.000000000000e+00  0.000000000000e+00  -1.000000000000e+00   -1.000000000000e+00   -1.000000000000e+00   -1.000000000000e+00    -1.000000000000e+00    nan     -1.000000     -0.001000     -0.001000     -1.000000     -0.001000     -0.001000     -0.000001     -0.001000     -0.001000     -1.000000     -1.000000     -1.000000 
564 18 23 185.000000 0.940000 -1.000000 -1.000000 -1.000000 -1.000000 nan nan nan nan -1.000000000000e+00 -1.000000e+00 -1.000000000000e+00  -1.000000000000e+00  0.000000000000e+00  -1.000000000000e+00   -1.000000000000e+00   -1.000000000000e+00   -1.000000000000e+00    -1.000000000000e+00    nan     -1.000000     -0.001000     -0.001000     -1.000000     -0.001000     -0.001000     -0.000001     -0.001000     -0.001000     -1.000000     -1.000000     -1.000000 
565 18 24 185.000000 0.980000 -1.000000 -1.000000 -1.000000 -1.000000 nan nan nan nan -1.000000000000e+00 -1.000000e+00 -1.000000000000e+00  -1.000000000000e+00  0.000000000000e+00  -1.000000000000e+00   -1.000000000000e+00   -1.000000000000e+00   -1.000000000000e+00    -1.000000000000e+00    nan     -1.000000     -0.001000     -0.001000     -1.000000     -0.001000     -0.001000     -0.000001     -0.001000     -0.001000     -1.000000     -1.000000     -1.000000 
566 18 25 185.000000 1.020000 -1.000000 -1.000000 -1.000000 -1.000000 nan nan nan nan -1.000000000000e+00 -1.000000e+00 -1.000000000000e+00  -1.000000000000e+00  0.000000000000e+00  -1.000000000000e+00   -1.000000000000e+00   -1.000000000000e+00   -1.000000000000e+00    -1.000000000000e+00    nan     -1.000000     -0.001000     -0.001000     -1.000000     -0.001000     -0.001000     -0.000001     -0.001000     -0.001000     -1.000000     -1.000000     -1.000000 
567 18 26 185.000000 1.060000 -1.000000 -1.000000 -1.000000 -1.000000 nan nan nan nan -1.000000000000e+00 -1.000000e+00 -1.000000000000e+00  -1.000000000000e+00  0.000000000000e+00  -1.000000000000e+00   -1.000000000000e+00   -1.000000000000e+00   -1.000000000000e+00    -1.000000000000e+00    nan     -1.000000     -0.001000     -0.001000     -1.000000     -0.001000     -0.001000     -0.000001     -0.001000     -0.001000     -1.000000     -1.000000     -1.000000 
568 18 27 185.000000 1.100000 -1.000000 -1.000000 -1.000000 -1.000000 nan nan nan nan -1.000000000000e+00 -1.000000e+00 -1.000000000000e+00  -1.000000000000e+00  0.000000000000e+00  -1.000000000000e+00   -1.000000000000e+00   -1.000000000000e+00   -1.000000000000e+00    -1.000000000000e+00    nan     -1.000000     -0.001000     -0.001000     -1.000000     -0.001000     -0.001000     -0.000001     -0.001000     -0.001000     -1.000000     -1.000000     -1.000000 
569 18 28 185.000000 1.140000 -1.000000 -1.000000 -1.000000 -1.000000 nan nan nan nan -1.000000000000e+00 -1.000000e+00 -1.000000000000e+00  -1.000000000000e+00  0.000000000000e+00  -1.000000000000e+00   -1.000000000000e+00   -1.000000000000e+00   -1.000000000000e+00    -1.000000000000e+00    nan     -1.000000     -0.001000     -0.001000     -1.000000     -0.001000     -0.001000     -0.000001     -0.001000     -0.001000     -1.000000     -1.000000     -1.000000 
570 18 29 185.000000 1.180000 -1.000000 -1.000000 -1.000000 -1.000000 nan nan nan nan -1.000000000000e+00 -1.000000e+00 -1.000000000000e+00  -1.000000000000e+00  0.000000000000e+00  -1.000000000000e+00   -1.000000000000e+00   -1.000000000000e+00   -1.000000000000e+00    -1.000000000000e+00    nan     -1.000000     -0.001000     -0.001000     -1.000000     -0.001000     -0.001000     -0.000001     -0.001000     -0.001000     -1.000000     -1.000000     -1.000000 
