                                            
# averaged kinematics results                                                                              
# averaged kinematic varibles used as input to calculate the averaged                                
# kinematics: Ei, omega, th_e, pf                                                                     
#
#---Useful Header Definitions---
#bc_fact_pwia(fsi):  bin-centering correction factor using PWIA or FSI model
#pwia(fsi)RC_dataXsec: average data Xsec radiative corrected using PWIA(FSI) model --> study rad. corr systematics  __
#fsiRC_dataXsec_pwiabc_corr: data Xsec radiative corrected using FSI model and Bin-Center corrected using PWIA model  | these can be used to study bin-centering corr. systematics from model dependency
#fsiRC_dataXsec_fsibc_corr: data Xsec radiative corrected using FSI model and Bin-Center corrected using FSI model  __| -->We write FSI bin-center corr. cross section to official table
#red_dataXsec: reduced data Xsec radiative corrected and bin-center corrected using FSI model (K_sig_cc1 evaluated at FSI avg. kin is used)
#red_pwiaXsec: reduced theoretical Xsec (K_sig_cc1 evaluated at PWIA avg. kin is used)
#red_fsiXsec: reduced theoretical Xsec (K_sig_cc1 evaluated at FSI avg. kin is used)                    
#i_b = 2D bin id number
#xb = th_nq value at bin center                                                                                                   
#yb = pmiss value at bin center        
#Averaged Kinemtics Definitions
#K_sig_cc1  [ub MeV^2 / sr^2]
#cross sections [ub sr^-2 MeV^-1]
#reduced cross sections   [ub sr^-2 MeV^-1] / [ub MeV^2 / sr^2] = [MeV]^-3                                                             
#Ei_avg : averaged beam energy [GeV]
#kf_avg : averaged final e- momentum [GeV/c]
#the_avg : averaged e- scattering angle [deg]
#nu_avg : averaged energy transfer [GeV]
#q_avg : averaged 3-momentum transfer [GeV/c]
#Q2_avg : averaged 4-momentum transfer [GeV/c]^2
#pf_avg : averaged final proton momentum [GeV/c]
#pm_avg : averaged missing momentum [GeV/c]
#th_pq_cm : averaged center of mass in-plane angle between proton and q-vector [deg]
#cphi_pq_avg : cos(phi_pq), where phi_pq is the averaged out of plane angle between (pf, q) or the scattering and reaction planes [deg]
#xbj_avg : avergaed x-Bjorken scale [unitless]

# current header line:  
#! i_b[i,0]/ i_x[i,1]/ i_y[i,2]/ xb[f,3]/ yb[f,4]/ bc_fact_pwia[f,5]/  bc_fact_pwia_err[f,6]/  bc_fact_fsi[f,7]/  bc_fact_fsi_err[f,8]/  pwiaRC_dataXsec[f,9]/  pwiaRC_dataXsec_err[f,10]/  fsiRC_dataXsec[f,11]/   fsiRC_dataXsec_err[f,12]/    fsiRC_dataXsec_pwiabc_corr[f,13]/   fsiRC_dataXsec_pwiabc_corr_err[f,14]/  fsiRC_dataXsec_fsibc_corr[f,15]/  fsiRC_dataXsec_fsibc_corr_err[f,16]/   pwiaXsec_theory[f,17]/   fsiXsec_theory[f,18]/   red_dataXsec[f,19]/   red_dataXsec_err[f,20]/   red_pwiaXsec[f,21]/   red_fsiXsec[f,22]/   pwia_Ksigcc1[f,23]/   fsi_Ksigcc1[f,24]/  Ei_avg[f,25]/  kf_avg[f,26]/  the_avg[f,27]/  nu_avg[f,28]/  q_avg[f,29]/  Q2_avg[f,30]/   pf_avg[f,31]/   pm_avg[f,32]/   th_pq_cm[f,33]/   cphi_pq_avg[f,34]/   xbj_avg[f,35]/                                                                                                                                                                          
1 0 0 5.000000 0.020000 -1.000000 -1.000000 -1.000000 -1.000000 nan nan nan nan -1.000000000000e+00 -1.000000e+00 -1.000000000000e+00  -1.000000000000e+00  -1.000000000000e+00  -1.000000000000e+00   -1.000000000000e+00   -1.000000000000e+00   -1.000000000000e+00    -1.000000000000e+00    -1.000000     -1.000000     -0.001000     -0.001000     -1.000000     -0.001000     -0.001000     -0.000001     -0.001000     -0.001000     -1.000000     -1.000000     -1.000000 
2 0 1 5.000000 0.060000 -1.000000 -1.000000 -1.000000 -1.000000 nan nan nan nan -1.000000000000e+00 -1.000000e+00 -1.000000000000e+00  -1.000000000000e+00  -1.000000000000e+00  -1.000000000000e+00   -1.000000000000e+00   -1.000000000000e+00   -1.000000000000e+00    -1.000000000000e+00    -1.000000     -1.000000     -0.001000     -0.001000     -1.000000     -0.001000     -0.001000     -0.000001     -0.001000     -0.001000     -1.000000     -1.000000     -1.000000 
3 0 2 5.000000 0.100000 -1.000000 -1.000000 -1.000000 -1.000000 nan nan nan nan -1.000000000000e+00 -1.000000e+00 -1.000000000000e+00  -1.000000000000e+00  -1.000000000000e+00  -1.000000000000e+00   -1.000000000000e+00   -1.000000000000e+00   -1.000000000000e+00    -1.000000000000e+00    -1.000000     -1.000000     -0.001000     -0.001000     -1.000000     -0.001000     -0.001000     -0.000001     -0.001000     -0.001000     -1.000000     -1.000000     -1.000000 
4 0 3 5.000000 0.140000 -1.000000 -1.000000 -1.000000 -1.000000 nan nan nan nan -1.000000000000e+00 -1.000000e+00 -1.000000000000e+00  -1.000000000000e+00  -1.000000000000e+00  -1.000000000000e+00   -1.000000000000e+00   -1.000000000000e+00   -1.000000000000e+00    -1.000000000000e+00    -1.000000     -1.000000     -0.001000     -0.001000     -1.000000     -0.001000     -0.001000     -0.000001     -0.001000     -0.001000     -1.000000     -1.000000     -1.000000 
5 0 4 5.000000 0.180000 -1.000000 -1.000000 -1.000000 -1.000000 nan nan nan nan -1.000000000000e+00 -1.000000e+00 -1.000000000000e+00  -1.000000000000e+00  -1.000000000000e+00  -1.000000000000e+00   -1.000000000000e+00   -1.000000000000e+00   -1.000000000000e+00    -1.000000000000e+00    -1.000000     -1.000000     -0.001000     -0.001000     -1.000000     -0.001000     -0.001000     -0.000001     -0.001000     -0.001000     -1.000000     -1.000000     -1.000000 
6 0 5 5.000000 0.220000 -1.000000 -1.000000 -1.000000 -1.000000 nan nan nan nan -1.000000000000e+00 -1.000000e+00 -1.000000000000e+00  -1.000000000000e+00  -1.000000000000e+00  -1.000000000000e+00   -1.000000000000e+00   -1.000000000000e+00   -1.000000000000e+00    -1.000000000000e+00    -1.000000     -1.000000     -0.001000     -0.001000     -1.000000     -0.001000     -0.001000     -0.000001     -0.001000     -0.001000     -1.000000     -1.000000     -1.000000 
7 0 6 5.000000 0.260000 -1.000000 -1.000000 -1.000000 -1.000000 nan nan nan nan -1.000000000000e+00 -1.000000e+00 -1.000000000000e+00  -1.000000000000e+00  -1.000000000000e+00  -1.000000000000e+00   -1.000000000000e+00   -1.000000000000e+00   -1.000000000000e+00    -1.000000000000e+00    -1.000000     -1.000000     -0.001000     -0.001000     -1.000000     -0.001000     -0.001000     -0.000001     -0.001000     -0.001000     -1.000000     -1.000000     -1.000000 
8 0 7 5.000000 0.300000 -1.000000 -1.000000 -1.000000 -1.000000 nan nan nan nan -1.000000000000e+00 -1.000000e+00 -1.000000000000e+00  -1.000000000000e+00  -1.000000000000e+00  -1.000000000000e+00   -1.000000000000e+00   -1.000000000000e+00   -1.000000000000e+00    -1.000000000000e+00    -1.000000     -1.000000     -0.001000     -0.001000     -1.000000     -0.001000     -0.001000     -0.000001     -0.001000     -0.001000     -1.000000     -1.000000     -1.000000 
9 0 8 5.000000 0.340000 -1.000000 -1.000000 -1.000000 -1.000000 nan nan nan nan -1.000000000000e+00 -1.000000e+00 -1.000000000000e+00  -1.000000000000e+00  -1.000000000000e+00  -1.000000000000e+00   -1.000000000000e+00   -1.000000000000e+00   -1.000000000000e+00    -1.000000000000e+00    -1.000000     -1.000000     -0.001000     -0.001000     -1.000000     -0.001000     -0.001000     -0.000001     -0.001000     -0.001000     -1.000000     -1.000000     -1.000000 
10 0 9 5.000000 0.380000 -1.000000 -1.000000 -1.000000 -1.000000 nan nan nan nan -1.000000000000e+00 -1.000000e+00 -1.000000000000e+00  -1.000000000000e+00  -1.000000000000e+00  -1.000000000000e+00   -1.000000000000e+00   -1.000000000000e+00   -1.000000000000e+00    -1.000000000000e+00    -1.000000     -1.000000     -0.001000     -0.001000     -1.000000     -0.001000     -0.001000     -0.000001     -0.001000     -0.001000     -1.000000     -1.000000     -1.000000 
11 0 10 5.000000 0.420000 -1.000000 -1.000000 -1.000000 -1.000000 nan nan nan nan -1.000000000000e+00 -1.000000e+00 -1.000000000000e+00  -1.000000000000e+00  -1.000000000000e+00  -1.000000000000e+00   -1.000000000000e+00   -1.000000000000e+00   -1.000000000000e+00    -1.000000000000e+00    -1.000000     -1.000000     -0.001000     -0.001000     -1.000000     -0.001000     -0.001000     -0.000001     -0.001000     -0.001000     -1.000000     -1.000000     -1.000000 
12 0 11 5.000000 0.460000 -1.000000 -1.000000 -1.000000 -1.000000 nan nan nan nan -1.000000000000e+00 -1.000000e+00 -1.000000000000e+00  -1.000000000000e+00  -1.000000000000e+00  -1.000000000000e+00   -1.000000000000e+00   -1.000000000000e+00   -1.000000000000e+00    -1.000000000000e+00    -1.000000     -1.000000     -0.001000     -0.001000     -1.000000     -0.001000     -0.001000     -0.000001     -0.001000     -0.001000     -1.000000     -1.000000     -1.000000 
13 0 12 5.000000 0.500000 -1.000000 -1.000000 -1.000000 -1.000000 nan nan nan nan -1.000000000000e+00 -1.000000e+00 -1.000000000000e+00  -1.000000000000e+00  -1.000000000000e+00  -1.000000000000e+00   -1.000000000000e+00   -1.000000000000e+00   -1.000000000000e+00    -1.000000000000e+00    -1.000000     -1.000000     -0.001000     -0.001000     -1.000000     -0.001000     -0.001000     -0.000001     -0.001000     -0.001000     -1.000000     -1.000000     -1.000000 
14 0 13 5.000000 0.540000 -1.000000 -1.000000 -1.000000 -1.000000 nan nan nan nan -1.000000000000e+00 -1.000000e+00 -1.000000000000e+00  -1.000000000000e+00  -1.000000000000e+00  -1.000000000000e+00   -1.000000000000e+00   -1.000000000000e+00   -1.000000000000e+00    -1.000000000000e+00    -1.000000     -1.000000     -0.001000     -0.001000     -1.000000     -0.001000     -0.001000     -0.000001     -0.001000     -0.001000     -1.000000     -1.000000     -1.000000 
15 0 14 5.000000 0.580000 -1.000000 -1.000000 -1.000000 -1.000000 nan nan nan nan -1.000000000000e+00 -1.000000e+00 -1.000000000000e+00  -1.000000000000e+00  -1.000000000000e+00  -1.000000000000e+00   -1.000000000000e+00   -1.000000000000e+00   -1.000000000000e+00    -1.000000000000e+00    -1.000000     -1.000000     -0.001000     -0.001000     -1.000000     -0.001000     -0.001000     -0.000001     -0.001000     -0.001000     -1.000000     -1.000000     -1.000000 
16 0 15 5.000000 0.620000 -1.000000 -1.000000 -1.000000 -1.000000 nan nan nan nan -1.000000000000e+00 -1.000000e+00 -1.000000000000e+00  -1.000000000000e+00  -1.000000000000e+00  -1.000000000000e+00   -1.000000000000e+00   -1.000000000000e+00   -1.000000000000e+00    -1.000000000000e+00    -1.000000     -1.000000     -0.001000     -0.001000     -1.000000     -0.001000     -0.001000     -0.000001     -0.001000     -0.001000     -1.000000     -1.000000     -1.000000 
17 0 16 5.000000 0.660000 -1.000000 -1.000000 -1.000000 -1.000000 nan nan nan nan -1.000000000000e+00 -1.000000e+00 -1.000000000000e+00  -1.000000000000e+00  -1.000000000000e+00  -1.000000000000e+00   -1.000000000000e+00   -1.000000000000e+00   -1.000000000000e+00    -1.000000000000e+00    -1.000000     -1.000000     -0.001000     -0.001000     -1.000000     -0.001000     -0.001000     -0.000001     -0.001000     -0.001000     -1.000000     -1.000000     -1.000000 
18 0 17 5.000000 0.700000 -1.000000 -1.000000 -1.000000 -1.000000 nan nan nan nan -1.000000000000e+00 -1.000000e+00 -1.000000000000e+00  -1.000000000000e+00  -1.000000000000e+00  -1.000000000000e+00   -1.000000000000e+00   -1.000000000000e+00   -1.000000000000e+00    -1.000000000000e+00    -1.000000     -1.000000     -0.001000     -0.001000     -1.000000     -0.001000     -0.001000     -0.000001     -0.001000     -0.001000     -1.000000     -1.000000     -1.000000 
19 0 18 5.000000 0.740000 -1.000000 -1.000000 -1.000000 -1.000000 nan nan nan nan -1.000000000000e+00 -1.000000e+00 -1.000000000000e+00  -1.000000000000e+00  -1.000000000000e+00  -1.000000000000e+00   -1.000000000000e+00   -1.000000000000e+00   -1.000000000000e+00    -1.000000000000e+00    -1.000000     -1.000000     -0.001000     -0.001000     -1.000000     -0.001000     -0.001000     -0.000001     -0.001000     -0.001000     -1.000000     -1.000000     -1.000000 
20 0 19 5.000000 0.780000 -1.000000 -1.000000 -1.000000 -1.000000 nan nan nan nan -1.000000000000e+00 -1.000000e+00 -1.000000000000e+00  -1.000000000000e+00  -1.000000000000e+00  -1.000000000000e+00   -1.000000000000e+00   -1.000000000000e+00   -1.000000000000e+00    -1.000000000000e+00    -1.000000     -1.000000     -0.001000     -0.001000     -1.000000     -0.001000     -0.001000     -0.000001     -0.001000     -0.001000     -1.000000     -1.000000     -1.000000 
21 0 20 5.000000 0.820000 -1.000000 -1.000000 -1.000000 -1.000000 nan nan nan nan -1.000000000000e+00 -1.000000e+00 -1.000000000000e+00  -1.000000000000e+00  -1.000000000000e+00  -1.000000000000e+00   -1.000000000000e+00   -1.000000000000e+00   -1.000000000000e+00    -1.000000000000e+00    -1.000000     -1.000000     -0.001000     -0.001000     -1.000000     -0.001000     -0.001000     -0.000001     -0.001000     -0.001000     -1.000000     -1.000000     -1.000000 
22 0 21 5.000000 0.860000 -1.000000 -1.000000 -1.000000 -1.000000 nan nan nan nan -1.000000000000e+00 -1.000000e+00 -1.000000000000e+00  -1.000000000000e+00  -1.000000000000e+00  -1.000000000000e+00   -1.000000000000e+00   -1.000000000000e+00   -1.000000000000e+00    -1.000000000000e+00    -1.000000     -1.000000     -0.001000     -0.001000     -1.000000     -0.001000     -0.001000     -0.000001     -0.001000     -0.001000     -1.000000     -1.000000     -1.000000 
23 0 22 5.000000 0.900000 -1.000000 -1.000000 -1.000000 -1.000000 nan nan nan nan -1.000000000000e+00 -1.000000e+00 -1.000000000000e+00  -1.000000000000e+00  -1.000000000000e+00  -1.000000000000e+00   -1.000000000000e+00   -1.000000000000e+00   -1.000000000000e+00    -1.000000000000e+00    -1.000000     -1.000000     -0.001000     -0.001000     -1.000000     -0.001000     -0.001000     -0.000001     -0.001000     -0.001000     -1.000000     -1.000000     -1.000000 
24 0 23 5.000000 0.940000 -1.000000 -1.000000 -1.000000 -1.000000 nan nan nan nan -1.000000000000e+00 -1.000000e+00 -1.000000000000e+00  -1.000000000000e+00  -1.000000000000e+00  -1.000000000000e+00   -1.000000000000e+00   -1.000000000000e+00   -1.000000000000e+00    -1.000000000000e+00    -1.000000     -1.000000     -0.001000     -0.001000     -1.000000     -0.001000     -0.001000     -0.000001     -0.001000     -0.001000     -1.000000     -1.000000     -1.000000 
25 0 24 5.000000 0.980000 -1.000000 -1.000000 -1.000000 -1.000000 nan nan nan nan -1.000000000000e+00 -1.000000e+00 -1.000000000000e+00  -1.000000000000e+00  -1.000000000000e+00  -1.000000000000e+00   -1.000000000000e+00   -1.000000000000e+00   -1.000000000000e+00    -1.000000000000e+00    -1.000000     -1.000000     -0.001000     -0.001000     -1.000000     -0.001000     -0.001000     -0.000001     -0.001000     -0.001000     -1.000000     -1.000000     -1.000000 
26 0 25 5.000000 1.020000 -1.000000 -1.000000 -1.000000 -1.000000 nan nan nan nan -1.000000000000e+00 -1.000000e+00 -1.000000000000e+00  -1.000000000000e+00  -1.000000000000e+00  -1.000000000000e+00   -1.000000000000e+00   -1.000000000000e+00   -1.000000000000e+00    -1.000000000000e+00    -1.000000     -1.000000     -0.001000     -0.001000     -1.000000     -0.001000     -0.001000     -0.000001     -0.001000     -0.001000     -1.000000     -1.000000     -1.000000 
27 0 26 5.000000 1.060000 -1.000000 -1.000000 -1.000000 -1.000000 nan nan nan nan -1.000000000000e+00 -1.000000e+00 -1.000000000000e+00  -1.000000000000e+00  -1.000000000000e+00  -1.000000000000e+00   -1.000000000000e+00   -1.000000000000e+00   -1.000000000000e+00    -1.000000000000e+00    -1.000000     -1.000000     -0.001000     -0.001000     -1.000000     -0.001000     -0.001000     -0.000001     -0.001000     -0.001000     -1.000000     -1.000000     -1.000000 
28 0 27 5.000000 1.100000 -1.000000 -1.000000 -1.000000 -1.000000 nan nan nan nan -1.000000000000e+00 -1.000000e+00 -1.000000000000e+00  -1.000000000000e+00  -1.000000000000e+00  -1.000000000000e+00   -1.000000000000e+00   -1.000000000000e+00   -1.000000000000e+00    -1.000000000000e+00    -1.000000     -1.000000     -0.001000     -0.001000     -1.000000     -0.001000     -0.001000     -0.000001     -0.001000     -0.001000     -1.000000     -1.000000     -1.000000 
29 0 28 5.000000 1.140000 -1.000000 -1.000000 -1.000000 -1.000000 nan nan nan nan -1.000000000000e+00 -1.000000e+00 -1.000000000000e+00  -1.000000000000e+00  -1.000000000000e+00  -1.000000000000e+00   -1.000000000000e+00   -1.000000000000e+00   -1.000000000000e+00    -1.000000000000e+00    -1.000000     -1.000000     -0.001000     -0.001000     -1.000000     -0.001000     -0.001000     -0.000001     -0.001000     -0.001000     -1.000000     -1.000000     -1.000000 
30 0 29 5.000000 1.180000 -1.000000 -1.000000 -1.000000 -1.000000 nan nan nan nan -1.000000000000e+00 -1.000000e+00 -1.000000000000e+00  -1.000000000000e+00  -1.000000000000e+00  -1.000000000000e+00   -1.000000000000e+00   -1.000000000000e+00   -1.000000000000e+00    -1.000000000000e+00    -1.000000     -1.000000     -0.001000     -0.001000     -1.000000     -0.001000     -0.001000     -0.000001     -0.001000     -0.001000     -1.000000     -1.000000     -1.000000 
31 1 0 15.000000 0.020000 -1.000000 -1.000000 -1.000000 -1.000000 nan nan nan nan -1.000000000000e+00 -1.000000e+00 -1.000000000000e+00  -1.000000000000e+00  -1.000000000000e+00  -1.000000000000e+00   -1.000000000000e+00   -1.000000000000e+00   -1.000000000000e+00    -1.000000000000e+00    -1.000000     -1.000000     -0.001000     -0.001000     -1.000000     -0.001000     -0.001000     -0.000001     -0.001000     -0.001000     -1.000000     -1.000000     -1.000000 
32 1 1 15.000000 0.060000 -1.000000 -1.000000 -1.000000 -1.000000 nan nan nan nan -1.000000000000e+00 -1.000000e+00 -1.000000000000e+00  -1.000000000000e+00  -1.000000000000e+00  -1.000000000000e+00   -1.000000000000e+00   -1.000000000000e+00   -1.000000000000e+00    -1.000000000000e+00    -1.000000     -1.000000     -0.001000     -0.001000     -1.000000     -0.001000     -0.001000     -0.000001     -0.001000     -0.001000     -1.000000     -1.000000     -1.000000 
33 1 2 15.000000 0.100000 -1.000000 -1.000000 -1.000000 -1.000000 nan nan nan nan -1.000000000000e+00 -1.000000e+00 -1.000000000000e+00  -1.000000000000e+00  -1.000000000000e+00  -1.000000000000e+00   -1.000000000000e+00   -1.000000000000e+00   -1.000000000000e+00    -1.000000000000e+00    -1.000000     -1.000000     -0.001000     -0.001000     -1.000000     -0.001000     -0.001000     -0.000001     -0.001000     -0.001000     -1.000000     -1.000000     -1.000000 
34 1 3 15.000000 0.140000 -1.000000 -1.000000 -1.000000 -1.000000 nan nan nan nan -1.000000000000e+00 -1.000000e+00 -1.000000000000e+00  -1.000000000000e+00  -1.000000000000e+00  -1.000000000000e+00   -1.000000000000e+00   -1.000000000000e+00   -1.000000000000e+00    -1.000000000000e+00    -1.000000     -1.000000     -0.001000     -0.001000     -1.000000     -0.001000     -0.001000     -0.000001     -0.001000     -0.001000     -1.000000     -1.000000     -1.000000 
35 1 4 15.000000 0.180000 -1.000000 -1.000000 -1.000000 -1.000000 nan nan nan nan -1.000000000000e+00 -1.000000e+00 -1.000000000000e+00  -1.000000000000e+00  -1.000000000000e+00  -1.000000000000e+00   -1.000000000000e+00   -1.000000000000e+00   -1.000000000000e+00    -1.000000000000e+00    -1.000000     -1.000000     -0.001000     -0.001000     -1.000000     -0.001000     -0.001000     -0.000001     -0.001000     -0.001000     -1.000000     -1.000000     -1.000000 
36 1 5 15.000000 0.220000 -1.000000 -1.000000 -1.000000 -1.000000 nan nan nan nan -1.000000000000e+00 -1.000000e+00 -1.000000000000e+00  -1.000000000000e+00  -1.000000000000e+00  -1.000000000000e+00   -1.000000000000e+00   -1.000000000000e+00   -1.000000000000e+00    -1.000000000000e+00    -1.000000     -1.000000     -0.001000     -0.001000     -1.000000     -0.001000     -0.001000     -0.000001     -0.001000     -0.001000     -1.000000     -1.000000     -1.000000 
37 1 6 15.000000 0.260000 -1.000000 -1.000000 -1.000000 -1.000000 nan nan nan nan -1.000000000000e+00 -1.000000e+00 -1.000000000000e+00  -1.000000000000e+00  -1.000000000000e+00  -1.000000000000e+00   -1.000000000000e+00   -1.000000000000e+00   -1.000000000000e+00    -1.000000000000e+00    -1.000000     -1.000000     -0.001000     -0.001000     -1.000000     -0.001000     -0.001000     -0.000001     -0.001000     -0.001000     -1.000000     -1.000000     -1.000000 
38 1 7 15.000000 0.300000 -1.000000 -1.000000 -1.000000 -1.000000 nan nan nan nan -1.000000000000e+00 -1.000000e+00 -1.000000000000e+00  -1.000000000000e+00  -1.000000000000e+00  -1.000000000000e+00   -1.000000000000e+00   -1.000000000000e+00   -1.000000000000e+00    -1.000000000000e+00    -1.000000     -1.000000     -0.001000     -0.001000     -1.000000     -0.001000     -0.001000     -0.000001     -0.001000     -0.001000     -1.000000     -1.000000     -1.000000 
39 1 8 15.000000 0.340000 -1.000000 -1.000000 -1.000000 -1.000000 nan nan nan nan -1.000000000000e+00 -1.000000e+00 -1.000000000000e+00  -1.000000000000e+00  -1.000000000000e+00  -1.000000000000e+00   -1.000000000000e+00   -1.000000000000e+00   -1.000000000000e+00    -1.000000000000e+00    -1.000000     -1.000000     -0.001000     -0.001000     -1.000000     -0.001000     -0.001000     -0.000001     -0.001000     -0.001000     -1.000000     -1.000000     -1.000000 
40 1 9 15.000000 0.380000 -1.000000 -1.000000 -1.000000 -1.000000 nan nan nan nan -1.000000000000e+00 -1.000000e+00 -1.000000000000e+00  -1.000000000000e+00  -1.000000000000e+00  -1.000000000000e+00   -1.000000000000e+00   -1.000000000000e+00   -1.000000000000e+00    -1.000000000000e+00    -1.000000     -1.000000     -0.001000     -0.001000     -1.000000     -0.001000     -0.001000     -0.000001     -0.001000     -0.001000     -1.000000     -1.000000     -1.000000 
41 1 10 15.000000 0.420000 -1.000000 -1.000000 -1.000000 -1.000000 nan nan nan nan -1.000000000000e+00 -1.000000e+00 -1.000000000000e+00  -1.000000000000e+00  -1.000000000000e+00  -1.000000000000e+00   -1.000000000000e+00   -1.000000000000e+00   -1.000000000000e+00    -1.000000000000e+00    -1.000000     -1.000000     -0.001000     -0.001000     -1.000000     -0.001000     -0.001000     -0.000001     -0.001000     -0.001000     -1.000000     -1.000000     -1.000000 
42 1 11 15.000000 0.460000 0.808818 0.663083 0.748338 0.614989 nan nan nan nan -1.000000000000e+00 -1.000000e+00 -1.000000000000e+00  -1.000000000000e+00  1.044310090497e-07  6.830343839857e-08   -1.000000000000e+00   -1.000000000000e+00   2.358229830850e-11    1.540755400376e-11    4428.364347     4433.113678     10.540017     9.076636     12.106898     1.463381     2.529264     4.255692     2.083718     0.477122     16.243239     -0.341820     1.549723 
43 1 12 15.000000 0.500000 0.877057 0.243740 0.804564 0.223724 -1.000000000000e+00 -1.000000000000e+00 -1.000000000000e+00 -1.000000000000e+00 -1.000000000000e+00 -1.000000e+00 -1.000000000000e+00  -1.000000000000e+00  7.493706034051e-08  4.643022443906e-08   -1.000000000000e+00   -1.000000000000e+00   1.927920412355e-11    1.193975883155e-11    3886.937441     3888.707058     10.541441     9.058341     12.261817     1.483100     2.560519     4.356672     2.092281     0.502879     17.617707     -0.066325     1.565401 
44 1 13 15.000000 0.540000 0.802720 0.097775 0.714295 0.087056 -1.000000000000e+00 -1.000000000000e+00 -1.000000000000e+00 -1.000000000000e+00 -1.000000000000e+00 -1.000000e+00 -1.000000000000e+00  -1.000000000000e+00  4.788563204657e-08  2.821061901977e-08   -1.000000000000e+00   -1.000000000000e+00   1.413576452550e-11    8.327103411720e-12    3387.551622     3387.806975     10.541475     9.032280     12.499547     1.509195     2.605998     4.513557     2.099329     0.543305     19.240668     0.051966     1.593730 
45 1 14 15.000000 0.580000 0.792197 0.063459 0.711115 0.056987 -1.000000000000e+00 -1.000000000000e+00 -1.000000000000e+00 -1.000000000000e+00 -1.000000000000e+00 -1.000000e+00 -1.000000000000e+00  -1.000000000000e+00  3.269231098078e-08  1.912589730516e-08   -1.000000000000e+00   -1.000000000000e+00   1.051842055731e-11    6.152547287941e-12    3108.100765     3108.614434     10.541275     9.005681     12.720863     1.535594     2.649215     4.660290     2.106567     0.581831     20.973464     -0.030895     1.617252 
46 1 15 15.000000 0.620000 0.793507 0.045755 0.708757 0.040875 4.395399064639e-08 4.435812968416e-08 4.164367090309e-08 4.177572988377e-08 3.304455428638e-08 3.320406e-08 2.951523264021e-08  2.965771742477e-08  2.196278768884e-08  1.266323065590e-08   1.043013877322e-11   1.048049026779e-11   7.761626932388e-12    4.474952126191e-12    2829.662889     2829.802487     10.541141     8.981440     12.928460     1.559701     2.689356     4.799969     2.110156     0.620481     22.688212     -0.028714     1.639979 
47 1 16 15.000000 0.660000 0.859660 0.040895 0.768176 0.036547 -1.000000000000e+00 -1.000000000000e+00 -1.000000000000e+00 -1.000000000000e+00 -1.000000000000e+00 -1.000000e+00 -1.000000000000e+00  -1.000000000000e+00  1.501952543108e-08  8.619376872649e-09   -1.000000000000e+00   -1.000000000000e+00   5.735250677172e-12    3.291449712127e-12    2618.808885     2618.717473     10.541110     8.958417     13.115448     1.582693     2.726068     4.926533     2.111746     0.658760     24.690814     -0.050883     1.658769 
48 1 17 15.000000 0.700000 1.857374 0.088659 1.656773 0.079109 -1.000000000000e+00 -1.000000000000e+00 -1.000000000000e+00 -1.000000000000e+00 -1.000000000000e+00 -1.000000e+00 -1.000000000000e+00  -1.000000000000e+00  1.076294843444e-08  6.130235382369e-09   -1.000000000000e+00   -1.000000000000e+00   4.251495013286e-12    2.421401558362e-12    2531.567931     2531.688873     10.540757     8.949209     13.217839     1.591549     2.744291     4.998103     2.098620     0.694434     27.050140     -0.063122     1.673503 
49 1 18 15.000000 0.740000 26.361614 3.701438 22.432439 3.150646 -1.000000000000e+00 -1.000000000000e+00 -1.000000000000e+00 -1.000000000000e+00 -1.000000000000e+00 -1.000000e+00 -1.000000000000e+00  -1.000000000000e+00  8.673695205460e-09  4.678820667307e-09   -1.000000000000e+00   -1.000000000000e+00   3.693140809905e-12    1.992278667179e-12    2348.595857     2348.477020     10.540940     8.943973     13.266468     1.596967     2.753585     5.031923     2.084936     0.724152     29.704596     0.158155     1.679110 
50 1 19 15.000000 0.780000 -1.000000 -1.000000 -1.000000 -1.000000 nan nan -1.000000000000e+00 -1.000000000000e+00 -1.000000000000e+00 -1.000000e+00 -1.000000000000e+00  -1.000000000000e+00  -1.000000000000e+00  -1.000000000000e+00   -1.000000000000e+00   -1.000000000000e+00   -1.000000000000e+00    -1.000000000000e+00    -1.000000     -1.000000     -0.001000     -0.001000     -1.000000     -0.001000     -0.001000     -0.000001     -0.001000     -0.001000     -1.000000     -1.000000     -1.000000 
51 1 20 15.000000 0.820000 -1.000000 -1.000000 -1.000000 -1.000000 nan nan nan nan -1.000000000000e+00 -1.000000e+00 -1.000000000000e+00  -1.000000000000e+00  -1.000000000000e+00  -1.000000000000e+00   -1.000000000000e+00   -1.000000000000e+00   -1.000000000000e+00    -1.000000000000e+00    -1.000000     -1.000000     -0.001000     -0.001000     -1.000000     -0.001000     -0.001000     -0.000001     -0.001000     -0.001000     -1.000000     -1.000000     -1.000000 
52 1 21 15.000000 0.860000 -1.000000 -1.000000 -1.000000 -1.000000 nan nan nan nan -1.000000000000e+00 -1.000000e+00 -1.000000000000e+00  -1.000000000000e+00  -1.000000000000e+00  -1.000000000000e+00   -1.000000000000e+00   -1.000000000000e+00   -1.000000000000e+00    -1.000000000000e+00    -1.000000     -1.000000     -0.001000     -0.001000     -1.000000     -0.001000     -0.001000     -0.000001     -0.001000     -0.001000     -1.000000     -1.000000     -1.000000 
53 1 22 15.000000 0.900000 -1.000000 -1.000000 -1.000000 -1.000000 nan nan nan nan -1.000000000000e+00 -1.000000e+00 -1.000000000000e+00  -1.000000000000e+00  -1.000000000000e+00  -1.000000000000e+00   -1.000000000000e+00   -1.000000000000e+00   -1.000000000000e+00    -1.000000000000e+00    -1.000000     -1.000000     -0.001000     -0.001000     -1.000000     -0.001000     -0.001000     -0.000001     -0.001000     -0.001000     -1.000000     -1.000000     -1.000000 
54 1 23 15.000000 0.940000 -1.000000 -1.000000 -1.000000 -1.000000 nan nan nan nan -1.000000000000e+00 -1.000000e+00 -1.000000000000e+00  -1.000000000000e+00  -1.000000000000e+00  -1.000000000000e+00   -1.000000000000e+00   -1.000000000000e+00   -1.000000000000e+00    -1.000000000000e+00    -1.000000     -1.000000     -0.001000     -0.001000     -1.000000     -0.001000     -0.001000     -0.000001     -0.001000     -0.001000     -1.000000     -1.000000     -1.000000 
55 1 24 15.000000 0.980000 -1.000000 -1.000000 -1.000000 -1.000000 nan nan nan nan -1.000000000000e+00 -1.000000e+00 -1.000000000000e+00  -1.000000000000e+00  -1.000000000000e+00  -1.000000000000e+00   -1.000000000000e+00   -1.000000000000e+00   -1.000000000000e+00    -1.000000000000e+00    -1.000000     -1.000000     -0.001000     -0.001000     -1.000000     -0.001000     -0.001000     -0.000001     -0.001000     -0.001000     -1.000000     -1.000000     -1.000000 
56 1 25 15.000000 1.020000 -1.000000 -1.000000 -1.000000 -1.000000 nan nan nan nan -1.000000000000e+00 -1.000000e+00 -1.000000000000e+00  -1.000000000000e+00  -1.000000000000e+00  -1.000000000000e+00   -1.000000000000e+00   -1.000000000000e+00   -1.000000000000e+00    -1.000000000000e+00    -1.000000     -1.000000     -0.001000     -0.001000     -1.000000     -0.001000     -0.001000     -0.000001     -0.001000     -0.001000     -1.000000     -1.000000     -1.000000 
57 1 26 15.000000 1.060000 -1.000000 -1.000000 -1.000000 -1.000000 nan nan nan nan -1.000000000000e+00 -1.000000e+00 -1.000000000000e+00  -1.000000000000e+00  -1.000000000000e+00  -1.000000000000e+00   -1.000000000000e+00   -1.000000000000e+00   -1.000000000000e+00    -1.000000000000e+00    -1.000000     -1.000000     -0.001000     -0.001000     -1.000000     -0.001000     -0.001000     -0.000001     -0.001000     -0.001000     -1.000000     -1.000000     -1.000000 
58 1 27 15.000000 1.100000 -1.000000 -1.000000 -1.000000 -1.000000 nan nan nan nan -1.000000000000e+00 -1.000000e+00 -1.000000000000e+00  -1.000000000000e+00  -1.000000000000e+00  -1.000000000000e+00   -1.000000000000e+00   -1.000000000000e+00   -1.000000000000e+00    -1.000000000000e+00    -1.000000     -1.000000     -0.001000     -0.001000     -1.000000     -0.001000     -0.001000     -0.000001     -0.001000     -0.001000     -1.000000     -1.000000     -1.000000 
59 1 28 15.000000 1.140000 -1.000000 -1.000000 -1.000000 -1.000000 nan nan nan nan -1.000000000000e+00 -1.000000e+00 -1.000000000000e+00  -1.000000000000e+00  -1.000000000000e+00  -1.000000000000e+00   -1.000000000000e+00   -1.000000000000e+00   -1.000000000000e+00    -1.000000000000e+00    -1.000000     -1.000000     -0.001000     -0.001000     -1.000000     -0.001000     -0.001000     -0.000001     -0.001000     -0.001000     -1.000000     -1.000000     -1.000000 
60 1 29 15.000000 1.180000 -1.000000 -1.000000 -1.000000 -1.000000 nan nan nan nan -1.000000000000e+00 -1.000000e+00 -1.000000000000e+00  -1.000000000000e+00  -1.000000000000e+00  -1.000000000000e+00   -1.000000000000e+00   -1.000000000000e+00   -1.000000000000e+00    -1.000000000000e+00    -1.000000     -1.000000     -0.001000     -0.001000     -1.000000     -0.001000     -0.001000     -0.000001     -0.001000     -0.001000     -1.000000     -1.000000     -1.000000 
61 2 0 25.000000 0.020000 -1.000000 -1.000000 -1.000000 -1.000000 nan nan nan nan -1.000000000000e+00 -1.000000e+00 -1.000000000000e+00  -1.000000000000e+00  -1.000000000000e+00  -1.000000000000e+00   -1.000000000000e+00   -1.000000000000e+00   -1.000000000000e+00    -1.000000000000e+00    -1.000000     -1.000000     -0.001000     -0.001000     -1.000000     -0.001000     -0.001000     -0.000001     -0.001000     -0.001000     -1.000000     -1.000000     -1.000000 
62 2 1 25.000000 0.060000 -1.000000 -1.000000 -1.000000 -1.000000 nan nan nan nan -1.000000000000e+00 -1.000000e+00 -1.000000000000e+00  -1.000000000000e+00  -1.000000000000e+00  -1.000000000000e+00   -1.000000000000e+00   -1.000000000000e+00   -1.000000000000e+00    -1.000000000000e+00    -1.000000     -1.000000     -0.001000     -0.001000     -1.000000     -0.001000     -0.001000     -0.000001     -0.001000     -0.001000     -1.000000     -1.000000     -1.000000 
63 2 2 25.000000 0.100000 -1.000000 -1.000000 -1.000000 -1.000000 nan nan nan nan -1.000000000000e+00 -1.000000e+00 -1.000000000000e+00  -1.000000000000e+00  -1.000000000000e+00  -1.000000000000e+00   -1.000000000000e+00   -1.000000000000e+00   -1.000000000000e+00    -1.000000000000e+00    -1.000000     -1.000000     -0.001000     -0.001000     -1.000000     -0.001000     -0.001000     -0.000001     -0.001000     -0.001000     -1.000000     -1.000000     -1.000000 
64 2 3 25.000000 0.140000 -1.000000 -1.000000 -1.000000 -1.000000 nan nan nan nan -1.000000000000e+00 -1.000000e+00 -1.000000000000e+00  -1.000000000000e+00  -1.000000000000e+00  -1.000000000000e+00   -1.000000000000e+00   -1.000000000000e+00   -1.000000000000e+00    -1.000000000000e+00    -1.000000     -1.000000     -0.001000     -0.001000     -1.000000     -0.001000     -0.001000     -0.000001     -0.001000     -0.001000     -1.000000     -1.000000     -1.000000 
65 2 4 25.000000 0.180000 -1.000000 -1.000000 -1.000000 -1.000000 nan nan nan nan -1.000000000000e+00 -1.000000e+00 -1.000000000000e+00  -1.000000000000e+00  -1.000000000000e+00  -1.000000000000e+00   -1.000000000000e+00   -1.000000000000e+00   -1.000000000000e+00    -1.000000000000e+00    -1.000000     -1.000000     -0.001000     -0.001000     -1.000000     -0.001000     -0.001000     -0.000001     -0.001000     -0.001000     -1.000000     -1.000000     -1.000000 
66 2 5 25.000000 0.220000 -1.000000 -1.000000 -1.000000 -1.000000 nan nan nan nan -1.000000000000e+00 -1.000000e+00 -1.000000000000e+00  -1.000000000000e+00  -1.000000000000e+00  -1.000000000000e+00   -1.000000000000e+00   -1.000000000000e+00   -1.000000000000e+00    -1.000000000000e+00    -1.000000     -1.000000     -0.001000     -0.001000     -1.000000     -0.001000     -0.001000     -0.000001     -0.001000     -0.001000     -1.000000     -1.000000     -1.000000 
67 2 6 25.000000 0.260000 -1.000000 -1.000000 -1.000000 -1.000000 nan nan nan nan -1.000000000000e+00 -1.000000e+00 -1.000000000000e+00  -1.000000000000e+00  -1.000000000000e+00  -1.000000000000e+00   -1.000000000000e+00   -1.000000000000e+00   -1.000000000000e+00    -1.000000000000e+00    -1.000000     -1.000000     -0.001000     -0.001000     -1.000000     -0.001000     -0.001000     -0.000001     -0.001000     -0.001000     -1.000000     -1.000000     -1.000000 
68 2 7 25.000000 0.300000 -1.000000 -1.000000 -1.000000 -1.000000 nan nan nan nan -1.000000000000e+00 -1.000000e+00 -1.000000000000e+00  -1.000000000000e+00  -1.000000000000e+00  -1.000000000000e+00   -1.000000000000e+00   -1.000000000000e+00   -1.000000000000e+00    -1.000000000000e+00    -1.000000     -1.000000     -0.001000     -0.001000     -1.000000     -0.001000     -0.001000     -0.000001     -0.001000     -0.001000     -1.000000     -1.000000     -1.000000 
69 2 8 25.000000 0.340000 -1.000000 -1.000000 -1.000000 -1.000000 nan nan nan nan -1.000000000000e+00 -1.000000e+00 -1.000000000000e+00  -1.000000000000e+00  -1.000000000000e+00  -1.000000000000e+00   -1.000000000000e+00   -1.000000000000e+00   -1.000000000000e+00    -1.000000000000e+00    -1.000000     -1.000000     -0.001000     -0.001000     -1.000000     -0.001000     -0.001000     -0.000001     -0.001000     -0.001000     -1.000000     -1.000000     -1.000000 
70 2 9 25.000000 0.380000 -1.000000 -1.000000 -1.000000 -1.000000 nan nan nan nan -1.000000000000e+00 -1.000000e+00 -1.000000000000e+00  -1.000000000000e+00  -1.000000000000e+00  -1.000000000000e+00   -1.000000000000e+00   -1.000000000000e+00   -1.000000000000e+00    -1.000000000000e+00    -1.000000     -1.000000     -0.001000     -0.001000     -1.000000     -0.001000     -0.001000     -0.000001     -0.001000     -0.001000     -1.000000     -1.000000     -1.000000 
71 2 10 25.000000 0.420000 0.794936 0.111582 0.744658 0.104606 -1.000000000000e+00 -1.000000000000e+00 -1.000000000000e+00 -1.000000000000e+00 -1.000000000000e+00 -1.000000e+00 -1.000000000000e+00  -1.000000000000e+00  1.679964415674e-07  1.283889585887e-07   -1.000000000000e+00   -1.000000000000e+00   3.521274285327e-11    2.691171803246e-11    4770.899054     4770.745533     10.541298     9.069164     11.789253     1.472133     2.490067     4.033257     2.115566     0.430377     18.719792     -0.044562     1.459991 
72 2 11 25.000000 0.460000 0.764792 0.031414 0.711248 0.029262 6.421837009101e-08 3.762721712997e-08 6.281184786417e-08 3.645311957214e-08 4.803802152318e-08 2.794881e-08 4.467482194148e-08  2.599228929410e-08  1.185423391203e-07  8.734014027806e-08   1.002958418572e-11   5.835319366156e-12   2.662782636435e-11    1.960803091412e-11    4451.821846     4454.304497     10.541099     9.053977     11.928963     1.487122     2.516666     4.122076     2.116724     0.462829     20.768460     -0.046156     1.477103 
73 2 12 25.000000 0.500000 0.753441 0.019530 0.692051 0.017976 4.752199676582e-08 1.971707795715e-08 4.779587466114e-08 1.970014065573e-08 3.601136740234e-08 1.487221e-08 3.307716301051e-08  1.366054013697e-08  7.821431387580e-08  5.467574812133e-08   8.280471264361e-12   3.419752474656e-12   1.959552010783e-11    1.368741814503e-11    3991.438525     3994.599094     10.540836     9.029500     12.137794     1.511336     2.557267     4.255477     2.124106     0.501098     22.754217     -0.034251     1.500474 
74 2 13 25.000000 0.540000 0.747646 0.014161 0.681252 0.012928 2.066678691757e-08 9.288760901397e-09 1.950323406916e-08 8.737283078245e-09 1.458150627499e-08 6.538227e-09 1.328662170968e-08  5.957631465023e-09  5.180085274681e-08  3.469948944951e-08   3.707842602556e-12   1.662571588100e-12   1.446705743039e-11    9.683443096309e-12    3580.607390     3583.383421     10.540741     9.002794     12.353697     1.537948     2.599967     4.394545     2.132344     0.540446     24.780826     -0.032731     1.522697 
75 2 14 25.000000 0.580000 0.743937 0.011070 0.673573 0.010040 1.648671697124e-08 6.837111471138e-09 1.672958699948e-08 6.922670654259e-09 1.244575255951e-08 5.153357e-09 1.126860561851e-08  4.665951289405e-09  3.439057899714e-08  2.231948668389e-08   3.505168673564e-12   1.451372676059e-12   1.070394879666e-11    6.942612793715e-12    3212.887099     3214.854025     10.540673     8.974001     12.564453     1.566672     2.642926     4.530595     2.141616     0.579962     26.939330     -0.022404     1.541056 
76 2 15 25.000000 0.620000 0.740694 0.009303 0.667092 0.008391 1.321941688999e-08 4.690159502204e-09 1.383461540011e-08 4.898343184656e-09 1.024721559710e-08 3.630455e-09 9.228958054580e-09  3.269705918960e-09  2.279353804488e-08  1.440742612360e-08   3.177452957468e-12   1.125732361205e-12   7.848827706436e-12    4.960356139360e-12    2904.069104     2904.514458     10.540547     8.944772     12.771576     1.595775     2.685474     4.665274     2.149961     0.619840     29.112960     -0.024775     1.557926 
77 2 16 25.000000 0.660000 0.785511 0.008680 0.704433 0.007794 7.309624763567e-09 2.990699276412e-09 7.147500744036e-09 2.920719334795e-09 5.614442077980e-09 2.295096e-09 5.034936117990e-09  2.058205350164e-09  1.533295850782e-08  9.489885145769e-09   1.881862359781e-12   7.692767269351e-13   5.729458241918e-12    3.546948210655e-12    2676.162014     2675.507107     10.540372     8.920727     12.944550     1.619646     2.720707     4.778997     2.151891     0.659125     31.373278     -0.026177     1.572382 
78 2 17 25.000000 0.700000 0.934283 0.009892 0.836980 0.008872 9.699874405630e-10 9.702933508298e-10 9.352888386191e-10 9.353919570557e-10 8.738247300138e-10 8.739700e-10 7.828177672286e-10  7.829480448844e-10  1.043769448777e-08  6.369263310570e-09   3.099622396750e-13   3.100138240356e-13   4.131836931649e-12    2.521954921658e-12    2526.163220     2525.526232     10.540181     8.902968     13.070616     1.637212     2.746417     4.862342     2.145932     0.698451     33.911481     -0.026816     1.582639 
79 2 18 25.000000 0.740000 1.254754 0.014142 1.125244 0.012693 3.229568369981e-09 1.617389150215e-09 3.328941128207e-09 1.665560387615e-09 4.177003041148e-09 2.090399e-09 3.745872137034e-09  1.874638663097e-09  7.134491249092e-09  4.323260968692e-09   1.547539934109e-12   7.744733634891e-13   2.945575830626e-12    1.786077781054e-12    2422.104084     2420.533425     10.540007     8.888957     13.154182     1.651050     2.764521     4.916610     2.135218     0.737407     36.726251     -0.015601     1.586890 
80 2 19 25.000000 0.780000 2.021174 0.028778 1.833250 0.026116 3.351168489803e-09 1.683614545795e-09 3.318989794167e-09 1.664707005043e-09 6.708255840298e-09 3.366018e-09 6.084537172709e-09  3.053054368337e-09  4.852713437895e-09  2.972779298000e-09   2.593411764074e-12   1.301303104978e-12   2.067585646524e-12    1.267087468544e-12    2347.043493     2346.151605     10.539842     8.873163     13.217982     1.666679     2.780850     4.955307     2.125588     0.776373     39.724023     -0.020940     1.584382 
81 2 20 25.000000 0.820000 3.668515 0.077282 3.369551 0.070976 8.569918275105e-10 8.582057042667e-10 8.839245669716e-10 8.843448350221e-10 3.242690316022e-09 3.244951e-09 2.978428693085e-09  2.980505170285e-09  3.228480169779e-09  2.019792926034e-09   1.315715091300e-12   1.316632371071e-12   1.425859581407e-12    8.922396027994e-13    2264.234299     2263.733777     10.539642     8.859314     13.259665     1.680328     2.793223     4.978593     2.113035     0.815254     42.725234     0.008458     1.578897 
82 2 21 25.000000 0.860000 6.486582 0.237448 6.084353 0.222565 -1.000000000000e+00 -1.000000000000e+00 -1.000000000000e+00 -1.000000000000e+00 -1.000000000000e+00 -1.000000e+00 -1.000000000000e+00  -1.000000000000e+00  2.108677826336e-09  1.371783659989e-09   -1.000000000000e+00   -1.000000000000e+00   9.562881935523e-13    6.223576640051e-13    2205.065210     2204.172519     10.539919     8.844181     13.302246     1.695737     2.806702     5.002049     2.101014     0.854980     45.654480     0.007290     1.571920 
83 2 22 25.000000 0.900000 14.051108 1.138545 13.611492 1.104841 -1.000000000000e+00 -1.000000000000e+00 -1.000000000000e+00 -1.000000000000e+00 -1.000000000000e+00 -1.000000e+00 -1.000000000000e+00  -1.000000000000e+00  1.440057345484e-09  9.971346124057e-10   -1.000000000000e+00   -1.000000000000e+00   6.804840556472e-13    4.711835998439e-13    2116.224963     2116.233699     10.539659     8.827854     13.346744     1.711805     2.820687     5.025998     2.091033     0.891960     48.239437     0.033396     1.564622 
84 2 23 25.000000 0.940000 -1.000000 -1.000000 -1.000000 -1.000000 -1.000000000000e+00 -1.000000000000e+00 -1.000000000000e+00 -1.000000000000e+00 -1.000000000000e+00 -1.000000e+00 -1.000000000000e+00  -1.000000000000e+00  -1.000000000000e+00  -1.000000000000e+00   -1.000000000000e+00   -1.000000000000e+00   -1.000000000000e+00    -1.000000000000e+00    -1.000000     -1.000000     -0.001000     -0.001000     -1.000000     -0.001000     -0.001000     -0.000001     -0.001000     -0.001000     -1.000000     -1.000000     -1.000000 
85 2 24 25.000000 0.980000 -1.000000 -1.000000 -1.000000 -1.000000 -1.000000000000e+00 -1.000000000000e+00 -1.000000000000e+00 -1.000000000000e+00 -1.000000000000e+00 -1.000000e+00 -1.000000000000e+00  -1.000000000000e+00  -1.000000000000e+00  -1.000000000000e+00   -1.000000000000e+00   -1.000000000000e+00   -1.000000000000e+00    -1.000000000000e+00    -1.000000     -1.000000     -0.001000     -0.001000     -1.000000     -0.001000     -0.001000     -0.000001     -0.001000     -0.001000     -1.000000     -1.000000     -1.000000 
86 2 25 25.000000 1.020000 -1.000000 -1.000000 -1.000000 -1.000000 -1.000000000000e+00 -1.000000000000e+00 -1.000000000000e+00 -1.000000000000e+00 -1.000000000000e+00 -1.000000e+00 -1.000000000000e+00  -1.000000000000e+00  -1.000000000000e+00  -1.000000000000e+00   -1.000000000000e+00   -1.000000000000e+00   -1.000000000000e+00    -1.000000000000e+00    -1.000000     -1.000000     -0.001000     -0.001000     -1.000000     -0.001000     -0.001000     -0.000001     -0.001000     -0.001000     -1.000000     -1.000000     -1.000000 
87 2 26 25.000000 1.060000 -1.000000 -1.000000 -1.000000 -1.000000 nan nan nan nan -1.000000000000e+00 -1.000000e+00 -1.000000000000e+00  -1.000000000000e+00  -1.000000000000e+00  -1.000000000000e+00   -1.000000000000e+00   -1.000000000000e+00   -1.000000000000e+00    -1.000000000000e+00    -1.000000     -1.000000     -0.001000     -0.001000     -1.000000     -0.001000     -0.001000     -0.000001     -0.001000     -0.001000     -1.000000     -1.000000     -1.000000 
88 2 27 25.000000 1.100000 -1.000000 -1.000000 -1.000000 -1.000000 nan nan nan nan -1.000000000000e+00 -1.000000e+00 -1.000000000000e+00  -1.000000000000e+00  -1.000000000000e+00  -1.000000000000e+00   -1.000000000000e+00   -1.000000000000e+00   -1.000000000000e+00    -1.000000000000e+00    -1.000000     -1.000000     -0.001000     -0.001000     -1.000000     -0.001000     -0.001000     -0.000001     -0.001000     -0.001000     -1.000000     -1.000000     -1.000000 
89 2 28 25.000000 1.140000 -1.000000 -1.000000 -1.000000 -1.000000 nan nan nan nan -1.000000000000e+00 -1.000000e+00 -1.000000000000e+00  -1.000000000000e+00  -1.000000000000e+00  -1.000000000000e+00   -1.000000000000e+00   -1.000000000000e+00   -1.000000000000e+00    -1.000000000000e+00    -1.000000     -1.000000     -0.001000     -0.001000     -1.000000     -0.001000     -0.001000     -0.000001     -0.001000     -0.001000     -1.000000     -1.000000     -1.000000 
90 2 29 25.000000 1.180000 -1.000000 -1.000000 -1.000000 -1.000000 nan nan nan nan -1.000000000000e+00 -1.000000e+00 -1.000000000000e+00  -1.000000000000e+00  -1.000000000000e+00  -1.000000000000e+00   -1.000000000000e+00   -1.000000000000e+00   -1.000000000000e+00    -1.000000000000e+00    -1.000000     -1.000000     -0.001000     -0.001000     -1.000000     -0.001000     -0.001000     -0.000001     -0.001000     -0.001000     -1.000000     -1.000000     -1.000000 
91 3 0 35.000000 0.020000 -1.000000 -1.000000 -1.000000 -1.000000 nan nan nan nan -1.000000000000e+00 -1.000000e+00 -1.000000000000e+00  -1.000000000000e+00  -1.000000000000e+00  -1.000000000000e+00   -1.000000000000e+00   -1.000000000000e+00   -1.000000000000e+00    -1.000000000000e+00    -1.000000     -1.000000     -0.001000     -0.001000     -1.000000     -0.001000     -0.001000     -0.000001     -0.001000     -0.001000     -1.000000     -1.000000     -1.000000 
92 3 1 35.000000 0.060000 -1.000000 -1.000000 -1.000000 -1.000000 nan nan nan nan -1.000000000000e+00 -1.000000e+00 -1.000000000000e+00  -1.000000000000e+00  -1.000000000000e+00  -1.000000000000e+00   -1.000000000000e+00   -1.000000000000e+00   -1.000000000000e+00    -1.000000000000e+00    -1.000000     -1.000000     -0.001000     -0.001000     -1.000000     -0.001000     -0.001000     -0.000001     -0.001000     -0.001000     -1.000000     -1.000000     -1.000000 
93 3 2 35.000000 0.100000 -1.000000 -1.000000 -1.000000 -1.000000 nan nan nan nan -1.000000000000e+00 -1.000000e+00 -1.000000000000e+00  -1.000000000000e+00  -1.000000000000e+00  -1.000000000000e+00   -1.000000000000e+00   -1.000000000000e+00   -1.000000000000e+00    -1.000000000000e+00    -1.000000     -1.000000     -0.001000     -0.001000     -1.000000     -0.001000     -0.001000     -0.000001     -0.001000     -0.001000     -1.000000     -1.000000     -1.000000 
94 3 3 35.000000 0.140000 -1.000000 -1.000000 -1.000000 -1.000000 nan nan nan nan -1.000000000000e+00 -1.000000e+00 -1.000000000000e+00  -1.000000000000e+00  -1.000000000000e+00  -1.000000000000e+00   -1.000000000000e+00   -1.000000000000e+00   -1.000000000000e+00    -1.000000000000e+00    -1.000000     -1.000000     -0.001000     -0.001000     -1.000000     -0.001000     -0.001000     -0.000001     -0.001000     -0.001000     -1.000000     -1.000000     -1.000000 
95 3 4 35.000000 0.180000 -1.000000 -1.000000 -1.000000 -1.000000 nan nan nan nan -1.000000000000e+00 -1.000000e+00 -1.000000000000e+00  -1.000000000000e+00  -1.000000000000e+00  -1.000000000000e+00   -1.000000000000e+00   -1.000000000000e+00   -1.000000000000e+00    -1.000000000000e+00    -1.000000     -1.000000     -0.001000     -0.001000     -1.000000     -0.001000     -0.001000     -0.000001     -0.001000     -0.001000     -1.000000     -1.000000     -1.000000 
96 3 5 35.000000 0.220000 -1.000000 -1.000000 -1.000000 -1.000000 nan nan nan nan -1.000000000000e+00 -1.000000e+00 -1.000000000000e+00  -1.000000000000e+00  -1.000000000000e+00  -1.000000000000e+00   -1.000000000000e+00   -1.000000000000e+00   -1.000000000000e+00    -1.000000000000e+00    -1.000000     -1.000000     -0.001000     -0.001000     -1.000000     -0.001000     -0.001000     -0.000001     -0.001000     -0.001000     -1.000000     -1.000000     -1.000000 
97 3 6 35.000000 0.260000 -1.000000 -1.000000 -1.000000 -1.000000 nan nan nan nan -1.000000000000e+00 -1.000000e+00 -1.000000000000e+00  -1.000000000000e+00  -1.000000000000e+00  -1.000000000000e+00   -1.000000000000e+00   -1.000000000000e+00   -1.000000000000e+00    -1.000000000000e+00    -1.000000     -1.000000     -0.001000     -0.001000     -1.000000     -0.001000     -0.001000     -0.000001     -0.001000     -0.001000     -1.000000     -1.000000     -1.000000 
98 3 7 35.000000 0.300000 -1.000000 -1.000000 -1.000000 -1.000000 nan nan nan nan -1.000000000000e+00 -1.000000e+00 -1.000000000000e+00  -1.000000000000e+00  -1.000000000000e+00  -1.000000000000e+00   -1.000000000000e+00   -1.000000000000e+00   -1.000000000000e+00    -1.000000000000e+00    -1.000000     -1.000000     -0.001000     -0.001000     -1.000000     -0.001000     -0.001000     -0.000001     -0.001000     -0.001000     -1.000000     -1.000000     -1.000000 
99 3 8 35.000000 0.340000 -1.000000 -1.000000 -1.000000 -1.000000 nan nan nan nan -1.000000000000e+00 -1.000000e+00 -1.000000000000e+00  -1.000000000000e+00  -1.000000000000e+00  -1.000000000000e+00   -1.000000000000e+00   -1.000000000000e+00   -1.000000000000e+00    -1.000000000000e+00    -1.000000     -1.000000     -0.001000     -0.001000     -1.000000     -0.001000     -0.001000     -0.000001     -0.001000     -0.001000     -1.000000     -1.000000     -1.000000 
100 3 9 35.000000 0.380000 -1.000000 -1.000000 -1.000000 -1.000000 nan nan nan nan -1.000000000000e+00 -1.000000e+00 -1.000000000000e+00  -1.000000000000e+00  -1.000000000000e+00  -1.000000000000e+00   -1.000000000000e+00   -1.000000000000e+00   -1.000000000000e+00    -1.000000000000e+00    -1.000000     -1.000000     -0.001000     -0.001000     -1.000000     -0.001000     -0.001000     -0.000001     -0.001000     -0.001000     -1.000000     -1.000000     -1.000000 
101 3 10 35.000000 0.420000 0.776350 0.115305 0.749379 0.111359 -1.000000000000e+00 -1.000000000000e+00 -1.000000000000e+00 -1.000000000000e+00 -1.000000000000e+00 -1.000000e+00 -1.000000000000e+00  -1.000000000000e+00  1.606856430082e-07  1.412223161048e-07   -1.000000000000e+00   -1.000000000000e+00   3.458044623618e-11    3.038118037431e-11    4646.719765     4648.348562     10.541069     9.012340     11.812333     1.528729     2.522016     4.023551     2.176252     0.432759     21.713152     -0.106478     1.402556 
102 3 11 35.000000 0.460000 0.735830 0.021027 0.708121 0.020259 7.085221514174e-08 2.725650504808e-08 7.361702666295e-08 2.804356571465e-08 5.416960778264e-08 2.069327e-08 5.212977349014e-08  1.991416892761e-08  1.143814340795e-07  9.909159136959e-08   1.196169173815e-11   4.569502876865e-12   2.622461594687e-11    2.273754498531e-11    4361.605688     4358.060267     10.541017     9.000739     11.900068     1.540278     2.539785     4.078050     2.173648     0.465095     24.032486     -0.033000     1.410895 
103 3 12 35.000000 0.500000 0.721608 0.010468 0.694657 0.010095 4.738684746047e-08 1.072114330119e-08 4.999051978221e-08 1.123203101821e-08 3.607356320655e-08 8.121999e-09 3.472626328294e-08  7.818710408738e-09  8.183510500504e-08  7.035690465340e-08   8.303159736223e-12   1.869478467236e-12   1.956486029831e-11    1.682255914273e-11    4182.759486     4182.294980     10.540621     8.988191     11.990193     1.552430     2.558113     4.133901     2.168531     0.501923     26.642480     -0.035497     1.419022 
104 3 13 35.000000 0.540000 0.711746 0.007319 0.684080 0.007054 3.470038916063e-08 6.761872383968e-09 3.214562452037e-08 6.231749580483e-09 2.287951489523e-08 4.441657e-09 2.199017618440e-08  4.269040748187e-09  5.666738459210e-08  4.827463219089e-08   5.629893231371e-12   1.092953663087e-12   1.452974852093e-11    1.235920179718e-11    3900.093970     3905.966824     10.540429     8.966426     12.121326     1.574003     2.586824     4.214173     2.171622     0.540549     29.193575     -0.033109     1.426750 
105 3 14 35.000000 0.580000 0.704456 0.005931 0.677184 0.005724 2.975048704182e-08 4.741981005615e-09 2.933063480080e-08 4.653232460901e-09 2.066214416092e-08 3.282611e-09 1.986222240483e-08  3.155562430845e-09  3.832077581808e-08  3.232004796254e-08   5.554789856043e-12   8.825037714159e-13   1.075421879843e-11    9.038821080034e-12    3563.324918     3575.692856     10.540276     8.937556     12.282661     1.602721     2.623240     4.312674     2.180968     0.579871     31.620567     -0.026948     1.433937 
106 3 15 35.000000 0.620000 0.697717 0.005185 0.669688 0.005002 1.370405405033e-08 2.752108887283e-09 1.355980371510e-08 2.716945122538e-09 9.460912276306e-09 1.896964e-09 9.080832720515e-09  1.820768180124e-09  2.534974260265e-08  2.111838399369e-08   2.814429443249e-12   5.643120772276e-13   7.889968447484e-12    6.545236933106e-12    3212.907982     3226.527047     10.540219     8.902845     12.469911     1.637374     2.666150     4.427361     2.195401     0.619627     33.905179     -0.022881     1.440915 
107 3 16 35.000000 0.660000 0.697109 0.004784 0.668876 0.004614 1.574709228659e-08 2.675959487974e-09 1.567886101275e-08 2.657281644315e-09 1.092986887643e-08 1.853932e-09 1.048721084689e-08  1.778863090495e-09  1.664243910374e-08  1.372433733432e-08   3.595540075914e-12   6.098831829378e-13   5.730349163302e-12    4.705388841836e-12    2904.262660     2916.727564     10.540150     8.866651     12.656237     1.673500     2.709640     4.541546     2.210277     0.659509     36.136907     -0.021901     1.446170 
108 3 17 35.000000 0.700000 0.717104 0.004623 0.689641 0.004469 7.659759855228e-09 1.720609153097e-09 7.787923149373e-09 1.746998900262e-09 5.584753431073e-09 1.253298e-09 5.370871008004e-09  1.205304734658e-09  1.098095512794e-08  9.037118486897e-09   2.009701157387e-12   4.510073536743e-13   4.126236201591e-12    3.381557191653e-12    2661.252190     2672.472466     10.540077     8.832325     12.819750     1.707752     2.749092     4.641091     2.222263     0.699134     38.378203     -0.023509     1.448227 
109 3 18 35.000000 0.740000 0.752864 0.004833 0.725619 0.004683 6.919794563865e-09 1.551353804197e-09 7.010746142080e-09 1.569614067767e-09 5.278140922437e-09 1.182192e-09 5.087133605573e-09  1.139415585279e-09  7.250124058500e-09  6.006358482936e-09   2.050090442591e-12   4.591790156562e-13   2.931283990310e-12    2.420533659102e-12    2473.361190     2481.419112     10.539986     8.802147     12.948083     1.737838     2.781716     4.717862     2.228769     0.738782     40.684644     -0.013277     1.446696 
110 3 19 35.000000 0.780000 0.807392 0.005453 0.784225 0.005325 3.104567413953e-09 1.036080312785e-09 3.114952936792e-09 1.038814011304e-09 2.514989528889e-09 8.389026e-10 2.442823578549e-09  8.148326189668e-10  4.794130611279e-09  4.044927755072e-09   1.036368915807e-12   3.456930763638e-13   2.040753772369e-12    1.716062276806e-12    2349.196006     2357.098463     10.539856     8.776458     13.042985     1.763398     2.807582     4.772945     2.229529     0.778358     43.025635     -0.014697     1.442372 
111 3 20 35.000000 0.820000 0.878015 0.006539 0.861242 0.006450 1.915368123865e-09 8.573088689340e-10 1.907495779793e-09 8.533636416889e-10 1.674809057849e-09 7.493695e-10 1.642816430699e-09  7.350560150697e-10  3.143358497711e-09  2.733479471627e-09   7.279864224478e-13   3.257276885656e-13   1.397180676417e-12    1.211295373116e-12    2249.786696     2256.658064     10.539766     8.753278     13.110566     1.786488     2.828618     4.809540     2.226797     0.817915     45.380836     -0.005248     1.434646 
112 3 21 35.000000 0.860000 0.948835 0.008232 0.945175 0.008244 1.774704024995e-09 8.881204292732e-10 1.781166623112e-09 8.908799939333e-10 1.690033520184e-09 8.454254e-10 1.683513831447e-09  8.421653583953e-10  2.029245207775e-09  1.849886445556e-09   7.728455757818e-13   3.866102904263e-13   9.340663480979e-13    8.492217458752e-13    2172.485083     2178.331460     10.539661     8.729018     13.167079     1.810643     2.848832     4.837416     2.224275     0.857705     47.694497     -0.004550     1.423711 
113 3 22 35.000000 0.900000 0.976812 0.010323 0.989797 0.010516 1.753864633461e-09 1.013562628957e-09 1.734757071744e-09 1.001907471562e-09 1.694531665514e-09 9.788391e-10 1.717056521349e-09  9.918523190725e-10  1.286660949279e-09  1.243528720523e-09   8.097305541066e-13   4.677383172474e-13   6.085496647396e-13    5.864240270468e-13    2114.307219     2120.528258     10.539647     8.706387     13.208808     1.833260     2.866392     4.855363     2.219658     0.897076     49.928459     -0.006721     1.411363 
114 3 23 35.000000 0.940000 0.954968 0.012932 0.993077 0.013506 -1.000000000000e+00 -1.000000000000e+00 -1.000000000000e+00 -1.000000000000e+00 -1.000000000000e+00 -1.000000e+00 -1.000000000000e+00  -1.000000000000e+00  7.937063208810e-10  8.296932310733e-10   -1.000000000000e+00   -1.000000000000e+00   3.843707871611e-13    4.011298390901e-13    2064.949646     2068.390706     10.539521     8.681619     13.251079     1.857902     2.885168     4.872391     2.216332     0.936746     52.071951     -0.015215     1.397528 
115 3 24 35.000000 0.980000 0.849014 0.015828 0.920119 0.017293 -1.000000000000e+00 -1.000000000000e+00 -1.000000000000e+00 -1.000000000000e+00 -1.000000000000e+00 -1.000000e+00 -1.000000000000e+00  -1.000000000000e+00  4.601451482416e-10  5.388512197227e-10   -1.000000000000e+00   -1.000000000000e+00   2.309822007369e-13    2.698544274364e-13    1992.123838     1996.821860     10.539321     8.656458     13.276540     1.882863     2.902060     4.876782     2.212595     0.976556     54.167774     0.008126     1.380244 
116 3 25 35.000000 1.020000 0.770361 0.019963 0.856160 0.022109 2.538787296171e-09 2.543231343983e-09 2.421221317389e-09 2.422727891746e-09 1.865214585246e-09 1.867001e-09 2.072953148215e-09  2.074933670011e-09  2.648361358437e-10  3.478370802041e-10   1.060176684476e-12   1.061189588715e-12   1.358757482948e-13    1.778953676527e-13    1949.105261     1955.290263     10.539312     8.624663     13.325021     1.914649     2.925771     4.894255     2.215674     1.016350     56.058363     -0.017428     1.362193 
117 3 26 35.000000 1.060000 0.658441 0.025198 0.777500 0.029496 -1.000000000000e+00 -1.000000000000e+00 -1.000000000000e+00 -1.000000000000e+00 -1.000000000000e+00 -1.000000e+00 -1.000000000000e+00  -1.000000000000e+00  1.397728983474e-10  2.183506078534e-10   -1.000000000000e+00   -1.000000000000e+00   7.602172795462e-14    1.187694182547e-13    1838.591441     1838.441335     10.539077     8.593576     13.363395     1.945500     2.947792     4.904505     2.217908     1.055228     57.832526     0.035689     1.343399 
118 3 27 35.000000 1.100000 0.501161 0.034623 0.641012 0.042807 -1.000000000000e+00 -1.000000000000e+00 -1.000000000000e+00 -1.000000000000e+00 -1.000000000000e+00 -1.000000e+00 -1.000000000000e+00  -1.000000000000e+00  7.003160319795e-11  1.375981469630e-10   -1.000000000000e+00   -1.000000000000e+00   3.829421809015e-14    7.482298099604e-14    1828.777468     1838.982424     10.538969     8.557172     13.401923     1.981797     2.973091     4.911751     2.224658     1.095174     59.517137     -0.017982     1.320743 
119 3 28 35.000000 1.140000 -1.000000 -1.000000 -1.000000 -1.000000 -1.000000000000e+00 -1.000000000000e+00 -1.000000000000e+00 -1.000000000000e+00 -1.000000000000e+00 -1.000000e+00 -1.000000000000e+00  -1.000000000000e+00  -1.000000000000e+00  -1.000000000000e+00   -1.000000000000e+00   -1.000000000000e+00   -1.000000000000e+00    -1.000000000000e+00    -1.000000     -1.000000     -0.001000     -0.001000     -1.000000     -0.001000     -0.001000     -0.000001     -0.001000     -0.001000     -1.000000     -1.000000     -1.000000 
120 3 29 35.000000 1.180000 -1.000000 -1.000000 -1.000000 -1.000000 -1.000000000000e+00 -1.000000000000e+00 -1.000000000000e+00 -1.000000000000e+00 -1.000000000000e+00 -1.000000e+00 -1.000000000000e+00  -1.000000000000e+00  -1.000000000000e+00  -1.000000000000e+00   -1.000000000000e+00   -1.000000000000e+00   -1.000000000000e+00    -1.000000000000e+00    -1.000000     -1.000000     -0.001000     -0.001000     -1.000000     -0.001000     -0.001000     -0.000001     -0.001000     -0.001000     -1.000000     -1.000000     -1.000000 
121 4 0 45.000000 0.020000 -1.000000 -1.000000 -1.000000 -1.000000 nan nan nan nan -1.000000000000e+00 -1.000000e+00 -1.000000000000e+00  -1.000000000000e+00  -1.000000000000e+00  -1.000000000000e+00   -1.000000000000e+00   -1.000000000000e+00   -1.000000000000e+00    -1.000000000000e+00    -1.000000     -1.000000     -0.001000     -0.001000     -1.000000     -0.001000     -0.001000     -0.000001     -0.001000     -0.001000     -1.000000     -1.000000     -1.000000 
122 4 1 45.000000 0.060000 -1.000000 -1.000000 -1.000000 -1.000000 nan nan nan nan -1.000000000000e+00 -1.000000e+00 -1.000000000000e+00  -1.000000000000e+00  -1.000000000000e+00  -1.000000000000e+00   -1.000000000000e+00   -1.000000000000e+00   -1.000000000000e+00    -1.000000000000e+00    -1.000000     -1.000000     -0.001000     -0.001000     -1.000000     -0.001000     -0.001000     -0.000001     -0.001000     -0.001000     -1.000000     -1.000000     -1.000000 
123 4 2 45.000000 0.100000 -1.000000 -1.000000 -1.000000 -1.000000 nan nan nan nan -1.000000000000e+00 -1.000000e+00 -1.000000000000e+00  -1.000000000000e+00  -1.000000000000e+00  -1.000000000000e+00   -1.000000000000e+00   -1.000000000000e+00   -1.000000000000e+00    -1.000000000000e+00    -1.000000     -1.000000     -0.001000     -0.001000     -1.000000     -0.001000     -0.001000     -0.000001     -0.001000     -0.001000     -1.000000     -1.000000     -1.000000 
124 4 3 45.000000 0.140000 -1.000000 -1.000000 -1.000000 -1.000000 nan nan nan nan -1.000000000000e+00 -1.000000e+00 -1.000000000000e+00  -1.000000000000e+00  -1.000000000000e+00  -1.000000000000e+00   -1.000000000000e+00   -1.000000000000e+00   -1.000000000000e+00    -1.000000000000e+00    -1.000000     -1.000000     -0.001000     -0.001000     -1.000000     -0.001000     -0.001000     -0.000001     -0.001000     -0.001000     -1.000000     -1.000000     -1.000000 
125 4 4 45.000000 0.180000 -1.000000 -1.000000 -1.000000 -1.000000 nan nan nan nan -1.000000000000e+00 -1.000000e+00 -1.000000000000e+00  -1.000000000000e+00  -1.000000000000e+00  -1.000000000000e+00   -1.000000000000e+00   -1.000000000000e+00   -1.000000000000e+00    -1.000000000000e+00    -1.000000     -1.000000     -0.001000     -0.001000     -1.000000     -0.001000     -0.001000     -0.000001     -0.001000     -0.001000     -1.000000     -1.000000     -1.000000 
126 4 5 45.000000 0.220000 -1.000000 -1.000000 -1.000000 -1.000000 nan nan nan nan -1.000000000000e+00 -1.000000e+00 -1.000000000000e+00  -1.000000000000e+00  -1.000000000000e+00  -1.000000000000e+00   -1.000000000000e+00   -1.000000000000e+00   -1.000000000000e+00    -1.000000000000e+00    -1.000000     -1.000000     -0.001000     -0.001000     -1.000000     -0.001000     -0.001000     -0.000001     -0.001000     -0.001000     -1.000000     -1.000000     -1.000000 
127 4 6 45.000000 0.260000 -1.000000 -1.000000 -1.000000 -1.000000 nan nan nan nan -1.000000000000e+00 -1.000000e+00 -1.000000000000e+00  -1.000000000000e+00  -1.000000000000e+00  -1.000000000000e+00   -1.000000000000e+00   -1.000000000000e+00   -1.000000000000e+00    -1.000000000000e+00    -1.000000     -1.000000     -0.001000     -0.001000     -1.000000     -0.001000     -0.001000     -0.000001     -0.001000     -0.001000     -1.000000     -1.000000     -1.000000 
128 4 7 45.000000 0.300000 -1.000000 -1.000000 -1.000000 -1.000000 nan nan nan nan -1.000000000000e+00 -1.000000e+00 -1.000000000000e+00  -1.000000000000e+00  -1.000000000000e+00  -1.000000000000e+00   -1.000000000000e+00   -1.000000000000e+00   -1.000000000000e+00    -1.000000000000e+00    -1.000000     -1.000000     -0.001000     -0.001000     -1.000000     -0.001000     -0.001000     -0.000001     -0.001000     -0.001000     -1.000000     -1.000000     -1.000000 
129 4 8 45.000000 0.340000 -1.000000 -1.000000 -1.000000 -1.000000 nan nan nan nan -1.000000000000e+00 -1.000000e+00 -1.000000000000e+00  -1.000000000000e+00  -1.000000000000e+00  -1.000000000000e+00   -1.000000000000e+00   -1.000000000000e+00   -1.000000000000e+00    -1.000000000000e+00    -1.000000     -1.000000     -0.001000     -0.001000     -1.000000     -0.001000     -0.001000     -0.000001     -0.001000     -0.001000     -1.000000     -1.000000     -1.000000 
130 4 9 45.000000 0.380000 -1.000000 -1.000000 -1.000000 -1.000000 nan nan nan nan -1.000000000000e+00 -1.000000e+00 -1.000000000000e+00  -1.000000000000e+00  -1.000000000000e+00  -1.000000000000e+00   -1.000000000000e+00   -1.000000000000e+00   -1.000000000000e+00    -1.000000000000e+00    -1.000000     -1.000000     -0.001000     -0.001000     -1.000000     -0.001000     -0.001000     -0.000001     -0.001000     -0.001000     -1.000000     -1.000000     -1.000000 
131 4 10 45.000000 0.420000 -1.000000 -1.000000 -1.000000 -1.000000 nan nan nan nan -1.000000000000e+00 -1.000000e+00 -1.000000000000e+00  -1.000000000000e+00  1.568894444077e-07  1.610194419055e-07   -1.000000000000e+00   -1.000000000000e+00   3.393701540484e-11    3.489847891325e-11    4622.959401     4613.938685     10.541109     8.940840     11.844778     1.600269     2.564057     4.013524     2.252958     0.434936     23.831148     -0.226150     1.336516 
132 4 11 45.000000 0.460000 0.694464 0.055580 0.701543 0.056155 7.516508787210e-08 7.645150064542e-08 8.817800175798e-08 8.877771019656e-08 6.123641007054e-08 6.184737e-08 6.186064598984e-08  6.247789807856e-08  1.059435245175e-07  1.126624712222e-07   1.493934494758e-11   1.508841131644e-11   2.558768814213e-11    2.720798487154e-11    4140.410182     4140.787043     10.541375     8.925142     11.893115     1.616233     2.579038     4.039228     2.254340     0.468828     26.382300     0.010339     1.331790 
133 4 12 45.000000 0.500000 0.695467 0.017403 0.708024 0.017736 1.042315945061e-07 2.853050198736e-08 1.074461677818e-07 2.896851278075e-08 7.472531193477e-08 2.023325e-08 7.607445235218e-08  2.059874252109e-08  7.893156138150e-08  8.722796049460e-08   1.862389526271e-11   5.042807557528e-12   1.932042100544e-11    2.135440151065e-11    4085.395518     4084.776642     10.540901     8.901100     11.967436     1.639800     2.601428     4.078485     2.262169     0.504357     28.881255     -0.052942     1.325407 
134 4 13 45.000000 0.540000 0.679320 0.009108 0.696580 0.009360 2.885265663240e-08 7.772459420159e-09 3.036643109053e-08 8.145755190858e-09 2.062850932260e-08 5.540478e-09 2.115263692012e-08  5.681280958166e-09  5.656044899108e-08  6.448050924211e-08   5.400897702341e-12   1.450600101972e-12   1.444883532134e-11    1.646379293166e-11    3914.533437     3916.503901     10.540690     8.880133     12.039054     1.660557     2.622005     4.117461     2.264792     0.542046     31.379008     -0.037921     1.321347 
135 4 14 45.000000 0.580000 0.672182 0.006223 0.693551 0.006443 3.924593398479e-08 6.195884277117e-09 3.980230728405e-08 6.246366370801e-09 2.675441329209e-08 4.205996e-09 2.760492441218e-08  4.339756369875e-09  4.030777885547e-08  4.733253844289e-08   7.330179743253e-12   1.152373893807e-12   1.072638255873e-11    1.256862758652e-11    3757.816639     3765.927355     10.540433     8.856725     12.118187     1.683707     2.644870     4.160467     2.268193     0.581050     33.843070     -0.040684     1.316791 
136 4 15 45.000000 0.620000 0.662665 0.004847 0.689619 0.005072 3.387120059104e-08 4.458408396134e-09 3.408766943279e-08 4.463495855352e-09 2.258869289119e-08 2.962413e-09 2.350751504220e-08  3.082963759680e-09  2.812602439797e-08  3.417121836736e-08   6.572418526441e-12   8.619595943719e-13   7.893323635417e-12    9.553861744448e-12    3563.267604     3576.691738     10.540280     8.828507     12.206681     1.711773     2.671681     4.207713     2.275709     0.620263     36.203541     -0.032441     1.309909 
137 4 16 45.000000 0.660000 0.654491 0.004177 0.686699 0.004416 3.067686545414e-08 3.603854205799e-09 3.117003356438e-08 3.644013554838e-09 2.040050276601e-08 2.388524e-09 2.140442037137e-08  2.506122183462e-09  1.935896101030e-08  2.441080133600e-08   6.322989712700e-12   7.403230038403e-13   5.761028768427e-12    7.211092057073e-12    3360.330557     3385.173999     10.540160     8.797186     12.301740     1.742974     2.701110     4.258041     2.285411     0.659750     38.459563     -0.027111     1.301848 
138 4 17 45.000000 0.700000 0.645990 0.003795 0.684765 0.004065 2.509551629185e-08 2.929094834331e-09 2.569403959797e-08 2.986714600003e-09 1.659809303275e-08 1.931850e-09 1.759438823693e-08  2.047864108723e-09  1.308707772803e-08  1.719742230172e-08   5.502431590433e-12   6.404446698013e-13   4.139598703280e-12    5.378285307381e-12    3161.436329     3197.566012     10.540076     8.763712     12.398586     1.776364     2.732043     4.308593     2.296303     0.699528     40.625171     -0.021557     1.292542 
139 4 18 45.000000 0.740000 0.638764 0.003598 0.685921 0.003917 1.961412124271e-08 2.453303527483e-09 1.907700187810e-08 2.378049898043e-09 1.218570399575e-08 1.520563e-09 1.308530809934e-08  1.632864083109e-09  8.754884974250e-09  1.209031684178e-08   4.307050923253e-12   5.374599285938e-13   2.928577202546e-12    3.979547896044e-12    2989.467024     3038.113162     10.539990     8.728902     12.489451     1.811088     2.763036     4.354325     2.307712     0.739271     42.701972     -0.021942     1.281216 
140 4 19 45.000000 0.780000 0.631426 0.003534 0.685446 0.003904 1.308727660431e-08 1.945706820559e-09 1.285285875914e-08 1.906410021954e-09 8.115623428787e-09 1.204613e-09 8.809934815147e-09  1.307703306717e-09  5.773713768971e-09  8.393220320915e-09   3.056830021720e-12   4.537407837117e-13   2.044159664148e-12    2.912240373422e-12    2824.492563     2882.049297     10.539908     8.694229     12.576596     1.845679     2.793567     4.397485     2.318128     0.778956     44.688531     -0.016073     1.269666 
141 4 20 45.000000 0.820000 0.623276 0.003535 0.687669 0.003985 1.096395083272e-08 1.742690131999e-09 1.095160109339e-08 1.737151603587e-09 6.825873637142e-09 1.083417e-09 7.531078137235e-09  1.195382317609e-09  3.735831762372e-09  5.806773435830e-09   2.740147175898e-12   4.349342049076e-13   1.393795585087e-12    2.112767062209e-12    2680.329743     2748.421035     10.539827     8.658153     12.655946     1.881673     2.824023     4.434413     2.329075     0.818857     46.605705     -0.012994     1.255837 
142 4 21 45.000000 0.860000 0.613680 0.003637 0.692019 0.004207 8.368417030525e-09 1.561200677865e-09 8.176773233810e-09 1.522864538004e-09 5.017925972887e-09 9.350251e-10 5.658479884242e-09  1.054411956905e-09  2.380153110508e-09  4.025633990259e-09   2.132203938357e-12   3.973189572389e-13   9.245065254270e-13    1.516922004498e-12    2574.511964     2653.817387     10.539735     8.622700     12.717653     1.917035     2.852058     4.459209     2.338664     0.858600     48.459567     -0.014903     1.239564 
143 4 22 45.000000 0.900000 0.607970 0.003835 0.696084 0.004527 8.897566328464e-09 1.631697870062e-09 9.159578045443e-09 1.676468878649e-09 5.568751278085e-09 1.019848e-09 6.375838010112e-09  1.167700195501e-09  1.496370659747e-09  2.794378394903e-09   2.480027885632e-12   4.542036736674e-13   6.028481242023e-13    1.086937329866e-12    2482.168559     2570.873516     10.539670     8.586854     12.765687     1.952816     2.878820     4.474112     2.347853     0.898502     50.251607     -0.010254     1.220919 
144 4 23 45.000000 0.940000 0.598943 0.004127 0.716294 0.005112 5.692151625086e-09 1.383757038857e-09 5.702579381196e-09 1.384373408025e-09 3.415518429963e-09 8.294942e-10 4.084725791263e-09  9.920473181899e-10  9.187847728638e-10  1.988894851675e-09   1.618675784544e-12   3.931238112752e-13   3.789524537518e-13    7.881498291259e-13    2424.538392     2523.498424     10.539531     8.550289     12.799163     1.989242     2.904373     4.478300     2.357201     0.938194     51.959079     -0.014059     1.199684 
145 4 24 45.000000 0.980000 0.582952 0.004509 0.729331 0.005869 3.105931355835e-09 1.100945562367e-09 3.226884493300e-09 1.142830191745e-09 1.881117489993e-09 6.663736e-10 2.353465808797e-09  8.337162209350e-10  5.421460073914e-10  1.397080152250e-09   9.520526992497e-13   3.372650563193e-13   2.295095768284e-13    5.651639063742e-13    2362.193399     2471.991110     10.539494     8.514630     12.819605     2.024863     2.928118     4.473805     2.365001     0.977935     53.609484     -0.003275     1.177396 
146 4 25 45.000000 1.020000 0.568255 0.005079 0.744587 0.006947 2.655866196392e-09 1.085814132883e-09 2.863614844668e-09 1.169725702802e-09 1.627262097648e-09 6.648610e-10 2.132209465231e-09  8.711893234778e-10  3.104866222143e-10  9.819150094912e-10   8.715431003001e-13   3.560996498296e-13   1.336977512391e-13    4.013589028460e-13    2322.302502     2446.476215     10.539459     8.477858     12.831502     2.061601     2.951763     4.462706     2.373126     1.018019     55.195545     -0.001020     1.153546 
147 4 26 45.000000 1.060000 0.542550 0.005678 0.759825 0.008302 4.983011581341e-09 1.666764784662e-09 5.574189378274e-09 1.860750242403e-09 3.024274520330e-09 1.010045e-09 4.235406109689e-09  1.414600985370e-09  1.677959851389e-10  6.966610924481e-10   1.722214535561e-12   5.752096294733e-13   7.209178522730e-14    2.832785873896e-13    2327.532667     2459.279040     10.539368     8.442811     12.821030     2.096557     2.971961     4.436999     2.379163     1.057600     56.720931     -0.002874     1.127779 
148 4 27 45.000000 1.100000 0.512893 0.006458 0.763795 0.009963 1.957195811722e-09 1.131787087331e-09 2.382369708794e-09 1.376182420155e-09 1.221900587630e-09 7.060019e-10 1.819641015955e-09  1.051388593280e-09  8.468982981748e-11  4.739339092647e-10   7.464733244929e-13   4.313122927424e-13   3.685881956533e-14    1.944224260372e-13    2297.681554     2437.650424     10.539363     8.406329     12.817556     2.133034     2.994207     4.415440     2.385918     1.097658     58.181859     0.010569     1.103107 
149 4 28 45.000000 1.140000 0.497315 0.007728 0.798852 0.012583 -1.000000000000e+00 -1.000000000000e+00 -1.000000000000e+00 -1.000000000000e+00 -1.000000000000e+00 -1.000000e+00 -1.000000000000e+00  -1.000000000000e+00  4.056595639412e-11  3.287359910380e-10   -1.000000000000e+00   -1.000000000000e+00   1.722197436990e-14    1.318769978030e-13    2355.476528     2492.747003     10.539277     8.370218     12.797191     2.169060     3.014524     4.382535     2.392192     1.137098     59.565953     -0.006645     1.076701 
150 4 29 45.000000 1.180000 0.460215 0.008990 0.825405 0.015803 2.851891535737e-09 1.654893519946e-09 4.296893115221e-09 2.483775412122e-09 1.977494073871e-09 1.143723e-09 3.546676861014e-09  2.051244700259e-09  1.650839103627e-11  2.082301668159e-10   1.413313553376e-12   8.173995122124e-13   6.875442560218e-15    8.297753883861e-14    2401.065952     2509.476296     10.539103     8.332292     12.793130     2.206811     3.038069     4.359849     2.399253     1.177259     60.902492     -0.013735     1.052804 
151 5 0 55.000000 0.020000 -1.000000 -1.000000 -1.000000 -1.000000 nan nan nan nan -1.000000000000e+00 -1.000000e+00 -1.000000000000e+00  -1.000000000000e+00  -1.000000000000e+00  -1.000000000000e+00   -1.000000000000e+00   -1.000000000000e+00   -1.000000000000e+00    -1.000000000000e+00    -1.000000     -1.000000     -0.001000     -0.001000     -1.000000     -0.001000     -0.001000     -0.000001     -0.001000     -0.001000     -1.000000     -1.000000     -1.000000 
152 5 1 55.000000 0.060000 -1.000000 -1.000000 -1.000000 -1.000000 nan nan nan nan -1.000000000000e+00 -1.000000e+00 -1.000000000000e+00  -1.000000000000e+00  -1.000000000000e+00  -1.000000000000e+00   -1.000000000000e+00   -1.000000000000e+00   -1.000000000000e+00    -1.000000000000e+00    -1.000000     -1.000000     -0.001000     -0.001000     -1.000000     -0.001000     -0.001000     -0.000001     -0.001000     -0.001000     -1.000000     -1.000000     -1.000000 
153 5 2 55.000000 0.100000 -1.000000 -1.000000 -1.000000 -1.000000 nan nan nan nan -1.000000000000e+00 -1.000000e+00 -1.000000000000e+00  -1.000000000000e+00  -1.000000000000e+00  -1.000000000000e+00   -1.000000000000e+00   -1.000000000000e+00   -1.000000000000e+00    -1.000000000000e+00    -1.000000     -1.000000     -0.001000     -0.001000     -1.000000     -0.001000     -0.001000     -0.000001     -0.001000     -0.001000     -1.000000     -1.000000     -1.000000 
154 5 3 55.000000 0.140000 -1.000000 -1.000000 -1.000000 -1.000000 nan nan nan nan -1.000000000000e+00 -1.000000e+00 -1.000000000000e+00  -1.000000000000e+00  -1.000000000000e+00  -1.000000000000e+00   -1.000000000000e+00   -1.000000000000e+00   -1.000000000000e+00    -1.000000000000e+00    -1.000000     -1.000000     -0.001000     -0.001000     -1.000000     -0.001000     -0.001000     -0.000001     -0.001000     -0.001000     -1.000000     -1.000000     -1.000000 
155 5 4 55.000000 0.180000 -1.000000 -1.000000 -1.000000 -1.000000 nan nan nan nan -1.000000000000e+00 -1.000000e+00 -1.000000000000e+00  -1.000000000000e+00  -1.000000000000e+00  -1.000000000000e+00   -1.000000000000e+00   -1.000000000000e+00   -1.000000000000e+00    -1.000000000000e+00    -1.000000     -1.000000     -0.001000     -0.001000     -1.000000     -0.001000     -0.001000     -0.000001     -0.001000     -0.001000     -1.000000     -1.000000     -1.000000 
156 5 5 55.000000 0.220000 -1.000000 -1.000000 -1.000000 -1.000000 nan nan nan nan -1.000000000000e+00 -1.000000e+00 -1.000000000000e+00  -1.000000000000e+00  -1.000000000000e+00  -1.000000000000e+00   -1.000000000000e+00   -1.000000000000e+00   -1.000000000000e+00    -1.000000000000e+00    -1.000000     -1.000000     -0.001000     -0.001000     -1.000000     -0.001000     -0.001000     -0.000001     -0.001000     -0.001000     -1.000000     -1.000000     -1.000000 
157 5 6 55.000000 0.260000 -1.000000 -1.000000 -1.000000 -1.000000 nan nan nan nan -1.000000000000e+00 -1.000000e+00 -1.000000000000e+00  -1.000000000000e+00  -1.000000000000e+00  -1.000000000000e+00   -1.000000000000e+00   -1.000000000000e+00   -1.000000000000e+00    -1.000000000000e+00    -1.000000     -1.000000     -0.001000     -0.001000     -1.000000     -0.001000     -0.001000     -0.000001     -0.001000     -0.001000     -1.000000     -1.000000     -1.000000 
158 5 7 55.000000 0.300000 -1.000000 -1.000000 -1.000000 -1.000000 nan nan nan nan -1.000000000000e+00 -1.000000e+00 -1.000000000000e+00  -1.000000000000e+00  -1.000000000000e+00  -1.000000000000e+00   -1.000000000000e+00   -1.000000000000e+00   -1.000000000000e+00    -1.000000000000e+00    -1.000000     -1.000000     -0.001000     -0.001000     -1.000000     -0.001000     -0.001000     -0.000001     -0.001000     -0.001000     -1.000000     -1.000000     -1.000000 
159 5 8 55.000000 0.340000 -1.000000 -1.000000 -1.000000 -1.000000 nan nan nan nan -1.000000000000e+00 -1.000000e+00 -1.000000000000e+00  -1.000000000000e+00  -1.000000000000e+00  -1.000000000000e+00   -1.000000000000e+00   -1.000000000000e+00   -1.000000000000e+00    -1.000000000000e+00    -1.000000     -1.000000     -0.001000     -0.001000     -1.000000     -0.001000     -0.001000     -0.000001     -0.001000     -0.001000     -1.000000     -1.000000     -1.000000 
160 5 9 55.000000 0.380000 -1.000000 -1.000000 -1.000000 -1.000000 nan nan nan nan -1.000000000000e+00 -1.000000e+00 -1.000000000000e+00  -1.000000000000e+00  -1.000000000000e+00  -1.000000000000e+00   -1.000000000000e+00   -1.000000000000e+00   -1.000000000000e+00    -1.000000000000e+00    -1.000000     -1.000000     -0.001000     -0.001000     -1.000000     -0.001000     -0.001000     -0.000001     -0.001000     -0.001000     -1.000000     -1.000000     -1.000000 
161 5 10 55.000000 0.420000 -1.000000 -1.000000 -1.000000 -1.000000 nan nan nan nan -1.000000000000e+00 -1.000000e+00 -1.000000000000e+00  -1.000000000000e+00  -1.000000000000e+00  -1.000000000000e+00   -1.000000000000e+00   -1.000000000000e+00   -1.000000000000e+00    -1.000000000000e+00    -1.000000     -1.000000     -0.001000     -0.001000     -1.000000     -0.001000     -0.001000     -0.000001     -0.001000     -0.001000     -1.000000     -1.000000     -1.000000 
162 5 11 55.000000 0.460000 -1.000000 -1.000000 -1.000000 -1.000000 nan nan nan nan -1.000000000000e+00 -1.000000e+00 -1.000000000000e+00  -1.000000000000e+00  -1.000000000000e+00  -1.000000000000e+00   -1.000000000000e+00   -1.000000000000e+00   -1.000000000000e+00    -1.000000000000e+00    -1.000000     -1.000000     -0.001000     -0.001000     -1.000000     -0.001000     -0.001000     -0.000001     -0.001000     -0.001000     -1.000000     -1.000000     -1.000000 
163 5 12 55.000000 0.500000 0.702125 0.314111 0.747584 0.334441 -1.000000000000e+00 -1.000000000000e+00 -1.000000000000e+00 -1.000000000000e+00 -1.000000000000e+00 -1.000000e+00 -1.000000000000e+00  -1.000000000000e+00  7.593822263877e-08  1.088618851989e-07   -1.000000000000e+00   -1.000000000000e+00   1.870841723707e-11    2.679192532104e-11    4059.040467     4063.234870     10.541921     8.817007     11.907540     1.724913     2.641112     4.000148     2.351725     0.508903     30.113802     -0.036980     1.235805 
164 5 13 55.000000 0.540000 0.670061 0.056567 0.722971 0.061051 2.368559579835e-07 1.443376781524e-07 2.996669286083e-07 1.769663639301e-07 2.007951963839e-07 1.197838e-07 2.166506081668e-07  1.292430239655e-07  5.559003246694e-08  8.440180476463e-08   5.470641828919e-11   3.263514000651e-11   1.405111707846e-11    2.131228928867e-11    3956.271388     3960.241137     10.541180     8.786856     11.982599     1.754324     2.667221     4.036417     2.363680     0.546290     32.328972     -0.062780     1.226104 
165 5 14 55.000000 0.580000 0.644771 0.022022 0.705596 0.024112 1.338238361617e-07 4.598646364104e-08 1.376608661805e-07 4.639033353589e-08 8.875971084052e-08 3.006436e-08 9.713293946429e-08  3.290069969141e-08  4.028327118880e-08  6.514681290941e-08   2.551488654136e-11   8.642357828225e-12   1.059337863826e-11    1.711276884116e-11    3802.683975     3806.912459     10.540993     8.759426     12.038836     1.781567     2.689878     4.061463     2.372480     0.583291     34.467709     -0.038870     1.214847 
166 5 15 55.000000 0.620000 0.644278 0.013563 0.707377 0.014910 6.153314109783e-08 1.896634336259e-08 6.298496875426e-08 1.925097021138e-08 4.057981047764e-08 1.243235e-08 4.455414577083e-08  1.365004707363e-08  2.956208600726e-08  5.060756226374e-08   1.182778132098e-11   3.623675620186e-12   7.858764715876e-12    1.343478074346e-11    3761.670832     3766.906452     10.540797     8.733823     12.086339     1.806974     2.710456     4.081418     2.377623     0.621507     36.612863     -0.059677     1.203650 
167 5 16 55.000000 0.660000 0.625828 0.009891 0.696772 0.011034 6.466217011799e-08 1.402850028153e-08 6.466720175539e-08 1.389722987425e-08 4.047053990730e-08 8.720761e-09 4.505831625790e-08  9.709459694804e-09  2.103060080960e-08  3.856195232295e-08   1.226920880966e-11   2.643849089758e-12   5.738090830152e-12    1.050027352221e-11    3665.086774     3672.471221     10.540547     8.710046     12.116760     1.830500     2.727889     4.090649     2.379159     0.660717     38.772742     -0.034917     1.190868 
168 5 17 55.000000 0.700000 0.618597 0.008158 0.694477 0.009183 6.817985967814e-08 1.178621069057e-08 6.978040562182e-08 1.194416816686e-08 4.316597811413e-08 7.410527e-09 4.846085299002e-08  8.319656696365e-09  1.490511984955e-08  2.931878241427e-08   1.341011272794e-11   2.302219776837e-12   4.135086635461e-12    8.113108890227e-12    3604.548384     3613.754334     10.540376     8.684152     12.151691     1.856224     2.747262     4.101882     2.382041     0.700007     40.839687     -0.033398     1.177590 
169 5 18 55.000000 0.740000 0.617657 0.007289 0.701816 0.008310 3.997211561078e-08 8.123477740237e-09 3.870906415551e-08 7.818395814457e-09 2.390892860151e-08 4.837322e-09 2.716665062320e-08  5.496497068353e-09  1.049562303810e-08  2.239005142429e-08   7.551064282303e-12   1.527770326430e-12   2.928807050165e-12    6.223392052773e-12    3583.582960     3597.724719     10.540159     8.657261     12.181790     1.882898     2.766696     4.109302     2.384853     0.739570     42.846643     -0.047371     1.163007 
170 5 19 55.000000 0.780000 0.602529 0.006814 0.698472 0.007929 3.982157914097e-08 7.470940735331e-09 3.915429794268e-08 7.298641366062e-09 2.359159372425e-08 4.405726e-09 2.734819200767e-08  5.107343008806e-09  7.127620793047e-09  1.679083327410e-08   7.812935884275e-12   1.459085246133e-12   2.046556738987e-12    4.796869342489e-12    3482.737936     3500.373280     10.540004     8.628377     12.210341     1.911627     2.787292     4.114679     2.389071     0.779034     44.760151     -0.023364     1.147028 
171 5 20 55.000000 0.820000 0.594578 0.006744 0.699575 0.007969 3.059637726910e-08 6.436629684150e-09 3.030614320642e-08 6.342589546083e-09 1.801936029467e-08 3.776698e-09 2.120143199637e-08  4.443687912208e-09  4.788265353175e-09  1.253054157681e-08   6.140035177253e-12   1.286913077492e-12   1.394235756320e-12    3.628904221414e-12    3434.329762     3452.982171     10.539924     8.599238     12.234369     1.940686     2.807688     4.116846     2.392643     0.818765     46.618768     -0.018560     1.130448 
172 5 21 55.000000 0.860000 0.588875 0.007072 0.702591 0.008473 2.728640555742e-08 6.153830641105e-09 2.906414477402e-08 6.525126761434e-09 1.711513762990e-08 3.847975e-09 2.042019240492e-08  4.591101631926e-09  3.166836327554e-09  9.294260476031e-09   5.955332801515e-12   1.338946156899e-12   9.297366098418e-13    2.710572612695e-12    3406.165030     3428.891900     10.539750     8.568375     12.258275     1.971375     2.829188     4.117988     2.397172     0.858520     48.395797     -0.024493     1.113159 
173 5 22 55.000000 0.900000 0.581227 0.007615 0.703299 0.009248 2.459017024323e-08 6.199293742963e-09 2.606860647113e-08 6.542501777917e-09 1.515178195773e-08 3.807858e-09 1.833403248949e-08  4.607647881543e-09  2.026638639596e-09  6.741930983275e-09   5.432655333495e-12   1.365316814666e-12   6.038218881762e-13    1.997737668205e-12    3356.351731     3374.782931     10.539655     8.537583     12.280177     2.002072     2.850625     4.117770     2.400907     0.898378     50.116790     -0.015544     1.096033 
174 5 23 55.000000 0.940000 0.572354 0.008383 0.705992 0.010368 2.691456553400e-08 7.581934867301e-09 2.696943708921e-08 7.560683692578e-09 1.543605392032e-08 4.333286e-09 1.904019751073e-08  5.345097983625e-09  1.270937809809e-09  4.866787396098e-09   5.703797471413e-12   1.601210089668e-12   3.831798230480e-13    1.457924458406e-12    3316.818197     3338.161568     10.539602     8.506478     12.295434     2.033124     2.871672     4.112909     2.404685     0.937775     51.754762     -0.009015     1.078019 
175 5 24 55.000000 0.980000 0.558765 0.009646 0.706410 0.012206 2.285642608158e-08 7.681139361611e-09 2.414392619333e-08 8.078356591529e-09 1.349076933093e-08 4.519902e-09 1.705551221383e-08  5.714236787364e-09  7.591220056530e-10  3.399558680056e-09   5.154551435036e-12   1.726968211987e-12   2.305341237668e-13    1.027421507667e-12    3292.883471     3308.825691     10.539505     8.474592     12.311788     2.064913     2.893473     4.108320     2.408289     0.977606     53.350908     -0.006880     1.060239 
176 5 25 55.000000 1.020000 0.544948 0.011480 0.709604 0.014927 1.139864834794e-08 6.606913945884e-09 1.168717355078e-08 6.756331573730e-09 6.368896891690e-09 3.684290e-09 8.293262440415e-09  4.797491269401e-09  4.358941898469e-10  2.327382597435e-09   2.522515277069e-12   1.459226101382e-12   1.330299707780e-13    7.079069545664e-13    3276.661547     3287.695625     10.539407     8.442799     12.319317     2.096608     2.914382     4.097857     2.411410     1.017156     54.885346     -0.001126     1.041552 
177 5 26 55.000000 1.060000 0.540198 0.014682 0.714226 0.019336 1.654685086223e-08 9.613612473708e-09 1.920222404871e-08 1.111028526723e-08 1.037301128938e-08 6.008377e-09 1.371471822739e-08  7.943930481850e-09  2.401541574603e-10  1.524460637711e-09   4.198278120333e-12   2.431754628745e-12   7.365805519389e-14    4.666599513380e-13    3260.392320     3266.748375     10.539477     8.410540     12.326375     2.128937     2.935858     4.086888     2.414696     1.056652     56.360827     0.004522     1.022989 
178 5 27 55.000000 1.100000 0.515231 0.019009 0.706358 0.025892 2.297163012543e-08 1.638051314928e-08 2.365487456273e-08 1.677297686309e-08 1.218772363940e-08 8.653647e-09 1.670881902547e-08  1.186355281230e-08  1.216721133173e-10  9.329092491990e-10   5.014988788638e-12   3.560729472047e-12   3.648308482376e-14    2.800035968082e-13    3335.028107     3331.775948     10.539478     8.377631     12.327605     2.161847     2.957243     4.071706     2.417984     1.096269     57.789497     -0.021424     1.003674 
179 5 28 55.000000 1.140000 0.494946 0.025249 0.699975 0.035355 -1.000000000000e+00 -1.000000000000e+00 -1.000000000000e+00 -1.000000000000e+00 -1.000000000000e+00 -1.000000e+00 -1.000000000000e+00  -1.000000000000e+00  5.786068907900e-11  5.324795380032e-10   -1.000000000000e+00   -1.000000000000e+00   1.700987343925e-14    1.565102088742e-13    3401.594332     3402.203229     10.539349     8.341789     12.330530     2.197560     2.980843     4.056154     2.424028     1.135589     59.120249     -0.049473     0.983592 
180 5 29 55.000000 1.180000 -1.000000 -1.000000 0.698546 0.058696 -1.000000000000e+00 -1.000000000000e+00 -1.000000000000e+00 -1.000000000000e+00 -1.000000000000e+00 -1.000000e+00 -1.000000000000e+00  -1.000000000000e+00  -1.000000000000e+00  2.767547379759e-10   -1.000000000000e+00   -1.000000000000e+00   -1.000000000000e+00    8.124765948572e-14    -1.000000     3406.310283     10.539174     8.306779     12.316147     2.232395     3.002211     4.029682     2.429061     1.174444     60.401383     -0.035678     0.961925 
181 6 0 65.000000 0.020000 -1.000000 -1.000000 -1.000000 -1.000000 nan nan nan nan -1.000000000000e+00 -1.000000e+00 -1.000000000000e+00  -1.000000000000e+00  -1.000000000000e+00  -1.000000000000e+00   -1.000000000000e+00   -1.000000000000e+00   -1.000000000000e+00    -1.000000000000e+00    -1.000000     -1.000000     -0.001000     -0.001000     -1.000000     -0.001000     -0.001000     -0.000001     -0.001000     -0.001000     -1.000000     -1.000000     -1.000000 
182 6 1 65.000000 0.060000 -1.000000 -1.000000 -1.000000 -1.000000 nan nan nan nan -1.000000000000e+00 -1.000000e+00 -1.000000000000e+00  -1.000000000000e+00  -1.000000000000e+00  -1.000000000000e+00   -1.000000000000e+00   -1.000000000000e+00   -1.000000000000e+00    -1.000000000000e+00    -1.000000     -1.000000     -0.001000     -0.001000     -1.000000     -0.001000     -0.001000     -0.000001     -0.001000     -0.001000     -1.000000     -1.000000     -1.000000 
183 6 2 65.000000 0.100000 -1.000000 -1.000000 -1.000000 -1.000000 nan nan nan nan -1.000000000000e+00 -1.000000e+00 -1.000000000000e+00  -1.000000000000e+00  -1.000000000000e+00  -1.000000000000e+00   -1.000000000000e+00   -1.000000000000e+00   -1.000000000000e+00    -1.000000000000e+00    -1.000000     -1.000000     -0.001000     -0.001000     -1.000000     -0.001000     -0.001000     -0.000001     -0.001000     -0.001000     -1.000000     -1.000000     -1.000000 
184 6 3 65.000000 0.140000 -1.000000 -1.000000 -1.000000 -1.000000 nan nan nan nan -1.000000000000e+00 -1.000000e+00 -1.000000000000e+00  -1.000000000000e+00  -1.000000000000e+00  -1.000000000000e+00   -1.000000000000e+00   -1.000000000000e+00   -1.000000000000e+00    -1.000000000000e+00    -1.000000     -1.000000     -0.001000     -0.001000     -1.000000     -0.001000     -0.001000     -0.000001     -0.001000     -0.001000     -1.000000     -1.000000     -1.000000 
185 6 4 65.000000 0.180000 -1.000000 -1.000000 -1.000000 -1.000000 nan nan nan nan -1.000000000000e+00 -1.000000e+00 -1.000000000000e+00  -1.000000000000e+00  -1.000000000000e+00  -1.000000000000e+00   -1.000000000000e+00   -1.000000000000e+00   -1.000000000000e+00    -1.000000000000e+00    -1.000000     -1.000000     -0.001000     -0.001000     -1.000000     -0.001000     -0.001000     -0.000001     -0.001000     -0.001000     -1.000000     -1.000000     -1.000000 
186 6 5 65.000000 0.220000 -1.000000 -1.000000 -1.000000 -1.000000 nan nan nan nan -1.000000000000e+00 -1.000000e+00 -1.000000000000e+00  -1.000000000000e+00  -1.000000000000e+00  -1.000000000000e+00   -1.000000000000e+00   -1.000000000000e+00   -1.000000000000e+00    -1.000000000000e+00    -1.000000     -1.000000     -0.001000     -0.001000     -1.000000     -0.001000     -0.001000     -0.000001     -0.001000     -0.001000     -1.000000     -1.000000     -1.000000 
187 6 6 65.000000 0.260000 -1.000000 -1.000000 -1.000000 -1.000000 nan nan nan nan -1.000000000000e+00 -1.000000e+00 -1.000000000000e+00  -1.000000000000e+00  -1.000000000000e+00  -1.000000000000e+00   -1.000000000000e+00   -1.000000000000e+00   -1.000000000000e+00    -1.000000000000e+00    -1.000000     -1.000000     -0.001000     -0.001000     -1.000000     -0.001000     -0.001000     -0.000001     -0.001000     -0.001000     -1.000000     -1.000000     -1.000000 
188 6 7 65.000000 0.300000 -1.000000 -1.000000 -1.000000 -1.000000 nan nan nan nan -1.000000000000e+00 -1.000000e+00 -1.000000000000e+00  -1.000000000000e+00  -1.000000000000e+00  -1.000000000000e+00   -1.000000000000e+00   -1.000000000000e+00   -1.000000000000e+00    -1.000000000000e+00    -1.000000     -1.000000     -0.001000     -0.001000     -1.000000     -0.001000     -0.001000     -0.000001     -0.001000     -0.001000     -1.000000     -1.000000     -1.000000 
189 6 8 65.000000 0.340000 -1.000000 -1.000000 -1.000000 -1.000000 nan nan nan nan -1.000000000000e+00 -1.000000e+00 -1.000000000000e+00  -1.000000000000e+00  -1.000000000000e+00  -1.000000000000e+00   -1.000000000000e+00   -1.000000000000e+00   -1.000000000000e+00    -1.000000000000e+00    -1.000000     -1.000000     -0.001000     -0.001000     -1.000000     -0.001000     -0.001000     -0.000001     -0.001000     -0.001000     -1.000000     -1.000000     -1.000000 
190 6 9 65.000000 0.380000 -1.000000 -1.000000 -1.000000 -1.000000 nan nan nan nan -1.000000000000e+00 -1.000000e+00 -1.000000000000e+00  -1.000000000000e+00  -1.000000000000e+00  -1.000000000000e+00   -1.000000000000e+00   -1.000000000000e+00   -1.000000000000e+00    -1.000000000000e+00    -1.000000     -1.000000     -0.001000     -0.001000     -1.000000     -0.001000     -0.001000     -0.000001     -0.001000     -0.001000     -1.000000     -1.000000     -1.000000 
191 6 10 65.000000 0.420000 -1.000000 -1.000000 -1.000000 -1.000000 nan nan nan nan -1.000000000000e+00 -1.000000e+00 -1.000000000000e+00  -1.000000000000e+00  -1.000000000000e+00  -1.000000000000e+00   -1.000000000000e+00   -1.000000000000e+00   -1.000000000000e+00    -1.000000000000e+00    -1.000000     -1.000000     -0.001000     -0.001000     -1.000000     -0.001000     -0.001000     -0.000001     -0.001000     -0.001000     -1.000000     -1.000000     -1.000000 
192 6 11 65.000000 0.460000 -1.000000 -1.000000 -1.000000 -1.000000 nan nan nan nan -1.000000000000e+00 -1.000000e+00 -1.000000000000e+00  -1.000000000000e+00  -1.000000000000e+00  -1.000000000000e+00   -1.000000000000e+00   -1.000000000000e+00   -1.000000000000e+00    -1.000000000000e+00    -1.000000     -1.000000     -0.001000     -0.001000     -1.000000     -0.001000     -0.001000     -0.000001     -0.001000     -0.001000     -1.000000     -1.000000     -1.000000 
193 6 12 65.000000 0.500000 -1.000000 -1.000000 -1.000000 -1.000000 nan nan nan nan -1.000000000000e+00 -1.000000e+00 -1.000000000000e+00  -1.000000000000e+00  -1.000000000000e+00  -1.000000000000e+00   -1.000000000000e+00   -1.000000000000e+00   -1.000000000000e+00    -1.000000000000e+00    -1.000000     -1.000000     -0.001000     -0.001000     -1.000000     -0.001000     -0.001000     -0.000001     -0.001000     -0.001000     -1.000000     -1.000000     -1.000000 
194 6 13 65.000000 0.540000 -1.000000 -1.000000 -1.000000 -1.000000 nan nan nan nan -1.000000000000e+00 -1.000000e+00 -1.000000000000e+00  -1.000000000000e+00  -1.000000000000e+00  -1.000000000000e+00   -1.000000000000e+00   -1.000000000000e+00   -1.000000000000e+00    -1.000000000000e+00    -1.000000     -1.000000     -0.001000     -0.001000     -1.000000     -0.001000     -0.001000     -0.000001     -0.001000     -0.001000     -1.000000     -1.000000     -1.000000 
195 6 14 65.000000 0.580000 -1.000000 -1.000000 -1.000000 -1.000000 nan nan nan nan -1.000000000000e+00 -1.000000e+00 -1.000000000000e+00  -1.000000000000e+00  -1.000000000000e+00  -1.000000000000e+00   -1.000000000000e+00   -1.000000000000e+00   -1.000000000000e+00    -1.000000000000e+00    -1.000000     -1.000000     -0.001000     -0.001000     -1.000000     -0.001000     -0.001000     -0.000001     -0.001000     -0.001000     -1.000000     -1.000000     -1.000000 
196 6 15 65.000000 0.620000 -1.000000 -1.000000 -1.000000 -1.000000 nan nan nan nan -1.000000000000e+00 -1.000000e+00 -1.000000000000e+00  -1.000000000000e+00  -1.000000000000e+00  -1.000000000000e+00   -1.000000000000e+00   -1.000000000000e+00   -1.000000000000e+00    -1.000000000000e+00    -1.000000     -1.000000     -0.001000     -0.001000     -1.000000     -0.001000     -0.001000     -0.000001     -0.001000     -0.001000     -1.000000     -1.000000     -1.000000 
197 6 16 65.000000 0.660000 -1.000000 -1.000000 -1.000000 -1.000000 nan nan nan nan -1.000000000000e+00 -1.000000e+00 -1.000000000000e+00  -1.000000000000e+00  -1.000000000000e+00  -1.000000000000e+00   -1.000000000000e+00   -1.000000000000e+00   -1.000000000000e+00    -1.000000000000e+00    -1.000000     -1.000000     -0.001000     -0.001000     -1.000000     -0.001000     -0.001000     -0.000001     -0.001000     -0.001000     -1.000000     -1.000000     -1.000000 
198 6 17 65.000000 0.700000 -1.000000 -1.000000 -1.000000 -1.000000 nan nan nan nan -1.000000000000e+00 -1.000000e+00 -1.000000000000e+00  -1.000000000000e+00  -1.000000000000e+00  -1.000000000000e+00   -1.000000000000e+00   -1.000000000000e+00   -1.000000000000e+00    -1.000000000000e+00    -1.000000     -1.000000     -0.001000     -0.001000     -1.000000     -0.001000     -0.001000     -0.000001     -0.001000     -0.001000     -1.000000     -1.000000     -1.000000 
199 6 18 65.000000 0.740000 -1.000000 -1.000000 -1.000000 -1.000000 nan nan nan nan -1.000000000000e+00 -1.000000e+00 -1.000000000000e+00  -1.000000000000e+00  -1.000000000000e+00  -1.000000000000e+00   -1.000000000000e+00   -1.000000000000e+00   -1.000000000000e+00    -1.000000000000e+00    -1.000000     -1.000000     -0.001000     -0.001000     -1.000000     -0.001000     -0.001000     -0.000001     -0.001000     -0.001000     -1.000000     -1.000000     -1.000000 
200 6 19 65.000000 0.780000 -1.000000 -1.000000 -1.000000 -1.000000 nan nan nan nan -1.000000000000e+00 -1.000000e+00 -1.000000000000e+00  -1.000000000000e+00  -1.000000000000e+00  -1.000000000000e+00   -1.000000000000e+00   -1.000000000000e+00   -1.000000000000e+00    -1.000000000000e+00    -1.000000     -1.000000     -0.001000     -0.001000     -1.000000     -0.001000     -0.001000     -0.000001     -0.001000     -0.001000     -1.000000     -1.000000     -1.000000 
201 6 20 65.000000 0.820000 -1.000000 -1.000000 -1.000000 -1.000000 nan nan nan nan -1.000000000000e+00 -1.000000e+00 -1.000000000000e+00  -1.000000000000e+00  -1.000000000000e+00  -1.000000000000e+00   -1.000000000000e+00   -1.000000000000e+00   -1.000000000000e+00    -1.000000000000e+00    -1.000000     -1.000000     -0.001000     -0.001000     -1.000000     -0.001000     -0.001000     -0.000001     -0.001000     -0.001000     -1.000000     -1.000000     -1.000000 
202 6 21 65.000000 0.860000 -1.000000 -1.000000 -1.000000 -1.000000 nan nan nan nan -1.000000000000e+00 -1.000000e+00 -1.000000000000e+00  -1.000000000000e+00  -1.000000000000e+00  -1.000000000000e+00   -1.000000000000e+00   -1.000000000000e+00   -1.000000000000e+00    -1.000000000000e+00    -1.000000     -1.000000     -0.001000     -0.001000     -1.000000     -0.001000     -0.001000     -0.000001     -0.001000     -0.001000     -1.000000     -1.000000     -1.000000 
203 6 22 65.000000 0.900000 -1.000000 -1.000000 -1.000000 -1.000000 nan nan nan nan -1.000000000000e+00 -1.000000e+00 -1.000000000000e+00  -1.000000000000e+00  -1.000000000000e+00  -1.000000000000e+00   -1.000000000000e+00   -1.000000000000e+00   -1.000000000000e+00    -1.000000000000e+00    -1.000000     -1.000000     -0.001000     -0.001000     -1.000000     -0.001000     -0.001000     -0.000001     -0.001000     -0.001000     -1.000000     -1.000000     -1.000000 
204 6 23 65.000000 0.940000 -1.000000 -1.000000 -1.000000 -1.000000 nan nan nan nan -1.000000000000e+00 -1.000000e+00 -1.000000000000e+00  -1.000000000000e+00  -1.000000000000e+00  -1.000000000000e+00   -1.000000000000e+00   -1.000000000000e+00   -1.000000000000e+00    -1.000000000000e+00    -1.000000     -1.000000     -0.001000     -0.001000     -1.000000     -0.001000     -0.001000     -0.000001     -0.001000     -0.001000     -1.000000     -1.000000     -1.000000 
205 6 24 65.000000 0.980000 -1.000000 -1.000000 -1.000000 -1.000000 nan nan nan nan -1.000000000000e+00 -1.000000e+00 -1.000000000000e+00  -1.000000000000e+00  -1.000000000000e+00  -1.000000000000e+00   -1.000000000000e+00   -1.000000000000e+00   -1.000000000000e+00    -1.000000000000e+00    -1.000000     -1.000000     -0.001000     -0.001000     -1.000000     -0.001000     -0.001000     -0.000001     -0.001000     -0.001000     -1.000000     -1.000000     -1.000000 
206 6 25 65.000000 1.020000 -1.000000 -1.000000 -1.000000 -1.000000 nan nan nan nan -1.000000000000e+00 -1.000000e+00 -1.000000000000e+00  -1.000000000000e+00  -1.000000000000e+00  -1.000000000000e+00   -1.000000000000e+00   -1.000000000000e+00   -1.000000000000e+00    -1.000000000000e+00    -1.000000     -1.000000     -0.001000     -0.001000     -1.000000     -0.001000     -0.001000     -0.000001     -0.001000     -0.001000     -1.000000     -1.000000     -1.000000 
207 6 26 65.000000 1.060000 -1.000000 -1.000000 -1.000000 -1.000000 nan nan nan nan -1.000000000000e+00 -1.000000e+00 -1.000000000000e+00  -1.000000000000e+00  -1.000000000000e+00  -1.000000000000e+00   -1.000000000000e+00   -1.000000000000e+00   -1.000000000000e+00    -1.000000000000e+00    -1.000000     -1.000000     -0.001000     -0.001000     -1.000000     -0.001000     -0.001000     -0.000001     -0.001000     -0.001000     -1.000000     -1.000000     -1.000000 
208 6 27 65.000000 1.100000 -1.000000 -1.000000 -1.000000 -1.000000 nan nan nan nan -1.000000000000e+00 -1.000000e+00 -1.000000000000e+00  -1.000000000000e+00  -1.000000000000e+00  -1.000000000000e+00   -1.000000000000e+00   -1.000000000000e+00   -1.000000000000e+00    -1.000000000000e+00    -1.000000     -1.000000     -0.001000     -0.001000     -1.000000     -0.001000     -0.001000     -0.000001     -0.001000     -0.001000     -1.000000     -1.000000     -1.000000 
209 6 28 65.000000 1.140000 -1.000000 -1.000000 -1.000000 -1.000000 nan nan nan nan -1.000000000000e+00 -1.000000e+00 -1.000000000000e+00  -1.000000000000e+00  -1.000000000000e+00  -1.000000000000e+00   -1.000000000000e+00   -1.000000000000e+00   -1.000000000000e+00    -1.000000000000e+00    -1.000000     -1.000000     -0.001000     -0.001000     -1.000000     -0.001000     -0.001000     -0.000001     -0.001000     -0.001000     -1.000000     -1.000000     -1.000000 
210 6 29 65.000000 1.180000 -1.000000 -1.000000 -1.000000 -1.000000 nan nan nan nan -1.000000000000e+00 -1.000000e+00 -1.000000000000e+00  -1.000000000000e+00  -1.000000000000e+00  -1.000000000000e+00   -1.000000000000e+00   -1.000000000000e+00   -1.000000000000e+00    -1.000000000000e+00    -1.000000     -1.000000     -0.001000     -0.001000     -1.000000     -0.001000     -0.001000     -0.000001     -0.001000     -0.001000     -1.000000     -1.000000     -1.000000 
211 7 0 75.000000 0.020000 -1.000000 -1.000000 -1.000000 -1.000000 nan nan nan nan -1.000000000000e+00 -1.000000e+00 -1.000000000000e+00  -1.000000000000e+00  -1.000000000000e+00  -1.000000000000e+00   -1.000000000000e+00   -1.000000000000e+00   -1.000000000000e+00    -1.000000000000e+00    -1.000000     -1.000000     -0.001000     -0.001000     -1.000000     -0.001000     -0.001000     -0.000001     -0.001000     -0.001000     -1.000000     -1.000000     -1.000000 
212 7 1 75.000000 0.060000 -1.000000 -1.000000 -1.000000 -1.000000 nan nan nan nan -1.000000000000e+00 -1.000000e+00 -1.000000000000e+00  -1.000000000000e+00  -1.000000000000e+00  -1.000000000000e+00   -1.000000000000e+00   -1.000000000000e+00   -1.000000000000e+00    -1.000000000000e+00    -1.000000     -1.000000     -0.001000     -0.001000     -1.000000     -0.001000     -0.001000     -0.000001     -0.001000     -0.001000     -1.000000     -1.000000     -1.000000 
213 7 2 75.000000 0.100000 -1.000000 -1.000000 -1.000000 -1.000000 nan nan nan nan -1.000000000000e+00 -1.000000e+00 -1.000000000000e+00  -1.000000000000e+00  -1.000000000000e+00  -1.000000000000e+00   -1.000000000000e+00   -1.000000000000e+00   -1.000000000000e+00    -1.000000000000e+00    -1.000000     -1.000000     -0.001000     -0.001000     -1.000000     -0.001000     -0.001000     -0.000001     -0.001000     -0.001000     -1.000000     -1.000000     -1.000000 
214 7 3 75.000000 0.140000 -1.000000 -1.000000 -1.000000 -1.000000 nan nan nan nan -1.000000000000e+00 -1.000000e+00 -1.000000000000e+00  -1.000000000000e+00  -1.000000000000e+00  -1.000000000000e+00   -1.000000000000e+00   -1.000000000000e+00   -1.000000000000e+00    -1.000000000000e+00    -1.000000     -1.000000     -0.001000     -0.001000     -1.000000     -0.001000     -0.001000     -0.000001     -0.001000     -0.001000     -1.000000     -1.000000     -1.000000 
215 7 4 75.000000 0.180000 -1.000000 -1.000000 -1.000000 -1.000000 nan nan nan nan -1.000000000000e+00 -1.000000e+00 -1.000000000000e+00  -1.000000000000e+00  -1.000000000000e+00  -1.000000000000e+00   -1.000000000000e+00   -1.000000000000e+00   -1.000000000000e+00    -1.000000000000e+00    -1.000000     -1.000000     -0.001000     -0.001000     -1.000000     -0.001000     -0.001000     -0.000001     -0.001000     -0.001000     -1.000000     -1.000000     -1.000000 
216 7 5 75.000000 0.220000 -1.000000 -1.000000 -1.000000 -1.000000 nan nan nan nan -1.000000000000e+00 -1.000000e+00 -1.000000000000e+00  -1.000000000000e+00  -1.000000000000e+00  -1.000000000000e+00   -1.000000000000e+00   -1.000000000000e+00   -1.000000000000e+00    -1.000000000000e+00    -1.000000     -1.000000     -0.001000     -0.001000     -1.000000     -0.001000     -0.001000     -0.000001     -0.001000     -0.001000     -1.000000     -1.000000     -1.000000 
217 7 6 75.000000 0.260000 -1.000000 -1.000000 -1.000000 -1.000000 nan nan nan nan -1.000000000000e+00 -1.000000e+00 -1.000000000000e+00  -1.000000000000e+00  -1.000000000000e+00  -1.000000000000e+00   -1.000000000000e+00   -1.000000000000e+00   -1.000000000000e+00    -1.000000000000e+00    -1.000000     -1.000000     -0.001000     -0.001000     -1.000000     -0.001000     -0.001000     -0.000001     -0.001000     -0.001000     -1.000000     -1.000000     -1.000000 
218 7 7 75.000000 0.300000 -1.000000 -1.000000 -1.000000 -1.000000 nan nan nan nan -1.000000000000e+00 -1.000000e+00 -1.000000000000e+00  -1.000000000000e+00  -1.000000000000e+00  -1.000000000000e+00   -1.000000000000e+00   -1.000000000000e+00   -1.000000000000e+00    -1.000000000000e+00    -1.000000     -1.000000     -0.001000     -0.001000     -1.000000     -0.001000     -0.001000     -0.000001     -0.001000     -0.001000     -1.000000     -1.000000     -1.000000 
219 7 8 75.000000 0.340000 -1.000000 -1.000000 -1.000000 -1.000000 nan nan nan nan -1.000000000000e+00 -1.000000e+00 -1.000000000000e+00  -1.000000000000e+00  -1.000000000000e+00  -1.000000000000e+00   -1.000000000000e+00   -1.000000000000e+00   -1.000000000000e+00    -1.000000000000e+00    -1.000000     -1.000000     -0.001000     -0.001000     -1.000000     -0.001000     -0.001000     -0.000001     -0.001000     -0.001000     -1.000000     -1.000000     -1.000000 
220 7 9 75.000000 0.380000 -1.000000 -1.000000 -1.000000 -1.000000 nan nan nan nan -1.000000000000e+00 -1.000000e+00 -1.000000000000e+00  -1.000000000000e+00  -1.000000000000e+00  -1.000000000000e+00   -1.000000000000e+00   -1.000000000000e+00   -1.000000000000e+00    -1.000000000000e+00    -1.000000     -1.000000     -0.001000     -0.001000     -1.000000     -0.001000     -0.001000     -0.000001     -0.001000     -0.001000     -1.000000     -1.000000     -1.000000 
221 7 10 75.000000 0.420000 -1.000000 -1.000000 -1.000000 -1.000000 nan nan nan nan -1.000000000000e+00 -1.000000e+00 -1.000000000000e+00  -1.000000000000e+00  -1.000000000000e+00  -1.000000000000e+00   -1.000000000000e+00   -1.000000000000e+00   -1.000000000000e+00    -1.000000000000e+00    -1.000000     -1.000000     -0.001000     -0.001000     -1.000000     -0.001000     -0.001000     -0.000001     -0.001000     -0.001000     -1.000000     -1.000000     -1.000000 
222 7 11 75.000000 0.460000 -1.000000 -1.000000 -1.000000 -1.000000 nan nan nan nan -1.000000000000e+00 -1.000000e+00 -1.000000000000e+00  -1.000000000000e+00  -1.000000000000e+00  -1.000000000000e+00   -1.000000000000e+00   -1.000000000000e+00   -1.000000000000e+00    -1.000000000000e+00    -1.000000     -1.000000     -0.001000     -0.001000     -1.000000     -0.001000     -0.001000     -0.000001     -0.001000     -0.001000     -1.000000     -1.000000     -1.000000 
223 7 12 75.000000 0.500000 -1.000000 -1.000000 -1.000000 -1.000000 nan nan nan nan -1.000000000000e+00 -1.000000e+00 -1.000000000000e+00  -1.000000000000e+00  -1.000000000000e+00  -1.000000000000e+00   -1.000000000000e+00   -1.000000000000e+00   -1.000000000000e+00    -1.000000000000e+00    -1.000000     -1.000000     -0.001000     -0.001000     -1.000000     -0.001000     -0.001000     -0.000001     -0.001000     -0.001000     -1.000000     -1.000000     -1.000000 
224 7 13 75.000000 0.540000 -1.000000 -1.000000 -1.000000 -1.000000 nan nan nan nan -1.000000000000e+00 -1.000000e+00 -1.000000000000e+00  -1.000000000000e+00  -1.000000000000e+00  -1.000000000000e+00   -1.000000000000e+00   -1.000000000000e+00   -1.000000000000e+00    -1.000000000000e+00    -1.000000     -1.000000     -0.001000     -0.001000     -1.000000     -0.001000     -0.001000     -0.000001     -0.001000     -0.001000     -1.000000     -1.000000     -1.000000 
225 7 14 75.000000 0.580000 -1.000000 -1.000000 -1.000000 -1.000000 nan nan nan nan -1.000000000000e+00 -1.000000e+00 -1.000000000000e+00  -1.000000000000e+00  -1.000000000000e+00  -1.000000000000e+00   -1.000000000000e+00   -1.000000000000e+00   -1.000000000000e+00    -1.000000000000e+00    -1.000000     -1.000000     -0.001000     -0.001000     -1.000000     -0.001000     -0.001000     -0.000001     -0.001000     -0.001000     -1.000000     -1.000000     -1.000000 
226 7 15 75.000000 0.620000 -1.000000 -1.000000 -1.000000 -1.000000 nan nan nan nan -1.000000000000e+00 -1.000000e+00 -1.000000000000e+00  -1.000000000000e+00  -1.000000000000e+00  -1.000000000000e+00   -1.000000000000e+00   -1.000000000000e+00   -1.000000000000e+00    -1.000000000000e+00    -1.000000     -1.000000     -0.001000     -0.001000     -1.000000     -0.001000     -0.001000     -0.000001     -0.001000     -0.001000     -1.000000     -1.000000     -1.000000 
227 7 16 75.000000 0.660000 -1.000000 -1.000000 -1.000000 -1.000000 nan nan nan nan -1.000000000000e+00 -1.000000e+00 -1.000000000000e+00  -1.000000000000e+00  -1.000000000000e+00  -1.000000000000e+00   -1.000000000000e+00   -1.000000000000e+00   -1.000000000000e+00    -1.000000000000e+00    -1.000000     -1.000000     -0.001000     -0.001000     -1.000000     -0.001000     -0.001000     -0.000001     -0.001000     -0.001000     -1.000000     -1.000000     -1.000000 
228 7 17 75.000000 0.700000 -1.000000 -1.000000 -1.000000 -1.000000 nan nan nan nan -1.000000000000e+00 -1.000000e+00 -1.000000000000e+00  -1.000000000000e+00  -1.000000000000e+00  -1.000000000000e+00   -1.000000000000e+00   -1.000000000000e+00   -1.000000000000e+00    -1.000000000000e+00    -1.000000     -1.000000     -0.001000     -0.001000     -1.000000     -0.001000     -0.001000     -0.000001     -0.001000     -0.001000     -1.000000     -1.000000     -1.000000 
229 7 18 75.000000 0.740000 -1.000000 -1.000000 -1.000000 -1.000000 nan nan nan nan -1.000000000000e+00 -1.000000e+00 -1.000000000000e+00  -1.000000000000e+00  -1.000000000000e+00  -1.000000000000e+00   -1.000000000000e+00   -1.000000000000e+00   -1.000000000000e+00    -1.000000000000e+00    -1.000000     -1.000000     -0.001000     -0.001000     -1.000000     -0.001000     -0.001000     -0.000001     -0.001000     -0.001000     -1.000000     -1.000000     -1.000000 
230 7 19 75.000000 0.780000 -1.000000 -1.000000 -1.000000 -1.000000 nan nan nan nan -1.000000000000e+00 -1.000000e+00 -1.000000000000e+00  -1.000000000000e+00  -1.000000000000e+00  -1.000000000000e+00   -1.000000000000e+00   -1.000000000000e+00   -1.000000000000e+00    -1.000000000000e+00    -1.000000     -1.000000     -0.001000     -0.001000     -1.000000     -0.001000     -0.001000     -0.000001     -0.001000     -0.001000     -1.000000     -1.000000     -1.000000 
231 7 20 75.000000 0.820000 -1.000000 -1.000000 -1.000000 -1.000000 nan nan nan nan -1.000000000000e+00 -1.000000e+00 -1.000000000000e+00  -1.000000000000e+00  -1.000000000000e+00  -1.000000000000e+00   -1.000000000000e+00   -1.000000000000e+00   -1.000000000000e+00    -1.000000000000e+00    -1.000000     -1.000000     -0.001000     -0.001000     -1.000000     -0.001000     -0.001000     -0.000001     -0.001000     -0.001000     -1.000000     -1.000000     -1.000000 
232 7 21 75.000000 0.860000 -1.000000 -1.000000 -1.000000 -1.000000 nan nan nan nan -1.000000000000e+00 -1.000000e+00 -1.000000000000e+00  -1.000000000000e+00  -1.000000000000e+00  -1.000000000000e+00   -1.000000000000e+00   -1.000000000000e+00   -1.000000000000e+00    -1.000000000000e+00    -1.000000     -1.000000     -0.001000     -0.001000     -1.000000     -0.001000     -0.001000     -0.000001     -0.001000     -0.001000     -1.000000     -1.000000     -1.000000 
233 7 22 75.000000 0.900000 -1.000000 -1.000000 -1.000000 -1.000000 nan nan nan nan -1.000000000000e+00 -1.000000e+00 -1.000000000000e+00  -1.000000000000e+00  -1.000000000000e+00  -1.000000000000e+00   -1.000000000000e+00   -1.000000000000e+00   -1.000000000000e+00    -1.000000000000e+00    -1.000000     -1.000000     -0.001000     -0.001000     -1.000000     -0.001000     -0.001000     -0.000001     -0.001000     -0.001000     -1.000000     -1.000000     -1.000000 
234 7 23 75.000000 0.940000 -1.000000 -1.000000 -1.000000 -1.000000 nan nan nan nan -1.000000000000e+00 -1.000000e+00 -1.000000000000e+00  -1.000000000000e+00  -1.000000000000e+00  -1.000000000000e+00   -1.000000000000e+00   -1.000000000000e+00   -1.000000000000e+00    -1.000000000000e+00    -1.000000     -1.000000     -0.001000     -0.001000     -1.000000     -0.001000     -0.001000     -0.000001     -0.001000     -0.001000     -1.000000     -1.000000     -1.000000 
235 7 24 75.000000 0.980000 -1.000000 -1.000000 -1.000000 -1.000000 nan nan nan nan -1.000000000000e+00 -1.000000e+00 -1.000000000000e+00  -1.000000000000e+00  -1.000000000000e+00  -1.000000000000e+00   -1.000000000000e+00   -1.000000000000e+00   -1.000000000000e+00    -1.000000000000e+00    -1.000000     -1.000000     -0.001000     -0.001000     -1.000000     -0.001000     -0.001000     -0.000001     -0.001000     -0.001000     -1.000000     -1.000000     -1.000000 
236 7 25 75.000000 1.020000 -1.000000 -1.000000 -1.000000 -1.000000 nan nan nan nan -1.000000000000e+00 -1.000000e+00 -1.000000000000e+00  -1.000000000000e+00  -1.000000000000e+00  -1.000000000000e+00   -1.000000000000e+00   -1.000000000000e+00   -1.000000000000e+00    -1.000000000000e+00    -1.000000     -1.000000     -0.001000     -0.001000     -1.000000     -0.001000     -0.001000     -0.000001     -0.001000     -0.001000     -1.000000     -1.000000     -1.000000 
237 7 26 75.000000 1.060000 -1.000000 -1.000000 -1.000000 -1.000000 nan nan nan nan -1.000000000000e+00 -1.000000e+00 -1.000000000000e+00  -1.000000000000e+00  -1.000000000000e+00  -1.000000000000e+00   -1.000000000000e+00   -1.000000000000e+00   -1.000000000000e+00    -1.000000000000e+00    -1.000000     -1.000000     -0.001000     -0.001000     -1.000000     -0.001000     -0.001000     -0.000001     -0.001000     -0.001000     -1.000000     -1.000000     -1.000000 
238 7 27 75.000000 1.100000 -1.000000 -1.000000 -1.000000 -1.000000 nan nan nan nan -1.000000000000e+00 -1.000000e+00 -1.000000000000e+00  -1.000000000000e+00  -1.000000000000e+00  -1.000000000000e+00   -1.000000000000e+00   -1.000000000000e+00   -1.000000000000e+00    -1.000000000000e+00    -1.000000     -1.000000     -0.001000     -0.001000     -1.000000     -0.001000     -0.001000     -0.000001     -0.001000     -0.001000     -1.000000     -1.000000     -1.000000 
239 7 28 75.000000 1.140000 -1.000000 -1.000000 -1.000000 -1.000000 nan nan nan nan -1.000000000000e+00 -1.000000e+00 -1.000000000000e+00  -1.000000000000e+00  -1.000000000000e+00  -1.000000000000e+00   -1.000000000000e+00   -1.000000000000e+00   -1.000000000000e+00    -1.000000000000e+00    -1.000000     -1.000000     -0.001000     -0.001000     -1.000000     -0.001000     -0.001000     -0.000001     -0.001000     -0.001000     -1.000000     -1.000000     -1.000000 
240 7 29 75.000000 1.180000 -1.000000 -1.000000 -1.000000 -1.000000 nan nan nan nan -1.000000000000e+00 -1.000000e+00 -1.000000000000e+00  -1.000000000000e+00  -1.000000000000e+00  -1.000000000000e+00   -1.000000000000e+00   -1.000000000000e+00   -1.000000000000e+00    -1.000000000000e+00    -1.000000     -1.000000     -0.001000     -0.001000     -1.000000     -0.001000     -0.001000     -0.000001     -0.001000     -0.001000     -1.000000     -1.000000     -1.000000 
241 8 0 85.000000 0.020000 -1.000000 -1.000000 -1.000000 -1.000000 nan nan nan nan -1.000000000000e+00 -1.000000e+00 -1.000000000000e+00  -1.000000000000e+00  -1.000000000000e+00  -1.000000000000e+00   -1.000000000000e+00   -1.000000000000e+00   -1.000000000000e+00    -1.000000000000e+00    -1.000000     -1.000000     -0.001000     -0.001000     -1.000000     -0.001000     -0.001000     -0.000001     -0.001000     -0.001000     -1.000000     -1.000000     -1.000000 
242 8 1 85.000000 0.060000 -1.000000 -1.000000 -1.000000 -1.000000 nan nan nan nan -1.000000000000e+00 -1.000000e+00 -1.000000000000e+00  -1.000000000000e+00  -1.000000000000e+00  -1.000000000000e+00   -1.000000000000e+00   -1.000000000000e+00   -1.000000000000e+00    -1.000000000000e+00    -1.000000     -1.000000     -0.001000     -0.001000     -1.000000     -0.001000     -0.001000     -0.000001     -0.001000     -0.001000     -1.000000     -1.000000     -1.000000 
243 8 2 85.000000 0.100000 -1.000000 -1.000000 -1.000000 -1.000000 nan nan nan nan -1.000000000000e+00 -1.000000e+00 -1.000000000000e+00  -1.000000000000e+00  -1.000000000000e+00  -1.000000000000e+00   -1.000000000000e+00   -1.000000000000e+00   -1.000000000000e+00    -1.000000000000e+00    -1.000000     -1.000000     -0.001000     -0.001000     -1.000000     -0.001000     -0.001000     -0.000001     -0.001000     -0.001000     -1.000000     -1.000000     -1.000000 
244 8 3 85.000000 0.140000 -1.000000 -1.000000 -1.000000 -1.000000 nan nan nan nan -1.000000000000e+00 -1.000000e+00 -1.000000000000e+00  -1.000000000000e+00  -1.000000000000e+00  -1.000000000000e+00   -1.000000000000e+00   -1.000000000000e+00   -1.000000000000e+00    -1.000000000000e+00    -1.000000     -1.000000     -0.001000     -0.001000     -1.000000     -0.001000     -0.001000     -0.000001     -0.001000     -0.001000     -1.000000     -1.000000     -1.000000 
245 8 4 85.000000 0.180000 -1.000000 -1.000000 -1.000000 -1.000000 nan nan nan nan -1.000000000000e+00 -1.000000e+00 -1.000000000000e+00  -1.000000000000e+00  -1.000000000000e+00  -1.000000000000e+00   -1.000000000000e+00   -1.000000000000e+00   -1.000000000000e+00    -1.000000000000e+00    -1.000000     -1.000000     -0.001000     -0.001000     -1.000000     -0.001000     -0.001000     -0.000001     -0.001000     -0.001000     -1.000000     -1.000000     -1.000000 
246 8 5 85.000000 0.220000 -1.000000 -1.000000 -1.000000 -1.000000 nan nan nan nan -1.000000000000e+00 -1.000000e+00 -1.000000000000e+00  -1.000000000000e+00  -1.000000000000e+00  -1.000000000000e+00   -1.000000000000e+00   -1.000000000000e+00   -1.000000000000e+00    -1.000000000000e+00    -1.000000     -1.000000     -0.001000     -0.001000     -1.000000     -0.001000     -0.001000     -0.000001     -0.001000     -0.001000     -1.000000     -1.000000     -1.000000 
247 8 6 85.000000 0.260000 -1.000000 -1.000000 -1.000000 -1.000000 nan nan nan nan -1.000000000000e+00 -1.000000e+00 -1.000000000000e+00  -1.000000000000e+00  -1.000000000000e+00  -1.000000000000e+00   -1.000000000000e+00   -1.000000000000e+00   -1.000000000000e+00    -1.000000000000e+00    -1.000000     -1.000000     -0.001000     -0.001000     -1.000000     -0.001000     -0.001000     -0.000001     -0.001000     -0.001000     -1.000000     -1.000000     -1.000000 
248 8 7 85.000000 0.300000 -1.000000 -1.000000 -1.000000 -1.000000 nan nan nan nan -1.000000000000e+00 -1.000000e+00 -1.000000000000e+00  -1.000000000000e+00  -1.000000000000e+00  -1.000000000000e+00   -1.000000000000e+00   -1.000000000000e+00   -1.000000000000e+00    -1.000000000000e+00    -1.000000     -1.000000     -0.001000     -0.001000     -1.000000     -0.001000     -0.001000     -0.000001     -0.001000     -0.001000     -1.000000     -1.000000     -1.000000 
249 8 8 85.000000 0.340000 -1.000000 -1.000000 -1.000000 -1.000000 nan nan nan nan -1.000000000000e+00 -1.000000e+00 -1.000000000000e+00  -1.000000000000e+00  -1.000000000000e+00  -1.000000000000e+00   -1.000000000000e+00   -1.000000000000e+00   -1.000000000000e+00    -1.000000000000e+00    -1.000000     -1.000000     -0.001000     -0.001000     -1.000000     -0.001000     -0.001000     -0.000001     -0.001000     -0.001000     -1.000000     -1.000000     -1.000000 
250 8 9 85.000000 0.380000 -1.000000 -1.000000 -1.000000 -1.000000 nan nan nan nan -1.000000000000e+00 -1.000000e+00 -1.000000000000e+00  -1.000000000000e+00  -1.000000000000e+00  -1.000000000000e+00   -1.000000000000e+00   -1.000000000000e+00   -1.000000000000e+00    -1.000000000000e+00    -1.000000     -1.000000     -0.001000     -0.001000     -1.000000     -0.001000     -0.001000     -0.000001     -0.001000     -0.001000     -1.000000     -1.000000     -1.000000 
251 8 10 85.000000 0.420000 -1.000000 -1.000000 -1.000000 -1.000000 nan nan nan nan -1.000000000000e+00 -1.000000e+00 -1.000000000000e+00  -1.000000000000e+00  -1.000000000000e+00  -1.000000000000e+00   -1.000000000000e+00   -1.000000000000e+00   -1.000000000000e+00    -1.000000000000e+00    -1.000000     -1.000000     -0.001000     -0.001000     -1.000000     -0.001000     -0.001000     -0.000001     -0.001000     -0.001000     -1.000000     -1.000000     -1.000000 
252 8 11 85.000000 0.460000 -1.000000 -1.000000 -1.000000 -1.000000 nan nan nan nan -1.000000000000e+00 -1.000000e+00 -1.000000000000e+00  -1.000000000000e+00  -1.000000000000e+00  -1.000000000000e+00   -1.000000000000e+00   -1.000000000000e+00   -1.000000000000e+00    -1.000000000000e+00    -1.000000     -1.000000     -0.001000     -0.001000     -1.000000     -0.001000     -0.001000     -0.000001     -0.001000     -0.001000     -1.000000     -1.000000     -1.000000 
253 8 12 85.000000 0.500000 -1.000000 -1.000000 -1.000000 -1.000000 nan nan nan nan -1.000000000000e+00 -1.000000e+00 -1.000000000000e+00  -1.000000000000e+00  -1.000000000000e+00  -1.000000000000e+00   -1.000000000000e+00   -1.000000000000e+00   -1.000000000000e+00    -1.000000000000e+00    -1.000000     -1.000000     -0.001000     -0.001000     -1.000000     -0.001000     -0.001000     -0.000001     -0.001000     -0.001000     -1.000000     -1.000000     -1.000000 
254 8 13 85.000000 0.540000 -1.000000 -1.000000 -1.000000 -1.000000 nan nan nan nan -1.000000000000e+00 -1.000000e+00 -1.000000000000e+00  -1.000000000000e+00  -1.000000000000e+00  -1.000000000000e+00   -1.000000000000e+00   -1.000000000000e+00   -1.000000000000e+00    -1.000000000000e+00    -1.000000     -1.000000     -0.001000     -0.001000     -1.000000     -0.001000     -0.001000     -0.000001     -0.001000     -0.001000     -1.000000     -1.000000     -1.000000 
255 8 14 85.000000 0.580000 -1.000000 -1.000000 -1.000000 -1.000000 nan nan nan nan -1.000000000000e+00 -1.000000e+00 -1.000000000000e+00  -1.000000000000e+00  -1.000000000000e+00  -1.000000000000e+00   -1.000000000000e+00   -1.000000000000e+00   -1.000000000000e+00    -1.000000000000e+00    -1.000000     -1.000000     -0.001000     -0.001000     -1.000000     -0.001000     -0.001000     -0.000001     -0.001000     -0.001000     -1.000000     -1.000000     -1.000000 
256 8 15 85.000000 0.620000 -1.000000 -1.000000 -1.000000 -1.000000 nan nan nan nan -1.000000000000e+00 -1.000000e+00 -1.000000000000e+00  -1.000000000000e+00  -1.000000000000e+00  -1.000000000000e+00   -1.000000000000e+00   -1.000000000000e+00   -1.000000000000e+00    -1.000000000000e+00    -1.000000     -1.000000     -0.001000     -0.001000     -1.000000     -0.001000     -0.001000     -0.000001     -0.001000     -0.001000     -1.000000     -1.000000     -1.000000 
257 8 16 85.000000 0.660000 -1.000000 -1.000000 -1.000000 -1.000000 nan nan nan nan -1.000000000000e+00 -1.000000e+00 -1.000000000000e+00  -1.000000000000e+00  -1.000000000000e+00  -1.000000000000e+00   -1.000000000000e+00   -1.000000000000e+00   -1.000000000000e+00    -1.000000000000e+00    -1.000000     -1.000000     -0.001000     -0.001000     -1.000000     -0.001000     -0.001000     -0.000001     -0.001000     -0.001000     -1.000000     -1.000000     -1.000000 
258 8 17 85.000000 0.700000 -1.000000 -1.000000 -1.000000 -1.000000 nan nan nan nan -1.000000000000e+00 -1.000000e+00 -1.000000000000e+00  -1.000000000000e+00  -1.000000000000e+00  -1.000000000000e+00   -1.000000000000e+00   -1.000000000000e+00   -1.000000000000e+00    -1.000000000000e+00    -1.000000     -1.000000     -0.001000     -0.001000     -1.000000     -0.001000     -0.001000     -0.000001     -0.001000     -0.001000     -1.000000     -1.000000     -1.000000 
259 8 18 85.000000 0.740000 -1.000000 -1.000000 -1.000000 -1.000000 nan nan nan nan -1.000000000000e+00 -1.000000e+00 -1.000000000000e+00  -1.000000000000e+00  -1.000000000000e+00  -1.000000000000e+00   -1.000000000000e+00   -1.000000000000e+00   -1.000000000000e+00    -1.000000000000e+00    -1.000000     -1.000000     -0.001000     -0.001000     -1.000000     -0.001000     -0.001000     -0.000001     -0.001000     -0.001000     -1.000000     -1.000000     -1.000000 
260 8 19 85.000000 0.780000 -1.000000 -1.000000 -1.000000 -1.000000 nan nan nan nan -1.000000000000e+00 -1.000000e+00 -1.000000000000e+00  -1.000000000000e+00  -1.000000000000e+00  -1.000000000000e+00   -1.000000000000e+00   -1.000000000000e+00   -1.000000000000e+00    -1.000000000000e+00    -1.000000     -1.000000     -0.001000     -0.001000     -1.000000     -0.001000     -0.001000     -0.000001     -0.001000     -0.001000     -1.000000     -1.000000     -1.000000 
261 8 20 85.000000 0.820000 -1.000000 -1.000000 -1.000000 -1.000000 nan nan nan nan -1.000000000000e+00 -1.000000e+00 -1.000000000000e+00  -1.000000000000e+00  -1.000000000000e+00  -1.000000000000e+00   -1.000000000000e+00   -1.000000000000e+00   -1.000000000000e+00    -1.000000000000e+00    -1.000000     -1.000000     -0.001000     -0.001000     -1.000000     -0.001000     -0.001000     -0.000001     -0.001000     -0.001000     -1.000000     -1.000000     -1.000000 
262 8 21 85.000000 0.860000 -1.000000 -1.000000 -1.000000 -1.000000 nan nan nan nan -1.000000000000e+00 -1.000000e+00 -1.000000000000e+00  -1.000000000000e+00  -1.000000000000e+00  -1.000000000000e+00   -1.000000000000e+00   -1.000000000000e+00   -1.000000000000e+00    -1.000000000000e+00    -1.000000     -1.000000     -0.001000     -0.001000     -1.000000     -0.001000     -0.001000     -0.000001     -0.001000     -0.001000     -1.000000     -1.000000     -1.000000 
263 8 22 85.000000 0.900000 -1.000000 -1.000000 -1.000000 -1.000000 nan nan nan nan -1.000000000000e+00 -1.000000e+00 -1.000000000000e+00  -1.000000000000e+00  -1.000000000000e+00  -1.000000000000e+00   -1.000000000000e+00   -1.000000000000e+00   -1.000000000000e+00    -1.000000000000e+00    -1.000000     -1.000000     -0.001000     -0.001000     -1.000000     -0.001000     -0.001000     -0.000001     -0.001000     -0.001000     -1.000000     -1.000000     -1.000000 
264 8 23 85.000000 0.940000 -1.000000 -1.000000 -1.000000 -1.000000 nan nan nan nan -1.000000000000e+00 -1.000000e+00 -1.000000000000e+00  -1.000000000000e+00  -1.000000000000e+00  -1.000000000000e+00   -1.000000000000e+00   -1.000000000000e+00   -1.000000000000e+00    -1.000000000000e+00    -1.000000     -1.000000     -0.001000     -0.001000     -1.000000     -0.001000     -0.001000     -0.000001     -0.001000     -0.001000     -1.000000     -1.000000     -1.000000 
265 8 24 85.000000 0.980000 -1.000000 -1.000000 -1.000000 -1.000000 nan nan nan nan -1.000000000000e+00 -1.000000e+00 -1.000000000000e+00  -1.000000000000e+00  -1.000000000000e+00  -1.000000000000e+00   -1.000000000000e+00   -1.000000000000e+00   -1.000000000000e+00    -1.000000000000e+00    -1.000000     -1.000000     -0.001000     -0.001000     -1.000000     -0.001000     -0.001000     -0.000001     -0.001000     -0.001000     -1.000000     -1.000000     -1.000000 
266 8 25 85.000000 1.020000 -1.000000 -1.000000 -1.000000 -1.000000 nan nan nan nan -1.000000000000e+00 -1.000000e+00 -1.000000000000e+00  -1.000000000000e+00  -1.000000000000e+00  -1.000000000000e+00   -1.000000000000e+00   -1.000000000000e+00   -1.000000000000e+00    -1.000000000000e+00    -1.000000     -1.000000     -0.001000     -0.001000     -1.000000     -0.001000     -0.001000     -0.000001     -0.001000     -0.001000     -1.000000     -1.000000     -1.000000 
267 8 26 85.000000 1.060000 -1.000000 -1.000000 -1.000000 -1.000000 nan nan nan nan -1.000000000000e+00 -1.000000e+00 -1.000000000000e+00  -1.000000000000e+00  -1.000000000000e+00  -1.000000000000e+00   -1.000000000000e+00   -1.000000000000e+00   -1.000000000000e+00    -1.000000000000e+00    -1.000000     -1.000000     -0.001000     -0.001000     -1.000000     -0.001000     -0.001000     -0.000001     -0.001000     -0.001000     -1.000000     -1.000000     -1.000000 
268 8 27 85.000000 1.100000 -1.000000 -1.000000 -1.000000 -1.000000 nan nan nan nan -1.000000000000e+00 -1.000000e+00 -1.000000000000e+00  -1.000000000000e+00  -1.000000000000e+00  -1.000000000000e+00   -1.000000000000e+00   -1.000000000000e+00   -1.000000000000e+00    -1.000000000000e+00    -1.000000     -1.000000     -0.001000     -0.001000     -1.000000     -0.001000     -0.001000     -0.000001     -0.001000     -0.001000     -1.000000     -1.000000     -1.000000 
269 8 28 85.000000 1.140000 -1.000000 -1.000000 -1.000000 -1.000000 nan nan nan nan -1.000000000000e+00 -1.000000e+00 -1.000000000000e+00  -1.000000000000e+00  -1.000000000000e+00  -1.000000000000e+00   -1.000000000000e+00   -1.000000000000e+00   -1.000000000000e+00    -1.000000000000e+00    -1.000000     -1.000000     -0.001000     -0.001000     -1.000000     -0.001000     -0.001000     -0.000001     -0.001000     -0.001000     -1.000000     -1.000000     -1.000000 
270 8 29 85.000000 1.180000 -1.000000 -1.000000 -1.000000 -1.000000 nan nan nan nan -1.000000000000e+00 -1.000000e+00 -1.000000000000e+00  -1.000000000000e+00  -1.000000000000e+00  -1.000000000000e+00   -1.000000000000e+00   -1.000000000000e+00   -1.000000000000e+00    -1.000000000000e+00    -1.000000     -1.000000     -0.001000     -0.001000     -1.000000     -0.001000     -0.001000     -0.000001     -0.001000     -0.001000     -1.000000     -1.000000     -1.000000 
271 9 0 95.000000 0.020000 -1.000000 -1.000000 -1.000000 -1.000000 nan nan nan nan -1.000000000000e+00 -1.000000e+00 -1.000000000000e+00  -1.000000000000e+00  -1.000000000000e+00  -1.000000000000e+00   -1.000000000000e+00   -1.000000000000e+00   -1.000000000000e+00    -1.000000000000e+00    -1.000000     -1.000000     -0.001000     -0.001000     -1.000000     -0.001000     -0.001000     -0.000001     -0.001000     -0.001000     -1.000000     -1.000000     -1.000000 
272 9 1 95.000000 0.060000 -1.000000 -1.000000 -1.000000 -1.000000 nan nan nan nan -1.000000000000e+00 -1.000000e+00 -1.000000000000e+00  -1.000000000000e+00  -1.000000000000e+00  -1.000000000000e+00   -1.000000000000e+00   -1.000000000000e+00   -1.000000000000e+00    -1.000000000000e+00    -1.000000     -1.000000     -0.001000     -0.001000     -1.000000     -0.001000     -0.001000     -0.000001     -0.001000     -0.001000     -1.000000     -1.000000     -1.000000 
273 9 2 95.000000 0.100000 -1.000000 -1.000000 -1.000000 -1.000000 nan nan nan nan -1.000000000000e+00 -1.000000e+00 -1.000000000000e+00  -1.000000000000e+00  -1.000000000000e+00  -1.000000000000e+00   -1.000000000000e+00   -1.000000000000e+00   -1.000000000000e+00    -1.000000000000e+00    -1.000000     -1.000000     -0.001000     -0.001000     -1.000000     -0.001000     -0.001000     -0.000001     -0.001000     -0.001000     -1.000000     -1.000000     -1.000000 
274 9 3 95.000000 0.140000 -1.000000 -1.000000 -1.000000 -1.000000 nan nan nan nan -1.000000000000e+00 -1.000000e+00 -1.000000000000e+00  -1.000000000000e+00  -1.000000000000e+00  -1.000000000000e+00   -1.000000000000e+00   -1.000000000000e+00   -1.000000000000e+00    -1.000000000000e+00    -1.000000     -1.000000     -0.001000     -0.001000     -1.000000     -0.001000     -0.001000     -0.000001     -0.001000     -0.001000     -1.000000     -1.000000     -1.000000 
275 9 4 95.000000 0.180000 -1.000000 -1.000000 -1.000000 -1.000000 nan nan nan nan -1.000000000000e+00 -1.000000e+00 -1.000000000000e+00  -1.000000000000e+00  -1.000000000000e+00  -1.000000000000e+00   -1.000000000000e+00   -1.000000000000e+00   -1.000000000000e+00    -1.000000000000e+00    -1.000000     -1.000000     -0.001000     -0.001000     -1.000000     -0.001000     -0.001000     -0.000001     -0.001000     -0.001000     -1.000000     -1.000000     -1.000000 
276 9 5 95.000000 0.220000 -1.000000 -1.000000 -1.000000 -1.000000 nan nan nan nan -1.000000000000e+00 -1.000000e+00 -1.000000000000e+00  -1.000000000000e+00  -1.000000000000e+00  -1.000000000000e+00   -1.000000000000e+00   -1.000000000000e+00   -1.000000000000e+00    -1.000000000000e+00    -1.000000     -1.000000     -0.001000     -0.001000     -1.000000     -0.001000     -0.001000     -0.000001     -0.001000     -0.001000     -1.000000     -1.000000     -1.000000 
277 9 6 95.000000 0.260000 -1.000000 -1.000000 -1.000000 -1.000000 nan nan nan nan -1.000000000000e+00 -1.000000e+00 -1.000000000000e+00  -1.000000000000e+00  -1.000000000000e+00  -1.000000000000e+00   -1.000000000000e+00   -1.000000000000e+00   -1.000000000000e+00    -1.000000000000e+00    -1.000000     -1.000000     -0.001000     -0.001000     -1.000000     -0.001000     -0.001000     -0.000001     -0.001000     -0.001000     -1.000000     -1.000000     -1.000000 
278 9 7 95.000000 0.300000 -1.000000 -1.000000 -1.000000 -1.000000 nan nan nan nan -1.000000000000e+00 -1.000000e+00 -1.000000000000e+00  -1.000000000000e+00  -1.000000000000e+00  -1.000000000000e+00   -1.000000000000e+00   -1.000000000000e+00   -1.000000000000e+00    -1.000000000000e+00    -1.000000     -1.000000     -0.001000     -0.001000     -1.000000     -0.001000     -0.001000     -0.000001     -0.001000     -0.001000     -1.000000     -1.000000     -1.000000 
279 9 8 95.000000 0.340000 -1.000000 -1.000000 -1.000000 -1.000000 nan nan nan nan -1.000000000000e+00 -1.000000e+00 -1.000000000000e+00  -1.000000000000e+00  -1.000000000000e+00  -1.000000000000e+00   -1.000000000000e+00   -1.000000000000e+00   -1.000000000000e+00    -1.000000000000e+00    -1.000000     -1.000000     -0.001000     -0.001000     -1.000000     -0.001000     -0.001000     -0.000001     -0.001000     -0.001000     -1.000000     -1.000000     -1.000000 
280 9 9 95.000000 0.380000 -1.000000 -1.000000 -1.000000 -1.000000 nan nan nan nan -1.000000000000e+00 -1.000000e+00 -1.000000000000e+00  -1.000000000000e+00  -1.000000000000e+00  -1.000000000000e+00   -1.000000000000e+00   -1.000000000000e+00   -1.000000000000e+00    -1.000000000000e+00    -1.000000     -1.000000     -0.001000     -0.001000     -1.000000     -0.001000     -0.001000     -0.000001     -0.001000     -0.001000     -1.000000     -1.000000     -1.000000 
281 9 10 95.000000 0.420000 -1.000000 -1.000000 -1.000000 -1.000000 nan nan nan nan -1.000000000000e+00 -1.000000e+00 -1.000000000000e+00  -1.000000000000e+00  -1.000000000000e+00  -1.000000000000e+00   -1.000000000000e+00   -1.000000000000e+00   -1.000000000000e+00    -1.000000000000e+00    -1.000000     -1.000000     -0.001000     -0.001000     -1.000000     -0.001000     -0.001000     -0.000001     -0.001000     -0.001000     -1.000000     -1.000000     -1.000000 
282 9 11 95.000000 0.460000 -1.000000 -1.000000 -1.000000 -1.000000 nan nan nan nan -1.000000000000e+00 -1.000000e+00 -1.000000000000e+00  -1.000000000000e+00  -1.000000000000e+00  -1.000000000000e+00   -1.000000000000e+00   -1.000000000000e+00   -1.000000000000e+00    -1.000000000000e+00    -1.000000     -1.000000     -0.001000     -0.001000     -1.000000     -0.001000     -0.001000     -0.000001     -0.001000     -0.001000     -1.000000     -1.000000     -1.000000 
283 9 12 95.000000 0.500000 -1.000000 -1.000000 -1.000000 -1.000000 nan nan nan nan -1.000000000000e+00 -1.000000e+00 -1.000000000000e+00  -1.000000000000e+00  -1.000000000000e+00  -1.000000000000e+00   -1.000000000000e+00   -1.000000000000e+00   -1.000000000000e+00    -1.000000000000e+00    -1.000000     -1.000000     -0.001000     -0.001000     -1.000000     -0.001000     -0.001000     -0.000001     -0.001000     -0.001000     -1.000000     -1.000000     -1.000000 
284 9 13 95.000000 0.540000 -1.000000 -1.000000 -1.000000 -1.000000 nan nan nan nan -1.000000000000e+00 -1.000000e+00 -1.000000000000e+00  -1.000000000000e+00  -1.000000000000e+00  -1.000000000000e+00   -1.000000000000e+00   -1.000000000000e+00   -1.000000000000e+00    -1.000000000000e+00    -1.000000     -1.000000     -0.001000     -0.001000     -1.000000     -0.001000     -0.001000     -0.000001     -0.001000     -0.001000     -1.000000     -1.000000     -1.000000 
285 9 14 95.000000 0.580000 -1.000000 -1.000000 -1.000000 -1.000000 nan nan nan nan -1.000000000000e+00 -1.000000e+00 -1.000000000000e+00  -1.000000000000e+00  -1.000000000000e+00  -1.000000000000e+00   -1.000000000000e+00   -1.000000000000e+00   -1.000000000000e+00    -1.000000000000e+00    -1.000000     -1.000000     -0.001000     -0.001000     -1.000000     -0.001000     -0.001000     -0.000001     -0.001000     -0.001000     -1.000000     -1.000000     -1.000000 
286 9 15 95.000000 0.620000 -1.000000 -1.000000 -1.000000 -1.000000 nan nan nan nan -1.000000000000e+00 -1.000000e+00 -1.000000000000e+00  -1.000000000000e+00  -1.000000000000e+00  -1.000000000000e+00   -1.000000000000e+00   -1.000000000000e+00   -1.000000000000e+00    -1.000000000000e+00    -1.000000     -1.000000     -0.001000     -0.001000     -1.000000     -0.001000     -0.001000     -0.000001     -0.001000     -0.001000     -1.000000     -1.000000     -1.000000 
287 9 16 95.000000 0.660000 -1.000000 -1.000000 -1.000000 -1.000000 nan nan nan nan -1.000000000000e+00 -1.000000e+00 -1.000000000000e+00  -1.000000000000e+00  -1.000000000000e+00  -1.000000000000e+00   -1.000000000000e+00   -1.000000000000e+00   -1.000000000000e+00    -1.000000000000e+00    -1.000000     -1.000000     -0.001000     -0.001000     -1.000000     -0.001000     -0.001000     -0.000001     -0.001000     -0.001000     -1.000000     -1.000000     -1.000000 
288 9 17 95.000000 0.700000 -1.000000 -1.000000 -1.000000 -1.000000 nan nan nan nan -1.000000000000e+00 -1.000000e+00 -1.000000000000e+00  -1.000000000000e+00  -1.000000000000e+00  -1.000000000000e+00   -1.000000000000e+00   -1.000000000000e+00   -1.000000000000e+00    -1.000000000000e+00    -1.000000     -1.000000     -0.001000     -0.001000     -1.000000     -0.001000     -0.001000     -0.000001     -0.001000     -0.001000     -1.000000     -1.000000     -1.000000 
289 9 18 95.000000 0.740000 -1.000000 -1.000000 -1.000000 -1.000000 nan nan nan nan -1.000000000000e+00 -1.000000e+00 -1.000000000000e+00  -1.000000000000e+00  -1.000000000000e+00  -1.000000000000e+00   -1.000000000000e+00   -1.000000000000e+00   -1.000000000000e+00    -1.000000000000e+00    -1.000000     -1.000000     -0.001000     -0.001000     -1.000000     -0.001000     -0.001000     -0.000001     -0.001000     -0.001000     -1.000000     -1.000000     -1.000000 
290 9 19 95.000000 0.780000 -1.000000 -1.000000 -1.000000 -1.000000 nan nan nan nan -1.000000000000e+00 -1.000000e+00 -1.000000000000e+00  -1.000000000000e+00  -1.000000000000e+00  -1.000000000000e+00   -1.000000000000e+00   -1.000000000000e+00   -1.000000000000e+00    -1.000000000000e+00    -1.000000     -1.000000     -0.001000     -0.001000     -1.000000     -0.001000     -0.001000     -0.000001     -0.001000     -0.001000     -1.000000     -1.000000     -1.000000 
291 9 20 95.000000 0.820000 -1.000000 -1.000000 -1.000000 -1.000000 nan nan nan nan -1.000000000000e+00 -1.000000e+00 -1.000000000000e+00  -1.000000000000e+00  -1.000000000000e+00  -1.000000000000e+00   -1.000000000000e+00   -1.000000000000e+00   -1.000000000000e+00    -1.000000000000e+00    -1.000000     -1.000000     -0.001000     -0.001000     -1.000000     -0.001000     -0.001000     -0.000001     -0.001000     -0.001000     -1.000000     -1.000000     -1.000000 
292 9 21 95.000000 0.860000 -1.000000 -1.000000 -1.000000 -1.000000 nan nan nan nan -1.000000000000e+00 -1.000000e+00 -1.000000000000e+00  -1.000000000000e+00  -1.000000000000e+00  -1.000000000000e+00   -1.000000000000e+00   -1.000000000000e+00   -1.000000000000e+00    -1.000000000000e+00    -1.000000     -1.000000     -0.001000     -0.001000     -1.000000     -0.001000     -0.001000     -0.000001     -0.001000     -0.001000     -1.000000     -1.000000     -1.000000 
293 9 22 95.000000 0.900000 -1.000000 -1.000000 -1.000000 -1.000000 nan nan nan nan -1.000000000000e+00 -1.000000e+00 -1.000000000000e+00  -1.000000000000e+00  -1.000000000000e+00  -1.000000000000e+00   -1.000000000000e+00   -1.000000000000e+00   -1.000000000000e+00    -1.000000000000e+00    -1.000000     -1.000000     -0.001000     -0.001000     -1.000000     -0.001000     -0.001000     -0.000001     -0.001000     -0.001000     -1.000000     -1.000000     -1.000000 
294 9 23 95.000000 0.940000 -1.000000 -1.000000 -1.000000 -1.000000 nan nan nan nan -1.000000000000e+00 -1.000000e+00 -1.000000000000e+00  -1.000000000000e+00  -1.000000000000e+00  -1.000000000000e+00   -1.000000000000e+00   -1.000000000000e+00   -1.000000000000e+00    -1.000000000000e+00    -1.000000     -1.000000     -0.001000     -0.001000     -1.000000     -0.001000     -0.001000     -0.000001     -0.001000     -0.001000     -1.000000     -1.000000     -1.000000 
295 9 24 95.000000 0.980000 -1.000000 -1.000000 -1.000000 -1.000000 nan nan nan nan -1.000000000000e+00 -1.000000e+00 -1.000000000000e+00  -1.000000000000e+00  -1.000000000000e+00  -1.000000000000e+00   -1.000000000000e+00   -1.000000000000e+00   -1.000000000000e+00    -1.000000000000e+00    -1.000000     -1.000000     -0.001000     -0.001000     -1.000000     -0.001000     -0.001000     -0.000001     -0.001000     -0.001000     -1.000000     -1.000000     -1.000000 
296 9 25 95.000000 1.020000 -1.000000 -1.000000 -1.000000 -1.000000 nan nan nan nan -1.000000000000e+00 -1.000000e+00 -1.000000000000e+00  -1.000000000000e+00  -1.000000000000e+00  -1.000000000000e+00   -1.000000000000e+00   -1.000000000000e+00   -1.000000000000e+00    -1.000000000000e+00    -1.000000     -1.000000     -0.001000     -0.001000     -1.000000     -0.001000     -0.001000     -0.000001     -0.001000     -0.001000     -1.000000     -1.000000     -1.000000 
297 9 26 95.000000 1.060000 -1.000000 -1.000000 -1.000000 -1.000000 nan nan nan nan -1.000000000000e+00 -1.000000e+00 -1.000000000000e+00  -1.000000000000e+00  -1.000000000000e+00  -1.000000000000e+00   -1.000000000000e+00   -1.000000000000e+00   -1.000000000000e+00    -1.000000000000e+00    -1.000000     -1.000000     -0.001000     -0.001000     -1.000000     -0.001000     -0.001000     -0.000001     -0.001000     -0.001000     -1.000000     -1.000000     -1.000000 
298 9 27 95.000000 1.100000 -1.000000 -1.000000 -1.000000 -1.000000 nan nan nan nan -1.000000000000e+00 -1.000000e+00 -1.000000000000e+00  -1.000000000000e+00  -1.000000000000e+00  -1.000000000000e+00   -1.000000000000e+00   -1.000000000000e+00   -1.000000000000e+00    -1.000000000000e+00    -1.000000     -1.000000     -0.001000     -0.001000     -1.000000     -0.001000     -0.001000     -0.000001     -0.001000     -0.001000     -1.000000     -1.000000     -1.000000 
299 9 28 95.000000 1.140000 -1.000000 -1.000000 -1.000000 -1.000000 nan nan nan nan -1.000000000000e+00 -1.000000e+00 -1.000000000000e+00  -1.000000000000e+00  -1.000000000000e+00  -1.000000000000e+00   -1.000000000000e+00   -1.000000000000e+00   -1.000000000000e+00    -1.000000000000e+00    -1.000000     -1.000000     -0.001000     -0.001000     -1.000000     -0.001000     -0.001000     -0.000001     -0.001000     -0.001000     -1.000000     -1.000000     -1.000000 
300 9 29 95.000000 1.180000 -1.000000 -1.000000 -1.000000 -1.000000 nan nan nan nan -1.000000000000e+00 -1.000000e+00 -1.000000000000e+00  -1.000000000000e+00  -1.000000000000e+00  -1.000000000000e+00   -1.000000000000e+00   -1.000000000000e+00   -1.000000000000e+00    -1.000000000000e+00    -1.000000     -1.000000     -0.001000     -0.001000     -1.000000     -0.001000     -0.001000     -0.000001     -0.001000     -0.001000     -1.000000     -1.000000     -1.000000 
301 10 0 105.000000 0.020000 -1.000000 -1.000000 -1.000000 -1.000000 nan nan nan nan -1.000000000000e+00 -1.000000e+00 -1.000000000000e+00  -1.000000000000e+00  -1.000000000000e+00  -1.000000000000e+00   -1.000000000000e+00   -1.000000000000e+00   -1.000000000000e+00    -1.000000000000e+00    -1.000000     -1.000000     -0.001000     -0.001000     -1.000000     -0.001000     -0.001000     -0.000001     -0.001000     -0.001000     -1.000000     -1.000000     -1.000000 
302 10 1 105.000000 0.060000 -1.000000 -1.000000 -1.000000 -1.000000 nan nan nan nan -1.000000000000e+00 -1.000000e+00 -1.000000000000e+00  -1.000000000000e+00  -1.000000000000e+00  -1.000000000000e+00   -1.000000000000e+00   -1.000000000000e+00   -1.000000000000e+00    -1.000000000000e+00    -1.000000     -1.000000     -0.001000     -0.001000     -1.000000     -0.001000     -0.001000     -0.000001     -0.001000     -0.001000     -1.000000     -1.000000     -1.000000 
303 10 2 105.000000 0.100000 -1.000000 -1.000000 -1.000000 -1.000000 nan nan nan nan -1.000000000000e+00 -1.000000e+00 -1.000000000000e+00  -1.000000000000e+00  -1.000000000000e+00  -1.000000000000e+00   -1.000000000000e+00   -1.000000000000e+00   -1.000000000000e+00    -1.000000000000e+00    -1.000000     -1.000000     -0.001000     -0.001000     -1.000000     -0.001000     -0.001000     -0.000001     -0.001000     -0.001000     -1.000000     -1.000000     -1.000000 
304 10 3 105.000000 0.140000 -1.000000 -1.000000 -1.000000 -1.000000 nan nan nan nan -1.000000000000e+00 -1.000000e+00 -1.000000000000e+00  -1.000000000000e+00  -1.000000000000e+00  -1.000000000000e+00   -1.000000000000e+00   -1.000000000000e+00   -1.000000000000e+00    -1.000000000000e+00    -1.000000     -1.000000     -0.001000     -0.001000     -1.000000     -0.001000     -0.001000     -0.000001     -0.001000     -0.001000     -1.000000     -1.000000     -1.000000 
305 10 4 105.000000 0.180000 -1.000000 -1.000000 -1.000000 -1.000000 nan nan nan nan -1.000000000000e+00 -1.000000e+00 -1.000000000000e+00  -1.000000000000e+00  -1.000000000000e+00  -1.000000000000e+00   -1.000000000000e+00   -1.000000000000e+00   -1.000000000000e+00    -1.000000000000e+00    -1.000000     -1.000000     -0.001000     -0.001000     -1.000000     -0.001000     -0.001000     -0.000001     -0.001000     -0.001000     -1.000000     -1.000000     -1.000000 
306 10 5 105.000000 0.220000 -1.000000 -1.000000 -1.000000 -1.000000 nan nan nan nan -1.000000000000e+00 -1.000000e+00 -1.000000000000e+00  -1.000000000000e+00  -1.000000000000e+00  -1.000000000000e+00   -1.000000000000e+00   -1.000000000000e+00   -1.000000000000e+00    -1.000000000000e+00    -1.000000     -1.000000     -0.001000     -0.001000     -1.000000     -0.001000     -0.001000     -0.000001     -0.001000     -0.001000     -1.000000     -1.000000     -1.000000 
307 10 6 105.000000 0.260000 -1.000000 -1.000000 -1.000000 -1.000000 nan nan nan nan -1.000000000000e+00 -1.000000e+00 -1.000000000000e+00  -1.000000000000e+00  -1.000000000000e+00  -1.000000000000e+00   -1.000000000000e+00   -1.000000000000e+00   -1.000000000000e+00    -1.000000000000e+00    -1.000000     -1.000000     -0.001000     -0.001000     -1.000000     -0.001000     -0.001000     -0.000001     -0.001000     -0.001000     -1.000000     -1.000000     -1.000000 
308 10 7 105.000000 0.300000 -1.000000 -1.000000 -1.000000 -1.000000 nan nan nan nan -1.000000000000e+00 -1.000000e+00 -1.000000000000e+00  -1.000000000000e+00  -1.000000000000e+00  -1.000000000000e+00   -1.000000000000e+00   -1.000000000000e+00   -1.000000000000e+00    -1.000000000000e+00    -1.000000     -1.000000     -0.001000     -0.001000     -1.000000     -0.001000     -0.001000     -0.000001     -0.001000     -0.001000     -1.000000     -1.000000     -1.000000 
309 10 8 105.000000 0.340000 -1.000000 -1.000000 -1.000000 -1.000000 nan nan nan nan -1.000000000000e+00 -1.000000e+00 -1.000000000000e+00  -1.000000000000e+00  -1.000000000000e+00  -1.000000000000e+00   -1.000000000000e+00   -1.000000000000e+00   -1.000000000000e+00    -1.000000000000e+00    -1.000000     -1.000000     -0.001000     -0.001000     -1.000000     -0.001000     -0.001000     -0.000001     -0.001000     -0.001000     -1.000000     -1.000000     -1.000000 
310 10 9 105.000000 0.380000 -1.000000 -1.000000 -1.000000 -1.000000 nan nan nan nan -1.000000000000e+00 -1.000000e+00 -1.000000000000e+00  -1.000000000000e+00  -1.000000000000e+00  -1.000000000000e+00   -1.000000000000e+00   -1.000000000000e+00   -1.000000000000e+00    -1.000000000000e+00    -1.000000     -1.000000     -0.001000     -0.001000     -1.000000     -0.001000     -0.001000     -0.000001     -0.001000     -0.001000     -1.000000     -1.000000     -1.000000 
311 10 10 105.000000 0.420000 -1.000000 -1.000000 -1.000000 -1.000000 nan nan nan nan -1.000000000000e+00 -1.000000e+00 -1.000000000000e+00  -1.000000000000e+00  -1.000000000000e+00  -1.000000000000e+00   -1.000000000000e+00   -1.000000000000e+00   -1.000000000000e+00    -1.000000000000e+00    -1.000000     -1.000000     -0.001000     -0.001000     -1.000000     -0.001000     -0.001000     -0.000001     -0.001000     -0.001000     -1.000000     -1.000000     -1.000000 
312 10 11 105.000000 0.460000 -1.000000 -1.000000 -1.000000 -1.000000 nan nan nan nan -1.000000000000e+00 -1.000000e+00 -1.000000000000e+00  -1.000000000000e+00  -1.000000000000e+00  -1.000000000000e+00   -1.000000000000e+00   -1.000000000000e+00   -1.000000000000e+00    -1.000000000000e+00    -1.000000     -1.000000     -0.001000     -0.001000     -1.000000     -0.001000     -0.001000     -0.000001     -0.001000     -0.001000     -1.000000     -1.000000     -1.000000 
313 10 12 105.000000 0.500000 -1.000000 -1.000000 -1.000000 -1.000000 nan nan nan nan -1.000000000000e+00 -1.000000e+00 -1.000000000000e+00  -1.000000000000e+00  -1.000000000000e+00  -1.000000000000e+00   -1.000000000000e+00   -1.000000000000e+00   -1.000000000000e+00    -1.000000000000e+00    -1.000000     -1.000000     -0.001000     -0.001000     -1.000000     -0.001000     -0.001000     -0.000001     -0.001000     -0.001000     -1.000000     -1.000000     -1.000000 
314 10 13 105.000000 0.540000 -1.000000 -1.000000 -1.000000 -1.000000 nan nan nan nan -1.000000000000e+00 -1.000000e+00 -1.000000000000e+00  -1.000000000000e+00  -1.000000000000e+00  -1.000000000000e+00   -1.000000000000e+00   -1.000000000000e+00   -1.000000000000e+00    -1.000000000000e+00    -1.000000     -1.000000     -0.001000     -0.001000     -1.000000     -0.001000     -0.001000     -0.000001     -0.001000     -0.001000     -1.000000     -1.000000     -1.000000 
315 10 14 105.000000 0.580000 -1.000000 -1.000000 -1.000000 -1.000000 nan nan nan nan -1.000000000000e+00 -1.000000e+00 -1.000000000000e+00  -1.000000000000e+00  -1.000000000000e+00  -1.000000000000e+00   -1.000000000000e+00   -1.000000000000e+00   -1.000000000000e+00    -1.000000000000e+00    -1.000000     -1.000000     -0.001000     -0.001000     -1.000000     -0.001000     -0.001000     -0.000001     -0.001000     -0.001000     -1.000000     -1.000000     -1.000000 
316 10 15 105.000000 0.620000 -1.000000 -1.000000 -1.000000 -1.000000 nan nan nan nan -1.000000000000e+00 -1.000000e+00 -1.000000000000e+00  -1.000000000000e+00  -1.000000000000e+00  -1.000000000000e+00   -1.000000000000e+00   -1.000000000000e+00   -1.000000000000e+00    -1.000000000000e+00    -1.000000     -1.000000     -0.001000     -0.001000     -1.000000     -0.001000     -0.001000     -0.000001     -0.001000     -0.001000     -1.000000     -1.000000     -1.000000 
317 10 16 105.000000 0.660000 -1.000000 -1.000000 -1.000000 -1.000000 nan nan nan nan -1.000000000000e+00 -1.000000e+00 -1.000000000000e+00  -1.000000000000e+00  -1.000000000000e+00  -1.000000000000e+00   -1.000000000000e+00   -1.000000000000e+00   -1.000000000000e+00    -1.000000000000e+00    -1.000000     -1.000000     -0.001000     -0.001000     -1.000000     -0.001000     -0.001000     -0.000001     -0.001000     -0.001000     -1.000000     -1.000000     -1.000000 
318 10 17 105.000000 0.700000 -1.000000 -1.000000 -1.000000 -1.000000 nan nan nan nan -1.000000000000e+00 -1.000000e+00 -1.000000000000e+00  -1.000000000000e+00  -1.000000000000e+00  -1.000000000000e+00   -1.000000000000e+00   -1.000000000000e+00   -1.000000000000e+00    -1.000000000000e+00    -1.000000     -1.000000     -0.001000     -0.001000     -1.000000     -0.001000     -0.001000     -0.000001     -0.001000     -0.001000     -1.000000     -1.000000     -1.000000 
319 10 18 105.000000 0.740000 -1.000000 -1.000000 -1.000000 -1.000000 nan nan nan nan -1.000000000000e+00 -1.000000e+00 -1.000000000000e+00  -1.000000000000e+00  -1.000000000000e+00  -1.000000000000e+00   -1.000000000000e+00   -1.000000000000e+00   -1.000000000000e+00    -1.000000000000e+00    -1.000000     -1.000000     -0.001000     -0.001000     -1.000000     -0.001000     -0.001000     -0.000001     -0.001000     -0.001000     -1.000000     -1.000000     -1.000000 
320 10 19 105.000000 0.780000 -1.000000 -1.000000 -1.000000 -1.000000 nan nan nan nan -1.000000000000e+00 -1.000000e+00 -1.000000000000e+00  -1.000000000000e+00  -1.000000000000e+00  -1.000000000000e+00   -1.000000000000e+00   -1.000000000000e+00   -1.000000000000e+00    -1.000000000000e+00    -1.000000     -1.000000     -0.001000     -0.001000     -1.000000     -0.001000     -0.001000     -0.000001     -0.001000     -0.001000     -1.000000     -1.000000     -1.000000 
321 10 20 105.000000 0.820000 -1.000000 -1.000000 -1.000000 -1.000000 nan nan nan nan -1.000000000000e+00 -1.000000e+00 -1.000000000000e+00  -1.000000000000e+00  -1.000000000000e+00  -1.000000000000e+00   -1.000000000000e+00   -1.000000000000e+00   -1.000000000000e+00    -1.000000000000e+00    -1.000000     -1.000000     -0.001000     -0.001000     -1.000000     -0.001000     -0.001000     -0.000001     -0.001000     -0.001000     -1.000000     -1.000000     -1.000000 
322 10 21 105.000000 0.860000 -1.000000 -1.000000 -1.000000 -1.000000 nan nan nan nan -1.000000000000e+00 -1.000000e+00 -1.000000000000e+00  -1.000000000000e+00  -1.000000000000e+00  -1.000000000000e+00   -1.000000000000e+00   -1.000000000000e+00   -1.000000000000e+00    -1.000000000000e+00    -1.000000     -1.000000     -0.001000     -0.001000     -1.000000     -0.001000     -0.001000     -0.000001     -0.001000     -0.001000     -1.000000     -1.000000     -1.000000 
323 10 22 105.000000 0.900000 -1.000000 -1.000000 -1.000000 -1.000000 nan nan nan nan -1.000000000000e+00 -1.000000e+00 -1.000000000000e+00  -1.000000000000e+00  -1.000000000000e+00  -1.000000000000e+00   -1.000000000000e+00   -1.000000000000e+00   -1.000000000000e+00    -1.000000000000e+00    -1.000000     -1.000000     -0.001000     -0.001000     -1.000000     -0.001000     -0.001000     -0.000001     -0.001000     -0.001000     -1.000000     -1.000000     -1.000000 
324 10 23 105.000000 0.940000 -1.000000 -1.000000 -1.000000 -1.000000 nan nan nan nan -1.000000000000e+00 -1.000000e+00 -1.000000000000e+00  -1.000000000000e+00  -1.000000000000e+00  -1.000000000000e+00   -1.000000000000e+00   -1.000000000000e+00   -1.000000000000e+00    -1.000000000000e+00    -1.000000     -1.000000     -0.001000     -0.001000     -1.000000     -0.001000     -0.001000     -0.000001     -0.001000     -0.001000     -1.000000     -1.000000     -1.000000 
325 10 24 105.000000 0.980000 -1.000000 -1.000000 -1.000000 -1.000000 nan nan nan nan -1.000000000000e+00 -1.000000e+00 -1.000000000000e+00  -1.000000000000e+00  -1.000000000000e+00  -1.000000000000e+00   -1.000000000000e+00   -1.000000000000e+00   -1.000000000000e+00    -1.000000000000e+00    -1.000000     -1.000000     -0.001000     -0.001000     -1.000000     -0.001000     -0.001000     -0.000001     -0.001000     -0.001000     -1.000000     -1.000000     -1.000000 
326 10 25 105.000000 1.020000 -1.000000 -1.000000 -1.000000 -1.000000 nan nan nan nan -1.000000000000e+00 -1.000000e+00 -1.000000000000e+00  -1.000000000000e+00  -1.000000000000e+00  -1.000000000000e+00   -1.000000000000e+00   -1.000000000000e+00   -1.000000000000e+00    -1.000000000000e+00    -1.000000     -1.000000     -0.001000     -0.001000     -1.000000     -0.001000     -0.001000     -0.000001     -0.001000     -0.001000     -1.000000     -1.000000     -1.000000 
327 10 26 105.000000 1.060000 -1.000000 -1.000000 -1.000000 -1.000000 nan nan nan nan -1.000000000000e+00 -1.000000e+00 -1.000000000000e+00  -1.000000000000e+00  -1.000000000000e+00  -1.000000000000e+00   -1.000000000000e+00   -1.000000000000e+00   -1.000000000000e+00    -1.000000000000e+00    -1.000000     -1.000000     -0.001000     -0.001000     -1.000000     -0.001000     -0.001000     -0.000001     -0.001000     -0.001000     -1.000000     -1.000000     -1.000000 
328 10 27 105.000000 1.100000 -1.000000 -1.000000 -1.000000 -1.000000 nan nan nan nan -1.000000000000e+00 -1.000000e+00 -1.000000000000e+00  -1.000000000000e+00  -1.000000000000e+00  -1.000000000000e+00   -1.000000000000e+00   -1.000000000000e+00   -1.000000000000e+00    -1.000000000000e+00    -1.000000     -1.000000     -0.001000     -0.001000     -1.000000     -0.001000     -0.001000     -0.000001     -0.001000     -0.001000     -1.000000     -1.000000     -1.000000 
329 10 28 105.000000 1.140000 -1.000000 -1.000000 -1.000000 -1.000000 nan nan nan nan -1.000000000000e+00 -1.000000e+00 -1.000000000000e+00  -1.000000000000e+00  -1.000000000000e+00  -1.000000000000e+00   -1.000000000000e+00   -1.000000000000e+00   -1.000000000000e+00    -1.000000000000e+00    -1.000000     -1.000000     -0.001000     -0.001000     -1.000000     -0.001000     -0.001000     -0.000001     -0.001000     -0.001000     -1.000000     -1.000000     -1.000000 
330 10 29 105.000000 1.180000 -1.000000 -1.000000 -1.000000 -1.000000 nan nan nan nan -1.000000000000e+00 -1.000000e+00 -1.000000000000e+00  -1.000000000000e+00  -1.000000000000e+00  -1.000000000000e+00   -1.000000000000e+00   -1.000000000000e+00   -1.000000000000e+00    -1.000000000000e+00    -1.000000     -1.000000     -0.001000     -0.001000     -1.000000     -0.001000     -0.001000     -0.000001     -0.001000     -0.001000     -1.000000     -1.000000     -1.000000 
331 11 0 115.000000 0.020000 -1.000000 -1.000000 -1.000000 -1.000000 nan nan nan nan -1.000000000000e+00 -1.000000e+00 -1.000000000000e+00  -1.000000000000e+00  -1.000000000000e+00  -1.000000000000e+00   -1.000000000000e+00   -1.000000000000e+00   -1.000000000000e+00    -1.000000000000e+00    -1.000000     -1.000000     -0.001000     -0.001000     -1.000000     -0.001000     -0.001000     -0.000001     -0.001000     -0.001000     -1.000000     -1.000000     -1.000000 
332 11 1 115.000000 0.060000 -1.000000 -1.000000 -1.000000 -1.000000 nan nan nan nan -1.000000000000e+00 -1.000000e+00 -1.000000000000e+00  -1.000000000000e+00  -1.000000000000e+00  -1.000000000000e+00   -1.000000000000e+00   -1.000000000000e+00   -1.000000000000e+00    -1.000000000000e+00    -1.000000     -1.000000     -0.001000     -0.001000     -1.000000     -0.001000     -0.001000     -0.000001     -0.001000     -0.001000     -1.000000     -1.000000     -1.000000 
333 11 2 115.000000 0.100000 -1.000000 -1.000000 -1.000000 -1.000000 nan nan nan nan -1.000000000000e+00 -1.000000e+00 -1.000000000000e+00  -1.000000000000e+00  -1.000000000000e+00  -1.000000000000e+00   -1.000000000000e+00   -1.000000000000e+00   -1.000000000000e+00    -1.000000000000e+00    -1.000000     -1.000000     -0.001000     -0.001000     -1.000000     -0.001000     -0.001000     -0.000001     -0.001000     -0.001000     -1.000000     -1.000000     -1.000000 
334 11 3 115.000000 0.140000 -1.000000 -1.000000 -1.000000 -1.000000 nan nan nan nan -1.000000000000e+00 -1.000000e+00 -1.000000000000e+00  -1.000000000000e+00  -1.000000000000e+00  -1.000000000000e+00   -1.000000000000e+00   -1.000000000000e+00   -1.000000000000e+00    -1.000000000000e+00    -1.000000     -1.000000     -0.001000     -0.001000     -1.000000     -0.001000     -0.001000     -0.000001     -0.001000     -0.001000     -1.000000     -1.000000     -1.000000 
335 11 4 115.000000 0.180000 -1.000000 -1.000000 -1.000000 -1.000000 nan nan nan nan -1.000000000000e+00 -1.000000e+00 -1.000000000000e+00  -1.000000000000e+00  -1.000000000000e+00  -1.000000000000e+00   -1.000000000000e+00   -1.000000000000e+00   -1.000000000000e+00    -1.000000000000e+00    -1.000000     -1.000000     -0.001000     -0.001000     -1.000000     -0.001000     -0.001000     -0.000001     -0.001000     -0.001000     -1.000000     -1.000000     -1.000000 
336 11 5 115.000000 0.220000 -1.000000 -1.000000 -1.000000 -1.000000 nan nan nan nan -1.000000000000e+00 -1.000000e+00 -1.000000000000e+00  -1.000000000000e+00  -1.000000000000e+00  -1.000000000000e+00   -1.000000000000e+00   -1.000000000000e+00   -1.000000000000e+00    -1.000000000000e+00    -1.000000     -1.000000     -0.001000     -0.001000     -1.000000     -0.001000     -0.001000     -0.000001     -0.001000     -0.001000     -1.000000     -1.000000     -1.000000 
337 11 6 115.000000 0.260000 -1.000000 -1.000000 -1.000000 -1.000000 nan nan nan nan -1.000000000000e+00 -1.000000e+00 -1.000000000000e+00  -1.000000000000e+00  -1.000000000000e+00  -1.000000000000e+00   -1.000000000000e+00   -1.000000000000e+00   -1.000000000000e+00    -1.000000000000e+00    -1.000000     -1.000000     -0.001000     -0.001000     -1.000000     -0.001000     -0.001000     -0.000001     -0.001000     -0.001000     -1.000000     -1.000000     -1.000000 
338 11 7 115.000000 0.300000 -1.000000 -1.000000 -1.000000 -1.000000 nan nan nan nan -1.000000000000e+00 -1.000000e+00 -1.000000000000e+00  -1.000000000000e+00  -1.000000000000e+00  -1.000000000000e+00   -1.000000000000e+00   -1.000000000000e+00   -1.000000000000e+00    -1.000000000000e+00    -1.000000     -1.000000     -0.001000     -0.001000     -1.000000     -0.001000     -0.001000     -0.000001     -0.001000     -0.001000     -1.000000     -1.000000     -1.000000 
339 11 8 115.000000 0.340000 -1.000000 -1.000000 -1.000000 -1.000000 nan nan nan nan -1.000000000000e+00 -1.000000e+00 -1.000000000000e+00  -1.000000000000e+00  -1.000000000000e+00  -1.000000000000e+00   -1.000000000000e+00   -1.000000000000e+00   -1.000000000000e+00    -1.000000000000e+00    -1.000000     -1.000000     -0.001000     -0.001000     -1.000000     -0.001000     -0.001000     -0.000001     -0.001000     -0.001000     -1.000000     -1.000000     -1.000000 
340 11 9 115.000000 0.380000 -1.000000 -1.000000 -1.000000 -1.000000 nan nan nan nan -1.000000000000e+00 -1.000000e+00 -1.000000000000e+00  -1.000000000000e+00  -1.000000000000e+00  -1.000000000000e+00   -1.000000000000e+00   -1.000000000000e+00   -1.000000000000e+00    -1.000000000000e+00    -1.000000     -1.000000     -0.001000     -0.001000     -1.000000     -0.001000     -0.001000     -0.000001     -0.001000     -0.001000     -1.000000     -1.000000     -1.000000 
341 11 10 115.000000 0.420000 -1.000000 -1.000000 -1.000000 -1.000000 nan nan nan nan -1.000000000000e+00 -1.000000e+00 -1.000000000000e+00  -1.000000000000e+00  -1.000000000000e+00  -1.000000000000e+00   -1.000000000000e+00   -1.000000000000e+00   -1.000000000000e+00    -1.000000000000e+00    -1.000000     -1.000000     -0.001000     -0.001000     -1.000000     -0.001000     -0.001000     -0.000001     -0.001000     -0.001000     -1.000000     -1.000000     -1.000000 
342 11 11 115.000000 0.460000 -1.000000 -1.000000 -1.000000 -1.000000 nan nan nan nan -1.000000000000e+00 -1.000000e+00 -1.000000000000e+00  -1.000000000000e+00  -1.000000000000e+00  -1.000000000000e+00   -1.000000000000e+00   -1.000000000000e+00   -1.000000000000e+00    -1.000000000000e+00    -1.000000     -1.000000     -0.001000     -0.001000     -1.000000     -0.001000     -0.001000     -0.000001     -0.001000     -0.001000     -1.000000     -1.000000     -1.000000 
343 11 12 115.000000 0.500000 -1.000000 -1.000000 -1.000000 -1.000000 nan nan nan nan -1.000000000000e+00 -1.000000e+00 -1.000000000000e+00  -1.000000000000e+00  -1.000000000000e+00  -1.000000000000e+00   -1.000000000000e+00   -1.000000000000e+00   -1.000000000000e+00    -1.000000000000e+00    -1.000000     -1.000000     -0.001000     -0.001000     -1.000000     -0.001000     -0.001000     -0.000001     -0.001000     -0.001000     -1.000000     -1.000000     -1.000000 
344 11 13 115.000000 0.540000 -1.000000 -1.000000 -1.000000 -1.000000 nan nan nan nan -1.000000000000e+00 -1.000000e+00 -1.000000000000e+00  -1.000000000000e+00  -1.000000000000e+00  -1.000000000000e+00   -1.000000000000e+00   -1.000000000000e+00   -1.000000000000e+00    -1.000000000000e+00    -1.000000     -1.000000     -0.001000     -0.001000     -1.000000     -0.001000     -0.001000     -0.000001     -0.001000     -0.001000     -1.000000     -1.000000     -1.000000 
345 11 14 115.000000 0.580000 -1.000000 -1.000000 -1.000000 -1.000000 nan nan nan nan -1.000000000000e+00 -1.000000e+00 -1.000000000000e+00  -1.000000000000e+00  -1.000000000000e+00  -1.000000000000e+00   -1.000000000000e+00   -1.000000000000e+00   -1.000000000000e+00    -1.000000000000e+00    -1.000000     -1.000000     -0.001000     -0.001000     -1.000000     -0.001000     -0.001000     -0.000001     -0.001000     -0.001000     -1.000000     -1.000000     -1.000000 
346 11 15 115.000000 0.620000 -1.000000 -1.000000 -1.000000 -1.000000 nan nan nan nan -1.000000000000e+00 -1.000000e+00 -1.000000000000e+00  -1.000000000000e+00  -1.000000000000e+00  -1.000000000000e+00   -1.000000000000e+00   -1.000000000000e+00   -1.000000000000e+00    -1.000000000000e+00    -1.000000     -1.000000     -0.001000     -0.001000     -1.000000     -0.001000     -0.001000     -0.000001     -0.001000     -0.001000     -1.000000     -1.000000     -1.000000 
347 11 16 115.000000 0.660000 -1.000000 -1.000000 -1.000000 -1.000000 nan nan nan nan -1.000000000000e+00 -1.000000e+00 -1.000000000000e+00  -1.000000000000e+00  -1.000000000000e+00  -1.000000000000e+00   -1.000000000000e+00   -1.000000000000e+00   -1.000000000000e+00    -1.000000000000e+00    -1.000000     -1.000000     -0.001000     -0.001000     -1.000000     -0.001000     -0.001000     -0.000001     -0.001000     -0.001000     -1.000000     -1.000000     -1.000000 
348 11 17 115.000000 0.700000 -1.000000 -1.000000 -1.000000 -1.000000 nan nan nan nan -1.000000000000e+00 -1.000000e+00 -1.000000000000e+00  -1.000000000000e+00  -1.000000000000e+00  -1.000000000000e+00   -1.000000000000e+00   -1.000000000000e+00   -1.000000000000e+00    -1.000000000000e+00    -1.000000     -1.000000     -0.001000     -0.001000     -1.000000     -0.001000     -0.001000     -0.000001     -0.001000     -0.001000     -1.000000     -1.000000     -1.000000 
349 11 18 115.000000 0.740000 -1.000000 -1.000000 -1.000000 -1.000000 nan nan nan nan -1.000000000000e+00 -1.000000e+00 -1.000000000000e+00  -1.000000000000e+00  -1.000000000000e+00  -1.000000000000e+00   -1.000000000000e+00   -1.000000000000e+00   -1.000000000000e+00    -1.000000000000e+00    -1.000000     -1.000000     -0.001000     -0.001000     -1.000000     -0.001000     -0.001000     -0.000001     -0.001000     -0.001000     -1.000000     -1.000000     -1.000000 
350 11 19 115.000000 0.780000 -1.000000 -1.000000 -1.000000 -1.000000 nan nan nan nan -1.000000000000e+00 -1.000000e+00 -1.000000000000e+00  -1.000000000000e+00  -1.000000000000e+00  -1.000000000000e+00   -1.000000000000e+00   -1.000000000000e+00   -1.000000000000e+00    -1.000000000000e+00    -1.000000     -1.000000     -0.001000     -0.001000     -1.000000     -0.001000     -0.001000     -0.000001     -0.001000     -0.001000     -1.000000     -1.000000     -1.000000 
351 11 20 115.000000 0.820000 -1.000000 -1.000000 -1.000000 -1.000000 nan nan nan nan -1.000000000000e+00 -1.000000e+00 -1.000000000000e+00  -1.000000000000e+00  -1.000000000000e+00  -1.000000000000e+00   -1.000000000000e+00   -1.000000000000e+00   -1.000000000000e+00    -1.000000000000e+00    -1.000000     -1.000000     -0.001000     -0.001000     -1.000000     -0.001000     -0.001000     -0.000001     -0.001000     -0.001000     -1.000000     -1.000000     -1.000000 
352 11 21 115.000000 0.860000 -1.000000 -1.000000 -1.000000 -1.000000 nan nan nan nan -1.000000000000e+00 -1.000000e+00 -1.000000000000e+00  -1.000000000000e+00  -1.000000000000e+00  -1.000000000000e+00   -1.000000000000e+00   -1.000000000000e+00   -1.000000000000e+00    -1.000000000000e+00    -1.000000     -1.000000     -0.001000     -0.001000     -1.000000     -0.001000     -0.001000     -0.000001     -0.001000     -0.001000     -1.000000     -1.000000     -1.000000 
353 11 22 115.000000 0.900000 -1.000000 -1.000000 -1.000000 -1.000000 nan nan nan nan -1.000000000000e+00 -1.000000e+00 -1.000000000000e+00  -1.000000000000e+00  -1.000000000000e+00  -1.000000000000e+00   -1.000000000000e+00   -1.000000000000e+00   -1.000000000000e+00    -1.000000000000e+00    -1.000000     -1.000000     -0.001000     -0.001000     -1.000000     -0.001000     -0.001000     -0.000001     -0.001000     -0.001000     -1.000000     -1.000000     -1.000000 
354 11 23 115.000000 0.940000 -1.000000 -1.000000 -1.000000 -1.000000 nan nan nan nan -1.000000000000e+00 -1.000000e+00 -1.000000000000e+00  -1.000000000000e+00  -1.000000000000e+00  -1.000000000000e+00   -1.000000000000e+00   -1.000000000000e+00   -1.000000000000e+00    -1.000000000000e+00    -1.000000     -1.000000     -0.001000     -0.001000     -1.000000     -0.001000     -0.001000     -0.000001     -0.001000     -0.001000     -1.000000     -1.000000     -1.000000 
355 11 24 115.000000 0.980000 -1.000000 -1.000000 -1.000000 -1.000000 nan nan nan nan -1.000000000000e+00 -1.000000e+00 -1.000000000000e+00  -1.000000000000e+00  -1.000000000000e+00  -1.000000000000e+00   -1.000000000000e+00   -1.000000000000e+00   -1.000000000000e+00    -1.000000000000e+00    -1.000000     -1.000000     -0.001000     -0.001000     -1.000000     -0.001000     -0.001000     -0.000001     -0.001000     -0.001000     -1.000000     -1.000000     -1.000000 
356 11 25 115.000000 1.020000 -1.000000 -1.000000 -1.000000 -1.000000 nan nan nan nan -1.000000000000e+00 -1.000000e+00 -1.000000000000e+00  -1.000000000000e+00  -1.000000000000e+00  -1.000000000000e+00   -1.000000000000e+00   -1.000000000000e+00   -1.000000000000e+00    -1.000000000000e+00    -1.000000     -1.000000     -0.001000     -0.001000     -1.000000     -0.001000     -0.001000     -0.000001     -0.001000     -0.001000     -1.000000     -1.000000     -1.000000 
357 11 26 115.000000 1.060000 -1.000000 -1.000000 -1.000000 -1.000000 nan nan nan nan -1.000000000000e+00 -1.000000e+00 -1.000000000000e+00  -1.000000000000e+00  -1.000000000000e+00  -1.000000000000e+00   -1.000000000000e+00   -1.000000000000e+00   -1.000000000000e+00    -1.000000000000e+00    -1.000000     -1.000000     -0.001000     -0.001000     -1.000000     -0.001000     -0.001000     -0.000001     -0.001000     -0.001000     -1.000000     -1.000000     -1.000000 
358 11 27 115.000000 1.100000 -1.000000 -1.000000 -1.000000 -1.000000 nan nan nan nan -1.000000000000e+00 -1.000000e+00 -1.000000000000e+00  -1.000000000000e+00  -1.000000000000e+00  -1.000000000000e+00   -1.000000000000e+00   -1.000000000000e+00   -1.000000000000e+00    -1.000000000000e+00    -1.000000     -1.000000     -0.001000     -0.001000     -1.000000     -0.001000     -0.001000     -0.000001     -0.001000     -0.001000     -1.000000     -1.000000     -1.000000 
359 11 28 115.000000 1.140000 -1.000000 -1.000000 -1.000000 -1.000000 nan nan nan nan -1.000000000000e+00 -1.000000e+00 -1.000000000000e+00  -1.000000000000e+00  -1.000000000000e+00  -1.000000000000e+00   -1.000000000000e+00   -1.000000000000e+00   -1.000000000000e+00    -1.000000000000e+00    -1.000000     -1.000000     -0.001000     -0.001000     -1.000000     -0.001000     -0.001000     -0.000001     -0.001000     -0.001000     -1.000000     -1.000000     -1.000000 
360 11 29 115.000000 1.180000 -1.000000 -1.000000 -1.000000 -1.000000 nan nan nan nan -1.000000000000e+00 -1.000000e+00 -1.000000000000e+00  -1.000000000000e+00  -1.000000000000e+00  -1.000000000000e+00   -1.000000000000e+00   -1.000000000000e+00   -1.000000000000e+00    -1.000000000000e+00    -1.000000     -1.000000     -0.001000     -0.001000     -1.000000     -0.001000     -0.001000     -0.000001     -0.001000     -0.001000     -1.000000     -1.000000     -1.000000 
361 12 0 125.000000 0.020000 -1.000000 -1.000000 -1.000000 -1.000000 nan nan nan nan -1.000000000000e+00 -1.000000e+00 -1.000000000000e+00  -1.000000000000e+00  -1.000000000000e+00  -1.000000000000e+00   -1.000000000000e+00   -1.000000000000e+00   -1.000000000000e+00    -1.000000000000e+00    -1.000000     -1.000000     -0.001000     -0.001000     -1.000000     -0.001000     -0.001000     -0.000001     -0.001000     -0.001000     -1.000000     -1.000000     -1.000000 
362 12 1 125.000000 0.060000 -1.000000 -1.000000 -1.000000 -1.000000 nan nan nan nan -1.000000000000e+00 -1.000000e+00 -1.000000000000e+00  -1.000000000000e+00  -1.000000000000e+00  -1.000000000000e+00   -1.000000000000e+00   -1.000000000000e+00   -1.000000000000e+00    -1.000000000000e+00    -1.000000     -1.000000     -0.001000     -0.001000     -1.000000     -0.001000     -0.001000     -0.000001     -0.001000     -0.001000     -1.000000     -1.000000     -1.000000 
363 12 2 125.000000 0.100000 -1.000000 -1.000000 -1.000000 -1.000000 nan nan nan nan -1.000000000000e+00 -1.000000e+00 -1.000000000000e+00  -1.000000000000e+00  -1.000000000000e+00  -1.000000000000e+00   -1.000000000000e+00   -1.000000000000e+00   -1.000000000000e+00    -1.000000000000e+00    -1.000000     -1.000000     -0.001000     -0.001000     -1.000000     -0.001000     -0.001000     -0.000001     -0.001000     -0.001000     -1.000000     -1.000000     -1.000000 
364 12 3 125.000000 0.140000 -1.000000 -1.000000 -1.000000 -1.000000 nan nan nan nan -1.000000000000e+00 -1.000000e+00 -1.000000000000e+00  -1.000000000000e+00  -1.000000000000e+00  -1.000000000000e+00   -1.000000000000e+00   -1.000000000000e+00   -1.000000000000e+00    -1.000000000000e+00    -1.000000     -1.000000     -0.001000     -0.001000     -1.000000     -0.001000     -0.001000     -0.000001     -0.001000     -0.001000     -1.000000     -1.000000     -1.000000 
365 12 4 125.000000 0.180000 -1.000000 -1.000000 -1.000000 -1.000000 nan nan nan nan -1.000000000000e+00 -1.000000e+00 -1.000000000000e+00  -1.000000000000e+00  -1.000000000000e+00  -1.000000000000e+00   -1.000000000000e+00   -1.000000000000e+00   -1.000000000000e+00    -1.000000000000e+00    -1.000000     -1.000000     -0.001000     -0.001000     -1.000000     -0.001000     -0.001000     -0.000001     -0.001000     -0.001000     -1.000000     -1.000000     -1.000000 
366 12 5 125.000000 0.220000 -1.000000 -1.000000 -1.000000 -1.000000 nan nan nan nan -1.000000000000e+00 -1.000000e+00 -1.000000000000e+00  -1.000000000000e+00  -1.000000000000e+00  -1.000000000000e+00   -1.000000000000e+00   -1.000000000000e+00   -1.000000000000e+00    -1.000000000000e+00    -1.000000     -1.000000     -0.001000     -0.001000     -1.000000     -0.001000     -0.001000     -0.000001     -0.001000     -0.001000     -1.000000     -1.000000     -1.000000 
367 12 6 125.000000 0.260000 -1.000000 -1.000000 -1.000000 -1.000000 nan nan nan nan -1.000000000000e+00 -1.000000e+00 -1.000000000000e+00  -1.000000000000e+00  -1.000000000000e+00  -1.000000000000e+00   -1.000000000000e+00   -1.000000000000e+00   -1.000000000000e+00    -1.000000000000e+00    -1.000000     -1.000000     -0.001000     -0.001000     -1.000000     -0.001000     -0.001000     -0.000001     -0.001000     -0.001000     -1.000000     -1.000000     -1.000000 
368 12 7 125.000000 0.300000 -1.000000 -1.000000 -1.000000 -1.000000 nan nan nan nan -1.000000000000e+00 -1.000000e+00 -1.000000000000e+00  -1.000000000000e+00  -1.000000000000e+00  -1.000000000000e+00   -1.000000000000e+00   -1.000000000000e+00   -1.000000000000e+00    -1.000000000000e+00    -1.000000     -1.000000     -0.001000     -0.001000     -1.000000     -0.001000     -0.001000     -0.000001     -0.001000     -0.001000     -1.000000     -1.000000     -1.000000 
369 12 8 125.000000 0.340000 -1.000000 -1.000000 -1.000000 -1.000000 nan nan nan nan -1.000000000000e+00 -1.000000e+00 -1.000000000000e+00  -1.000000000000e+00  -1.000000000000e+00  -1.000000000000e+00   -1.000000000000e+00   -1.000000000000e+00   -1.000000000000e+00    -1.000000000000e+00    -1.000000     -1.000000     -0.001000     -0.001000     -1.000000     -0.001000     -0.001000     -0.000001     -0.001000     -0.001000     -1.000000     -1.000000     -1.000000 
370 12 9 125.000000 0.380000 -1.000000 -1.000000 -1.000000 -1.000000 nan nan nan nan -1.000000000000e+00 -1.000000e+00 -1.000000000000e+00  -1.000000000000e+00  -1.000000000000e+00  -1.000000000000e+00   -1.000000000000e+00   -1.000000000000e+00   -1.000000000000e+00    -1.000000000000e+00    -1.000000     -1.000000     -0.001000     -0.001000     -1.000000     -0.001000     -0.001000     -0.000001     -0.001000     -0.001000     -1.000000     -1.000000     -1.000000 
371 12 10 125.000000 0.420000 -1.000000 -1.000000 -1.000000 -1.000000 nan nan nan nan -1.000000000000e+00 -1.000000e+00 -1.000000000000e+00  -1.000000000000e+00  -1.000000000000e+00  -1.000000000000e+00   -1.000000000000e+00   -1.000000000000e+00   -1.000000000000e+00    -1.000000000000e+00    -1.000000     -1.000000     -0.001000     -0.001000     -1.000000     -0.001000     -0.001000     -0.000001     -0.001000     -0.001000     -1.000000     -1.000000     -1.000000 
372 12 11 125.000000 0.460000 -1.000000 -1.000000 -1.000000 -1.000000 nan nan nan nan -1.000000000000e+00 -1.000000e+00 -1.000000000000e+00  -1.000000000000e+00  -1.000000000000e+00  -1.000000000000e+00   -1.000000000000e+00   -1.000000000000e+00   -1.000000000000e+00    -1.000000000000e+00    -1.000000     -1.000000     -0.001000     -0.001000     -1.000000     -0.001000     -0.001000     -0.000001     -0.001000     -0.001000     -1.000000     -1.000000     -1.000000 
373 12 12 125.000000 0.500000 -1.000000 -1.000000 -1.000000 -1.000000 nan nan nan nan -1.000000000000e+00 -1.000000e+00 -1.000000000000e+00  -1.000000000000e+00  -1.000000000000e+00  -1.000000000000e+00   -1.000000000000e+00   -1.000000000000e+00   -1.000000000000e+00    -1.000000000000e+00    -1.000000     -1.000000     -0.001000     -0.001000     -1.000000     -0.001000     -0.001000     -0.000001     -0.001000     -0.001000     -1.000000     -1.000000     -1.000000 
374 12 13 125.000000 0.540000 -1.000000 -1.000000 -1.000000 -1.000000 nan nan nan nan -1.000000000000e+00 -1.000000e+00 -1.000000000000e+00  -1.000000000000e+00  -1.000000000000e+00  -1.000000000000e+00   -1.000000000000e+00   -1.000000000000e+00   -1.000000000000e+00    -1.000000000000e+00    -1.000000     -1.000000     -0.001000     -0.001000     -1.000000     -0.001000     -0.001000     -0.000001     -0.001000     -0.001000     -1.000000     -1.000000     -1.000000 
375 12 14 125.000000 0.580000 -1.000000 -1.000000 -1.000000 -1.000000 nan nan nan nan -1.000000000000e+00 -1.000000e+00 -1.000000000000e+00  -1.000000000000e+00  -1.000000000000e+00  -1.000000000000e+00   -1.000000000000e+00   -1.000000000000e+00   -1.000000000000e+00    -1.000000000000e+00    -1.000000     -1.000000     -0.001000     -0.001000     -1.000000     -0.001000     -0.001000     -0.000001     -0.001000     -0.001000     -1.000000     -1.000000     -1.000000 
376 12 15 125.000000 0.620000 -1.000000 -1.000000 -1.000000 -1.000000 nan nan nan nan -1.000000000000e+00 -1.000000e+00 -1.000000000000e+00  -1.000000000000e+00  -1.000000000000e+00  -1.000000000000e+00   -1.000000000000e+00   -1.000000000000e+00   -1.000000000000e+00    -1.000000000000e+00    -1.000000     -1.000000     -0.001000     -0.001000     -1.000000     -0.001000     -0.001000     -0.000001     -0.001000     -0.001000     -1.000000     -1.000000     -1.000000 
377 12 16 125.000000 0.660000 -1.000000 -1.000000 -1.000000 -1.000000 nan nan nan nan -1.000000000000e+00 -1.000000e+00 -1.000000000000e+00  -1.000000000000e+00  -1.000000000000e+00  -1.000000000000e+00   -1.000000000000e+00   -1.000000000000e+00   -1.000000000000e+00    -1.000000000000e+00    -1.000000     -1.000000     -0.001000     -0.001000     -1.000000     -0.001000     -0.001000     -0.000001     -0.001000     -0.001000     -1.000000     -1.000000     -1.000000 
378 12 17 125.000000 0.700000 -1.000000 -1.000000 -1.000000 -1.000000 nan nan nan nan -1.000000000000e+00 -1.000000e+00 -1.000000000000e+00  -1.000000000000e+00  -1.000000000000e+00  -1.000000000000e+00   -1.000000000000e+00   -1.000000000000e+00   -1.000000000000e+00    -1.000000000000e+00    -1.000000     -1.000000     -0.001000     -0.001000     -1.000000     -0.001000     -0.001000     -0.000001     -0.001000     -0.001000     -1.000000     -1.000000     -1.000000 
379 12 18 125.000000 0.740000 -1.000000 -1.000000 -1.000000 -1.000000 nan nan nan nan -1.000000000000e+00 -1.000000e+00 -1.000000000000e+00  -1.000000000000e+00  -1.000000000000e+00  -1.000000000000e+00   -1.000000000000e+00   -1.000000000000e+00   -1.000000000000e+00    -1.000000000000e+00    -1.000000     -1.000000     -0.001000     -0.001000     -1.000000     -0.001000     -0.001000     -0.000001     -0.001000     -0.001000     -1.000000     -1.000000     -1.000000 
380 12 19 125.000000 0.780000 -1.000000 -1.000000 -1.000000 -1.000000 nan nan nan nan -1.000000000000e+00 -1.000000e+00 -1.000000000000e+00  -1.000000000000e+00  -1.000000000000e+00  -1.000000000000e+00   -1.000000000000e+00   -1.000000000000e+00   -1.000000000000e+00    -1.000000000000e+00    -1.000000     -1.000000     -0.001000     -0.001000     -1.000000     -0.001000     -0.001000     -0.000001     -0.001000     -0.001000     -1.000000     -1.000000     -1.000000 
381 12 20 125.000000 0.820000 -1.000000 -1.000000 -1.000000 -1.000000 nan nan nan nan -1.000000000000e+00 -1.000000e+00 -1.000000000000e+00  -1.000000000000e+00  -1.000000000000e+00  -1.000000000000e+00   -1.000000000000e+00   -1.000000000000e+00   -1.000000000000e+00    -1.000000000000e+00    -1.000000     -1.000000     -0.001000     -0.001000     -1.000000     -0.001000     -0.001000     -0.000001     -0.001000     -0.001000     -1.000000     -1.000000     -1.000000 
382 12 21 125.000000 0.860000 -1.000000 -1.000000 -1.000000 -1.000000 nan nan nan nan -1.000000000000e+00 -1.000000e+00 -1.000000000000e+00  -1.000000000000e+00  -1.000000000000e+00  -1.000000000000e+00   -1.000000000000e+00   -1.000000000000e+00   -1.000000000000e+00    -1.000000000000e+00    -1.000000     -1.000000     -0.001000     -0.001000     -1.000000     -0.001000     -0.001000     -0.000001     -0.001000     -0.001000     -1.000000     -1.000000     -1.000000 
383 12 22 125.000000 0.900000 -1.000000 -1.000000 -1.000000 -1.000000 nan nan nan nan -1.000000000000e+00 -1.000000e+00 -1.000000000000e+00  -1.000000000000e+00  -1.000000000000e+00  -1.000000000000e+00   -1.000000000000e+00   -1.000000000000e+00   -1.000000000000e+00    -1.000000000000e+00    -1.000000     -1.000000     -0.001000     -0.001000     -1.000000     -0.001000     -0.001000     -0.000001     -0.001000     -0.001000     -1.000000     -1.000000     -1.000000 
384 12 23 125.000000 0.940000 -1.000000 -1.000000 -1.000000 -1.000000 nan nan nan nan -1.000000000000e+00 -1.000000e+00 -1.000000000000e+00  -1.000000000000e+00  -1.000000000000e+00  -1.000000000000e+00   -1.000000000000e+00   -1.000000000000e+00   -1.000000000000e+00    -1.000000000000e+00    -1.000000     -1.000000     -0.001000     -0.001000     -1.000000     -0.001000     -0.001000     -0.000001     -0.001000     -0.001000     -1.000000     -1.000000     -1.000000 
385 12 24 125.000000 0.980000 -1.000000 -1.000000 -1.000000 -1.000000 nan nan nan nan -1.000000000000e+00 -1.000000e+00 -1.000000000000e+00  -1.000000000000e+00  -1.000000000000e+00  -1.000000000000e+00   -1.000000000000e+00   -1.000000000000e+00   -1.000000000000e+00    -1.000000000000e+00    -1.000000     -1.000000     -0.001000     -0.001000     -1.000000     -0.001000     -0.001000     -0.000001     -0.001000     -0.001000     -1.000000     -1.000000     -1.000000 
386 12 25 125.000000 1.020000 -1.000000 -1.000000 -1.000000 -1.000000 nan nan nan nan -1.000000000000e+00 -1.000000e+00 -1.000000000000e+00  -1.000000000000e+00  -1.000000000000e+00  -1.000000000000e+00   -1.000000000000e+00   -1.000000000000e+00   -1.000000000000e+00    -1.000000000000e+00    -1.000000     -1.000000     -0.001000     -0.001000     -1.000000     -0.001000     -0.001000     -0.000001     -0.001000     -0.001000     -1.000000     -1.000000     -1.000000 
387 12 26 125.000000 1.060000 -1.000000 -1.000000 -1.000000 -1.000000 nan nan nan nan -1.000000000000e+00 -1.000000e+00 -1.000000000000e+00  -1.000000000000e+00  -1.000000000000e+00  -1.000000000000e+00   -1.000000000000e+00   -1.000000000000e+00   -1.000000000000e+00    -1.000000000000e+00    -1.000000     -1.000000     -0.001000     -0.001000     -1.000000     -0.001000     -0.001000     -0.000001     -0.001000     -0.001000     -1.000000     -1.000000     -1.000000 
388 12 27 125.000000 1.100000 -1.000000 -1.000000 -1.000000 -1.000000 nan nan nan nan -1.000000000000e+00 -1.000000e+00 -1.000000000000e+00  -1.000000000000e+00  -1.000000000000e+00  -1.000000000000e+00   -1.000000000000e+00   -1.000000000000e+00   -1.000000000000e+00    -1.000000000000e+00    -1.000000     -1.000000     -0.001000     -0.001000     -1.000000     -0.001000     -0.001000     -0.000001     -0.001000     -0.001000     -1.000000     -1.000000     -1.000000 
389 12 28 125.000000 1.140000 -1.000000 -1.000000 -1.000000 -1.000000 nan nan nan nan -1.000000000000e+00 -1.000000e+00 -1.000000000000e+00  -1.000000000000e+00  -1.000000000000e+00  -1.000000000000e+00   -1.000000000000e+00   -1.000000000000e+00   -1.000000000000e+00    -1.000000000000e+00    -1.000000     -1.000000     -0.001000     -0.001000     -1.000000     -0.001000     -0.001000     -0.000001     -0.001000     -0.001000     -1.000000     -1.000000     -1.000000 
390 12 29 125.000000 1.180000 -1.000000 -1.000000 -1.000000 -1.000000 nan nan nan nan -1.000000000000e+00 -1.000000e+00 -1.000000000000e+00  -1.000000000000e+00  -1.000000000000e+00  -1.000000000000e+00   -1.000000000000e+00   -1.000000000000e+00   -1.000000000000e+00    -1.000000000000e+00    -1.000000     -1.000000     -0.001000     -0.001000     -1.000000     -0.001000     -0.001000     -0.000001     -0.001000     -0.001000     -1.000000     -1.000000     -1.000000 
391 13 0 135.000000 0.020000 -1.000000 -1.000000 -1.000000 -1.000000 nan nan nan nan -1.000000000000e+00 -1.000000e+00 -1.000000000000e+00  -1.000000000000e+00  -1.000000000000e+00  -1.000000000000e+00   -1.000000000000e+00   -1.000000000000e+00   -1.000000000000e+00    -1.000000000000e+00    -1.000000     -1.000000     -0.001000     -0.001000     -1.000000     -0.001000     -0.001000     -0.000001     -0.001000     -0.001000     -1.000000     -1.000000     -1.000000 
392 13 1 135.000000 0.060000 -1.000000 -1.000000 -1.000000 -1.000000 nan nan nan nan -1.000000000000e+00 -1.000000e+00 -1.000000000000e+00  -1.000000000000e+00  -1.000000000000e+00  -1.000000000000e+00   -1.000000000000e+00   -1.000000000000e+00   -1.000000000000e+00    -1.000000000000e+00    -1.000000     -1.000000     -0.001000     -0.001000     -1.000000     -0.001000     -0.001000     -0.000001     -0.001000     -0.001000     -1.000000     -1.000000     -1.000000 
393 13 2 135.000000 0.100000 -1.000000 -1.000000 -1.000000 -1.000000 nan nan nan nan -1.000000000000e+00 -1.000000e+00 -1.000000000000e+00  -1.000000000000e+00  -1.000000000000e+00  -1.000000000000e+00   -1.000000000000e+00   -1.000000000000e+00   -1.000000000000e+00    -1.000000000000e+00    -1.000000     -1.000000     -0.001000     -0.001000     -1.000000     -0.001000     -0.001000     -0.000001     -0.001000     -0.001000     -1.000000     -1.000000     -1.000000 
394 13 3 135.000000 0.140000 -1.000000 -1.000000 -1.000000 -1.000000 nan nan nan nan -1.000000000000e+00 -1.000000e+00 -1.000000000000e+00  -1.000000000000e+00  -1.000000000000e+00  -1.000000000000e+00   -1.000000000000e+00   -1.000000000000e+00   -1.000000000000e+00    -1.000000000000e+00    -1.000000     -1.000000     -0.001000     -0.001000     -1.000000     -0.001000     -0.001000     -0.000001     -0.001000     -0.001000     -1.000000     -1.000000     -1.000000 
395 13 4 135.000000 0.180000 -1.000000 -1.000000 -1.000000 -1.000000 nan nan nan nan -1.000000000000e+00 -1.000000e+00 -1.000000000000e+00  -1.000000000000e+00  -1.000000000000e+00  -1.000000000000e+00   -1.000000000000e+00   -1.000000000000e+00   -1.000000000000e+00    -1.000000000000e+00    -1.000000     -1.000000     -0.001000     -0.001000     -1.000000     -0.001000     -0.001000     -0.000001     -0.001000     -0.001000     -1.000000     -1.000000     -1.000000 
396 13 5 135.000000 0.220000 -1.000000 -1.000000 -1.000000 -1.000000 nan nan nan nan -1.000000000000e+00 -1.000000e+00 -1.000000000000e+00  -1.000000000000e+00  -1.000000000000e+00  -1.000000000000e+00   -1.000000000000e+00   -1.000000000000e+00   -1.000000000000e+00    -1.000000000000e+00    -1.000000     -1.000000     -0.001000     -0.001000     -1.000000     -0.001000     -0.001000     -0.000001     -0.001000     -0.001000     -1.000000     -1.000000     -1.000000 
397 13 6 135.000000 0.260000 -1.000000 -1.000000 -1.000000 -1.000000 nan nan nan nan -1.000000000000e+00 -1.000000e+00 -1.000000000000e+00  -1.000000000000e+00  -1.000000000000e+00  -1.000000000000e+00   -1.000000000000e+00   -1.000000000000e+00   -1.000000000000e+00    -1.000000000000e+00    -1.000000     -1.000000     -0.001000     -0.001000     -1.000000     -0.001000     -0.001000     -0.000001     -0.001000     -0.001000     -1.000000     -1.000000     -1.000000 
398 13 7 135.000000 0.300000 -1.000000 -1.000000 -1.000000 -1.000000 nan nan nan nan -1.000000000000e+00 -1.000000e+00 -1.000000000000e+00  -1.000000000000e+00  -1.000000000000e+00  -1.000000000000e+00   -1.000000000000e+00   -1.000000000000e+00   -1.000000000000e+00    -1.000000000000e+00    -1.000000     -1.000000     -0.001000     -0.001000     -1.000000     -0.001000     -0.001000     -0.000001     -0.001000     -0.001000     -1.000000     -1.000000     -1.000000 
399 13 8 135.000000 0.340000 -1.000000 -1.000000 -1.000000 -1.000000 nan nan nan nan -1.000000000000e+00 -1.000000e+00 -1.000000000000e+00  -1.000000000000e+00  -1.000000000000e+00  -1.000000000000e+00   -1.000000000000e+00   -1.000000000000e+00   -1.000000000000e+00    -1.000000000000e+00    -1.000000     -1.000000     -0.001000     -0.001000     -1.000000     -0.001000     -0.001000     -0.000001     -0.001000     -0.001000     -1.000000     -1.000000     -1.000000 
400 13 9 135.000000 0.380000 -1.000000 -1.000000 -1.000000 -1.000000 nan nan nan nan -1.000000000000e+00 -1.000000e+00 -1.000000000000e+00  -1.000000000000e+00  -1.000000000000e+00  -1.000000000000e+00   -1.000000000000e+00   -1.000000000000e+00   -1.000000000000e+00    -1.000000000000e+00    -1.000000     -1.000000     -0.001000     -0.001000     -1.000000     -0.001000     -0.001000     -0.000001     -0.001000     -0.001000     -1.000000     -1.000000     -1.000000 
401 13 10 135.000000 0.420000 -1.000000 -1.000000 -1.000000 -1.000000 nan nan nan nan -1.000000000000e+00 -1.000000e+00 -1.000000000000e+00  -1.000000000000e+00  -1.000000000000e+00  -1.000000000000e+00   -1.000000000000e+00   -1.000000000000e+00   -1.000000000000e+00    -1.000000000000e+00    -1.000000     -1.000000     -0.001000     -0.001000     -1.000000     -0.001000     -0.001000     -0.000001     -0.001000     -0.001000     -1.000000     -1.000000     -1.000000 
402 13 11 135.000000 0.460000 -1.000000 -1.000000 -1.000000 -1.000000 nan nan nan nan -1.000000000000e+00 -1.000000e+00 -1.000000000000e+00  -1.000000000000e+00  -1.000000000000e+00  -1.000000000000e+00   -1.000000000000e+00   -1.000000000000e+00   -1.000000000000e+00    -1.000000000000e+00    -1.000000     -1.000000     -0.001000     -0.001000     -1.000000     -0.001000     -0.001000     -0.000001     -0.001000     -0.001000     -1.000000     -1.000000     -1.000000 
403 13 12 135.000000 0.500000 -1.000000 -1.000000 -1.000000 -1.000000 nan nan nan nan -1.000000000000e+00 -1.000000e+00 -1.000000000000e+00  -1.000000000000e+00  -1.000000000000e+00  -1.000000000000e+00   -1.000000000000e+00   -1.000000000000e+00   -1.000000000000e+00    -1.000000000000e+00    -1.000000     -1.000000     -0.001000     -0.001000     -1.000000     -0.001000     -0.001000     -0.000001     -0.001000     -0.001000     -1.000000     -1.000000     -1.000000 
404 13 13 135.000000 0.540000 -1.000000 -1.000000 -1.000000 -1.000000 nan nan nan nan -1.000000000000e+00 -1.000000e+00 -1.000000000000e+00  -1.000000000000e+00  -1.000000000000e+00  -1.000000000000e+00   -1.000000000000e+00   -1.000000000000e+00   -1.000000000000e+00    -1.000000000000e+00    -1.000000     -1.000000     -0.001000     -0.001000     -1.000000     -0.001000     -0.001000     -0.000001     -0.001000     -0.001000     -1.000000     -1.000000     -1.000000 
405 13 14 135.000000 0.580000 -1.000000 -1.000000 -1.000000 -1.000000 nan nan nan nan -1.000000000000e+00 -1.000000e+00 -1.000000000000e+00  -1.000000000000e+00  -1.000000000000e+00  -1.000000000000e+00   -1.000000000000e+00   -1.000000000000e+00   -1.000000000000e+00    -1.000000000000e+00    -1.000000     -1.000000     -0.001000     -0.001000     -1.000000     -0.001000     -0.001000     -0.000001     -0.001000     -0.001000     -1.000000     -1.000000     -1.000000 
406 13 15 135.000000 0.620000 -1.000000 -1.000000 -1.000000 -1.000000 nan nan nan nan -1.000000000000e+00 -1.000000e+00 -1.000000000000e+00  -1.000000000000e+00  -1.000000000000e+00  -1.000000000000e+00   -1.000000000000e+00   -1.000000000000e+00   -1.000000000000e+00    -1.000000000000e+00    -1.000000     -1.000000     -0.001000     -0.001000     -1.000000     -0.001000     -0.001000     -0.000001     -0.001000     -0.001000     -1.000000     -1.000000     -1.000000 
407 13 16 135.000000 0.660000 -1.000000 -1.000000 -1.000000 -1.000000 nan nan nan nan -1.000000000000e+00 -1.000000e+00 -1.000000000000e+00  -1.000000000000e+00  -1.000000000000e+00  -1.000000000000e+00   -1.000000000000e+00   -1.000000000000e+00   -1.000000000000e+00    -1.000000000000e+00    -1.000000     -1.000000     -0.001000     -0.001000     -1.000000     -0.001000     -0.001000     -0.000001     -0.001000     -0.001000     -1.000000     -1.000000     -1.000000 
408 13 17 135.000000 0.700000 -1.000000 -1.000000 -1.000000 -1.000000 nan nan nan nan -1.000000000000e+00 -1.000000e+00 -1.000000000000e+00  -1.000000000000e+00  -1.000000000000e+00  -1.000000000000e+00   -1.000000000000e+00   -1.000000000000e+00   -1.000000000000e+00    -1.000000000000e+00    -1.000000     -1.000000     -0.001000     -0.001000     -1.000000     -0.001000     -0.001000     -0.000001     -0.001000     -0.001000     -1.000000     -1.000000     -1.000000 
409 13 18 135.000000 0.740000 -1.000000 -1.000000 -1.000000 -1.000000 nan nan nan nan -1.000000000000e+00 -1.000000e+00 -1.000000000000e+00  -1.000000000000e+00  -1.000000000000e+00  -1.000000000000e+00   -1.000000000000e+00   -1.000000000000e+00   -1.000000000000e+00    -1.000000000000e+00    -1.000000     -1.000000     -0.001000     -0.001000     -1.000000     -0.001000     -0.001000     -0.000001     -0.001000     -0.001000     -1.000000     -1.000000     -1.000000 
410 13 19 135.000000 0.780000 -1.000000 -1.000000 -1.000000 -1.000000 nan nan nan nan -1.000000000000e+00 -1.000000e+00 -1.000000000000e+00  -1.000000000000e+00  -1.000000000000e+00  -1.000000000000e+00   -1.000000000000e+00   -1.000000000000e+00   -1.000000000000e+00    -1.000000000000e+00    -1.000000     -1.000000     -0.001000     -0.001000     -1.000000     -0.001000     -0.001000     -0.000001     -0.001000     -0.001000     -1.000000     -1.000000     -1.000000 
411 13 20 135.000000 0.820000 -1.000000 -1.000000 -1.000000 -1.000000 nan nan nan nan -1.000000000000e+00 -1.000000e+00 -1.000000000000e+00  -1.000000000000e+00  -1.000000000000e+00  -1.000000000000e+00   -1.000000000000e+00   -1.000000000000e+00   -1.000000000000e+00    -1.000000000000e+00    -1.000000     -1.000000     -0.001000     -0.001000     -1.000000     -0.001000     -0.001000     -0.000001     -0.001000     -0.001000     -1.000000     -1.000000     -1.000000 
412 13 21 135.000000 0.860000 -1.000000 -1.000000 -1.000000 -1.000000 nan nan nan nan -1.000000000000e+00 -1.000000e+00 -1.000000000000e+00  -1.000000000000e+00  -1.000000000000e+00  -1.000000000000e+00   -1.000000000000e+00   -1.000000000000e+00   -1.000000000000e+00    -1.000000000000e+00    -1.000000     -1.000000     -0.001000     -0.001000     -1.000000     -0.001000     -0.001000     -0.000001     -0.001000     -0.001000     -1.000000     -1.000000     -1.000000 
413 13 22 135.000000 0.900000 -1.000000 -1.000000 -1.000000 -1.000000 nan nan nan nan -1.000000000000e+00 -1.000000e+00 -1.000000000000e+00  -1.000000000000e+00  -1.000000000000e+00  -1.000000000000e+00   -1.000000000000e+00   -1.000000000000e+00   -1.000000000000e+00    -1.000000000000e+00    -1.000000     -1.000000     -0.001000     -0.001000     -1.000000     -0.001000     -0.001000     -0.000001     -0.001000     -0.001000     -1.000000     -1.000000     -1.000000 
414 13 23 135.000000 0.940000 -1.000000 -1.000000 -1.000000 -1.000000 nan nan nan nan -1.000000000000e+00 -1.000000e+00 -1.000000000000e+00  -1.000000000000e+00  -1.000000000000e+00  -1.000000000000e+00   -1.000000000000e+00   -1.000000000000e+00   -1.000000000000e+00    -1.000000000000e+00    -1.000000     -1.000000     -0.001000     -0.001000     -1.000000     -0.001000     -0.001000     -0.000001     -0.001000     -0.001000     -1.000000     -1.000000     -1.000000 
415 13 24 135.000000 0.980000 -1.000000 -1.000000 -1.000000 -1.000000 nan nan nan nan -1.000000000000e+00 -1.000000e+00 -1.000000000000e+00  -1.000000000000e+00  -1.000000000000e+00  -1.000000000000e+00   -1.000000000000e+00   -1.000000000000e+00   -1.000000000000e+00    -1.000000000000e+00    -1.000000     -1.000000     -0.001000     -0.001000     -1.000000     -0.001000     -0.001000     -0.000001     -0.001000     -0.001000     -1.000000     -1.000000     -1.000000 
416 13 25 135.000000 1.020000 -1.000000 -1.000000 -1.000000 -1.000000 nan nan nan nan -1.000000000000e+00 -1.000000e+00 -1.000000000000e+00  -1.000000000000e+00  -1.000000000000e+00  -1.000000000000e+00   -1.000000000000e+00   -1.000000000000e+00   -1.000000000000e+00    -1.000000000000e+00    -1.000000     -1.000000     -0.001000     -0.001000     -1.000000     -0.001000     -0.001000     -0.000001     -0.001000     -0.001000     -1.000000     -1.000000     -1.000000 
417 13 26 135.000000 1.060000 -1.000000 -1.000000 -1.000000 -1.000000 nan nan nan nan -1.000000000000e+00 -1.000000e+00 -1.000000000000e+00  -1.000000000000e+00  -1.000000000000e+00  -1.000000000000e+00   -1.000000000000e+00   -1.000000000000e+00   -1.000000000000e+00    -1.000000000000e+00    -1.000000     -1.000000     -0.001000     -0.001000     -1.000000     -0.001000     -0.001000     -0.000001     -0.001000     -0.001000     -1.000000     -1.000000     -1.000000 
418 13 27 135.000000 1.100000 -1.000000 -1.000000 -1.000000 -1.000000 nan nan nan nan -1.000000000000e+00 -1.000000e+00 -1.000000000000e+00  -1.000000000000e+00  -1.000000000000e+00  -1.000000000000e+00   -1.000000000000e+00   -1.000000000000e+00   -1.000000000000e+00    -1.000000000000e+00    -1.000000     -1.000000     -0.001000     -0.001000     -1.000000     -0.001000     -0.001000     -0.000001     -0.001000     -0.001000     -1.000000     -1.000000     -1.000000 
419 13 28 135.000000 1.140000 -1.000000 -1.000000 -1.000000 -1.000000 nan nan nan nan -1.000000000000e+00 -1.000000e+00 -1.000000000000e+00  -1.000000000000e+00  -1.000000000000e+00  -1.000000000000e+00   -1.000000000000e+00   -1.000000000000e+00   -1.000000000000e+00    -1.000000000000e+00    -1.000000     -1.000000     -0.001000     -0.001000     -1.000000     -0.001000     -0.001000     -0.000001     -0.001000     -0.001000     -1.000000     -1.000000     -1.000000 
420 13 29 135.000000 1.180000 -1.000000 -1.000000 -1.000000 -1.000000 nan nan nan nan -1.000000000000e+00 -1.000000e+00 -1.000000000000e+00  -1.000000000000e+00  -1.000000000000e+00  -1.000000000000e+00   -1.000000000000e+00   -1.000000000000e+00   -1.000000000000e+00    -1.000000000000e+00    -1.000000     -1.000000     -0.001000     -0.001000     -1.000000     -0.001000     -0.001000     -0.000001     -0.001000     -0.001000     -1.000000     -1.000000     -1.000000 
421 14 0 145.000000 0.020000 -1.000000 -1.000000 -1.000000 -1.000000 nan nan nan nan -1.000000000000e+00 -1.000000e+00 -1.000000000000e+00  -1.000000000000e+00  -1.000000000000e+00  -1.000000000000e+00   -1.000000000000e+00   -1.000000000000e+00   -1.000000000000e+00    -1.000000000000e+00    -1.000000     -1.000000     -0.001000     -0.001000     -1.000000     -0.001000     -0.001000     -0.000001     -0.001000     -0.001000     -1.000000     -1.000000     -1.000000 
422 14 1 145.000000 0.060000 -1.000000 -1.000000 -1.000000 -1.000000 nan nan nan nan -1.000000000000e+00 -1.000000e+00 -1.000000000000e+00  -1.000000000000e+00  -1.000000000000e+00  -1.000000000000e+00   -1.000000000000e+00   -1.000000000000e+00   -1.000000000000e+00    -1.000000000000e+00    -1.000000     -1.000000     -0.001000     -0.001000     -1.000000     -0.001000     -0.001000     -0.000001     -0.001000     -0.001000     -1.000000     -1.000000     -1.000000 
423 14 2 145.000000 0.100000 -1.000000 -1.000000 -1.000000 -1.000000 nan nan nan nan -1.000000000000e+00 -1.000000e+00 -1.000000000000e+00  -1.000000000000e+00  -1.000000000000e+00  -1.000000000000e+00   -1.000000000000e+00   -1.000000000000e+00   -1.000000000000e+00    -1.000000000000e+00    -1.000000     -1.000000     -0.001000     -0.001000     -1.000000     -0.001000     -0.001000     -0.000001     -0.001000     -0.001000     -1.000000     -1.000000     -1.000000 
424 14 3 145.000000 0.140000 -1.000000 -1.000000 -1.000000 -1.000000 nan nan nan nan -1.000000000000e+00 -1.000000e+00 -1.000000000000e+00  -1.000000000000e+00  -1.000000000000e+00  -1.000000000000e+00   -1.000000000000e+00   -1.000000000000e+00   -1.000000000000e+00    -1.000000000000e+00    -1.000000     -1.000000     -0.001000     -0.001000     -1.000000     -0.001000     -0.001000     -0.000001     -0.001000     -0.001000     -1.000000     -1.000000     -1.000000 
425 14 4 145.000000 0.180000 -1.000000 -1.000000 -1.000000 -1.000000 nan nan nan nan -1.000000000000e+00 -1.000000e+00 -1.000000000000e+00  -1.000000000000e+00  -1.000000000000e+00  -1.000000000000e+00   -1.000000000000e+00   -1.000000000000e+00   -1.000000000000e+00    -1.000000000000e+00    -1.000000     -1.000000     -0.001000     -0.001000     -1.000000     -0.001000     -0.001000     -0.000001     -0.001000     -0.001000     -1.000000     -1.000000     -1.000000 
426 14 5 145.000000 0.220000 -1.000000 -1.000000 -1.000000 -1.000000 nan nan nan nan -1.000000000000e+00 -1.000000e+00 -1.000000000000e+00  -1.000000000000e+00  -1.000000000000e+00  -1.000000000000e+00   -1.000000000000e+00   -1.000000000000e+00   -1.000000000000e+00    -1.000000000000e+00    -1.000000     -1.000000     -0.001000     -0.001000     -1.000000     -0.001000     -0.001000     -0.000001     -0.001000     -0.001000     -1.000000     -1.000000     -1.000000 
427 14 6 145.000000 0.260000 -1.000000 -1.000000 -1.000000 -1.000000 nan nan nan nan -1.000000000000e+00 -1.000000e+00 -1.000000000000e+00  -1.000000000000e+00  -1.000000000000e+00  -1.000000000000e+00   -1.000000000000e+00   -1.000000000000e+00   -1.000000000000e+00    -1.000000000000e+00    -1.000000     -1.000000     -0.001000     -0.001000     -1.000000     -0.001000     -0.001000     -0.000001     -0.001000     -0.001000     -1.000000     -1.000000     -1.000000 
428 14 7 145.000000 0.300000 -1.000000 -1.000000 -1.000000 -1.000000 nan nan nan nan -1.000000000000e+00 -1.000000e+00 -1.000000000000e+00  -1.000000000000e+00  -1.000000000000e+00  -1.000000000000e+00   -1.000000000000e+00   -1.000000000000e+00   -1.000000000000e+00    -1.000000000000e+00    -1.000000     -1.000000     -0.001000     -0.001000     -1.000000     -0.001000     -0.001000     -0.000001     -0.001000     -0.001000     -1.000000     -1.000000     -1.000000 
429 14 8 145.000000 0.340000 -1.000000 -1.000000 -1.000000 -1.000000 nan nan nan nan -1.000000000000e+00 -1.000000e+00 -1.000000000000e+00  -1.000000000000e+00  -1.000000000000e+00  -1.000000000000e+00   -1.000000000000e+00   -1.000000000000e+00   -1.000000000000e+00    -1.000000000000e+00    -1.000000     -1.000000     -0.001000     -0.001000     -1.000000     -0.001000     -0.001000     -0.000001     -0.001000     -0.001000     -1.000000     -1.000000     -1.000000 
430 14 9 145.000000 0.380000 -1.000000 -1.000000 -1.000000 -1.000000 nan nan nan nan -1.000000000000e+00 -1.000000e+00 -1.000000000000e+00  -1.000000000000e+00  -1.000000000000e+00  -1.000000000000e+00   -1.000000000000e+00   -1.000000000000e+00   -1.000000000000e+00    -1.000000000000e+00    -1.000000     -1.000000     -0.001000     -0.001000     -1.000000     -0.001000     -0.001000     -0.000001     -0.001000     -0.001000     -1.000000     -1.000000     -1.000000 
431 14 10 145.000000 0.420000 -1.000000 -1.000000 -1.000000 -1.000000 nan nan nan nan -1.000000000000e+00 -1.000000e+00 -1.000000000000e+00  -1.000000000000e+00  -1.000000000000e+00  -1.000000000000e+00   -1.000000000000e+00   -1.000000000000e+00   -1.000000000000e+00    -1.000000000000e+00    -1.000000     -1.000000     -0.001000     -0.001000     -1.000000     -0.001000     -0.001000     -0.000001     -0.001000     -0.001000     -1.000000     -1.000000     -1.000000 
432 14 11 145.000000 0.460000 -1.000000 -1.000000 -1.000000 -1.000000 nan nan nan nan -1.000000000000e+00 -1.000000e+00 -1.000000000000e+00  -1.000000000000e+00  -1.000000000000e+00  -1.000000000000e+00   -1.000000000000e+00   -1.000000000000e+00   -1.000000000000e+00    -1.000000000000e+00    -1.000000     -1.000000     -0.001000     -0.001000     -1.000000     -0.001000     -0.001000     -0.000001     -0.001000     -0.001000     -1.000000     -1.000000     -1.000000 
433 14 12 145.000000 0.500000 -1.000000 -1.000000 -1.000000 -1.000000 nan nan nan nan -1.000000000000e+00 -1.000000e+00 -1.000000000000e+00  -1.000000000000e+00  -1.000000000000e+00  -1.000000000000e+00   -1.000000000000e+00   -1.000000000000e+00   -1.000000000000e+00    -1.000000000000e+00    -1.000000     -1.000000     -0.001000     -0.001000     -1.000000     -0.001000     -0.001000     -0.000001     -0.001000     -0.001000     -1.000000     -1.000000     -1.000000 
434 14 13 145.000000 0.540000 -1.000000 -1.000000 -1.000000 -1.000000 nan nan nan nan -1.000000000000e+00 -1.000000e+00 -1.000000000000e+00  -1.000000000000e+00  -1.000000000000e+00  -1.000000000000e+00   -1.000000000000e+00   -1.000000000000e+00   -1.000000000000e+00    -1.000000000000e+00    -1.000000     -1.000000     -0.001000     -0.001000     -1.000000     -0.001000     -0.001000     -0.000001     -0.001000     -0.001000     -1.000000     -1.000000     -1.000000 
435 14 14 145.000000 0.580000 -1.000000 -1.000000 -1.000000 -1.000000 nan nan nan nan -1.000000000000e+00 -1.000000e+00 -1.000000000000e+00  -1.000000000000e+00  -1.000000000000e+00  -1.000000000000e+00   -1.000000000000e+00   -1.000000000000e+00   -1.000000000000e+00    -1.000000000000e+00    -1.000000     -1.000000     -0.001000     -0.001000     -1.000000     -0.001000     -0.001000     -0.000001     -0.001000     -0.001000     -1.000000     -1.000000     -1.000000 
436 14 15 145.000000 0.620000 -1.000000 -1.000000 -1.000000 -1.000000 nan nan nan nan -1.000000000000e+00 -1.000000e+00 -1.000000000000e+00  -1.000000000000e+00  -1.000000000000e+00  -1.000000000000e+00   -1.000000000000e+00   -1.000000000000e+00   -1.000000000000e+00    -1.000000000000e+00    -1.000000     -1.000000     -0.001000     -0.001000     -1.000000     -0.001000     -0.001000     -0.000001     -0.001000     -0.001000     -1.000000     -1.000000     -1.000000 
437 14 16 145.000000 0.660000 -1.000000 -1.000000 -1.000000 -1.000000 nan nan nan nan -1.000000000000e+00 -1.000000e+00 -1.000000000000e+00  -1.000000000000e+00  -1.000000000000e+00  -1.000000000000e+00   -1.000000000000e+00   -1.000000000000e+00   -1.000000000000e+00    -1.000000000000e+00    -1.000000     -1.000000     -0.001000     -0.001000     -1.000000     -0.001000     -0.001000     -0.000001     -0.001000     -0.001000     -1.000000     -1.000000     -1.000000 
438 14 17 145.000000 0.700000 -1.000000 -1.000000 -1.000000 -1.000000 nan nan nan nan -1.000000000000e+00 -1.000000e+00 -1.000000000000e+00  -1.000000000000e+00  -1.000000000000e+00  -1.000000000000e+00   -1.000000000000e+00   -1.000000000000e+00   -1.000000000000e+00    -1.000000000000e+00    -1.000000     -1.000000     -0.001000     -0.001000     -1.000000     -0.001000     -0.001000     -0.000001     -0.001000     -0.001000     -1.000000     -1.000000     -1.000000 
439 14 18 145.000000 0.740000 -1.000000 -1.000000 -1.000000 -1.000000 nan nan nan nan -1.000000000000e+00 -1.000000e+00 -1.000000000000e+00  -1.000000000000e+00  -1.000000000000e+00  -1.000000000000e+00   -1.000000000000e+00   -1.000000000000e+00   -1.000000000000e+00    -1.000000000000e+00    -1.000000     -1.000000     -0.001000     -0.001000     -1.000000     -0.001000     -0.001000     -0.000001     -0.001000     -0.001000     -1.000000     -1.000000     -1.000000 
440 14 19 145.000000 0.780000 -1.000000 -1.000000 -1.000000 -1.000000 nan nan nan nan -1.000000000000e+00 -1.000000e+00 -1.000000000000e+00  -1.000000000000e+00  -1.000000000000e+00  -1.000000000000e+00   -1.000000000000e+00   -1.000000000000e+00   -1.000000000000e+00    -1.000000000000e+00    -1.000000     -1.000000     -0.001000     -0.001000     -1.000000     -0.001000     -0.001000     -0.000001     -0.001000     -0.001000     -1.000000     -1.000000     -1.000000 
441 14 20 145.000000 0.820000 -1.000000 -1.000000 -1.000000 -1.000000 nan nan nan nan -1.000000000000e+00 -1.000000e+00 -1.000000000000e+00  -1.000000000000e+00  -1.000000000000e+00  -1.000000000000e+00   -1.000000000000e+00   -1.000000000000e+00   -1.000000000000e+00    -1.000000000000e+00    -1.000000     -1.000000     -0.001000     -0.001000     -1.000000     -0.001000     -0.001000     -0.000001     -0.001000     -0.001000     -1.000000     -1.000000     -1.000000 
442 14 21 145.000000 0.860000 -1.000000 -1.000000 -1.000000 -1.000000 nan nan nan nan -1.000000000000e+00 -1.000000e+00 -1.000000000000e+00  -1.000000000000e+00  -1.000000000000e+00  -1.000000000000e+00   -1.000000000000e+00   -1.000000000000e+00   -1.000000000000e+00    -1.000000000000e+00    -1.000000     -1.000000     -0.001000     -0.001000     -1.000000     -0.001000     -0.001000     -0.000001     -0.001000     -0.001000     -1.000000     -1.000000     -1.000000 
443 14 22 145.000000 0.900000 -1.000000 -1.000000 -1.000000 -1.000000 nan nan nan nan -1.000000000000e+00 -1.000000e+00 -1.000000000000e+00  -1.000000000000e+00  -1.000000000000e+00  -1.000000000000e+00   -1.000000000000e+00   -1.000000000000e+00   -1.000000000000e+00    -1.000000000000e+00    -1.000000     -1.000000     -0.001000     -0.001000     -1.000000     -0.001000     -0.001000     -0.000001     -0.001000     -0.001000     -1.000000     -1.000000     -1.000000 
444 14 23 145.000000 0.940000 -1.000000 -1.000000 -1.000000 -1.000000 nan nan nan nan -1.000000000000e+00 -1.000000e+00 -1.000000000000e+00  -1.000000000000e+00  -1.000000000000e+00  -1.000000000000e+00   -1.000000000000e+00   -1.000000000000e+00   -1.000000000000e+00    -1.000000000000e+00    -1.000000     -1.000000     -0.001000     -0.001000     -1.000000     -0.001000     -0.001000     -0.000001     -0.001000     -0.001000     -1.000000     -1.000000     -1.000000 
445 14 24 145.000000 0.980000 -1.000000 -1.000000 -1.000000 -1.000000 nan nan nan nan -1.000000000000e+00 -1.000000e+00 -1.000000000000e+00  -1.000000000000e+00  -1.000000000000e+00  -1.000000000000e+00   -1.000000000000e+00   -1.000000000000e+00   -1.000000000000e+00    -1.000000000000e+00    -1.000000     -1.000000     -0.001000     -0.001000     -1.000000     -0.001000     -0.001000     -0.000001     -0.001000     -0.001000     -1.000000     -1.000000     -1.000000 
446 14 25 145.000000 1.020000 -1.000000 -1.000000 -1.000000 -1.000000 nan nan nan nan -1.000000000000e+00 -1.000000e+00 -1.000000000000e+00  -1.000000000000e+00  -1.000000000000e+00  -1.000000000000e+00   -1.000000000000e+00   -1.000000000000e+00   -1.000000000000e+00    -1.000000000000e+00    -1.000000     -1.000000     -0.001000     -0.001000     -1.000000     -0.001000     -0.001000     -0.000001     -0.001000     -0.001000     -1.000000     -1.000000     -1.000000 
447 14 26 145.000000 1.060000 -1.000000 -1.000000 -1.000000 -1.000000 nan nan nan nan -1.000000000000e+00 -1.000000e+00 -1.000000000000e+00  -1.000000000000e+00  -1.000000000000e+00  -1.000000000000e+00   -1.000000000000e+00   -1.000000000000e+00   -1.000000000000e+00    -1.000000000000e+00    -1.000000     -1.000000     -0.001000     -0.001000     -1.000000     -0.001000     -0.001000     -0.000001     -0.001000     -0.001000     -1.000000     -1.000000     -1.000000 
448 14 27 145.000000 1.100000 -1.000000 -1.000000 -1.000000 -1.000000 nan nan nan nan -1.000000000000e+00 -1.000000e+00 -1.000000000000e+00  -1.000000000000e+00  -1.000000000000e+00  -1.000000000000e+00   -1.000000000000e+00   -1.000000000000e+00   -1.000000000000e+00    -1.000000000000e+00    -1.000000     -1.000000     -0.001000     -0.001000     -1.000000     -0.001000     -0.001000     -0.000001     -0.001000     -0.001000     -1.000000     -1.000000     -1.000000 
449 14 28 145.000000 1.140000 -1.000000 -1.000000 -1.000000 -1.000000 nan nan nan nan -1.000000000000e+00 -1.000000e+00 -1.000000000000e+00  -1.000000000000e+00  -1.000000000000e+00  -1.000000000000e+00   -1.000000000000e+00   -1.000000000000e+00   -1.000000000000e+00    -1.000000000000e+00    -1.000000     -1.000000     -0.001000     -0.001000     -1.000000     -0.001000     -0.001000     -0.000001     -0.001000     -0.001000     -1.000000     -1.000000     -1.000000 
450 14 29 145.000000 1.180000 -1.000000 -1.000000 -1.000000 -1.000000 nan nan nan nan -1.000000000000e+00 -1.000000e+00 -1.000000000000e+00  -1.000000000000e+00  -1.000000000000e+00  -1.000000000000e+00   -1.000000000000e+00   -1.000000000000e+00   -1.000000000000e+00    -1.000000000000e+00    -1.000000     -1.000000     -0.001000     -0.001000     -1.000000     -0.001000     -0.001000     -0.000001     -0.001000     -0.001000     -1.000000     -1.000000     -1.000000 
451 15 0 155.000000 0.020000 -1.000000 -1.000000 -1.000000 -1.000000 nan nan nan nan -1.000000000000e+00 -1.000000e+00 -1.000000000000e+00  -1.000000000000e+00  -1.000000000000e+00  -1.000000000000e+00   -1.000000000000e+00   -1.000000000000e+00   -1.000000000000e+00    -1.000000000000e+00    -1.000000     -1.000000     -0.001000     -0.001000     -1.000000     -0.001000     -0.001000     -0.000001     -0.001000     -0.001000     -1.000000     -1.000000     -1.000000 
452 15 1 155.000000 0.060000 -1.000000 -1.000000 -1.000000 -1.000000 nan nan nan nan -1.000000000000e+00 -1.000000e+00 -1.000000000000e+00  -1.000000000000e+00  -1.000000000000e+00  -1.000000000000e+00   -1.000000000000e+00   -1.000000000000e+00   -1.000000000000e+00    -1.000000000000e+00    -1.000000     -1.000000     -0.001000     -0.001000     -1.000000     -0.001000     -0.001000     -0.000001     -0.001000     -0.001000     -1.000000     -1.000000     -1.000000 
453 15 2 155.000000 0.100000 -1.000000 -1.000000 -1.000000 -1.000000 nan nan nan nan -1.000000000000e+00 -1.000000e+00 -1.000000000000e+00  -1.000000000000e+00  -1.000000000000e+00  -1.000000000000e+00   -1.000000000000e+00   -1.000000000000e+00   -1.000000000000e+00    -1.000000000000e+00    -1.000000     -1.000000     -0.001000     -0.001000     -1.000000     -0.001000     -0.001000     -0.000001     -0.001000     -0.001000     -1.000000     -1.000000     -1.000000 
454 15 3 155.000000 0.140000 -1.000000 -1.000000 -1.000000 -1.000000 nan nan nan nan -1.000000000000e+00 -1.000000e+00 -1.000000000000e+00  -1.000000000000e+00  -1.000000000000e+00  -1.000000000000e+00   -1.000000000000e+00   -1.000000000000e+00   -1.000000000000e+00    -1.000000000000e+00    -1.000000     -1.000000     -0.001000     -0.001000     -1.000000     -0.001000     -0.001000     -0.000001     -0.001000     -0.001000     -1.000000     -1.000000     -1.000000 
455 15 4 155.000000 0.180000 -1.000000 -1.000000 -1.000000 -1.000000 nan nan nan nan -1.000000000000e+00 -1.000000e+00 -1.000000000000e+00  -1.000000000000e+00  -1.000000000000e+00  -1.000000000000e+00   -1.000000000000e+00   -1.000000000000e+00   -1.000000000000e+00    -1.000000000000e+00    -1.000000     -1.000000     -0.001000     -0.001000     -1.000000     -0.001000     -0.001000     -0.000001     -0.001000     -0.001000     -1.000000     -1.000000     -1.000000 
456 15 5 155.000000 0.220000 -1.000000 -1.000000 -1.000000 -1.000000 nan nan nan nan -1.000000000000e+00 -1.000000e+00 -1.000000000000e+00  -1.000000000000e+00  -1.000000000000e+00  -1.000000000000e+00   -1.000000000000e+00   -1.000000000000e+00   -1.000000000000e+00    -1.000000000000e+00    -1.000000     -1.000000     -0.001000     -0.001000     -1.000000     -0.001000     -0.001000     -0.000001     -0.001000     -0.001000     -1.000000     -1.000000     -1.000000 
457 15 6 155.000000 0.260000 -1.000000 -1.000000 -1.000000 -1.000000 nan nan nan nan -1.000000000000e+00 -1.000000e+00 -1.000000000000e+00  -1.000000000000e+00  -1.000000000000e+00  -1.000000000000e+00   -1.000000000000e+00   -1.000000000000e+00   -1.000000000000e+00    -1.000000000000e+00    -1.000000     -1.000000     -0.001000     -0.001000     -1.000000     -0.001000     -0.001000     -0.000001     -0.001000     -0.001000     -1.000000     -1.000000     -1.000000 
458 15 7 155.000000 0.300000 -1.000000 -1.000000 -1.000000 -1.000000 nan nan nan nan -1.000000000000e+00 -1.000000e+00 -1.000000000000e+00  -1.000000000000e+00  -1.000000000000e+00  -1.000000000000e+00   -1.000000000000e+00   -1.000000000000e+00   -1.000000000000e+00    -1.000000000000e+00    -1.000000     -1.000000     -0.001000     -0.001000     -1.000000     -0.001000     -0.001000     -0.000001     -0.001000     -0.001000     -1.000000     -1.000000     -1.000000 
459 15 8 155.000000 0.340000 -1.000000 -1.000000 -1.000000 -1.000000 nan nan nan nan -1.000000000000e+00 -1.000000e+00 -1.000000000000e+00  -1.000000000000e+00  -1.000000000000e+00  -1.000000000000e+00   -1.000000000000e+00   -1.000000000000e+00   -1.000000000000e+00    -1.000000000000e+00    -1.000000     -1.000000     -0.001000     -0.001000     -1.000000     -0.001000     -0.001000     -0.000001     -0.001000     -0.001000     -1.000000     -1.000000     -1.000000 
460 15 9 155.000000 0.380000 -1.000000 -1.000000 -1.000000 -1.000000 nan nan nan nan -1.000000000000e+00 -1.000000e+00 -1.000000000000e+00  -1.000000000000e+00  -1.000000000000e+00  -1.000000000000e+00   -1.000000000000e+00   -1.000000000000e+00   -1.000000000000e+00    -1.000000000000e+00    -1.000000     -1.000000     -0.001000     -0.001000     -1.000000     -0.001000     -0.001000     -0.000001     -0.001000     -0.001000     -1.000000     -1.000000     -1.000000 
461 15 10 155.000000 0.420000 -1.000000 -1.000000 -1.000000 -1.000000 nan nan nan nan -1.000000000000e+00 -1.000000e+00 -1.000000000000e+00  -1.000000000000e+00  -1.000000000000e+00  -1.000000000000e+00   -1.000000000000e+00   -1.000000000000e+00   -1.000000000000e+00    -1.000000000000e+00    -1.000000     -1.000000     -0.001000     -0.001000     -1.000000     -0.001000     -0.001000     -0.000001     -0.001000     -0.001000     -1.000000     -1.000000     -1.000000 
462 15 11 155.000000 0.460000 -1.000000 -1.000000 -1.000000 -1.000000 nan nan nan nan -1.000000000000e+00 -1.000000e+00 -1.000000000000e+00  -1.000000000000e+00  -1.000000000000e+00  -1.000000000000e+00   -1.000000000000e+00   -1.000000000000e+00   -1.000000000000e+00    -1.000000000000e+00    -1.000000     -1.000000     -0.001000     -0.001000     -1.000000     -0.001000     -0.001000     -0.000001     -0.001000     -0.001000     -1.000000     -1.000000     -1.000000 
463 15 12 155.000000 0.500000 -1.000000 -1.000000 -1.000000 -1.000000 nan nan nan nan -1.000000000000e+00 -1.000000e+00 -1.000000000000e+00  -1.000000000000e+00  -1.000000000000e+00  -1.000000000000e+00   -1.000000000000e+00   -1.000000000000e+00   -1.000000000000e+00    -1.000000000000e+00    -1.000000     -1.000000     -0.001000     -0.001000     -1.000000     -0.001000     -0.001000     -0.000001     -0.001000     -0.001000     -1.000000     -1.000000     -1.000000 
464 15 13 155.000000 0.540000 -1.000000 -1.000000 -1.000000 -1.000000 nan nan nan nan -1.000000000000e+00 -1.000000e+00 -1.000000000000e+00  -1.000000000000e+00  -1.000000000000e+00  -1.000000000000e+00   -1.000000000000e+00   -1.000000000000e+00   -1.000000000000e+00    -1.000000000000e+00    -1.000000     -1.000000     -0.001000     -0.001000     -1.000000     -0.001000     -0.001000     -0.000001     -0.001000     -0.001000     -1.000000     -1.000000     -1.000000 
465 15 14 155.000000 0.580000 -1.000000 -1.000000 -1.000000 -1.000000 nan nan nan nan -1.000000000000e+00 -1.000000e+00 -1.000000000000e+00  -1.000000000000e+00  -1.000000000000e+00  -1.000000000000e+00   -1.000000000000e+00   -1.000000000000e+00   -1.000000000000e+00    -1.000000000000e+00    -1.000000     -1.000000     -0.001000     -0.001000     -1.000000     -0.001000     -0.001000     -0.000001     -0.001000     -0.001000     -1.000000     -1.000000     -1.000000 
466 15 15 155.000000 0.620000 -1.000000 -1.000000 -1.000000 -1.000000 nan nan nan nan -1.000000000000e+00 -1.000000e+00 -1.000000000000e+00  -1.000000000000e+00  -1.000000000000e+00  -1.000000000000e+00   -1.000000000000e+00   -1.000000000000e+00   -1.000000000000e+00    -1.000000000000e+00    -1.000000     -1.000000     -0.001000     -0.001000     -1.000000     -0.001000     -0.001000     -0.000001     -0.001000     -0.001000     -1.000000     -1.000000     -1.000000 
467 15 16 155.000000 0.660000 -1.000000 -1.000000 -1.000000 -1.000000 nan nan nan nan -1.000000000000e+00 -1.000000e+00 -1.000000000000e+00  -1.000000000000e+00  -1.000000000000e+00  -1.000000000000e+00   -1.000000000000e+00   -1.000000000000e+00   -1.000000000000e+00    -1.000000000000e+00    -1.000000     -1.000000     -0.001000     -0.001000     -1.000000     -0.001000     -0.001000     -0.000001     -0.001000     -0.001000     -1.000000     -1.000000     -1.000000 
468 15 17 155.000000 0.700000 -1.000000 -1.000000 -1.000000 -1.000000 nan nan nan nan -1.000000000000e+00 -1.000000e+00 -1.000000000000e+00  -1.000000000000e+00  -1.000000000000e+00  -1.000000000000e+00   -1.000000000000e+00   -1.000000000000e+00   -1.000000000000e+00    -1.000000000000e+00    -1.000000     -1.000000     -0.001000     -0.001000     -1.000000     -0.001000     -0.001000     -0.000001     -0.001000     -0.001000     -1.000000     -1.000000     -1.000000 
469 15 18 155.000000 0.740000 -1.000000 -1.000000 -1.000000 -1.000000 nan nan nan nan -1.000000000000e+00 -1.000000e+00 -1.000000000000e+00  -1.000000000000e+00  -1.000000000000e+00  -1.000000000000e+00   -1.000000000000e+00   -1.000000000000e+00   -1.000000000000e+00    -1.000000000000e+00    -1.000000     -1.000000     -0.001000     -0.001000     -1.000000     -0.001000     -0.001000     -0.000001     -0.001000     -0.001000     -1.000000     -1.000000     -1.000000 
470 15 19 155.000000 0.780000 -1.000000 -1.000000 -1.000000 -1.000000 nan nan nan nan -1.000000000000e+00 -1.000000e+00 -1.000000000000e+00  -1.000000000000e+00  -1.000000000000e+00  -1.000000000000e+00   -1.000000000000e+00   -1.000000000000e+00   -1.000000000000e+00    -1.000000000000e+00    -1.000000     -1.000000     -0.001000     -0.001000     -1.000000     -0.001000     -0.001000     -0.000001     -0.001000     -0.001000     -1.000000     -1.000000     -1.000000 
471 15 20 155.000000 0.820000 -1.000000 -1.000000 -1.000000 -1.000000 nan nan nan nan -1.000000000000e+00 -1.000000e+00 -1.000000000000e+00  -1.000000000000e+00  -1.000000000000e+00  -1.000000000000e+00   -1.000000000000e+00   -1.000000000000e+00   -1.000000000000e+00    -1.000000000000e+00    -1.000000     -1.000000     -0.001000     -0.001000     -1.000000     -0.001000     -0.001000     -0.000001     -0.001000     -0.001000     -1.000000     -1.000000     -1.000000 
472 15 21 155.000000 0.860000 -1.000000 -1.000000 -1.000000 -1.000000 nan nan nan nan -1.000000000000e+00 -1.000000e+00 -1.000000000000e+00  -1.000000000000e+00  -1.000000000000e+00  -1.000000000000e+00   -1.000000000000e+00   -1.000000000000e+00   -1.000000000000e+00    -1.000000000000e+00    -1.000000     -1.000000     -0.001000     -0.001000     -1.000000     -0.001000     -0.001000     -0.000001     -0.001000     -0.001000     -1.000000     -1.000000     -1.000000 
473 15 22 155.000000 0.900000 -1.000000 -1.000000 -1.000000 -1.000000 nan nan nan nan -1.000000000000e+00 -1.000000e+00 -1.000000000000e+00  -1.000000000000e+00  -1.000000000000e+00  -1.000000000000e+00   -1.000000000000e+00   -1.000000000000e+00   -1.000000000000e+00    -1.000000000000e+00    -1.000000     -1.000000     -0.001000     -0.001000     -1.000000     -0.001000     -0.001000     -0.000001     -0.001000     -0.001000     -1.000000     -1.000000     -1.000000 
474 15 23 155.000000 0.940000 -1.000000 -1.000000 -1.000000 -1.000000 nan nan nan nan -1.000000000000e+00 -1.000000e+00 -1.000000000000e+00  -1.000000000000e+00  -1.000000000000e+00  -1.000000000000e+00   -1.000000000000e+00   -1.000000000000e+00   -1.000000000000e+00    -1.000000000000e+00    -1.000000     -1.000000     -0.001000     -0.001000     -1.000000     -0.001000     -0.001000     -0.000001     -0.001000     -0.001000     -1.000000     -1.000000     -1.000000 
475 15 24 155.000000 0.980000 -1.000000 -1.000000 -1.000000 -1.000000 nan nan nan nan -1.000000000000e+00 -1.000000e+00 -1.000000000000e+00  -1.000000000000e+00  -1.000000000000e+00  -1.000000000000e+00   -1.000000000000e+00   -1.000000000000e+00   -1.000000000000e+00    -1.000000000000e+00    -1.000000     -1.000000     -0.001000     -0.001000     -1.000000     -0.001000     -0.001000     -0.000001     -0.001000     -0.001000     -1.000000     -1.000000     -1.000000 
476 15 25 155.000000 1.020000 -1.000000 -1.000000 -1.000000 -1.000000 nan nan nan nan -1.000000000000e+00 -1.000000e+00 -1.000000000000e+00  -1.000000000000e+00  -1.000000000000e+00  -1.000000000000e+00   -1.000000000000e+00   -1.000000000000e+00   -1.000000000000e+00    -1.000000000000e+00    -1.000000     -1.000000     -0.001000     -0.001000     -1.000000     -0.001000     -0.001000     -0.000001     -0.001000     -0.001000     -1.000000     -1.000000     -1.000000 
477 15 26 155.000000 1.060000 -1.000000 -1.000000 -1.000000 -1.000000 nan nan nan nan -1.000000000000e+00 -1.000000e+00 -1.000000000000e+00  -1.000000000000e+00  -1.000000000000e+00  -1.000000000000e+00   -1.000000000000e+00   -1.000000000000e+00   -1.000000000000e+00    -1.000000000000e+00    -1.000000     -1.000000     -0.001000     -0.001000     -1.000000     -0.001000     -0.001000     -0.000001     -0.001000     -0.001000     -1.000000     -1.000000     -1.000000 
478 15 27 155.000000 1.100000 -1.000000 -1.000000 -1.000000 -1.000000 nan nan nan nan -1.000000000000e+00 -1.000000e+00 -1.000000000000e+00  -1.000000000000e+00  -1.000000000000e+00  -1.000000000000e+00   -1.000000000000e+00   -1.000000000000e+00   -1.000000000000e+00    -1.000000000000e+00    -1.000000     -1.000000     -0.001000     -0.001000     -1.000000     -0.001000     -0.001000     -0.000001     -0.001000     -0.001000     -1.000000     -1.000000     -1.000000 
479 15 28 155.000000 1.140000 -1.000000 -1.000000 -1.000000 -1.000000 nan nan nan nan -1.000000000000e+00 -1.000000e+00 -1.000000000000e+00  -1.000000000000e+00  -1.000000000000e+00  -1.000000000000e+00   -1.000000000000e+00   -1.000000000000e+00   -1.000000000000e+00    -1.000000000000e+00    -1.000000     -1.000000     -0.001000     -0.001000     -1.000000     -0.001000     -0.001000     -0.000001     -0.001000     -0.001000     -1.000000     -1.000000     -1.000000 
480 15 29 155.000000 1.180000 -1.000000 -1.000000 -1.000000 -1.000000 nan nan nan nan -1.000000000000e+00 -1.000000e+00 -1.000000000000e+00  -1.000000000000e+00  -1.000000000000e+00  -1.000000000000e+00   -1.000000000000e+00   -1.000000000000e+00   -1.000000000000e+00    -1.000000000000e+00    -1.000000     -1.000000     -0.001000     -0.001000     -1.000000     -0.001000     -0.001000     -0.000001     -0.001000     -0.001000     -1.000000     -1.000000     -1.000000 
481 16 0 165.000000 0.020000 -1.000000 -1.000000 -1.000000 -1.000000 nan nan nan nan -1.000000000000e+00 -1.000000e+00 -1.000000000000e+00  -1.000000000000e+00  -1.000000000000e+00  -1.000000000000e+00   -1.000000000000e+00   -1.000000000000e+00   -1.000000000000e+00    -1.000000000000e+00    -1.000000     -1.000000     -0.001000     -0.001000     -1.000000     -0.001000     -0.001000     -0.000001     -0.001000     -0.001000     -1.000000     -1.000000     -1.000000 
482 16 1 165.000000 0.060000 -1.000000 -1.000000 -1.000000 -1.000000 nan nan nan nan -1.000000000000e+00 -1.000000e+00 -1.000000000000e+00  -1.000000000000e+00  -1.000000000000e+00  -1.000000000000e+00   -1.000000000000e+00   -1.000000000000e+00   -1.000000000000e+00    -1.000000000000e+00    -1.000000     -1.000000     -0.001000     -0.001000     -1.000000     -0.001000     -0.001000     -0.000001     -0.001000     -0.001000     -1.000000     -1.000000     -1.000000 
483 16 2 165.000000 0.100000 -1.000000 -1.000000 -1.000000 -1.000000 nan nan nan nan -1.000000000000e+00 -1.000000e+00 -1.000000000000e+00  -1.000000000000e+00  -1.000000000000e+00  -1.000000000000e+00   -1.000000000000e+00   -1.000000000000e+00   -1.000000000000e+00    -1.000000000000e+00    -1.000000     -1.000000     -0.001000     -0.001000     -1.000000     -0.001000     -0.001000     -0.000001     -0.001000     -0.001000     -1.000000     -1.000000     -1.000000 
484 16 3 165.000000 0.140000 -1.000000 -1.000000 -1.000000 -1.000000 nan nan nan nan -1.000000000000e+00 -1.000000e+00 -1.000000000000e+00  -1.000000000000e+00  -1.000000000000e+00  -1.000000000000e+00   -1.000000000000e+00   -1.000000000000e+00   -1.000000000000e+00    -1.000000000000e+00    -1.000000     -1.000000     -0.001000     -0.001000     -1.000000     -0.001000     -0.001000     -0.000001     -0.001000     -0.001000     -1.000000     -1.000000     -1.000000 
485 16 4 165.000000 0.180000 -1.000000 -1.000000 -1.000000 -1.000000 nan nan nan nan -1.000000000000e+00 -1.000000e+00 -1.000000000000e+00  -1.000000000000e+00  -1.000000000000e+00  -1.000000000000e+00   -1.000000000000e+00   -1.000000000000e+00   -1.000000000000e+00    -1.000000000000e+00    -1.000000     -1.000000     -0.001000     -0.001000     -1.000000     -0.001000     -0.001000     -0.000001     -0.001000     -0.001000     -1.000000     -1.000000     -1.000000 
486 16 5 165.000000 0.220000 -1.000000 -1.000000 -1.000000 -1.000000 nan nan nan nan -1.000000000000e+00 -1.000000e+00 -1.000000000000e+00  -1.000000000000e+00  -1.000000000000e+00  -1.000000000000e+00   -1.000000000000e+00   -1.000000000000e+00   -1.000000000000e+00    -1.000000000000e+00    -1.000000     -1.000000     -0.001000     -0.001000     -1.000000     -0.001000     -0.001000     -0.000001     -0.001000     -0.001000     -1.000000     -1.000000     -1.000000 
487 16 6 165.000000 0.260000 -1.000000 -1.000000 -1.000000 -1.000000 nan nan nan nan -1.000000000000e+00 -1.000000e+00 -1.000000000000e+00  -1.000000000000e+00  -1.000000000000e+00  -1.000000000000e+00   -1.000000000000e+00   -1.000000000000e+00   -1.000000000000e+00    -1.000000000000e+00    -1.000000     -1.000000     -0.001000     -0.001000     -1.000000     -0.001000     -0.001000     -0.000001     -0.001000     -0.001000     -1.000000     -1.000000     -1.000000 
488 16 7 165.000000 0.300000 -1.000000 -1.000000 -1.000000 -1.000000 nan nan nan nan -1.000000000000e+00 -1.000000e+00 -1.000000000000e+00  -1.000000000000e+00  -1.000000000000e+00  -1.000000000000e+00   -1.000000000000e+00   -1.000000000000e+00   -1.000000000000e+00    -1.000000000000e+00    -1.000000     -1.000000     -0.001000     -0.001000     -1.000000     -0.001000     -0.001000     -0.000001     -0.001000     -0.001000     -1.000000     -1.000000     -1.000000 
489 16 8 165.000000 0.340000 -1.000000 -1.000000 -1.000000 -1.000000 nan nan nan nan -1.000000000000e+00 -1.000000e+00 -1.000000000000e+00  -1.000000000000e+00  -1.000000000000e+00  -1.000000000000e+00   -1.000000000000e+00   -1.000000000000e+00   -1.000000000000e+00    -1.000000000000e+00    -1.000000     -1.000000     -0.001000     -0.001000     -1.000000     -0.001000     -0.001000     -0.000001     -0.001000     -0.001000     -1.000000     -1.000000     -1.000000 
490 16 9 165.000000 0.380000 -1.000000 -1.000000 -1.000000 -1.000000 nan nan nan nan -1.000000000000e+00 -1.000000e+00 -1.000000000000e+00  -1.000000000000e+00  -1.000000000000e+00  -1.000000000000e+00   -1.000000000000e+00   -1.000000000000e+00   -1.000000000000e+00    -1.000000000000e+00    -1.000000     -1.000000     -0.001000     -0.001000     -1.000000     -0.001000     -0.001000     -0.000001     -0.001000     -0.001000     -1.000000     -1.000000     -1.000000 
491 16 10 165.000000 0.420000 -1.000000 -1.000000 -1.000000 -1.000000 nan nan nan nan -1.000000000000e+00 -1.000000e+00 -1.000000000000e+00  -1.000000000000e+00  -1.000000000000e+00  -1.000000000000e+00   -1.000000000000e+00   -1.000000000000e+00   -1.000000000000e+00    -1.000000000000e+00    -1.000000     -1.000000     -0.001000     -0.001000     -1.000000     -0.001000     -0.001000     -0.000001     -0.001000     -0.001000     -1.000000     -1.000000     -1.000000 
492 16 11 165.000000 0.460000 -1.000000 -1.000000 -1.000000 -1.000000 nan nan nan nan -1.000000000000e+00 -1.000000e+00 -1.000000000000e+00  -1.000000000000e+00  -1.000000000000e+00  -1.000000000000e+00   -1.000000000000e+00   -1.000000000000e+00   -1.000000000000e+00    -1.000000000000e+00    -1.000000     -1.000000     -0.001000     -0.001000     -1.000000     -0.001000     -0.001000     -0.000001     -0.001000     -0.001000     -1.000000     -1.000000     -1.000000 
493 16 12 165.000000 0.500000 -1.000000 -1.000000 -1.000000 -1.000000 nan nan nan nan -1.000000000000e+00 -1.000000e+00 -1.000000000000e+00  -1.000000000000e+00  -1.000000000000e+00  -1.000000000000e+00   -1.000000000000e+00   -1.000000000000e+00   -1.000000000000e+00    -1.000000000000e+00    -1.000000     -1.000000     -0.001000     -0.001000     -1.000000     -0.001000     -0.001000     -0.000001     -0.001000     -0.001000     -1.000000     -1.000000     -1.000000 
494 16 13 165.000000 0.540000 -1.000000 -1.000000 -1.000000 -1.000000 nan nan nan nan -1.000000000000e+00 -1.000000e+00 -1.000000000000e+00  -1.000000000000e+00  -1.000000000000e+00  -1.000000000000e+00   -1.000000000000e+00   -1.000000000000e+00   -1.000000000000e+00    -1.000000000000e+00    -1.000000     -1.000000     -0.001000     -0.001000     -1.000000     -0.001000     -0.001000     -0.000001     -0.001000     -0.001000     -1.000000     -1.000000     -1.000000 
495 16 14 165.000000 0.580000 -1.000000 -1.000000 -1.000000 -1.000000 nan nan nan nan -1.000000000000e+00 -1.000000e+00 -1.000000000000e+00  -1.000000000000e+00  -1.000000000000e+00  -1.000000000000e+00   -1.000000000000e+00   -1.000000000000e+00   -1.000000000000e+00    -1.000000000000e+00    -1.000000     -1.000000     -0.001000     -0.001000     -1.000000     -0.001000     -0.001000     -0.000001     -0.001000     -0.001000     -1.000000     -1.000000     -1.000000 
496 16 15 165.000000 0.620000 -1.000000 -1.000000 -1.000000 -1.000000 nan nan nan nan -1.000000000000e+00 -1.000000e+00 -1.000000000000e+00  -1.000000000000e+00  -1.000000000000e+00  -1.000000000000e+00   -1.000000000000e+00   -1.000000000000e+00   -1.000000000000e+00    -1.000000000000e+00    -1.000000     -1.000000     -0.001000     -0.001000     -1.000000     -0.001000     -0.001000     -0.000001     -0.001000     -0.001000     -1.000000     -1.000000     -1.000000 
497 16 16 165.000000 0.660000 -1.000000 -1.000000 -1.000000 -1.000000 nan nan nan nan -1.000000000000e+00 -1.000000e+00 -1.000000000000e+00  -1.000000000000e+00  -1.000000000000e+00  -1.000000000000e+00   -1.000000000000e+00   -1.000000000000e+00   -1.000000000000e+00    -1.000000000000e+00    -1.000000     -1.000000     -0.001000     -0.001000     -1.000000     -0.001000     -0.001000     -0.000001     -0.001000     -0.001000     -1.000000     -1.000000     -1.000000 
498 16 17 165.000000 0.700000 -1.000000 -1.000000 -1.000000 -1.000000 nan nan nan nan -1.000000000000e+00 -1.000000e+00 -1.000000000000e+00  -1.000000000000e+00  -1.000000000000e+00  -1.000000000000e+00   -1.000000000000e+00   -1.000000000000e+00   -1.000000000000e+00    -1.000000000000e+00    -1.000000     -1.000000     -0.001000     -0.001000     -1.000000     -0.001000     -0.001000     -0.000001     -0.001000     -0.001000     -1.000000     -1.000000     -1.000000 
499 16 18 165.000000 0.740000 -1.000000 -1.000000 -1.000000 -1.000000 nan nan nan nan -1.000000000000e+00 -1.000000e+00 -1.000000000000e+00  -1.000000000000e+00  -1.000000000000e+00  -1.000000000000e+00   -1.000000000000e+00   -1.000000000000e+00   -1.000000000000e+00    -1.000000000000e+00    -1.000000     -1.000000     -0.001000     -0.001000     -1.000000     -0.001000     -0.001000     -0.000001     -0.001000     -0.001000     -1.000000     -1.000000     -1.000000 
500 16 19 165.000000 0.780000 -1.000000 -1.000000 -1.000000 -1.000000 nan nan nan nan -1.000000000000e+00 -1.000000e+00 -1.000000000000e+00  -1.000000000000e+00  -1.000000000000e+00  -1.000000000000e+00   -1.000000000000e+00   -1.000000000000e+00   -1.000000000000e+00    -1.000000000000e+00    -1.000000     -1.000000     -0.001000     -0.001000     -1.000000     -0.001000     -0.001000     -0.000001     -0.001000     -0.001000     -1.000000     -1.000000     -1.000000 
501 16 20 165.000000 0.820000 -1.000000 -1.000000 -1.000000 -1.000000 nan nan nan nan -1.000000000000e+00 -1.000000e+00 -1.000000000000e+00  -1.000000000000e+00  -1.000000000000e+00  -1.000000000000e+00   -1.000000000000e+00   -1.000000000000e+00   -1.000000000000e+00    -1.000000000000e+00    -1.000000     -1.000000     -0.001000     -0.001000     -1.000000     -0.001000     -0.001000     -0.000001     -0.001000     -0.001000     -1.000000     -1.000000     -1.000000 
502 16 21 165.000000 0.860000 -1.000000 -1.000000 -1.000000 -1.000000 nan nan nan nan -1.000000000000e+00 -1.000000e+00 -1.000000000000e+00  -1.000000000000e+00  -1.000000000000e+00  -1.000000000000e+00   -1.000000000000e+00   -1.000000000000e+00   -1.000000000000e+00    -1.000000000000e+00    -1.000000     -1.000000     -0.001000     -0.001000     -1.000000     -0.001000     -0.001000     -0.000001     -0.001000     -0.001000     -1.000000     -1.000000     -1.000000 
503 16 22 165.000000 0.900000 -1.000000 -1.000000 -1.000000 -1.000000 nan nan nan nan -1.000000000000e+00 -1.000000e+00 -1.000000000000e+00  -1.000000000000e+00  -1.000000000000e+00  -1.000000000000e+00   -1.000000000000e+00   -1.000000000000e+00   -1.000000000000e+00    -1.000000000000e+00    -1.000000     -1.000000     -0.001000     -0.001000     -1.000000     -0.001000     -0.001000     -0.000001     -0.001000     -0.001000     -1.000000     -1.000000     -1.000000 
504 16 23 165.000000 0.940000 -1.000000 -1.000000 -1.000000 -1.000000 nan nan nan nan -1.000000000000e+00 -1.000000e+00 -1.000000000000e+00  -1.000000000000e+00  -1.000000000000e+00  -1.000000000000e+00   -1.000000000000e+00   -1.000000000000e+00   -1.000000000000e+00    -1.000000000000e+00    -1.000000     -1.000000     -0.001000     -0.001000     -1.000000     -0.001000     -0.001000     -0.000001     -0.001000     -0.001000     -1.000000     -1.000000     -1.000000 
505 16 24 165.000000 0.980000 -1.000000 -1.000000 -1.000000 -1.000000 nan nan nan nan -1.000000000000e+00 -1.000000e+00 -1.000000000000e+00  -1.000000000000e+00  -1.000000000000e+00  -1.000000000000e+00   -1.000000000000e+00   -1.000000000000e+00   -1.000000000000e+00    -1.000000000000e+00    -1.000000     -1.000000     -0.001000     -0.001000     -1.000000     -0.001000     -0.001000     -0.000001     -0.001000     -0.001000     -1.000000     -1.000000     -1.000000 
506 16 25 165.000000 1.020000 -1.000000 -1.000000 -1.000000 -1.000000 nan nan nan nan -1.000000000000e+00 -1.000000e+00 -1.000000000000e+00  -1.000000000000e+00  -1.000000000000e+00  -1.000000000000e+00   -1.000000000000e+00   -1.000000000000e+00   -1.000000000000e+00    -1.000000000000e+00    -1.000000     -1.000000     -0.001000     -0.001000     -1.000000     -0.001000     -0.001000     -0.000001     -0.001000     -0.001000     -1.000000     -1.000000     -1.000000 
507 16 26 165.000000 1.060000 -1.000000 -1.000000 -1.000000 -1.000000 nan nan nan nan -1.000000000000e+00 -1.000000e+00 -1.000000000000e+00  -1.000000000000e+00  -1.000000000000e+00  -1.000000000000e+00   -1.000000000000e+00   -1.000000000000e+00   -1.000000000000e+00    -1.000000000000e+00    -1.000000     -1.000000     -0.001000     -0.001000     -1.000000     -0.001000     -0.001000     -0.000001     -0.001000     -0.001000     -1.000000     -1.000000     -1.000000 
508 16 27 165.000000 1.100000 -1.000000 -1.000000 -1.000000 -1.000000 nan nan nan nan -1.000000000000e+00 -1.000000e+00 -1.000000000000e+00  -1.000000000000e+00  -1.000000000000e+00  -1.000000000000e+00   -1.000000000000e+00   -1.000000000000e+00   -1.000000000000e+00    -1.000000000000e+00    -1.000000     -1.000000     -0.001000     -0.001000     -1.000000     -0.001000     -0.001000     -0.000001     -0.001000     -0.001000     -1.000000     -1.000000     -1.000000 
509 16 28 165.000000 1.140000 -1.000000 -1.000000 -1.000000 -1.000000 nan nan nan nan -1.000000000000e+00 -1.000000e+00 -1.000000000000e+00  -1.000000000000e+00  -1.000000000000e+00  -1.000000000000e+00   -1.000000000000e+00   -1.000000000000e+00   -1.000000000000e+00    -1.000000000000e+00    -1.000000     -1.000000     -0.001000     -0.001000     -1.000000     -0.001000     -0.001000     -0.000001     -0.001000     -0.001000     -1.000000     -1.000000     -1.000000 
510 16 29 165.000000 1.180000 -1.000000 -1.000000 -1.000000 -1.000000 nan nan nan nan -1.000000000000e+00 -1.000000e+00 -1.000000000000e+00  -1.000000000000e+00  -1.000000000000e+00  -1.000000000000e+00   -1.000000000000e+00   -1.000000000000e+00   -1.000000000000e+00    -1.000000000000e+00    -1.000000     -1.000000     -0.001000     -0.001000     -1.000000     -0.001000     -0.001000     -0.000001     -0.001000     -0.001000     -1.000000     -1.000000     -1.000000 
511 17 0 175.000000 0.020000 -1.000000 -1.000000 -1.000000 -1.000000 nan nan nan nan -1.000000000000e+00 -1.000000e+00 -1.000000000000e+00  -1.000000000000e+00  -1.000000000000e+00  -1.000000000000e+00   -1.000000000000e+00   -1.000000000000e+00   -1.000000000000e+00    -1.000000000000e+00    -1.000000     -1.000000     -0.001000     -0.001000     -1.000000     -0.001000     -0.001000     -0.000001     -0.001000     -0.001000     -1.000000     -1.000000     -1.000000 
512 17 1 175.000000 0.060000 -1.000000 -1.000000 -1.000000 -1.000000 nan nan nan nan -1.000000000000e+00 -1.000000e+00 -1.000000000000e+00  -1.000000000000e+00  -1.000000000000e+00  -1.000000000000e+00   -1.000000000000e+00   -1.000000000000e+00   -1.000000000000e+00    -1.000000000000e+00    -1.000000     -1.000000     -0.001000     -0.001000     -1.000000     -0.001000     -0.001000     -0.000001     -0.001000     -0.001000     -1.000000     -1.000000     -1.000000 
513 17 2 175.000000 0.100000 -1.000000 -1.000000 -1.000000 -1.000000 nan nan nan nan -1.000000000000e+00 -1.000000e+00 -1.000000000000e+00  -1.000000000000e+00  -1.000000000000e+00  -1.000000000000e+00   -1.000000000000e+00   -1.000000000000e+00   -1.000000000000e+00    -1.000000000000e+00    -1.000000     -1.000000     -0.001000     -0.001000     -1.000000     -0.001000     -0.001000     -0.000001     -0.001000     -0.001000     -1.000000     -1.000000     -1.000000 
514 17 3 175.000000 0.140000 -1.000000 -1.000000 -1.000000 -1.000000 nan nan nan nan -1.000000000000e+00 -1.000000e+00 -1.000000000000e+00  -1.000000000000e+00  -1.000000000000e+00  -1.000000000000e+00   -1.000000000000e+00   -1.000000000000e+00   -1.000000000000e+00    -1.000000000000e+00    -1.000000     -1.000000     -0.001000     -0.001000     -1.000000     -0.001000     -0.001000     -0.000001     -0.001000     -0.001000     -1.000000     -1.000000     -1.000000 
515 17 4 175.000000 0.180000 -1.000000 -1.000000 -1.000000 -1.000000 nan nan nan nan -1.000000000000e+00 -1.000000e+00 -1.000000000000e+00  -1.000000000000e+00  -1.000000000000e+00  -1.000000000000e+00   -1.000000000000e+00   -1.000000000000e+00   -1.000000000000e+00    -1.000000000000e+00    -1.000000     -1.000000     -0.001000     -0.001000     -1.000000     -0.001000     -0.001000     -0.000001     -0.001000     -0.001000     -1.000000     -1.000000     -1.000000 
516 17 5 175.000000 0.220000 -1.000000 -1.000000 -1.000000 -1.000000 nan nan nan nan -1.000000000000e+00 -1.000000e+00 -1.000000000000e+00  -1.000000000000e+00  -1.000000000000e+00  -1.000000000000e+00   -1.000000000000e+00   -1.000000000000e+00   -1.000000000000e+00    -1.000000000000e+00    -1.000000     -1.000000     -0.001000     -0.001000     -1.000000     -0.001000     -0.001000     -0.000001     -0.001000     -0.001000     -1.000000     -1.000000     -1.000000 
517 17 6 175.000000 0.260000 -1.000000 -1.000000 -1.000000 -1.000000 nan nan nan nan -1.000000000000e+00 -1.000000e+00 -1.000000000000e+00  -1.000000000000e+00  -1.000000000000e+00  -1.000000000000e+00   -1.000000000000e+00   -1.000000000000e+00   -1.000000000000e+00    -1.000000000000e+00    -1.000000     -1.000000     -0.001000     -0.001000     -1.000000     -0.001000     -0.001000     -0.000001     -0.001000     -0.001000     -1.000000     -1.000000     -1.000000 
518 17 7 175.000000 0.300000 -1.000000 -1.000000 -1.000000 -1.000000 nan nan nan nan -1.000000000000e+00 -1.000000e+00 -1.000000000000e+00  -1.000000000000e+00  -1.000000000000e+00  -1.000000000000e+00   -1.000000000000e+00   -1.000000000000e+00   -1.000000000000e+00    -1.000000000000e+00    -1.000000     -1.000000     -0.001000     -0.001000     -1.000000     -0.001000     -0.001000     -0.000001     -0.001000     -0.001000     -1.000000     -1.000000     -1.000000 
519 17 8 175.000000 0.340000 -1.000000 -1.000000 -1.000000 -1.000000 nan nan nan nan -1.000000000000e+00 -1.000000e+00 -1.000000000000e+00  -1.000000000000e+00  -1.000000000000e+00  -1.000000000000e+00   -1.000000000000e+00   -1.000000000000e+00   -1.000000000000e+00    -1.000000000000e+00    -1.000000     -1.000000     -0.001000     -0.001000     -1.000000     -0.001000     -0.001000     -0.000001     -0.001000     -0.001000     -1.000000     -1.000000     -1.000000 
520 17 9 175.000000 0.380000 -1.000000 -1.000000 -1.000000 -1.000000 nan nan nan nan -1.000000000000e+00 -1.000000e+00 -1.000000000000e+00  -1.000000000000e+00  -1.000000000000e+00  -1.000000000000e+00   -1.000000000000e+00   -1.000000000000e+00   -1.000000000000e+00    -1.000000000000e+00    -1.000000     -1.000000     -0.001000     -0.001000     -1.000000     -0.001000     -0.001000     -0.000001     -0.001000     -0.001000     -1.000000     -1.000000     -1.000000 
521 17 10 175.000000 0.420000 -1.000000 -1.000000 -1.000000 -1.000000 nan nan nan nan -1.000000000000e+00 -1.000000e+00 -1.000000000000e+00  -1.000000000000e+00  -1.000000000000e+00  -1.000000000000e+00   -1.000000000000e+00   -1.000000000000e+00   -1.000000000000e+00    -1.000000000000e+00    -1.000000     -1.000000     -0.001000     -0.001000     -1.000000     -0.001000     -0.001000     -0.000001     -0.001000     -0.001000     -1.000000     -1.000000     -1.000000 
522 17 11 175.000000 0.460000 -1.000000 -1.000000 -1.000000 -1.000000 nan nan nan nan -1.000000000000e+00 -1.000000e+00 -1.000000000000e+00  -1.000000000000e+00  -1.000000000000e+00  -1.000000000000e+00   -1.000000000000e+00   -1.000000000000e+00   -1.000000000000e+00    -1.000000000000e+00    -1.000000     -1.000000     -0.001000     -0.001000     -1.000000     -0.001000     -0.001000     -0.000001     -0.001000     -0.001000     -1.000000     -1.000000     -1.000000 
523 17 12 175.000000 0.500000 -1.000000 -1.000000 -1.000000 -1.000000 nan nan nan nan -1.000000000000e+00 -1.000000e+00 -1.000000000000e+00  -1.000000000000e+00  -1.000000000000e+00  -1.000000000000e+00   -1.000000000000e+00   -1.000000000000e+00   -1.000000000000e+00    -1.000000000000e+00    -1.000000     -1.000000     -0.001000     -0.001000     -1.000000     -0.001000     -0.001000     -0.000001     -0.001000     -0.001000     -1.000000     -1.000000     -1.000000 
524 17 13 175.000000 0.540000 -1.000000 -1.000000 -1.000000 -1.000000 nan nan nan nan -1.000000000000e+00 -1.000000e+00 -1.000000000000e+00  -1.000000000000e+00  -1.000000000000e+00  -1.000000000000e+00   -1.000000000000e+00   -1.000000000000e+00   -1.000000000000e+00    -1.000000000000e+00    -1.000000     -1.000000     -0.001000     -0.001000     -1.000000     -0.001000     -0.001000     -0.000001     -0.001000     -0.001000     -1.000000     -1.000000     -1.000000 
525 17 14 175.000000 0.580000 -1.000000 -1.000000 -1.000000 -1.000000 nan nan nan nan -1.000000000000e+00 -1.000000e+00 -1.000000000000e+00  -1.000000000000e+00  -1.000000000000e+00  -1.000000000000e+00   -1.000000000000e+00   -1.000000000000e+00   -1.000000000000e+00    -1.000000000000e+00    -1.000000     -1.000000     -0.001000     -0.001000     -1.000000     -0.001000     -0.001000     -0.000001     -0.001000     -0.001000     -1.000000     -1.000000     -1.000000 
526 17 15 175.000000 0.620000 -1.000000 -1.000000 -1.000000 -1.000000 nan nan nan nan -1.000000000000e+00 -1.000000e+00 -1.000000000000e+00  -1.000000000000e+00  -1.000000000000e+00  -1.000000000000e+00   -1.000000000000e+00   -1.000000000000e+00   -1.000000000000e+00    -1.000000000000e+00    -1.000000     -1.000000     -0.001000     -0.001000     -1.000000     -0.001000     -0.001000     -0.000001     -0.001000     -0.001000     -1.000000     -1.000000     -1.000000 
527 17 16 175.000000 0.660000 -1.000000 -1.000000 -1.000000 -1.000000 nan nan nan nan -1.000000000000e+00 -1.000000e+00 -1.000000000000e+00  -1.000000000000e+00  -1.000000000000e+00  -1.000000000000e+00   -1.000000000000e+00   -1.000000000000e+00   -1.000000000000e+00    -1.000000000000e+00    -1.000000     -1.000000     -0.001000     -0.001000     -1.000000     -0.001000     -0.001000     -0.000001     -0.001000     -0.001000     -1.000000     -1.000000     -1.000000 
528 17 17 175.000000 0.700000 -1.000000 -1.000000 -1.000000 -1.000000 nan nan nan nan -1.000000000000e+00 -1.000000e+00 -1.000000000000e+00  -1.000000000000e+00  -1.000000000000e+00  -1.000000000000e+00   -1.000000000000e+00   -1.000000000000e+00   -1.000000000000e+00    -1.000000000000e+00    -1.000000     -1.000000     -0.001000     -0.001000     -1.000000     -0.001000     -0.001000     -0.000001     -0.001000     -0.001000     -1.000000     -1.000000     -1.000000 
529 17 18 175.000000 0.740000 -1.000000 -1.000000 -1.000000 -1.000000 nan nan nan nan -1.000000000000e+00 -1.000000e+00 -1.000000000000e+00  -1.000000000000e+00  -1.000000000000e+00  -1.000000000000e+00   -1.000000000000e+00   -1.000000000000e+00   -1.000000000000e+00    -1.000000000000e+00    -1.000000     -1.000000     -0.001000     -0.001000     -1.000000     -0.001000     -0.001000     -0.000001     -0.001000     -0.001000     -1.000000     -1.000000     -1.000000 
530 17 19 175.000000 0.780000 -1.000000 -1.000000 -1.000000 -1.000000 nan nan nan nan -1.000000000000e+00 -1.000000e+00 -1.000000000000e+00  -1.000000000000e+00  -1.000000000000e+00  -1.000000000000e+00   -1.000000000000e+00   -1.000000000000e+00   -1.000000000000e+00    -1.000000000000e+00    -1.000000     -1.000000     -0.001000     -0.001000     -1.000000     -0.001000     -0.001000     -0.000001     -0.001000     -0.001000     -1.000000     -1.000000     -1.000000 
531 17 20 175.000000 0.820000 -1.000000 -1.000000 -1.000000 -1.000000 nan nan nan nan -1.000000000000e+00 -1.000000e+00 -1.000000000000e+00  -1.000000000000e+00  -1.000000000000e+00  -1.000000000000e+00   -1.000000000000e+00   -1.000000000000e+00   -1.000000000000e+00    -1.000000000000e+00    -1.000000     -1.000000     -0.001000     -0.001000     -1.000000     -0.001000     -0.001000     -0.000001     -0.001000     -0.001000     -1.000000     -1.000000     -1.000000 
532 17 21 175.000000 0.860000 -1.000000 -1.000000 -1.000000 -1.000000 nan nan nan nan -1.000000000000e+00 -1.000000e+00 -1.000000000000e+00  -1.000000000000e+00  -1.000000000000e+00  -1.000000000000e+00   -1.000000000000e+00   -1.000000000000e+00   -1.000000000000e+00    -1.000000000000e+00    -1.000000     -1.000000     -0.001000     -0.001000     -1.000000     -0.001000     -0.001000     -0.000001     -0.001000     -0.001000     -1.000000     -1.000000     -1.000000 
533 17 22 175.000000 0.900000 -1.000000 -1.000000 -1.000000 -1.000000 nan nan nan nan -1.000000000000e+00 -1.000000e+00 -1.000000000000e+00  -1.000000000000e+00  -1.000000000000e+00  -1.000000000000e+00   -1.000000000000e+00   -1.000000000000e+00   -1.000000000000e+00    -1.000000000000e+00    -1.000000     -1.000000     -0.001000     -0.001000     -1.000000     -0.001000     -0.001000     -0.000001     -0.001000     -0.001000     -1.000000     -1.000000     -1.000000 
534 17 23 175.000000 0.940000 -1.000000 -1.000000 -1.000000 -1.000000 nan nan nan nan -1.000000000000e+00 -1.000000e+00 -1.000000000000e+00  -1.000000000000e+00  -1.000000000000e+00  -1.000000000000e+00   -1.000000000000e+00   -1.000000000000e+00   -1.000000000000e+00    -1.000000000000e+00    -1.000000     -1.000000     -0.001000     -0.001000     -1.000000     -0.001000     -0.001000     -0.000001     -0.001000     -0.001000     -1.000000     -1.000000     -1.000000 
535 17 24 175.000000 0.980000 -1.000000 -1.000000 -1.000000 -1.000000 nan nan nan nan -1.000000000000e+00 -1.000000e+00 -1.000000000000e+00  -1.000000000000e+00  -1.000000000000e+00  -1.000000000000e+00   -1.000000000000e+00   -1.000000000000e+00   -1.000000000000e+00    -1.000000000000e+00    -1.000000     -1.000000     -0.001000     -0.001000     -1.000000     -0.001000     -0.001000     -0.000001     -0.001000     -0.001000     -1.000000     -1.000000     -1.000000 
536 17 25 175.000000 1.020000 -1.000000 -1.000000 -1.000000 -1.000000 nan nan nan nan -1.000000000000e+00 -1.000000e+00 -1.000000000000e+00  -1.000000000000e+00  -1.000000000000e+00  -1.000000000000e+00   -1.000000000000e+00   -1.000000000000e+00   -1.000000000000e+00    -1.000000000000e+00    -1.000000     -1.000000     -0.001000     -0.001000     -1.000000     -0.001000     -0.001000     -0.000001     -0.001000     -0.001000     -1.000000     -1.000000     -1.000000 
537 17 26 175.000000 1.060000 -1.000000 -1.000000 -1.000000 -1.000000 nan nan nan nan -1.000000000000e+00 -1.000000e+00 -1.000000000000e+00  -1.000000000000e+00  -1.000000000000e+00  -1.000000000000e+00   -1.000000000000e+00   -1.000000000000e+00   -1.000000000000e+00    -1.000000000000e+00    -1.000000     -1.000000     -0.001000     -0.001000     -1.000000     -0.001000     -0.001000     -0.000001     -0.001000     -0.001000     -1.000000     -1.000000     -1.000000 
538 17 27 175.000000 1.100000 -1.000000 -1.000000 -1.000000 -1.000000 nan nan nan nan -1.000000000000e+00 -1.000000e+00 -1.000000000000e+00  -1.000000000000e+00  -1.000000000000e+00  -1.000000000000e+00   -1.000000000000e+00   -1.000000000000e+00   -1.000000000000e+00    -1.000000000000e+00    -1.000000     -1.000000     -0.001000     -0.001000     -1.000000     -0.001000     -0.001000     -0.000001     -0.001000     -0.001000     -1.000000     -1.000000     -1.000000 
539 17 28 175.000000 1.140000 -1.000000 -1.000000 -1.000000 -1.000000 nan nan nan nan -1.000000000000e+00 -1.000000e+00 -1.000000000000e+00  -1.000000000000e+00  -1.000000000000e+00  -1.000000000000e+00   -1.000000000000e+00   -1.000000000000e+00   -1.000000000000e+00    -1.000000000000e+00    -1.000000     -1.000000     -0.001000     -0.001000     -1.000000     -0.001000     -0.001000     -0.000001     -0.001000     -0.001000     -1.000000     -1.000000     -1.000000 
540 17 29 175.000000 1.180000 -1.000000 -1.000000 -1.000000 -1.000000 nan nan nan nan -1.000000000000e+00 -1.000000e+00 -1.000000000000e+00  -1.000000000000e+00  -1.000000000000e+00  -1.000000000000e+00   -1.000000000000e+00   -1.000000000000e+00   -1.000000000000e+00    -1.000000000000e+00    -1.000000     -1.000000     -0.001000     -0.001000     -1.000000     -0.001000     -0.001000     -0.000001     -0.001000     -0.001000     -1.000000     -1.000000     -1.000000 
541 18 0 185.000000 0.020000 -1.000000 -1.000000 -1.000000 -1.000000 nan nan nan nan -1.000000000000e+00 -1.000000e+00 -1.000000000000e+00  -1.000000000000e+00  -1.000000000000e+00  -1.000000000000e+00   -1.000000000000e+00   -1.000000000000e+00   -1.000000000000e+00    -1.000000000000e+00    -1.000000     -1.000000     -0.001000     -0.001000     -1.000000     -0.001000     -0.001000     -0.000001     -0.001000     -0.001000     -1.000000     -1.000000     -1.000000 
542 18 1 185.000000 0.060000 -1.000000 -1.000000 -1.000000 -1.000000 nan nan nan nan -1.000000000000e+00 -1.000000e+00 -1.000000000000e+00  -1.000000000000e+00  -1.000000000000e+00  -1.000000000000e+00   -1.000000000000e+00   -1.000000000000e+00   -1.000000000000e+00    -1.000000000000e+00    -1.000000     -1.000000     -0.001000     -0.001000     -1.000000     -0.001000     -0.001000     -0.000001     -0.001000     -0.001000     -1.000000     -1.000000     -1.000000 
543 18 2 185.000000 0.100000 -1.000000 -1.000000 -1.000000 -1.000000 nan nan nan nan -1.000000000000e+00 -1.000000e+00 -1.000000000000e+00  -1.000000000000e+00  -1.000000000000e+00  -1.000000000000e+00   -1.000000000000e+00   -1.000000000000e+00   -1.000000000000e+00    -1.000000000000e+00    -1.000000     -1.000000     -0.001000     -0.001000     -1.000000     -0.001000     -0.001000     -0.000001     -0.001000     -0.001000     -1.000000     -1.000000     -1.000000 
544 18 3 185.000000 0.140000 -1.000000 -1.000000 -1.000000 -1.000000 nan nan nan nan -1.000000000000e+00 -1.000000e+00 -1.000000000000e+00  -1.000000000000e+00  -1.000000000000e+00  -1.000000000000e+00   -1.000000000000e+00   -1.000000000000e+00   -1.000000000000e+00    -1.000000000000e+00    -1.000000     -1.000000     -0.001000     -0.001000     -1.000000     -0.001000     -0.001000     -0.000001     -0.001000     -0.001000     -1.000000     -1.000000     -1.000000 
545 18 4 185.000000 0.180000 -1.000000 -1.000000 -1.000000 -1.000000 nan nan nan nan -1.000000000000e+00 -1.000000e+00 -1.000000000000e+00  -1.000000000000e+00  -1.000000000000e+00  -1.000000000000e+00   -1.000000000000e+00   -1.000000000000e+00   -1.000000000000e+00    -1.000000000000e+00    -1.000000     -1.000000     -0.001000     -0.001000     -1.000000     -0.001000     -0.001000     -0.000001     -0.001000     -0.001000     -1.000000     -1.000000     -1.000000 
546 18 5 185.000000 0.220000 -1.000000 -1.000000 -1.000000 -1.000000 nan nan nan nan -1.000000000000e+00 -1.000000e+00 -1.000000000000e+00  -1.000000000000e+00  -1.000000000000e+00  -1.000000000000e+00   -1.000000000000e+00   -1.000000000000e+00   -1.000000000000e+00    -1.000000000000e+00    -1.000000     -1.000000     -0.001000     -0.001000     -1.000000     -0.001000     -0.001000     -0.000001     -0.001000     -0.001000     -1.000000     -1.000000     -1.000000 
547 18 6 185.000000 0.260000 -1.000000 -1.000000 -1.000000 -1.000000 nan nan nan nan -1.000000000000e+00 -1.000000e+00 -1.000000000000e+00  -1.000000000000e+00  -1.000000000000e+00  -1.000000000000e+00   -1.000000000000e+00   -1.000000000000e+00   -1.000000000000e+00    -1.000000000000e+00    -1.000000     -1.000000     -0.001000     -0.001000     -1.000000     -0.001000     -0.001000     -0.000001     -0.001000     -0.001000     -1.000000     -1.000000     -1.000000 
548 18 7 185.000000 0.300000 -1.000000 -1.000000 -1.000000 -1.000000 nan nan nan nan -1.000000000000e+00 -1.000000e+00 -1.000000000000e+00  -1.000000000000e+00  -1.000000000000e+00  -1.000000000000e+00   -1.000000000000e+00   -1.000000000000e+00   -1.000000000000e+00    -1.000000000000e+00    -1.000000     -1.000000     -0.001000     -0.001000     -1.000000     -0.001000     -0.001000     -0.000001     -0.001000     -0.001000     -1.000000     -1.000000     -1.000000 
549 18 8 185.000000 0.340000 -1.000000 -1.000000 -1.000000 -1.000000 nan nan nan nan -1.000000000000e+00 -1.000000e+00 -1.000000000000e+00  -1.000000000000e+00  -1.000000000000e+00  -1.000000000000e+00   -1.000000000000e+00   -1.000000000000e+00   -1.000000000000e+00    -1.000000000000e+00    -1.000000     -1.000000     -0.001000     -0.001000     -1.000000     -0.001000     -0.001000     -0.000001     -0.001000     -0.001000     -1.000000     -1.000000     -1.000000 
550 18 9 185.000000 0.380000 -1.000000 -1.000000 -1.000000 -1.000000 nan nan nan nan -1.000000000000e+00 -1.000000e+00 -1.000000000000e+00  -1.000000000000e+00  -1.000000000000e+00  -1.000000000000e+00   -1.000000000000e+00   -1.000000000000e+00   -1.000000000000e+00    -1.000000000000e+00    -1.000000     -1.000000     -0.001000     -0.001000     -1.000000     -0.001000     -0.001000     -0.000001     -0.001000     -0.001000     -1.000000     -1.000000     -1.000000 
551 18 10 185.000000 0.420000 -1.000000 -1.000000 -1.000000 -1.000000 nan nan nan nan -1.000000000000e+00 -1.000000e+00 -1.000000000000e+00  -1.000000000000e+00  -1.000000000000e+00  -1.000000000000e+00   -1.000000000000e+00   -1.000000000000e+00   -1.000000000000e+00    -1.000000000000e+00    -1.000000     -1.000000     -0.001000     -0.001000     -1.000000     -0.001000     -0.001000     -0.000001     -0.001000     -0.001000     -1.000000     -1.000000     -1.000000 
552 18 11 185.000000 0.460000 -1.000000 -1.000000 -1.000000 -1.000000 nan nan nan nan -1.000000000000e+00 -1.000000e+00 -1.000000000000e+00  -1.000000000000e+00  -1.000000000000e+00  -1.000000000000e+00   -1.000000000000e+00   -1.000000000000e+00   -1.000000000000e+00    -1.000000000000e+00    -1.000000     -1.000000     -0.001000     -0.001000     -1.000000     -0.001000     -0.001000     -0.000001     -0.001000     -0.001000     -1.000000     -1.000000     -1.000000 
553 18 12 185.000000 0.500000 -1.000000 -1.000000 -1.000000 -1.000000 nan nan nan nan -1.000000000000e+00 -1.000000e+00 -1.000000000000e+00  -1.000000000000e+00  -1.000000000000e+00  -1.000000000000e+00   -1.000000000000e+00   -1.000000000000e+00   -1.000000000000e+00    -1.000000000000e+00    -1.000000     -1.000000     -0.001000     -0.001000     -1.000000     -0.001000     -0.001000     -0.000001     -0.001000     -0.001000     -1.000000     -1.000000     -1.000000 
554 18 13 185.000000 0.540000 -1.000000 -1.000000 -1.000000 -1.000000 nan nan nan nan -1.000000000000e+00 -1.000000e+00 -1.000000000000e+00  -1.000000000000e+00  -1.000000000000e+00  -1.000000000000e+00   -1.000000000000e+00   -1.000000000000e+00   -1.000000000000e+00    -1.000000000000e+00    -1.000000     -1.000000     -0.001000     -0.001000     -1.000000     -0.001000     -0.001000     -0.000001     -0.001000     -0.001000     -1.000000     -1.000000     -1.000000 
555 18 14 185.000000 0.580000 -1.000000 -1.000000 -1.000000 -1.000000 nan nan nan nan -1.000000000000e+00 -1.000000e+00 -1.000000000000e+00  -1.000000000000e+00  -1.000000000000e+00  -1.000000000000e+00   -1.000000000000e+00   -1.000000000000e+00   -1.000000000000e+00    -1.000000000000e+00    -1.000000     -1.000000     -0.001000     -0.001000     -1.000000     -0.001000     -0.001000     -0.000001     -0.001000     -0.001000     -1.000000     -1.000000     -1.000000 
556 18 15 185.000000 0.620000 -1.000000 -1.000000 -1.000000 -1.000000 nan nan nan nan -1.000000000000e+00 -1.000000e+00 -1.000000000000e+00  -1.000000000000e+00  -1.000000000000e+00  -1.000000000000e+00   -1.000000000000e+00   -1.000000000000e+00   -1.000000000000e+00    -1.000000000000e+00    -1.000000     -1.000000     -0.001000     -0.001000     -1.000000     -0.001000     -0.001000     -0.000001     -0.001000     -0.001000     -1.000000     -1.000000     -1.000000 
557 18 16 185.000000 0.660000 -1.000000 -1.000000 -1.000000 -1.000000 nan nan nan nan -1.000000000000e+00 -1.000000e+00 -1.000000000000e+00  -1.000000000000e+00  -1.000000000000e+00  -1.000000000000e+00   -1.000000000000e+00   -1.000000000000e+00   -1.000000000000e+00    -1.000000000000e+00    -1.000000     -1.000000     -0.001000     -0.001000     -1.000000     -0.001000     -0.001000     -0.000001     -0.001000     -0.001000     -1.000000     -1.000000     -1.000000 
558 18 17 185.000000 0.700000 -1.000000 -1.000000 -1.000000 -1.000000 nan nan nan nan -1.000000000000e+00 -1.000000e+00 -1.000000000000e+00  -1.000000000000e+00  -1.000000000000e+00  -1.000000000000e+00   -1.000000000000e+00   -1.000000000000e+00   -1.000000000000e+00    -1.000000000000e+00    -1.000000     -1.000000     -0.001000     -0.001000     -1.000000     -0.001000     -0.001000     -0.000001     -0.001000     -0.001000     -1.000000     -1.000000     -1.000000 
559 18 18 185.000000 0.740000 -1.000000 -1.000000 -1.000000 -1.000000 nan nan nan nan -1.000000000000e+00 -1.000000e+00 -1.000000000000e+00  -1.000000000000e+00  -1.000000000000e+00  -1.000000000000e+00   -1.000000000000e+00   -1.000000000000e+00   -1.000000000000e+00    -1.000000000000e+00    -1.000000     -1.000000     -0.001000     -0.001000     -1.000000     -0.001000     -0.001000     -0.000001     -0.001000     -0.001000     -1.000000     -1.000000     -1.000000 
560 18 19 185.000000 0.780000 -1.000000 -1.000000 -1.000000 -1.000000 nan nan nan nan -1.000000000000e+00 -1.000000e+00 -1.000000000000e+00  -1.000000000000e+00  -1.000000000000e+00  -1.000000000000e+00   -1.000000000000e+00   -1.000000000000e+00   -1.000000000000e+00    -1.000000000000e+00    -1.000000     -1.000000     -0.001000     -0.001000     -1.000000     -0.001000     -0.001000     -0.000001     -0.001000     -0.001000     -1.000000     -1.000000     -1.000000 
561 18 20 185.000000 0.820000 -1.000000 -1.000000 -1.000000 -1.000000 nan nan nan nan -1.000000000000e+00 -1.000000e+00 -1.000000000000e+00  -1.000000000000e+00  -1.000000000000e+00  -1.000000000000e+00   -1.000000000000e+00   -1.000000000000e+00   -1.000000000000e+00    -1.000000000000e+00    -1.000000     -1.000000     -0.001000     -0.001000     -1.000000     -0.001000     -0.001000     -0.000001     -0.001000     -0.001000     -1.000000     -1.000000     -1.000000 
562 18 21 185.000000 0.860000 -1.000000 -1.000000 -1.000000 -1.000000 nan nan nan nan -1.000000000000e+00 -1.000000e+00 -1.000000000000e+00  -1.000000000000e+00  -1.000000000000e+00  -1.000000000000e+00   -1.000000000000e+00   -1.000000000000e+00   -1.000000000000e+00    -1.000000000000e+00    -1.000000     -1.000000     -0.001000     -0.001000     -1.000000     -0.001000     -0.001000     -0.000001     -0.001000     -0.001000     -1.000000     -1.000000     -1.000000 
563 18 22 185.000000 0.900000 -1.000000 -1.000000 -1.000000 -1.000000 nan nan nan nan -1.000000000000e+00 -1.000000e+00 -1.000000000000e+00  -1.000000000000e+00  -1.000000000000e+00  -1.000000000000e+00   -1.000000000000e+00   -1.000000000000e+00   -1.000000000000e+00    -1.000000000000e+00    -1.000000     -1.000000     -0.001000     -0.001000     -1.000000     -0.001000     -0.001000     -0.000001     -0.001000     -0.001000     -1.000000     -1.000000     -1.000000 
564 18 23 185.000000 0.940000 -1.000000 -1.000000 -1.000000 -1.000000 nan nan nan nan -1.000000000000e+00 -1.000000e+00 -1.000000000000e+00  -1.000000000000e+00  -1.000000000000e+00  -1.000000000000e+00   -1.000000000000e+00   -1.000000000000e+00   -1.000000000000e+00    -1.000000000000e+00    -1.000000     -1.000000     -0.001000     -0.001000     -1.000000     -0.001000     -0.001000     -0.000001     -0.001000     -0.001000     -1.000000     -1.000000     -1.000000 
565 18 24 185.000000 0.980000 -1.000000 -1.000000 -1.000000 -1.000000 nan nan nan nan -1.000000000000e+00 -1.000000e+00 -1.000000000000e+00  -1.000000000000e+00  -1.000000000000e+00  -1.000000000000e+00   -1.000000000000e+00   -1.000000000000e+00   -1.000000000000e+00    -1.000000000000e+00    -1.000000     -1.000000     -0.001000     -0.001000     -1.000000     -0.001000     -0.001000     -0.000001     -0.001000     -0.001000     -1.000000     -1.000000     -1.000000 
566 18 25 185.000000 1.020000 -1.000000 -1.000000 -1.000000 -1.000000 nan nan nan nan -1.000000000000e+00 -1.000000e+00 -1.000000000000e+00  -1.000000000000e+00  -1.000000000000e+00  -1.000000000000e+00   -1.000000000000e+00   -1.000000000000e+00   -1.000000000000e+00    -1.000000000000e+00    -1.000000     -1.000000     -0.001000     -0.001000     -1.000000     -0.001000     -0.001000     -0.000001     -0.001000     -0.001000     -1.000000     -1.000000     -1.000000 
567 18 26 185.000000 1.060000 -1.000000 -1.000000 -1.000000 -1.000000 nan nan nan nan -1.000000000000e+00 -1.000000e+00 -1.000000000000e+00  -1.000000000000e+00  -1.000000000000e+00  -1.000000000000e+00   -1.000000000000e+00   -1.000000000000e+00   -1.000000000000e+00    -1.000000000000e+00    -1.000000     -1.000000     -0.001000     -0.001000     -1.000000     -0.001000     -0.001000     -0.000001     -0.001000     -0.001000     -1.000000     -1.000000     -1.000000 
568 18 27 185.000000 1.100000 -1.000000 -1.000000 -1.000000 -1.000000 nan nan nan nan -1.000000000000e+00 -1.000000e+00 -1.000000000000e+00  -1.000000000000e+00  -1.000000000000e+00  -1.000000000000e+00   -1.000000000000e+00   -1.000000000000e+00   -1.000000000000e+00    -1.000000000000e+00    -1.000000     -1.000000     -0.001000     -0.001000     -1.000000     -0.001000     -0.001000     -0.000001     -0.001000     -0.001000     -1.000000     -1.000000     -1.000000 
569 18 28 185.000000 1.140000 -1.000000 -1.000000 -1.000000 -1.000000 nan nan nan nan -1.000000000000e+00 -1.000000e+00 -1.000000000000e+00  -1.000000000000e+00  -1.000000000000e+00  -1.000000000000e+00   -1.000000000000e+00   -1.000000000000e+00   -1.000000000000e+00    -1.000000000000e+00    -1.000000     -1.000000     -0.001000     -0.001000     -1.000000     -0.001000     -0.001000     -0.000001     -0.001000     -0.001000     -1.000000     -1.000000     -1.000000 
570 18 29 185.000000 1.180000 -1.000000 -1.000000 -1.000000 -1.000000 nan nan nan nan -1.000000000000e+00 -1.000000e+00 -1.000000000000e+00  -1.000000000000e+00  -1.000000000000e+00  -1.000000000000e+00   -1.000000000000e+00   -1.000000000000e+00   -1.000000000000e+00    -1.000000000000e+00    -1.000000     -1.000000     -0.001000     -0.001000     -1.000000     -0.001000     -0.001000     -0.000001     -0.001000     -0.001000     -1.000000     -1.000000     -1.000000 
