                                            
# averaged kinematics results                                                                              
# averaged kinematic varibles used as input to calculate the averaged                                
# kinematics: Ei, omega, th_e, pf                                                                     
#
#---Useful Header Definitions---
#bc_fact_pwia(fsi):  bin-centering correction factor using PWIA or FSI model
#pwia(fsi)RC_dataXsec: average data Xsec radiative corrected using PWIA(FSI) model --> study rad. corr systematics  __
#fsiRC_dataXsec_pwiabc_corr: data Xsec radiative corrected using FSI model and Bin-Center corrected using PWIA model  | these can be used to study bin-centering corr. systematics from model dependency
#fsiRC_dataXsec_fsibc_corr: data Xsec radiative corrected using FSI model and Bin-Center corrected using FSI model  __| -->We write FSI bin-center corr. cross section to official table
#red_dataXsec: reduced data Xsec radiative corrected and bin-center corrected using FSI model (K_sig_cc1 evaluated at FSI avg. kin is used)
#red_pwiaXsec: reduced theoretical Xsec (K_sig_cc1 evaluated at PWIA avg. kin is used)
#red_fsiXsec: reduced theoretical Xsec (K_sig_cc1 evaluated at FSI avg. kin is used)                    
#i_b = 2D bin id number
#xb = th_nq value at bin center                                                                                                   
#yb = pmiss value at bin center        
#Averaged Kinemtics Definitions
#K_sig_cc1  [ub MeV^2 / sr^2]
#cross sections [ub sr^-2 MeV^-1]
#reduced cross sections   [ub sr^-2 MeV^-1] / [ub MeV^2 / sr^2] = [MeV]^-3                                                             
#Ei_avg : averaged beam energy [GeV]
#kf_avg : averaged final e- momentum [GeV/c]
#the_avg : averaged e- scattering angle [deg]
#nu_avg : averaged energy transfer [GeV]
#q_avg : averaged 3-momentum transfer [GeV/c]
#Q2_avg : averaged 4-momentum transfer [GeV/c]^2
#pf_avg : averaged final proton momentum [GeV/c]
#pm_avg : averaged missing momentum [GeV/c]
#th_pq_cm : averaged center of mass in-plane angle between proton and q-vector [deg]
#cphi_pq_avg : cos(phi_pq), where phi_pq is the averaged out of plane angle between (pf, q) or the scattering and reaction planes [deg]
#xbj_avg : avergaed x-Bjorken scale [unitless]

# current header line:  
#! i_b[i,0]/ i_x[i,1]/ i_y[i,2]/ xb[f,3]/ yb[f,4]/ bc_fact_pwia[f,5]/  bc_fact_pwia_err[f,6]/  bc_fact_fsi[f,7]/  bc_fact_fsi_err[f,8]/  pwiaRC_dataXsec[f,9]/  pwiaRC_dataXsec_err[f,10]/  fsiRC_dataXsec[f,11]/   fsiRC_dataXsec_err[f,12]/    fsiRC_dataXsec_pwiabc_corr[f,13]/   fsiRC_dataXsec_pwiabc_corr_err[f,14]/  fsiRC_dataXsec_fsibc_corr[f,15]/  fsiRC_dataXsec_fsibc_corr_err[f,16]/   pwiaXsec_theory[f,17]/   fsiXsec_theory[f,18]/   red_dataXsec[f,19]/   red_dataXsec_err[f,20]/   red_pwiaXsec[f,21]/   red_fsiXsec[f,22]/   pwia_Ksigcc1[f,23]/   fsi_Ksigcc1[f,24]/  Ei_avg[f,25]/  kf_avg[f,26]/  the_avg[f,27]/  nu_avg[f,28]/  q_avg[f,29]/  Q2_avg[f,30]/   pf_avg[f,31]/   pm_avg[f,32]/   th_pq_cm[f,33]/   cphi_pq_avg[f,34]/   xbj_avg[f,35]/                                                                                                                                                                          
1 0 0 5.000000 0.020000 -1.000000 -1.000000 -1.000000 -1.000000 nan nan nan nan -1.000000000000e+00 -1.000000e+00 -1.000000000000e+00  -1.000000000000e+00  -1.000000000000e+00  -1.000000000000e+00   -1.000000000000e+00   -1.000000000000e+00   -1.000000000000e+00    -1.000000000000e+00    -1.000000     -1.000000     -0.001000     -0.001000     -1.000000     -0.001000     -0.001000     -0.000001     -0.001000     -0.001000     -1.000000     -1.000000     -1.000000 
2 0 1 5.000000 0.060000 -1.000000 -1.000000 -1.000000 -1.000000 nan nan nan nan -1.000000000000e+00 -1.000000e+00 -1.000000000000e+00  -1.000000000000e+00  -1.000000000000e+00  -1.000000000000e+00   -1.000000000000e+00   -1.000000000000e+00   -1.000000000000e+00    -1.000000000000e+00    -1.000000     -1.000000     -0.001000     -0.001000     -1.000000     -0.001000     -0.001000     -0.000001     -0.001000     -0.001000     -1.000000     -1.000000     -1.000000 
3 0 2 5.000000 0.100000 -1.000000 -1.000000 -1.000000 -1.000000 nan nan nan nan -1.000000000000e+00 -1.000000e+00 -1.000000000000e+00  -1.000000000000e+00  -1.000000000000e+00  -1.000000000000e+00   -1.000000000000e+00   -1.000000000000e+00   -1.000000000000e+00    -1.000000000000e+00    -1.000000     -1.000000     -0.001000     -0.001000     -1.000000     -0.001000     -0.001000     -0.000001     -0.001000     -0.001000     -1.000000     -1.000000     -1.000000 
4 0 3 5.000000 0.140000 -1.000000 -1.000000 -1.000000 -1.000000 nan nan nan nan -1.000000000000e+00 -1.000000e+00 -1.000000000000e+00  -1.000000000000e+00  -1.000000000000e+00  -1.000000000000e+00   -1.000000000000e+00   -1.000000000000e+00   -1.000000000000e+00    -1.000000000000e+00    -1.000000     -1.000000     -0.001000     -0.001000     -1.000000     -0.001000     -0.001000     -0.000001     -0.001000     -0.001000     -1.000000     -1.000000     -1.000000 
5 0 4 5.000000 0.180000 -1.000000 -1.000000 -1.000000 -1.000000 nan nan nan nan -1.000000000000e+00 -1.000000e+00 -1.000000000000e+00  -1.000000000000e+00  -1.000000000000e+00  -1.000000000000e+00   -1.000000000000e+00   -1.000000000000e+00   -1.000000000000e+00    -1.000000000000e+00    -1.000000     -1.000000     -0.001000     -0.001000     -1.000000     -0.001000     -0.001000     -0.000001     -0.001000     -0.001000     -1.000000     -1.000000     -1.000000 
6 0 5 5.000000 0.220000 -1.000000 -1.000000 -1.000000 -1.000000 nan nan nan nan -1.000000000000e+00 -1.000000e+00 -1.000000000000e+00  -1.000000000000e+00  -1.000000000000e+00  -1.000000000000e+00   -1.000000000000e+00   -1.000000000000e+00   -1.000000000000e+00    -1.000000000000e+00    -1.000000     -1.000000     -0.001000     -0.001000     -1.000000     -0.001000     -0.001000     -0.000001     -0.001000     -0.001000     -1.000000     -1.000000     -1.000000 
7 0 6 5.000000 0.260000 -1.000000 -1.000000 -1.000000 -1.000000 nan nan nan nan -1.000000000000e+00 -1.000000e+00 -1.000000000000e+00  -1.000000000000e+00  -1.000000000000e+00  -1.000000000000e+00   -1.000000000000e+00   -1.000000000000e+00   -1.000000000000e+00    -1.000000000000e+00    -1.000000     -1.000000     -0.001000     -0.001000     -1.000000     -0.001000     -0.001000     -0.000001     -0.001000     -0.001000     -1.000000     -1.000000     -1.000000 
8 0 7 5.000000 0.300000 -1.000000 -1.000000 -1.000000 -1.000000 nan nan nan nan -1.000000000000e+00 -1.000000e+00 -1.000000000000e+00  -1.000000000000e+00  -1.000000000000e+00  -1.000000000000e+00   -1.000000000000e+00   -1.000000000000e+00   -1.000000000000e+00    -1.000000000000e+00    -1.000000     -1.000000     -0.001000     -0.001000     -1.000000     -0.001000     -0.001000     -0.000001     -0.001000     -0.001000     -1.000000     -1.000000     -1.000000 
9 0 8 5.000000 0.340000 -1.000000 -1.000000 -1.000000 -1.000000 nan nan nan nan -1.000000000000e+00 -1.000000e+00 -1.000000000000e+00  -1.000000000000e+00  -1.000000000000e+00  -1.000000000000e+00   -1.000000000000e+00   -1.000000000000e+00   -1.000000000000e+00    -1.000000000000e+00    -1.000000     -1.000000     -0.001000     -0.001000     -1.000000     -0.001000     -0.001000     -0.000001     -0.001000     -0.001000     -1.000000     -1.000000     -1.000000 
10 0 9 5.000000 0.380000 -1.000000 -1.000000 -1.000000 -1.000000 nan nan nan nan -1.000000000000e+00 -1.000000e+00 -1.000000000000e+00  -1.000000000000e+00  -1.000000000000e+00  -1.000000000000e+00   -1.000000000000e+00   -1.000000000000e+00   -1.000000000000e+00    -1.000000000000e+00    -1.000000     -1.000000     -0.001000     -0.001000     -1.000000     -0.001000     -0.001000     -0.000001     -0.001000     -0.001000     -1.000000     -1.000000     -1.000000 
11 0 10 5.000000 0.420000 -1.000000 -1.000000 -1.000000 -1.000000 nan nan nan nan -1.000000000000e+00 -1.000000e+00 -1.000000000000e+00  -1.000000000000e+00  -1.000000000000e+00  -1.000000000000e+00   -1.000000000000e+00   -1.000000000000e+00   -1.000000000000e+00    -1.000000000000e+00    -1.000000     -1.000000     -0.001000     -0.001000     -1.000000     -0.001000     -0.001000     -0.000001     -0.001000     -0.001000     -1.000000     -1.000000     -1.000000 
12 0 11 5.000000 0.460000 -1.000000 -1.000000 -1.000000 -1.000000 nan nan nan nan -1.000000000000e+00 -1.000000e+00 -1.000000000000e+00  -1.000000000000e+00  -1.000000000000e+00  -1.000000000000e+00   -1.000000000000e+00   -1.000000000000e+00   -1.000000000000e+00    -1.000000000000e+00    -1.000000     -1.000000     -0.001000     -0.001000     -1.000000     -0.001000     -0.001000     -0.000001     -0.001000     -0.001000     -1.000000     -1.000000     -1.000000 
13 0 12 5.000000 0.500000 -1.000000 -1.000000 -1.000000 -1.000000 nan nan nan nan -1.000000000000e+00 -1.000000e+00 -1.000000000000e+00  -1.000000000000e+00  -1.000000000000e+00  -1.000000000000e+00   -1.000000000000e+00   -1.000000000000e+00   -1.000000000000e+00    -1.000000000000e+00    -1.000000     -1.000000     -0.001000     -0.001000     -1.000000     -0.001000     -0.001000     -0.000001     -0.001000     -0.001000     -1.000000     -1.000000     -1.000000 
14 0 13 5.000000 0.540000 -1.000000 -1.000000 -1.000000 -1.000000 nan nan nan nan -1.000000000000e+00 -1.000000e+00 -1.000000000000e+00  -1.000000000000e+00  -1.000000000000e+00  -1.000000000000e+00   -1.000000000000e+00   -1.000000000000e+00   -1.000000000000e+00    -1.000000000000e+00    -1.000000     -1.000000     -0.001000     -0.001000     -1.000000     -0.001000     -0.001000     -0.000001     -0.001000     -0.001000     -1.000000     -1.000000     -1.000000 
15 0 14 5.000000 0.580000 -1.000000 -1.000000 -1.000000 -1.000000 nan nan nan nan -1.000000000000e+00 -1.000000e+00 -1.000000000000e+00  -1.000000000000e+00  -1.000000000000e+00  -1.000000000000e+00   -1.000000000000e+00   -1.000000000000e+00   -1.000000000000e+00    -1.000000000000e+00    -1.000000     -1.000000     -0.001000     -0.001000     -1.000000     -0.001000     -0.001000     -0.000001     -0.001000     -0.001000     -1.000000     -1.000000     -1.000000 
16 0 15 5.000000 0.620000 -1.000000 -1.000000 -1.000000 -1.000000 nan nan nan nan -1.000000000000e+00 -1.000000e+00 -1.000000000000e+00  -1.000000000000e+00  -1.000000000000e+00  -1.000000000000e+00   -1.000000000000e+00   -1.000000000000e+00   -1.000000000000e+00    -1.000000000000e+00    -1.000000     -1.000000     -0.001000     -0.001000     -1.000000     -0.001000     -0.001000     -0.000001     -0.001000     -0.001000     -1.000000     -1.000000     -1.000000 
17 0 16 5.000000 0.660000 -1.000000 -1.000000 -1.000000 -1.000000 nan nan nan nan -1.000000000000e+00 -1.000000e+00 -1.000000000000e+00  -1.000000000000e+00  -1.000000000000e+00  -1.000000000000e+00   -1.000000000000e+00   -1.000000000000e+00   -1.000000000000e+00    -1.000000000000e+00    -1.000000     -1.000000     -0.001000     -0.001000     -1.000000     -0.001000     -0.001000     -0.000001     -0.001000     -0.001000     -1.000000     -1.000000     -1.000000 
18 0 17 5.000000 0.700000 -1.000000 -1.000000 -1.000000 -1.000000 nan nan nan nan -1.000000000000e+00 -1.000000e+00 -1.000000000000e+00  -1.000000000000e+00  -1.000000000000e+00  -1.000000000000e+00   -1.000000000000e+00   -1.000000000000e+00   -1.000000000000e+00    -1.000000000000e+00    -1.000000     -1.000000     -0.001000     -0.001000     -1.000000     -0.001000     -0.001000     -0.000001     -0.001000     -0.001000     -1.000000     -1.000000     -1.000000 
19 0 18 5.000000 0.740000 -1.000000 -1.000000 -1.000000 -1.000000 nan nan nan nan -1.000000000000e+00 -1.000000e+00 -1.000000000000e+00  -1.000000000000e+00  -1.000000000000e+00  -1.000000000000e+00   -1.000000000000e+00   -1.000000000000e+00   -1.000000000000e+00    -1.000000000000e+00    -1.000000     -1.000000     -0.001000     -0.001000     -1.000000     -0.001000     -0.001000     -0.000001     -0.001000     -0.001000     -1.000000     -1.000000     -1.000000 
20 0 19 5.000000 0.780000 -1.000000 -1.000000 -1.000000 -1.000000 nan nan nan nan -1.000000000000e+00 -1.000000e+00 -1.000000000000e+00  -1.000000000000e+00  -1.000000000000e+00  -1.000000000000e+00   -1.000000000000e+00   -1.000000000000e+00   -1.000000000000e+00    -1.000000000000e+00    -1.000000     -1.000000     -0.001000     -0.001000     -1.000000     -0.001000     -0.001000     -0.000001     -0.001000     -0.001000     -1.000000     -1.000000     -1.000000 
21 0 20 5.000000 0.820000 -1.000000 -1.000000 -1.000000 -1.000000 nan nan nan nan -1.000000000000e+00 -1.000000e+00 -1.000000000000e+00  -1.000000000000e+00  -1.000000000000e+00  -1.000000000000e+00   -1.000000000000e+00   -1.000000000000e+00   -1.000000000000e+00    -1.000000000000e+00    -1.000000     -1.000000     -0.001000     -0.001000     -1.000000     -0.001000     -0.001000     -0.000001     -0.001000     -0.001000     -1.000000     -1.000000     -1.000000 
22 0 21 5.000000 0.860000 -1.000000 -1.000000 -1.000000 -1.000000 nan nan nan nan -1.000000000000e+00 -1.000000e+00 -1.000000000000e+00  -1.000000000000e+00  -1.000000000000e+00  -1.000000000000e+00   -1.000000000000e+00   -1.000000000000e+00   -1.000000000000e+00    -1.000000000000e+00    -1.000000     -1.000000     -0.001000     -0.001000     -1.000000     -0.001000     -0.001000     -0.000001     -0.001000     -0.001000     -1.000000     -1.000000     -1.000000 
23 0 22 5.000000 0.900000 -1.000000 -1.000000 -1.000000 -1.000000 nan nan nan nan -1.000000000000e+00 -1.000000e+00 -1.000000000000e+00  -1.000000000000e+00  -1.000000000000e+00  -1.000000000000e+00   -1.000000000000e+00   -1.000000000000e+00   -1.000000000000e+00    -1.000000000000e+00    -1.000000     -1.000000     -0.001000     -0.001000     -1.000000     -0.001000     -0.001000     -0.000001     -0.001000     -0.001000     -1.000000     -1.000000     -1.000000 
24 0 23 5.000000 0.940000 -1.000000 -1.000000 -1.000000 -1.000000 nan nan nan nan -1.000000000000e+00 -1.000000e+00 -1.000000000000e+00  -1.000000000000e+00  -1.000000000000e+00  -1.000000000000e+00   -1.000000000000e+00   -1.000000000000e+00   -1.000000000000e+00    -1.000000000000e+00    -1.000000     -1.000000     -0.001000     -0.001000     -1.000000     -0.001000     -0.001000     -0.000001     -0.001000     -0.001000     -1.000000     -1.000000     -1.000000 
25 0 24 5.000000 0.980000 -1.000000 -1.000000 -1.000000 -1.000000 nan nan nan nan -1.000000000000e+00 -1.000000e+00 -1.000000000000e+00  -1.000000000000e+00  -1.000000000000e+00  -1.000000000000e+00   -1.000000000000e+00   -1.000000000000e+00   -1.000000000000e+00    -1.000000000000e+00    -1.000000     -1.000000     -0.001000     -0.001000     -1.000000     -0.001000     -0.001000     -0.000001     -0.001000     -0.001000     -1.000000     -1.000000     -1.000000 
26 0 25 5.000000 1.020000 -1.000000 -1.000000 -1.000000 -1.000000 nan nan nan nan -1.000000000000e+00 -1.000000e+00 -1.000000000000e+00  -1.000000000000e+00  -1.000000000000e+00  -1.000000000000e+00   -1.000000000000e+00   -1.000000000000e+00   -1.000000000000e+00    -1.000000000000e+00    -1.000000     -1.000000     -0.001000     -0.001000     -1.000000     -0.001000     -0.001000     -0.000001     -0.001000     -0.001000     -1.000000     -1.000000     -1.000000 
27 0 26 5.000000 1.060000 -1.000000 -1.000000 -1.000000 -1.000000 nan nan nan nan -1.000000000000e+00 -1.000000e+00 -1.000000000000e+00  -1.000000000000e+00  -1.000000000000e+00  -1.000000000000e+00   -1.000000000000e+00   -1.000000000000e+00   -1.000000000000e+00    -1.000000000000e+00    -1.000000     -1.000000     -0.001000     -0.001000     -1.000000     -0.001000     -0.001000     -0.000001     -0.001000     -0.001000     -1.000000     -1.000000     -1.000000 
28 0 27 5.000000 1.100000 -1.000000 -1.000000 -1.000000 -1.000000 nan nan nan nan -1.000000000000e+00 -1.000000e+00 -1.000000000000e+00  -1.000000000000e+00  -1.000000000000e+00  -1.000000000000e+00   -1.000000000000e+00   -1.000000000000e+00   -1.000000000000e+00    -1.000000000000e+00    -1.000000     -1.000000     -0.001000     -0.001000     -1.000000     -0.001000     -0.001000     -0.000001     -0.001000     -0.001000     -1.000000     -1.000000     -1.000000 
29 0 28 5.000000 1.140000 -1.000000 -1.000000 -1.000000 -1.000000 nan nan nan nan -1.000000000000e+00 -1.000000e+00 -1.000000000000e+00  -1.000000000000e+00  -1.000000000000e+00  -1.000000000000e+00   -1.000000000000e+00   -1.000000000000e+00   -1.000000000000e+00    -1.000000000000e+00    -1.000000     -1.000000     -0.001000     -0.001000     -1.000000     -0.001000     -0.001000     -0.000001     -0.001000     -0.001000     -1.000000     -1.000000     -1.000000 
30 0 29 5.000000 1.180000 -1.000000 -1.000000 -1.000000 -1.000000 nan nan nan nan -1.000000000000e+00 -1.000000e+00 -1.000000000000e+00  -1.000000000000e+00  -1.000000000000e+00  -1.000000000000e+00   -1.000000000000e+00   -1.000000000000e+00   -1.000000000000e+00    -1.000000000000e+00    -1.000000     -1.000000     -0.001000     -0.001000     -1.000000     -0.001000     -0.001000     -0.000001     -0.001000     -0.001000     -1.000000     -1.000000     -1.000000 
31 1 0 15.000000 0.020000 -1.000000 -1.000000 -1.000000 -1.000000 nan nan nan nan -1.000000000000e+00 -1.000000e+00 -1.000000000000e+00  -1.000000000000e+00  -1.000000000000e+00  -1.000000000000e+00   -1.000000000000e+00   -1.000000000000e+00   -1.000000000000e+00    -1.000000000000e+00    -1.000000     -1.000000     -0.001000     -0.001000     -1.000000     -0.001000     -0.001000     -0.000001     -0.001000     -0.001000     -1.000000     -1.000000     -1.000000 
32 1 1 15.000000 0.060000 -1.000000 -1.000000 -1.000000 -1.000000 nan nan nan nan -1.000000000000e+00 -1.000000e+00 -1.000000000000e+00  -1.000000000000e+00  -1.000000000000e+00  -1.000000000000e+00   -1.000000000000e+00   -1.000000000000e+00   -1.000000000000e+00    -1.000000000000e+00    -1.000000     -1.000000     -0.001000     -0.001000     -1.000000     -0.001000     -0.001000     -0.000001     -0.001000     -0.001000     -1.000000     -1.000000     -1.000000 
33 1 2 15.000000 0.100000 -1.000000 -1.000000 -1.000000 -1.000000 nan nan nan nan -1.000000000000e+00 -1.000000e+00 -1.000000000000e+00  -1.000000000000e+00  -1.000000000000e+00  -1.000000000000e+00   -1.000000000000e+00   -1.000000000000e+00   -1.000000000000e+00    -1.000000000000e+00    -1.000000     -1.000000     -0.001000     -0.001000     -1.000000     -0.001000     -0.001000     -0.000001     -0.001000     -0.001000     -1.000000     -1.000000     -1.000000 
34 1 3 15.000000 0.140000 -1.000000 -1.000000 -1.000000 -1.000000 nan nan nan nan -1.000000000000e+00 -1.000000e+00 -1.000000000000e+00  -1.000000000000e+00  -1.000000000000e+00  -1.000000000000e+00   -1.000000000000e+00   -1.000000000000e+00   -1.000000000000e+00    -1.000000000000e+00    -1.000000     -1.000000     -0.001000     -0.001000     -1.000000     -0.001000     -0.001000     -0.000001     -0.001000     -0.001000     -1.000000     -1.000000     -1.000000 
35 1 4 15.000000 0.180000 -1.000000 -1.000000 -1.000000 -1.000000 nan nan nan nan -1.000000000000e+00 -1.000000e+00 -1.000000000000e+00  -1.000000000000e+00  -1.000000000000e+00  -1.000000000000e+00   -1.000000000000e+00   -1.000000000000e+00   -1.000000000000e+00    -1.000000000000e+00    -1.000000     -1.000000     -0.001000     -0.001000     -1.000000     -0.001000     -0.001000     -0.000001     -0.001000     -0.001000     -1.000000     -1.000000     -1.000000 
36 1 5 15.000000 0.220000 -1.000000 -1.000000 -1.000000 -1.000000 nan nan nan nan -1.000000000000e+00 -1.000000e+00 -1.000000000000e+00  -1.000000000000e+00  -1.000000000000e+00  -1.000000000000e+00   -1.000000000000e+00   -1.000000000000e+00   -1.000000000000e+00    -1.000000000000e+00    -1.000000     -1.000000     -0.001000     -0.001000     -1.000000     -0.001000     -0.001000     -0.000001     -0.001000     -0.001000     -1.000000     -1.000000     -1.000000 
37 1 6 15.000000 0.260000 -1.000000 -1.000000 -1.000000 -1.000000 nan nan nan nan -1.000000000000e+00 -1.000000e+00 -1.000000000000e+00  -1.000000000000e+00  -1.000000000000e+00  -1.000000000000e+00   -1.000000000000e+00   -1.000000000000e+00   -1.000000000000e+00    -1.000000000000e+00    -1.000000     -1.000000     -0.001000     -0.001000     -1.000000     -0.001000     -0.001000     -0.000001     -0.001000     -0.001000     -1.000000     -1.000000     -1.000000 
38 1 7 15.000000 0.300000 -1.000000 -1.000000 -1.000000 -1.000000 nan nan nan nan -1.000000000000e+00 -1.000000e+00 -1.000000000000e+00  -1.000000000000e+00  -1.000000000000e+00  -1.000000000000e+00   -1.000000000000e+00   -1.000000000000e+00   -1.000000000000e+00    -1.000000000000e+00    -1.000000     -1.000000     -0.001000     -0.001000     -1.000000     -0.001000     -0.001000     -0.000001     -0.001000     -0.001000     -1.000000     -1.000000     -1.000000 
39 1 8 15.000000 0.340000 -1.000000 -1.000000 -1.000000 -1.000000 nan nan nan nan -1.000000000000e+00 -1.000000e+00 -1.000000000000e+00  -1.000000000000e+00  -1.000000000000e+00  -1.000000000000e+00   -1.000000000000e+00   -1.000000000000e+00   -1.000000000000e+00    -1.000000000000e+00    -1.000000     -1.000000     -0.001000     -0.001000     -1.000000     -0.001000     -0.001000     -0.000001     -0.001000     -0.001000     -1.000000     -1.000000     -1.000000 
40 1 9 15.000000 0.380000 -1.000000 -1.000000 -1.000000 -1.000000 nan nan nan nan -1.000000000000e+00 -1.000000e+00 -1.000000000000e+00  -1.000000000000e+00  -1.000000000000e+00  -1.000000000000e+00   -1.000000000000e+00   -1.000000000000e+00   -1.000000000000e+00    -1.000000000000e+00    -1.000000     -1.000000     -0.001000     -0.001000     -1.000000     -0.001000     -0.001000     -0.000001     -0.001000     -0.001000     -1.000000     -1.000000     -1.000000 
41 1 10 15.000000 0.420000 -1.000000 -1.000000 -1.000000 -1.000000 nan nan nan nan -1.000000000000e+00 -1.000000e+00 -1.000000000000e+00  -1.000000000000e+00  -1.000000000000e+00  -1.000000000000e+00   -1.000000000000e+00   -1.000000000000e+00   -1.000000000000e+00    -1.000000000000e+00    -1.000000     -1.000000     -0.001000     -0.001000     -1.000000     -0.001000     -0.001000     -0.000001     -0.001000     -0.001000     -1.000000     -1.000000     -1.000000 
42 1 11 15.000000 0.460000 0.875735 0.717942 0.887787 0.729590 nan nan nan nan -1.000000000000e+00 -1.000000e+00 -1.000000000000e+00  -1.000000000000e+00  1.130709359964e-07  8.103144110500e-08   -1.000000000000e+00   -1.000000000000e+00   2.553334078597e-11    1.618215261804e-11    4428.364347     5007.457476     10.540017     9.076636     12.106898     1.463381     2.529264     4.255692     2.083718     0.477122     16.243239     -0.999413     1.549723 
43 1 12 15.000000 0.500000 0.960830 0.267022 1.050967 0.292241 -1.000000000000e+00 -1.000000000000e+00 -1.000000000000e+00 -1.000000000000e+00 -1.000000000000e+00 -1.000000e+00 -1.000000000000e+00  -1.000000000000e+00  8.209478282443e-08  6.064981556191e-08   -1.000000000000e+00   -1.000000000000e+00   2.112068539063e-11    1.301377204068e-11    3886.937441     4660.433222     10.541441     9.058341     12.261817     1.483100     2.560519     4.356672     2.092281     0.502879     17.617707     -0.984861     1.565401 
44 1 13 15.000000 0.540000 0.679565 0.082774 0.985982 0.120168 -1.000000000000e+00 -1.000000000000e+00 -1.000000000000e+00 -1.000000000000e+00 -1.000000000000e+00 -1.000000e+00 -1.000000000000e+00  -1.000000000000e+00  4.053894023880e-08  3.894074243236e-08   -1.000000000000e+00   -1.000000000000e+00   1.196703246543e-11    9.302955725937e-12    3387.551622     4185.846260     10.541475     9.032280     12.499547     1.509195     2.605998     4.513557     2.099329     0.543305     19.240668     -0.978897     1.593730 
45 1 14 15.000000 0.580000 0.895668 0.071747 0.964868 0.077322 -1.000000000000e+00 -1.000000000000e+00 -1.000000000000e+00 -1.000000000000e+00 -1.000000000000e+00 -1.000000e+00 -1.000000000000e+00  -1.000000000000e+00  3.696235407587e-08  2.595077855926e-08   -1.000000000000e+00   -1.000000000000e+00   1.189226375544e-11    6.830991498695e-12    3108.100765     3798.976849     10.541275     9.005681     12.720863     1.535594     2.649215     4.660290     2.106567     0.581831     20.973464     -0.975698     1.617252 
46 1 15 15.000000 0.620000 0.962903 0.055523 0.971905 0.056050 -1.000000000000e+00 -1.000000000000e+00 -1.000000000000e+00 -1.000000000000e+00 -1.000000000000e+00 -1.000000e+00 -1.000000000000e+00  -1.000000000000e+00  2.665133613001e-08  1.736484733868e-08   -1.000000000000e+00   -1.000000000000e+00   9.418555204443e-12    4.993480870359e-12    2829.662889     3477.503527     10.541141     8.981440     12.928460     1.559701     2.689356     4.799969     2.110156     0.620481     22.688212     -0.971783     1.639979 
47 1 16 15.000000 0.660000 1.039303 0.049440 1.056900 0.050283 -1.000000000000e+00 -1.000000000000e+00 -1.000000000000e+00 -1.000000000000e+00 -1.000000000000e+00 -1.000000e+00 -1.000000000000e+00  -1.000000000000e+00  1.815814711674e-08  1.185902804762e-08   -1.000000000000e+00   -1.000000000000e+00   6.933742748754e-12    3.678662612922e-12    2618.808885     3223.733540     10.541110     8.958417     13.115448     1.582693     2.726068     4.926533     2.111746     0.658760     24.690814     -0.967589     1.658769 
48 1 17 15.000000 0.700000 2.198136 0.104924 2.301168 0.109878 -1.000000000000e+00 -1.000000000000e+00 -1.000000000000e+00 -1.000000000000e+00 -1.000000000000e+00 -1.000000e+00 -1.000000000000e+00  -1.000000000000e+00  1.273756109582e-08  8.514567056649e-09   -1.000000000000e+00   -1.000000000000e+00   5.031490934864e-12    2.721129186888e-12    2531.567931     3129.056532     10.540757     8.949209     13.217839     1.591549     2.744291     4.998103     2.098620     0.694434     27.050140     -0.954273     1.673503 
49 1 18 15.000000 0.740000 20.474881 2.874881 35.371295 4.967914 -1.000000000000e+00 -1.000000000000e+00 -1.000000000000e+00 -1.000000000000e+00 -1.000000000000e+00 -1.000000e+00 -1.000000000000e+00  -1.000000000000e+00  6.736798102641e-09  7.377528151187e-09   -1.000000000000e+00   -1.000000000000e+00   2.868436509654e-12    2.371190578493e-12    2348.595857     3111.318094     10.540940     8.943973     13.266468     1.596967     2.753585     5.031923     2.084936     0.724152     29.704596     -0.939606     1.679110 
50 1 19 15.000000 0.780000 -1.000000 -1.000000 -1.000000 -1.000000 nan nan -1.000000000000e+00 -1.000000000000e+00 -1.000000000000e+00 -1.000000e+00 -1.000000000000e+00  -1.000000000000e+00  -1.000000000000e+00  -1.000000000000e+00   -1.000000000000e+00   -1.000000000000e+00   -1.000000000000e+00    -1.000000000000e+00    -1.000000     -1.000000     -0.001000     -0.001000     -1.000000     -0.001000     -0.001000     -0.000001     -0.001000     -0.001000     -1.000000     -1.000000     -1.000000 
51 1 20 15.000000 0.820000 -1.000000 -1.000000 -1.000000 -1.000000 nan nan nan nan -1.000000000000e+00 -1.000000e+00 -1.000000000000e+00  -1.000000000000e+00  -1.000000000000e+00  -1.000000000000e+00   -1.000000000000e+00   -1.000000000000e+00   -1.000000000000e+00    -1.000000000000e+00    -1.000000     -1.000000     -0.001000     -0.001000     -1.000000     -0.001000     -0.001000     -0.000001     -0.001000     -0.001000     -1.000000     -1.000000     -1.000000 
52 1 21 15.000000 0.860000 -1.000000 -1.000000 -1.000000 -1.000000 nan nan nan nan -1.000000000000e+00 -1.000000e+00 -1.000000000000e+00  -1.000000000000e+00  -1.000000000000e+00  -1.000000000000e+00   -1.000000000000e+00   -1.000000000000e+00   -1.000000000000e+00    -1.000000000000e+00    -1.000000     -1.000000     -0.001000     -0.001000     -1.000000     -0.001000     -0.001000     -0.000001     -0.001000     -0.001000     -1.000000     -1.000000     -1.000000 
53 1 22 15.000000 0.900000 -1.000000 -1.000000 -1.000000 -1.000000 nan nan nan nan -1.000000000000e+00 -1.000000e+00 -1.000000000000e+00  -1.000000000000e+00  -1.000000000000e+00  -1.000000000000e+00   -1.000000000000e+00   -1.000000000000e+00   -1.000000000000e+00    -1.000000000000e+00    -1.000000     -1.000000     -0.001000     -0.001000     -1.000000     -0.001000     -0.001000     -0.000001     -0.001000     -0.001000     -1.000000     -1.000000     -1.000000 
54 1 23 15.000000 0.940000 -1.000000 -1.000000 -1.000000 -1.000000 nan nan nan nan -1.000000000000e+00 -1.000000e+00 -1.000000000000e+00  -1.000000000000e+00  -1.000000000000e+00  -1.000000000000e+00   -1.000000000000e+00   -1.000000000000e+00   -1.000000000000e+00    -1.000000000000e+00    -1.000000     -1.000000     -0.001000     -0.001000     -1.000000     -0.001000     -0.001000     -0.000001     -0.001000     -0.001000     -1.000000     -1.000000     -1.000000 
55 1 24 15.000000 0.980000 -1.000000 -1.000000 -1.000000 -1.000000 nan nan nan nan -1.000000000000e+00 -1.000000e+00 -1.000000000000e+00  -1.000000000000e+00  -1.000000000000e+00  -1.000000000000e+00   -1.000000000000e+00   -1.000000000000e+00   -1.000000000000e+00    -1.000000000000e+00    -1.000000     -1.000000     -0.001000     -0.001000     -1.000000     -0.001000     -0.001000     -0.000001     -0.001000     -0.001000     -1.000000     -1.000000     -1.000000 
56 1 25 15.000000 1.020000 -1.000000 -1.000000 -1.000000 -1.000000 nan nan nan nan -1.000000000000e+00 -1.000000e+00 -1.000000000000e+00  -1.000000000000e+00  -1.000000000000e+00  -1.000000000000e+00   -1.000000000000e+00   -1.000000000000e+00   -1.000000000000e+00    -1.000000000000e+00    -1.000000     -1.000000     -0.001000     -0.001000     -1.000000     -0.001000     -0.001000     -0.000001     -0.001000     -0.001000     -1.000000     -1.000000     -1.000000 
57 1 26 15.000000 1.060000 -1.000000 -1.000000 -1.000000 -1.000000 nan nan nan nan -1.000000000000e+00 -1.000000e+00 -1.000000000000e+00  -1.000000000000e+00  -1.000000000000e+00  -1.000000000000e+00   -1.000000000000e+00   -1.000000000000e+00   -1.000000000000e+00    -1.000000000000e+00    -1.000000     -1.000000     -0.001000     -0.001000     -1.000000     -0.001000     -0.001000     -0.000001     -0.001000     -0.001000     -1.000000     -1.000000     -1.000000 
58 1 27 15.000000 1.100000 -1.000000 -1.000000 -1.000000 -1.000000 nan nan nan nan -1.000000000000e+00 -1.000000e+00 -1.000000000000e+00  -1.000000000000e+00  -1.000000000000e+00  -1.000000000000e+00   -1.000000000000e+00   -1.000000000000e+00   -1.000000000000e+00    -1.000000000000e+00    -1.000000     -1.000000     -0.001000     -0.001000     -1.000000     -0.001000     -0.001000     -0.000001     -0.001000     -0.001000     -1.000000     -1.000000     -1.000000 
59 1 28 15.000000 1.140000 -1.000000 -1.000000 -1.000000 -1.000000 nan nan nan nan -1.000000000000e+00 -1.000000e+00 -1.000000000000e+00  -1.000000000000e+00  -1.000000000000e+00  -1.000000000000e+00   -1.000000000000e+00   -1.000000000000e+00   -1.000000000000e+00    -1.000000000000e+00    -1.000000     -1.000000     -0.001000     -0.001000     -1.000000     -0.001000     -0.001000     -0.000001     -0.001000     -0.001000     -1.000000     -1.000000     -1.000000 
60 1 29 15.000000 1.180000 -1.000000 -1.000000 -1.000000 -1.000000 nan nan nan nan -1.000000000000e+00 -1.000000e+00 -1.000000000000e+00  -1.000000000000e+00  -1.000000000000e+00  -1.000000000000e+00   -1.000000000000e+00   -1.000000000000e+00   -1.000000000000e+00    -1.000000000000e+00    -1.000000     -1.000000     -0.001000     -0.001000     -1.000000     -0.001000     -0.001000     -0.000001     -0.001000     -0.001000     -1.000000     -1.000000     -1.000000 
61 2 0 25.000000 0.020000 -1.000000 -1.000000 -1.000000 -1.000000 nan nan nan nan -1.000000000000e+00 -1.000000e+00 -1.000000000000e+00  -1.000000000000e+00  -1.000000000000e+00  -1.000000000000e+00   -1.000000000000e+00   -1.000000000000e+00   -1.000000000000e+00    -1.000000000000e+00    -1.000000     -1.000000     -0.001000     -0.001000     -1.000000     -0.001000     -0.001000     -0.000001     -0.001000     -0.001000     -1.000000     -1.000000     -1.000000 
62 2 1 25.000000 0.060000 -1.000000 -1.000000 -1.000000 -1.000000 nan nan nan nan -1.000000000000e+00 -1.000000e+00 -1.000000000000e+00  -1.000000000000e+00  -1.000000000000e+00  -1.000000000000e+00   -1.000000000000e+00   -1.000000000000e+00   -1.000000000000e+00    -1.000000000000e+00    -1.000000     -1.000000     -0.001000     -0.001000     -1.000000     -0.001000     -0.001000     -0.000001     -0.001000     -0.001000     -1.000000     -1.000000     -1.000000 
63 2 2 25.000000 0.100000 -1.000000 -1.000000 -1.000000 -1.000000 nan nan nan nan -1.000000000000e+00 -1.000000e+00 -1.000000000000e+00  -1.000000000000e+00  -1.000000000000e+00  -1.000000000000e+00   -1.000000000000e+00   -1.000000000000e+00   -1.000000000000e+00    -1.000000000000e+00    -1.000000     -1.000000     -0.001000     -0.001000     -1.000000     -0.001000     -0.001000     -0.000001     -0.001000     -0.001000     -1.000000     -1.000000     -1.000000 
64 2 3 25.000000 0.140000 -1.000000 -1.000000 -1.000000 -1.000000 nan nan nan nan -1.000000000000e+00 -1.000000e+00 -1.000000000000e+00  -1.000000000000e+00  -1.000000000000e+00  -1.000000000000e+00   -1.000000000000e+00   -1.000000000000e+00   -1.000000000000e+00    -1.000000000000e+00    -1.000000     -1.000000     -0.001000     -0.001000     -1.000000     -0.001000     -0.001000     -0.000001     -0.001000     -0.001000     -1.000000     -1.000000     -1.000000 
65 2 4 25.000000 0.180000 -1.000000 -1.000000 -1.000000 -1.000000 nan nan nan nan -1.000000000000e+00 -1.000000e+00 -1.000000000000e+00  -1.000000000000e+00  -1.000000000000e+00  -1.000000000000e+00   -1.000000000000e+00   -1.000000000000e+00   -1.000000000000e+00    -1.000000000000e+00    -1.000000     -1.000000     -0.001000     -0.001000     -1.000000     -0.001000     -0.001000     -0.000001     -0.001000     -0.001000     -1.000000     -1.000000     -1.000000 
66 2 5 25.000000 0.220000 -1.000000 -1.000000 -1.000000 -1.000000 nan nan nan nan -1.000000000000e+00 -1.000000e+00 -1.000000000000e+00  -1.000000000000e+00  -1.000000000000e+00  -1.000000000000e+00   -1.000000000000e+00   -1.000000000000e+00   -1.000000000000e+00    -1.000000000000e+00    -1.000000     -1.000000     -0.001000     -0.001000     -1.000000     -0.001000     -0.001000     -0.000001     -0.001000     -0.001000     -1.000000     -1.000000     -1.000000 
67 2 6 25.000000 0.260000 -1.000000 -1.000000 -1.000000 -1.000000 nan nan nan nan -1.000000000000e+00 -1.000000e+00 -1.000000000000e+00  -1.000000000000e+00  -1.000000000000e+00  -1.000000000000e+00   -1.000000000000e+00   -1.000000000000e+00   -1.000000000000e+00    -1.000000000000e+00    -1.000000     -1.000000     -0.001000     -0.001000     -1.000000     -0.001000     -0.001000     -0.000001     -0.001000     -0.001000     -1.000000     -1.000000     -1.000000 
68 2 7 25.000000 0.300000 -1.000000 -1.000000 -1.000000 -1.000000 nan nan nan nan -1.000000000000e+00 -1.000000e+00 -1.000000000000e+00  -1.000000000000e+00  -1.000000000000e+00  -1.000000000000e+00   -1.000000000000e+00   -1.000000000000e+00   -1.000000000000e+00    -1.000000000000e+00    -1.000000     -1.000000     -0.001000     -0.001000     -1.000000     -0.001000     -0.001000     -0.000001     -0.001000     -0.001000     -1.000000     -1.000000     -1.000000 
69 2 8 25.000000 0.340000 -1.000000 -1.000000 -1.000000 -1.000000 nan nan nan nan -1.000000000000e+00 -1.000000e+00 -1.000000000000e+00  -1.000000000000e+00  -1.000000000000e+00  -1.000000000000e+00   -1.000000000000e+00   -1.000000000000e+00   -1.000000000000e+00    -1.000000000000e+00    -1.000000     -1.000000     -0.001000     -0.001000     -1.000000     -0.001000     -0.001000     -0.000001     -0.001000     -0.001000     -1.000000     -1.000000     -1.000000 
70 2 9 25.000000 0.380000 -1.000000 -1.000000 -1.000000 -1.000000 nan nan nan nan -1.000000000000e+00 -1.000000e+00 -1.000000000000e+00  -1.000000000000e+00  -1.000000000000e+00  -1.000000000000e+00   -1.000000000000e+00   -1.000000000000e+00   -1.000000000000e+00    -1.000000000000e+00    -1.000000     -1.000000     -0.001000     -0.001000     -1.000000     -0.001000     -0.001000     -0.000001     -0.001000     -0.001000     -1.000000     -1.000000     -1.000000 
71 2 10 25.000000 0.420000 0.982752 0.137945 0.985146 0.138389 -1.000000000000e+00 -1.000000000000e+00 -1.000000000000e+00 -1.000000000000e+00 -1.000000000000e+00 -1.000000e+00 -1.000000000000e+00  -1.000000000000e+00  2.076882682861e-07  1.698522744155e-07   -1.000000000000e+00   -1.000000000000e+00   4.353231244999e-11    2.845537526716e-11    4770.899054     5969.075186     10.541298     9.069164     11.789253     1.472133     2.490067     4.033257     2.115566     0.430377     18.719792     -0.980682     1.459991 
72 2 11 25.000000 0.460000 0.956720 0.039297 0.962538 0.039601 6.190392352523e-08 4.420382884621e-08 6.054809272099e-08 4.295927817875e-08 5.792755417192e-08 4.116880e-08 5.827984888138e-08  4.141940563989e-08  1.482909594393e-07  1.181981215599e-07   1.033040072940e-11   7.341801093286e-12   3.331017380503e-11    2.095122044091e-11    4451.821846     5641.586460     10.541099     9.053977     11.928963     1.487122     2.516666     4.122076     2.116724     0.462829     20.768460     -0.968493     1.477103 
73 2 12 25.000000 0.500000 0.952481 0.024689 0.961075 0.024964 2.205223612757e-08 1.564912246041e-08 2.217932716812e-08 1.570396285161e-08 2.112539413832e-08 1.496775e-08 2.131600388406e-08  1.510284391226e-08  9.887659314016e-08  7.593016045303e-08   4.158134979792e-12   2.946127421795e-12   2.477216986329e-11    1.481177513000e-11    3991.438525     5126.337646     10.540836     9.029500     12.137794     1.511336     2.557267     4.255477     2.124106     0.501098     22.754217     -0.962190     1.500474 
74 2 13 25.000000 0.540000 0.953423 0.018059 0.964317 0.018300 3.635840429455e-08 1.493325902876e-08 3.431140371098e-08 1.403759396625e-08 3.271328141451e-08 1.339810e-08 3.308706197132e-08  1.355124149333e-08  6.605820629569e-08  4.911734312721e-08   7.127858801460e-12   2.919308339696e-12   1.844888285719e-11    1.058122014028e-11    3580.607390     4641.935663     10.540741     9.002794     12.353697     1.537948     2.599967     4.394545     2.132344     0.540446     24.780826     -0.956579     1.522697 
75 2 14 25.000000 0.580000 0.959483 0.014277 0.973730 0.014514 2.844884472421e-08 1.010601698456e-08 2.886793190412e-08 1.022434020178e-08 2.769829580394e-08 9.818737e-09 2.810956261666e-08  9.964556279552e-09  4.435483029029e-08  3.226544492841e-08   6.664096189229e-12   2.362354848259e-12   1.380528755713e-11    7.649355186472e-12    3212.887099     4218.060757     10.540673     8.974001     12.564453     1.566672     2.642926     4.530595     2.141616     0.579962     26.939330     -0.951261     1.541056 
76 2 15 25.000000 0.620000 0.962122 0.012085 0.976974 0.012289 4.799526821868e-09 3.396710797854e-09 5.022884763799e-09 3.552951092766e-09 4.832625668271e-09 3.418910e-09 4.907228147818e-09  3.471689875545e-09  2.960757926104e-08  2.110006799007e-08   1.276882788362e-12   9.033492870278e-13   1.019520479739e-11    5.490332390958e-12    2904.069104     3843.131251     10.540547     8.944772     12.771576     1.595775     2.685474     4.665274     2.149961     0.619840     29.112960     -0.948032     1.557926 
77 2 16 25.000000 0.660000 1.027409 0.011352 1.043645 0.011547 1.235675907054e-08 4.681101688941e-09 1.208269199956e-08 4.570616648998e-09 1.241386686218e-08 4.697896e-09 1.261004471499e-08  4.772142385480e-09  2.005473567271e-08  1.405963746698e-08   3.534491979083e-12   1.337592321498e-12   7.493842139525e-12    3.940800923312e-12    2676.162014     3567.710661     10.540372     8.920727     12.944550     1.619646     2.720707     4.778997     2.151891     0.659125     31.373278     -0.942057     1.572382 
78 2 17 25.000000 0.700000 1.240652 0.013135 1.253867 0.013291 2.852748565454e-09 2.018530745611e-09 2.750699422569e-09 1.945525675923e-09 3.412660143080e-09 2.413990e-09 3.449011772792e-09  2.439704747602e-09  1.386040450798e-08  9.541701398258e-09   1.014978722881e-12   7.179588160472e-13   5.486741473490e-12    2.807941676428e-12    2526.163220     3398.112389     10.540181     8.902968     13.070616     1.637212     2.746417     4.862342     2.145932     0.698451     33.911481     -0.933277     1.582639 
79 2 18 25.000000 0.740000 1.675720 0.018886 1.711127 0.019302 2.338331453339e-09 1.654700520319e-09 2.410281144302e-09 1.704797860515e-09 4.038956762003e-09 2.857127e-09 4.124296138921e-09  2.917495903118e-09  9.528089624705e-09  6.574258191958e-09   1.249128252760e-12   8.836238808131e-13   3.933806844902e-12    1.991149852460e-12    2422.104084     3301.739537     10.540007     8.888957     13.154182     1.651050     2.764521     4.916610     2.135218     0.737407     36.726251     -0.918117     1.586890 
80 2 19 25.000000 0.780000 2.751845 0.039182 2.795161 0.039819 -1.000000000000e+00 -1.000000000000e+00 -1.000000000000e+00 -1.000000000000e+00 -1.000000000000e+00 -1.000000e+00 -1.000000000000e+00  -1.000000000000e+00  6.607008548007e-09  4.532604529364e-09   -1.000000000000e+00   -1.000000000000e+00   2.815034560592e-12    1.405135766206e-12    2347.043493     3225.741340     10.539842     8.873163     13.217982     1.666679     2.780850     4.955307     2.125588     0.776373     39.724023     -0.897473     1.584382 
81 2 20 25.000000 0.820000 2.254396 0.047492 5.203780 0.109612 1.286276044154e-09 1.288097975872e-09 1.326699927393e-09 1.327330716052e-09 2.990907433140e-09 2.992993e-09 6.903853958189e-09  6.908667132118e-09  1.983983791337e-09  3.119275504315e-09   2.181342479282e-12   2.182863250262e-12   8.762272491911e-13    9.855666419589e-13    2264.234299     3164.956454     10.539642     8.859314     13.259665     1.680328     2.793223     4.978593     2.113035     0.815254     42.725234     -0.864656     1.578897 
82 2 21 25.000000 0.860000 4.249824 0.155569 9.280149 0.339466 -1.000000000000e+00 -1.000000000000e+00 -1.000000000000e+00 -1.000000000000e+00 -1.000000000000e+00 -1.000000e+00 -1.000000000000e+00  -1.000000000000e+00  1.381545869172e-09  2.092310625265e-09   -1.000000000000e+00   -1.000000000000e+00   6.265328856973e-13    6.758344995672e-13    2205.065210     3095.892007     10.539919     8.844181     13.302246     1.695737     2.806702     5.002049     2.101014     0.854980     45.654480     -0.836453     1.571920 
83 2 22 25.000000 0.900000 11.895315 0.963863 20.672020 1.677943 3.168072073784e-09 3.228226603724e-09 2.587824629101e-09 2.602688746969e-09 3.078298922086e-08 3.106012e-08 5.349556300044e-08  5.397777204376e-08  1.219116370686e-09  1.514366475472e-09   1.773430913068e-11   1.789416620593e-11   5.760807059745e-13    5.020274898862e-13    2116.224963     3016.501100     10.539659     8.827854     13.346744     1.711805     2.820687     5.025998     2.091033     0.891960     48.239437     -0.811298     1.564622 
84 2 23 25.000000 0.940000 -1.000000 -1.000000 -1.000000 -1.000000 -1.000000000000e+00 -1.000000000000e+00 -1.000000000000e+00 -1.000000000000e+00 -1.000000000000e+00 -1.000000e+00 -1.000000000000e+00  -1.000000000000e+00  -1.000000000000e+00  -1.000000000000e+00   -1.000000000000e+00   -1.000000000000e+00   -1.000000000000e+00    -1.000000000000e+00    -1.000000     -1.000000     -0.001000     -0.001000     -1.000000     -0.001000     -0.001000     -0.000001     -0.001000     -0.001000     -1.000000     -1.000000     -1.000000 
85 2 24 25.000000 0.980000 -1.000000 -1.000000 -1.000000 -1.000000 -1.000000000000e+00 -1.000000000000e+00 -1.000000000000e+00 -1.000000000000e+00 -1.000000000000e+00 -1.000000e+00 -1.000000000000e+00  -1.000000000000e+00  -1.000000000000e+00  -1.000000000000e+00   -1.000000000000e+00   -1.000000000000e+00   -1.000000000000e+00    -1.000000000000e+00    -1.000000     -1.000000     -0.001000     -0.001000     -1.000000     -0.001000     -0.001000     -0.000001     -0.001000     -0.001000     -1.000000     -1.000000     -1.000000 
86 2 25 25.000000 1.020000 -1.000000 -1.000000 -1.000000 -1.000000 -1.000000000000e+00 -1.000000000000e+00 -1.000000000000e+00 -1.000000000000e+00 -1.000000000000e+00 -1.000000e+00 -1.000000000000e+00  -1.000000000000e+00  -1.000000000000e+00  -1.000000000000e+00   -1.000000000000e+00   -1.000000000000e+00   -1.000000000000e+00    -1.000000000000e+00    -1.000000     -1.000000     -0.001000     -0.001000     -1.000000     -0.001000     -0.001000     -0.000001     -0.001000     -0.001000     -1.000000     -1.000000     -1.000000 
87 2 26 25.000000 1.060000 -1.000000 -1.000000 -1.000000 -1.000000 nan nan nan nan -1.000000000000e+00 -1.000000e+00 -1.000000000000e+00  -1.000000000000e+00  -1.000000000000e+00  -1.000000000000e+00   -1.000000000000e+00   -1.000000000000e+00   -1.000000000000e+00    -1.000000000000e+00    -1.000000     -1.000000     -0.001000     -0.001000     -1.000000     -0.001000     -0.001000     -0.000001     -0.001000     -0.001000     -1.000000     -1.000000     -1.000000 
88 2 27 25.000000 1.100000 -1.000000 -1.000000 -1.000000 -1.000000 nan nan nan nan -1.000000000000e+00 -1.000000e+00 -1.000000000000e+00  -1.000000000000e+00  -1.000000000000e+00  -1.000000000000e+00   -1.000000000000e+00   -1.000000000000e+00   -1.000000000000e+00    -1.000000000000e+00    -1.000000     -1.000000     -0.001000     -0.001000     -1.000000     -0.001000     -0.001000     -0.000001     -0.001000     -0.001000     -1.000000     -1.000000     -1.000000 
89 2 28 25.000000 1.140000 -1.000000 -1.000000 -1.000000 -1.000000 nan nan nan nan -1.000000000000e+00 -1.000000e+00 -1.000000000000e+00  -1.000000000000e+00  -1.000000000000e+00  -1.000000000000e+00   -1.000000000000e+00   -1.000000000000e+00   -1.000000000000e+00    -1.000000000000e+00    -1.000000     -1.000000     -0.001000     -0.001000     -1.000000     -0.001000     -0.001000     -0.000001     -0.001000     -0.001000     -1.000000     -1.000000     -1.000000 
90 2 29 25.000000 1.180000 -1.000000 -1.000000 -1.000000 -1.000000 nan nan nan nan -1.000000000000e+00 -1.000000e+00 -1.000000000000e+00  -1.000000000000e+00  -1.000000000000e+00  -1.000000000000e+00   -1.000000000000e+00   -1.000000000000e+00   -1.000000000000e+00    -1.000000000000e+00    -1.000000     -1.000000     -0.001000     -0.001000     -1.000000     -0.001000     -0.001000     -0.000001     -0.001000     -0.001000     -1.000000     -1.000000     -1.000000 
91 3 0 35.000000 0.020000 -1.000000 -1.000000 -1.000000 -1.000000 nan nan nan nan -1.000000000000e+00 -1.000000e+00 -1.000000000000e+00  -1.000000000000e+00  -1.000000000000e+00  -1.000000000000e+00   -1.000000000000e+00   -1.000000000000e+00   -1.000000000000e+00    -1.000000000000e+00    -1.000000     -1.000000     -0.001000     -0.001000     -1.000000     -0.001000     -0.001000     -0.000001     -0.001000     -0.001000     -1.000000     -1.000000     -1.000000 
92 3 1 35.000000 0.060000 -1.000000 -1.000000 -1.000000 -1.000000 nan nan nan nan -1.000000000000e+00 -1.000000e+00 -1.000000000000e+00  -1.000000000000e+00  -1.000000000000e+00  -1.000000000000e+00   -1.000000000000e+00   -1.000000000000e+00   -1.000000000000e+00    -1.000000000000e+00    -1.000000     -1.000000     -0.001000     -0.001000     -1.000000     -0.001000     -0.001000     -0.000001     -0.001000     -0.001000     -1.000000     -1.000000     -1.000000 
93 3 2 35.000000 0.100000 -1.000000 -1.000000 -1.000000 -1.000000 nan nan nan nan -1.000000000000e+00 -1.000000e+00 -1.000000000000e+00  -1.000000000000e+00  -1.000000000000e+00  -1.000000000000e+00   -1.000000000000e+00   -1.000000000000e+00   -1.000000000000e+00    -1.000000000000e+00    -1.000000     -1.000000     -0.001000     -0.001000     -1.000000     -0.001000     -0.001000     -0.000001     -0.001000     -0.001000     -1.000000     -1.000000     -1.000000 
94 3 3 35.000000 0.140000 -1.000000 -1.000000 -1.000000 -1.000000 nan nan nan nan -1.000000000000e+00 -1.000000e+00 -1.000000000000e+00  -1.000000000000e+00  -1.000000000000e+00  -1.000000000000e+00   -1.000000000000e+00   -1.000000000000e+00   -1.000000000000e+00    -1.000000000000e+00    -1.000000     -1.000000     -0.001000     -0.001000     -1.000000     -0.001000     -0.001000     -0.000001     -0.001000     -0.001000     -1.000000     -1.000000     -1.000000 
95 3 4 35.000000 0.180000 -1.000000 -1.000000 -1.000000 -1.000000 nan nan nan nan -1.000000000000e+00 -1.000000e+00 -1.000000000000e+00  -1.000000000000e+00  -1.000000000000e+00  -1.000000000000e+00   -1.000000000000e+00   -1.000000000000e+00   -1.000000000000e+00    -1.000000000000e+00    -1.000000     -1.000000     -0.001000     -0.001000     -1.000000     -0.001000     -0.001000     -0.000001     -0.001000     -0.001000     -1.000000     -1.000000     -1.000000 
96 3 5 35.000000 0.220000 -1.000000 -1.000000 -1.000000 -1.000000 nan nan nan nan -1.000000000000e+00 -1.000000e+00 -1.000000000000e+00  -1.000000000000e+00  -1.000000000000e+00  -1.000000000000e+00   -1.000000000000e+00   -1.000000000000e+00   -1.000000000000e+00    -1.000000000000e+00    -1.000000     -1.000000     -0.001000     -0.001000     -1.000000     -0.001000     -0.001000     -0.000001     -0.001000     -0.001000     -1.000000     -1.000000     -1.000000 
97 3 6 35.000000 0.260000 -1.000000 -1.000000 -1.000000 -1.000000 nan nan nan nan -1.000000000000e+00 -1.000000e+00 -1.000000000000e+00  -1.000000000000e+00  -1.000000000000e+00  -1.000000000000e+00   -1.000000000000e+00   -1.000000000000e+00   -1.000000000000e+00    -1.000000000000e+00    -1.000000     -1.000000     -0.001000     -0.001000     -1.000000     -0.001000     -0.001000     -0.000001     -0.001000     -0.001000     -1.000000     -1.000000     -1.000000 
98 3 7 35.000000 0.300000 -1.000000 -1.000000 -1.000000 -1.000000 nan nan nan nan -1.000000000000e+00 -1.000000e+00 -1.000000000000e+00  -1.000000000000e+00  -1.000000000000e+00  -1.000000000000e+00   -1.000000000000e+00   -1.000000000000e+00   -1.000000000000e+00    -1.000000000000e+00    -1.000000     -1.000000     -0.001000     -0.001000     -1.000000     -0.001000     -0.001000     -0.000001     -0.001000     -0.001000     -1.000000     -1.000000     -1.000000 
99 3 8 35.000000 0.340000 -1.000000 -1.000000 -1.000000 -1.000000 nan nan nan nan -1.000000000000e+00 -1.000000e+00 -1.000000000000e+00  -1.000000000000e+00  -1.000000000000e+00  -1.000000000000e+00   -1.000000000000e+00   -1.000000000000e+00   -1.000000000000e+00    -1.000000000000e+00    -1.000000     -1.000000     -0.001000     -0.001000     -1.000000     -0.001000     -0.001000     -0.000001     -0.001000     -0.001000     -1.000000     -1.000000     -1.000000 
100 3 9 35.000000 0.380000 -1.000000 -1.000000 -1.000000 -1.000000 nan nan nan nan -1.000000000000e+00 -1.000000e+00 -1.000000000000e+00  -1.000000000000e+00  -1.000000000000e+00  -1.000000000000e+00   -1.000000000000e+00   -1.000000000000e+00   -1.000000000000e+00    -1.000000000000e+00    -1.000000     -1.000000     -0.001000     -0.001000     -1.000000     -0.001000     -0.001000     -0.000001     -0.001000     -0.001000     -1.000000     -1.000000     -1.000000 
101 3 10 35.000000 0.420000 0.955304 0.141883 0.989602 0.147057 -1.000000000000e+00 -1.000000000000e+00 -1.000000000000e+00 -1.000000000000e+00 -1.000000000000e+00 -1.000000e+00 -1.000000000000e+00  -1.000000000000e+00  1.977248176390e-07  1.864929748837e-07   -1.000000000000e+00   -1.000000000000e+00   4.255148311897e-11    3.110667976501e-11    4646.719765     5995.270993     10.541069     9.012340     11.812333     1.528729     2.522016     4.023551     2.176252     0.432759     21.713152     -0.987506     1.402556 
102 3 11 35.000000 0.460000 0.965625 0.027594 0.979762 0.028031 5.668500165659e-08 2.859797467440e-08 5.889697689754e-08 2.954556992326e-08 5.687237923940e-08 2.857619e-08 5.770500602793e-08  2.899465924708e-08  1.501020115871e-07  1.371038735492e-07   9.879160549767e-12   4.963917578469e-12   3.441439284621e-11    2.347233406634e-11    4361.605688     5841.083940     10.541017     9.000739     11.900068     1.540278     2.539785     4.078050     2.173648     0.465095     24.032486     -0.971575     1.410895 
103 3 12 35.000000 0.500000 0.958520 0.013904 0.978805 0.014224 5.161753295729e-08 1.343964665982e-08 5.445366047114e-08 1.410414663006e-08 5.219493877100e-08 1.354030e-08 5.329949205455e-08  1.382691333333e-08  1.087025087726e-07  9.913621060354e-08   9.356917377721e-12   2.427364326783e-12   2.598822837804e-11    1.740371804685e-11    4182.759486     5696.266185     10.540621     8.988191     11.990193     1.552430     2.558113     4.133901     2.168531     0.501923     26.642480     -0.958015     1.419022 
104 3 13 35.000000 0.540000 0.963307 0.009906 0.981548 0.010121 4.486386602448e-08 9.039365495171e-09 4.156083048750e-08 8.333486545662e-09 4.003583316757e-08 8.038254e-09 4.079395014732e-08  8.190525493817e-09  7.669602888959e-08  6.926656894177e-08   7.545313350605e-12   1.514932511654e-12   1.966517460337e-11    1.281165382365e-11    3900.093970     5406.528298     10.540429     8.966426     12.121326     1.574003     2.586824     4.214173     2.171622     0.540549     29.193575     -0.947420     1.426750 
105 3 14 35.000000 0.580000 0.968425 0.008154 0.989042 0.008361 2.474806756462e-08 5.182550835386e-09 2.439881171502e-08 5.095605698081e-09 2.362840909887e-08 4.938718e-09 2.413145584710e-08  5.043896139710e-09  5.268004946564e-08  4.720418095702e-08   4.800008827644e-12   1.003285759041e-12   1.478395899277e-11    9.389424605422e-12    3563.324918     5027.377389     10.540276     8.937556     12.282661     1.602721     2.623240     4.312674     2.180968     0.579871     31.620567     -0.938663     1.433937 
106 3 15 35.000000 0.620000 0.967292 0.007189 0.992636 0.007414 1.429879963939e-08 3.379126157794e-09 1.414828894862e-08 3.338066131883e-09 1.368553296962e-08 3.230488e-09 1.404410622155e-08  3.315145736957e-09  3.514404414080e-08  3.130246903072e-08   3.055739540864e-12   7.213148172154e-13   1.093839112035e-11    6.810842273260e-12    3212.907982     4595.976206     10.540219     8.902845     12.469911     1.637374     2.666150     4.427361     2.195401     0.619627     33.905179     -0.931898     1.440915 
107 3 16 35.000000 0.660000 0.978773 0.006717 1.002510 0.006916 1.677328443347e-08 3.299972915229e-09 1.670060672621e-08 3.279159852763e-09 1.634610601462e-08 3.211514e-09 1.674251766838e-08  3.289417265110e-09  2.336676533109e-08  2.057000567597e-08   3.983734015232e-12   7.826877479757e-13   8.045679081619e-12    4.894450937903e-12    2904.262660     4202.719761     10.540150     8.866651     12.656237     1.673500     2.709640     4.541546     2.210277     0.659509     36.136907     -0.927547     1.446170 
108 3 17 35.000000 0.700000 1.012822 0.006530 1.041564 0.006750 8.767756948676e-09 2.195807729687e-09 8.914459277999e-09 2.230084825385e-09 9.028764136271e-09 2.259430e-09 9.284984178148e-09  2.323556438261e-09  1.550925986882e-08  1.364875613569e-08   2.387812634504e-12   5.975473209010e-13   5.827805394430e-12    3.510040698051e-12    2661.252190     3888.489425     10.540077     8.832325     12.819750     1.707752     2.749092     4.641091     2.222263     0.699134     38.378203     -0.921777     1.448227 
109 3 18 35.000000 0.740000 1.074977 0.006901 1.108146 0.007152 5.036045873805e-09 1.594293514253e-09 5.102238058552e-09 1.614150870291e-09 5.484786160868e-09 1.735531e-09 5.654022433586e-09  1.789086291143e-09  1.035208145146e-08  9.172741533063e-09   1.541768806253e-12   4.878575328942e-13   4.185430536112e-12    2.501271781217e-12    2473.361190     3667.231047     10.539986     8.802147     12.948083     1.737838     2.781716     4.717862     2.228769     0.738782     40.684644     -0.915796     1.446696 
110 3 19 35.000000 0.780000 1.171025 0.007908 1.199790 0.008146 3.531605748752e-09 1.335998723963e-09 3.543419817276e-09 1.339733195396e-09 4.149434881907e-09 1.569112e-09 4.251359086177e-09  1.607657443962e-09  6.953308746291e-09  6.188356638364e-09   1.209511615826e-12   4.573785260960e-13   2.959867430615e-12    1.760587399289e-12    2349.196006     3514.938617     10.539856     8.776458     13.042985     1.763398     2.807582     4.772945     2.229529     0.778358     43.025635     -0.906480     1.442372 
111 3 20 35.000000 0.820000 1.220216 0.009088 1.321845 0.009900 1.109631909115e-09 7.848697106398e-10 1.105071217061e-09 7.814892835481e-10 1.348425187995e-09 9.536383e-10 1.460733140351e-09  1.033065826748e-09  4.368464276734e-09  4.195376872336e-09   4.282363160322e-13   3.028590860606e-13   1.941723757413e-12    1.229939053579e-12    2249.786696     3411.044523     10.539766     8.753278     13.110566     1.786488     2.828618     4.809540     2.226797     0.817915     45.380836     -0.894886     1.434646 
112 3 21 35.000000 0.860000 1.169848 0.010150 1.443522 0.012591 3.862038410311e-09 1.578659202488e-09 3.876102052365e-09 1.583143490108e-09 4.534451753430e-09 1.852456e-09 5.595238299335e-09  2.285823382063e-09  2.501919553767e-09  2.825246298678e-09   1.684234639342e-12   6.880605817892e-13   1.151639462726e-12    8.504334268431e-13    2172.485083     3322.125177     10.539661     8.729018     13.167079     1.810643     2.848832     4.837416     2.224275     0.857705     47.694497     -0.882777     1.423711 
113 3 22 35.000000 0.900000 1.449702 0.015320 1.491914 0.015851 2.577433630852e-09 1.489528301342e-09 2.549353657500e-09 1.472399948423e-09 3.695803865637e-09 2.134899e-09 3.803415223064e-09  2.197065061577e-09  1.909553921332e-09  1.874362336551e-09   1.168096129429e-12   6.747575649826e-13   9.031582090682e-13    5.756498467999e-13    2114.307219     3256.080666     10.539647     8.706387     13.208808     1.833260     2.866392     4.855363     2.219658     0.897076     49.928459     -0.871492     1.411363 
114 3 23 35.000000 0.940000 1.436636 0.019454 1.467367 0.019956 4.899110208832e-09 2.454607883367e-09 5.095616328636e-09 2.549698670115e-09 7.320547905677e-09 3.664331e-09 7.477137508226e-09  3.742724468032e-09  1.194036743800e-09  1.225951711393e-09   2.344542482492e-12   1.173574313152e-12   5.782401261517e-13    3.844112624225e-13    2064.949646     3189.166997     10.539521     8.681619     13.251079     1.857902     2.885168     4.872391     2.216332     0.936746     52.071951     -0.863876     1.397528 
115 3 24 35.000000 0.980000 0.400038 0.007458 1.341112 0.025205 1.973136972711e-09 1.974931303113e-09 2.094010999994e-09 2.094710165229e-09 8.376841128964e-10 8.381093e-10 2.808303126600e-09  2.809736550309e-09  2.168110902644e-10  7.853986071845e-10   8.909114754434e-13   8.913662175330e-13   1.088341428021e-13    2.491613620020e-13    1992.123838     3152.168542     10.539321     8.656458     13.276540     1.882863     2.902060     4.876782     2.212595     0.976556     54.167774     -0.859409     1.380244 
116 3 25 35.000000 1.020000 1.040972 0.026976 1.204560 0.031106 -1.000000000000e+00 -1.000000000000e+00 -1.000000000000e+00 -1.000000000000e+00 -1.000000000000e+00 -1.000000e+00 -1.000000000000e+00  -1.000000000000e+00  3.578671119276e-10  4.893833659073e-10   -1.000000000000e+00   -1.000000000000e+00   1.836058416589e-13    1.589313126439e-13    1949.105261     3079.213012     10.539312     8.624663     13.325021     1.914649     2.925771     4.894255     2.215674     1.016350     56.058363     -0.860843     1.362193 
117 3 26 35.000000 1.060000 0.375579 0.014373 1.080370 0.040986 -1.000000000000e+00 -1.000000000000e+00 -1.000000000000e+00 -1.000000000000e+00 -1.000000000000e+00 -1.000000e+00 -1.000000000000e+00  -1.000000000000e+00  7.972732530527e-11  3.034074650879e-10   -1.000000000000e+00   -1.000000000000e+00   4.336326359809e-14    1.005583001270e-13    1838.591441     3017.229455     10.539077     8.593576     13.363395     1.945500     2.947792     4.904505     2.217908     1.055228     57.832526     -0.859133     1.343399 
118 3 27 35.000000 1.100000 0.759754 0.052489 0.839810 0.056083 1.330794837678e-08 1.342695319368e-08 1.584401309464e-08 1.590100697173e-08 1.203754840988e-08 1.210944e-08 1.330596320833e-08  1.338335777878e-08  1.061670447058e-10  1.802716366150e-10   4.482610725416e-12   4.508683977399e-12   5.805356122520e-14    6.073123449440e-14    1828.777468     2968.351263     10.538969     8.557172     13.401923     1.981797     2.973091     4.911751     2.224658     1.095174     59.517137     -0.866966     1.320743 
119 3 28 35.000000 1.140000 -1.000000 -1.000000 -1.000000 -1.000000 -1.000000000000e+00 -1.000000000000e+00 -1.000000000000e+00 -1.000000000000e+00 -1.000000000000e+00 -1.000000e+00 -1.000000000000e+00  -1.000000000000e+00  -1.000000000000e+00  -1.000000000000e+00   -1.000000000000e+00   -1.000000000000e+00   -1.000000000000e+00    -1.000000000000e+00    -1.000000     -1.000000     -0.001000     -0.001000     -1.000000     -0.001000     -0.001000     -0.000001     -0.001000     -0.001000     -1.000000     -1.000000     -1.000000 
120 3 29 35.000000 1.180000 -1.000000 -1.000000 -1.000000 -1.000000 -1.000000000000e+00 -1.000000000000e+00 -1.000000000000e+00 -1.000000000000e+00 -1.000000000000e+00 -1.000000e+00 -1.000000000000e+00  -1.000000000000e+00  -1.000000000000e+00  -1.000000000000e+00   -1.000000000000e+00   -1.000000000000e+00   -1.000000000000e+00    -1.000000000000e+00    -1.000000     -1.000000     -0.001000     -0.001000     -1.000000     -0.001000     -0.001000     -0.000001     -0.001000     -0.001000     -1.000000     -1.000000     -1.000000 
121 4 0 45.000000 0.020000 -1.000000 -1.000000 -1.000000 -1.000000 nan nan nan nan -1.000000000000e+00 -1.000000e+00 -1.000000000000e+00  -1.000000000000e+00  -1.000000000000e+00  -1.000000000000e+00   -1.000000000000e+00   -1.000000000000e+00   -1.000000000000e+00    -1.000000000000e+00    -1.000000     -1.000000     -0.001000     -0.001000     -1.000000     -0.001000     -0.001000     -0.000001     -0.001000     -0.001000     -1.000000     -1.000000     -1.000000 
122 4 1 45.000000 0.060000 -1.000000 -1.000000 -1.000000 -1.000000 nan nan nan nan -1.000000000000e+00 -1.000000e+00 -1.000000000000e+00  -1.000000000000e+00  -1.000000000000e+00  -1.000000000000e+00   -1.000000000000e+00   -1.000000000000e+00   -1.000000000000e+00    -1.000000000000e+00    -1.000000     -1.000000     -0.001000     -0.001000     -1.000000     -0.001000     -0.001000     -0.000001     -0.001000     -0.001000     -1.000000     -1.000000     -1.000000 
123 4 2 45.000000 0.100000 -1.000000 -1.000000 -1.000000 -1.000000 nan nan nan nan -1.000000000000e+00 -1.000000e+00 -1.000000000000e+00  -1.000000000000e+00  -1.000000000000e+00  -1.000000000000e+00   -1.000000000000e+00   -1.000000000000e+00   -1.000000000000e+00    -1.000000000000e+00    -1.000000     -1.000000     -0.001000     -0.001000     -1.000000     -0.001000     -0.001000     -0.000001     -0.001000     -0.001000     -1.000000     -1.000000     -1.000000 
124 4 3 45.000000 0.140000 -1.000000 -1.000000 -1.000000 -1.000000 nan nan nan nan -1.000000000000e+00 -1.000000e+00 -1.000000000000e+00  -1.000000000000e+00  -1.000000000000e+00  -1.000000000000e+00   -1.000000000000e+00   -1.000000000000e+00   -1.000000000000e+00    -1.000000000000e+00    -1.000000     -1.000000     -0.001000     -0.001000     -1.000000     -0.001000     -0.001000     -0.000001     -0.001000     -0.001000     -1.000000     -1.000000     -1.000000 
125 4 4 45.000000 0.180000 -1.000000 -1.000000 -1.000000 -1.000000 nan nan nan nan -1.000000000000e+00 -1.000000e+00 -1.000000000000e+00  -1.000000000000e+00  -1.000000000000e+00  -1.000000000000e+00   -1.000000000000e+00   -1.000000000000e+00   -1.000000000000e+00    -1.000000000000e+00    -1.000000     -1.000000     -0.001000     -0.001000     -1.000000     -0.001000     -0.001000     -0.000001     -0.001000     -0.001000     -1.000000     -1.000000     -1.000000 
126 4 5 45.000000 0.220000 -1.000000 -1.000000 -1.000000 -1.000000 nan nan nan nan -1.000000000000e+00 -1.000000e+00 -1.000000000000e+00  -1.000000000000e+00  -1.000000000000e+00  -1.000000000000e+00   -1.000000000000e+00   -1.000000000000e+00   -1.000000000000e+00    -1.000000000000e+00    -1.000000     -1.000000     -0.001000     -0.001000     -1.000000     -0.001000     -0.001000     -0.000001     -0.001000     -0.001000     -1.000000     -1.000000     -1.000000 
127 4 6 45.000000 0.260000 -1.000000 -1.000000 -1.000000 -1.000000 nan nan nan nan -1.000000000000e+00 -1.000000e+00 -1.000000000000e+00  -1.000000000000e+00  -1.000000000000e+00  -1.000000000000e+00   -1.000000000000e+00   -1.000000000000e+00   -1.000000000000e+00    -1.000000000000e+00    -1.000000     -1.000000     -0.001000     -0.001000     -1.000000     -0.001000     -0.001000     -0.000001     -0.001000     -0.001000     -1.000000     -1.000000     -1.000000 
128 4 7 45.000000 0.300000 -1.000000 -1.000000 -1.000000 -1.000000 nan nan nan nan -1.000000000000e+00 -1.000000e+00 -1.000000000000e+00  -1.000000000000e+00  -1.000000000000e+00  -1.000000000000e+00   -1.000000000000e+00   -1.000000000000e+00   -1.000000000000e+00    -1.000000000000e+00    -1.000000     -1.000000     -0.001000     -0.001000     -1.000000     -0.001000     -0.001000     -0.000001     -0.001000     -0.001000     -1.000000     -1.000000     -1.000000 
129 4 8 45.000000 0.340000 -1.000000 -1.000000 -1.000000 -1.000000 nan nan nan nan -1.000000000000e+00 -1.000000e+00 -1.000000000000e+00  -1.000000000000e+00  -1.000000000000e+00  -1.000000000000e+00   -1.000000000000e+00   -1.000000000000e+00   -1.000000000000e+00    -1.000000000000e+00    -1.000000     -1.000000     -0.001000     -0.001000     -1.000000     -0.001000     -0.001000     -0.000001     -0.001000     -0.001000     -1.000000     -1.000000     -1.000000 
130 4 9 45.000000 0.380000 -1.000000 -1.000000 -1.000000 -1.000000 nan nan nan nan -1.000000000000e+00 -1.000000e+00 -1.000000000000e+00  -1.000000000000e+00  -1.000000000000e+00  -1.000000000000e+00   -1.000000000000e+00   -1.000000000000e+00   -1.000000000000e+00    -1.000000000000e+00    -1.000000     -1.000000     -0.001000     -0.001000     -1.000000     -0.001000     -0.001000     -0.000001     -0.001000     -0.001000     -1.000000     -1.000000     -1.000000 
131 4 10 45.000000 0.420000 -1.000000 -1.000000 -1.000000 -1.000000 nan nan nan nan -1.000000000000e+00 -1.000000e+00 -1.000000000000e+00  -1.000000000000e+00  1.961432050648e-07  2.049699540026e-07   -1.000000000000e+00   -1.000000000000e+00   4.242806134581e-11    3.446781024844e-11    4622.959401     5946.706580     10.541109     8.940840     11.844778     1.600269     2.564057     4.013524     2.252958     0.434936     23.831148     -0.994648     1.336516 
132 4 11 45.000000 0.460000 0.450342 0.036042 0.986423 0.078959 4.464232018137e-07 2.381247900922e-07 5.237099694650e-07 2.689078472783e-07 2.358484335597e-07 1.225627e-07 5.165997511471e-07  2.684608289728e-07  6.870163961251e-08  1.584121274214e-07   8.679819153127e-11   4.510632148018e-11   1.659295494712e-11    2.661613008188e-11    4140.410182     5951.734040     10.541375     8.925142     11.893115     1.616233     2.579038     4.039228     2.254340     0.468828     26.382300     -0.984783     1.331790 
133 4 12 45.000000 0.500000 0.960375 0.024032 0.982767 0.024619 7.668733162517e-08 2.933779839769e-08 7.905242109730e-08 3.001083727979e-08 7.591995496397e-08 2.888420e-08 7.769010375487e-08  2.955779913103e-08  1.089970274324e-07  1.210760767627e-07   1.327857665520e-11   5.051936894803e-12   2.667967567697e-11    2.069398660448e-11    4085.395518     5850.785500     10.540901     8.901100     11.967436     1.639800     2.601428     4.078485     2.262169     0.504357     28.881255     -0.975909     1.325407 
134 4 13 45.000000 0.540000 0.959270 0.012862 0.983091 0.013209 7.357569531241e-08 1.489266866986e-08 7.743589472913e-08 1.555677409244e-08 7.428194908107e-08 1.495635e-08 7.612655287267e-08  1.532789770164e-08  7.986927195401e-08  9.100212650365e-08   1.322511019992e-11   2.662844022063e-12   2.040326727040e-11    1.580937407544e-11    3914.533437     5756.213122     10.540690     8.880133     12.039054     1.660557     2.622005     4.117461     2.264792     0.542046     31.379008     -0.968389     1.321347 
135 4 14 45.000000 0.580000 0.963256 0.008917 0.987188 0.009171 4.285175059111e-08 7.751794389247e-09 4.345924205417e-08 7.826118573655e-09 4.186238644750e-08 7.548512e-09 4.290243045493e-08  7.736121694635e-09  5.776217241836e-08  6.737227775652e-08   7.629887811323e-12   1.375813444574e-12   1.537120566738e-11    1.198167365869e-11    3757.816639     5622.943812     10.540433     8.856725     12.118187     1.683707     2.644870     4.160467     2.268193     0.581050     33.843070     -0.959886     1.316791 
136 4 15 45.000000 0.620000 0.965240 0.007061 0.992323 0.007298 3.284169810123e-08 5.222319326402e-09 3.305158745340e-08 5.236924396837e-09 3.190271519240e-08 5.060273e-09 3.279785665460e-08  5.202315963770e-09  4.096848284332e-08  4.917045089537e-08   6.020357793681e-12   9.549344576846e-13   1.149744767902e-11    9.025702819067e-12    3563.267604     5447.825159     10.540280     8.828507     12.206681     1.711773     2.671681     4.207713     2.275709     0.620263     36.203541     -0.952540     1.309909 
137 4 16 45.000000 0.660000 0.964650 0.006156 0.996672 0.006409 2.729134354086e-08 4.043656688913e-09 2.773008524803e-08 4.096135268812e-09 2.674983448750e-08 3.955023e-09 2.763778879301e-08  4.086368728877e-09  2.853305929657e-08  3.542973658844e-08   5.268971669851e-12   7.790406543113e-13   8.491146573998e-12    6.754457809665e-12    3360.330557     5245.385727     10.540160     8.797186     12.301740     1.742974     2.701110     4.258041     2.285411     0.659750     38.459563     -0.945721     1.301848 
138 4 17 45.000000 0.700000 0.966652 0.005679 1.000505 0.005940 2.468699846771e-08 3.439415857852e-09 2.527577870116e-08 3.511365299947e-09 2.443288798365e-08 3.397302e-09 2.528854948626e-08  3.516345634426e-09  1.958335677269e-08  2.512701791952e-08   5.020579823628e-12   6.981062300426e-13   6.194449210649e-12    4.988510680029e-12    3161.436329     5036.977874     10.540076     8.763712     12.398586     1.776364     2.732043     4.308593     2.296303     0.699528     40.625171     -0.940005     1.292542 
139 4 18 45.000000 0.740000 0.962821 0.005423 1.004836 0.005738 1.297696831698e-08 2.375260565317e-09 1.262160286926e-08 2.306569683928e-09 1.215234180118e-08 2.221868e-09 1.268264568877e-08  2.318856448455e-09  1.319639806522e-08  1.771165730157e-08   2.615051755496e-12   4.781281268186e-13   4.414297919755e-12    3.651990417128e-12    2989.467024     4849.864123     10.539990     8.728902     12.489451     1.811088     2.763036     4.354325     2.307712     0.739271     42.701972     -0.936385     1.281216 
140 4 19 45.000000 0.780000 0.963237 0.005391 1.007957 0.005741 1.345444634986e-08 2.348532679026e-09 1.321345180098e-08 2.302574702715e-09 1.272769017145e-08 2.219070e-09 1.331859369516e-08  2.322136071655e-09  8.807778974762e-09  1.234234690343e-08   2.850420441647e-12   4.969792065460e-13   3.118357998226e-12    2.641485934376e-12    2824.492563     4672.501467     10.539908     8.694229     12.576596     1.845679     2.793567     4.397485     2.318128     0.778956     44.688531     -0.932948     1.269666 
141 4 20 45.000000 0.820000 0.960331 0.005447 1.011555 0.005861 8.642455741801e-09 1.846028285946e-09 8.632720922922e-09 1.841852558270e-09 8.290271271941e-09 1.769413e-09 8.732473149514e-09  1.863822360172e-09  5.756091947771e-09  8.541711559847e-09   1.931701361582e-12   4.122942182871e-13   2.147531274017e-12    1.889503187458e-12    2680.329743     4520.612411     10.539827     8.658153     12.655946     1.881673     2.824023     4.434413     2.329075     0.818857     46.605705     -0.931416     1.255837 
142 4 21 45.000000 0.860000 0.950802 0.005634 1.013659 0.006162 8.708573069617e-09 1.904203813102e-09 8.509139413175e-09 1.858302793030e-09 8.090510402781e-09 1.767529e-09 8.625368234555e-09  1.884415526995e-09  3.687677048107e-09  5.896692347561e-09   1.953813065488e-12   4.268566369955e-13   1.432379068217e-12    1.335715095116e-12    2574.511964     4414.633307     10.539735     8.622700     12.717653     1.917035     2.852058     4.459209     2.338664     0.858600     48.459567     -0.930076     1.239564 
143 4 22 45.000000 0.900000 0.925875 0.005840 1.013981 0.006595 5.084657609283e-09 1.469755948652e-09 5.234388425697e-09 1.511848733150e-09 4.846390766887e-09 1.400117e-09 5.307568457860e-09  1.533373975806e-09  2.278816273398e-09  4.070549734040e-09   1.221941981421e-12   3.530230554976e-13   9.180747476376e-13    9.371477065210e-13    2482.168559     4343.551935     10.539670     8.586854     12.765687     1.952816     2.878820     4.474112     2.347853     0.898502     50.251607     -0.929616     1.220919 
144 4 23 45.000000 0.940000 0.939601 0.006474 1.028845 0.007342 4.404127611046e-09 1.469821225468e-09 4.412195767277e-09 1.471432914618e-09 4.145703713982e-09 1.382855e-09 4.539466677008e-09  1.514223350210e-09  1.441358396152e-09  2.856737358579e-09   1.053842916656e-12   3.515288612946e-13   5.944877593640e-13    6.631951822298e-13    2424.538392     4307.536356     10.539531     8.550289     12.799163     1.989242     2.904373     4.478300     2.357201     0.938194     51.959079     -0.929477     1.199684 
145 4 24 45.000000 0.980000 0.910125 0.007040 1.033923 0.008320 6.077549167238e-09 1.835986319011e-09 6.314224919423e-09 1.905213153573e-09 5.746732865412e-09 1.734552e-09 6.528423618243e-09  1.970544453553e-09  8.464176758361e-10  1.980546890825e-09   1.518651819450e-12   4.583910442536e-13   3.583185340347e-13    4.607178264066e-13    2362.193399     4298.828431     10.539494     8.514630     12.819605     2.024863     2.928118     4.473805     2.365001     0.977935     53.609484     -0.928378     1.177396 
146 4 25 45.000000 1.020000 0.697159 0.006231 1.036444 0.009670 6.573490131508e-10 6.575020220147e-10 7.087685346288e-10 7.088299966817e-10 4.941242996897e-10 4.941869e-10 7.345985626765e-10  7.346942320600e-10  3.809182422651e-10  1.366797834509e-09   1.703702996911e-13   1.703924876212e-13   1.640261085440e-13    3.169918490366e-13    2322.302502     4311.775961     10.539459     8.477858     12.831502     2.061601     2.951763     4.462706     2.373126     1.018019     55.195545     -0.928216     1.153546 
147 4 26 45.000000 1.060000 0.655678 0.006862 1.032486 0.011282 4.032513295202e-09 1.806629459991e-09 4.510925252920e-09 2.018696458321e-09 2.957715040764e-09 1.323977e-09 4.657465231139e-09  2.084896153512e-09  2.027835740318e-10  9.466560348078e-10   1.063850522340e-12   4.762285388862e-13   8.712383585712e-14    2.162336092975e-13    2327.532667     4377.931987     10.539368     8.442811     12.821030     2.096557     2.971961     4.436999     2.379163     1.057600     56.720931     -0.927052     1.127779 
148 4 27 45.000000 1.100000 0.216281 0.002723 1.013784 0.013224 2.869202578756e-09 1.659183775103e-09 3.492497414456e-09 2.017463885549e-09 7.553610503003e-10 4.364429e-10 3.540637064370e-09  2.045793441678e-09  3.571272903846e-11  6.290519920089e-10   7.995397404538e-13   4.619770757759e-13   1.554294109046e-14    1.420512911318e-13    2297.681554     4428.344065     10.539363     8.406329     12.817556     2.133034     2.994207     4.415440     2.385918     1.097658     58.181859     -0.927571     1.103107 
149 4 28 45.000000 1.140000 0.735626 0.011431 1.025298 0.016150 4.660024197197e-09 2.338149811205e-09 6.264953795245e-09 3.135708605568e-09 4.608660357309e-09 2.307819e-09 6.423445373708e-09  3.216627849151e-09  6.000497753833e-11  4.219210575646e-10   1.419594370481e-12   7.108812359918e-13   2.547466587972e-14    9.324540386968e-14    2355.476528     4524.845623     10.539277     8.370218     12.797191     2.169060     3.014524     4.382535     2.392192     1.137098     59.565953     -0.928282     1.076701 
150 4 29 45.000000 1.180000 0.671407 0.013116 1.017981 0.019489 1.384718992135e-09 1.387045741438e-09 2.086330924322e-09 2.087133450251e-09 1.400776801600e-09 1.401583e-09 2.123845772002e-09  2.125051777319e-09  2.408406845733e-11  2.568126174113e-10   4.640128336958e-13   4.642763189036e-13   1.003057347811e-14    5.610781719875e-14    2401.065952     4577.127221     10.539103     8.332292     12.793130     2.206811     3.038069     4.359849     2.399253     1.177259     60.902492     -0.929290     1.052804 
151 5 0 55.000000 0.020000 -1.000000 -1.000000 -1.000000 -1.000000 nan nan nan nan -1.000000000000e+00 -1.000000e+00 -1.000000000000e+00  -1.000000000000e+00  -1.000000000000e+00  -1.000000000000e+00   -1.000000000000e+00   -1.000000000000e+00   -1.000000000000e+00    -1.000000000000e+00    -1.000000     -1.000000     -0.001000     -0.001000     -1.000000     -0.001000     -0.001000     -0.000001     -0.001000     -0.001000     -1.000000     -1.000000     -1.000000 
152 5 1 55.000000 0.060000 -1.000000 -1.000000 -1.000000 -1.000000 nan nan nan nan -1.000000000000e+00 -1.000000e+00 -1.000000000000e+00  -1.000000000000e+00  -1.000000000000e+00  -1.000000000000e+00   -1.000000000000e+00   -1.000000000000e+00   -1.000000000000e+00    -1.000000000000e+00    -1.000000     -1.000000     -0.001000     -0.001000     -1.000000     -0.001000     -0.001000     -0.000001     -0.001000     -0.001000     -1.000000     -1.000000     -1.000000 
153 5 2 55.000000 0.100000 -1.000000 -1.000000 -1.000000 -1.000000 nan nan nan nan -1.000000000000e+00 -1.000000e+00 -1.000000000000e+00  -1.000000000000e+00  -1.000000000000e+00  -1.000000000000e+00   -1.000000000000e+00   -1.000000000000e+00   -1.000000000000e+00    -1.000000000000e+00    -1.000000     -1.000000     -0.001000     -0.001000     -1.000000     -0.001000     -0.001000     -0.000001     -0.001000     -0.001000     -1.000000     -1.000000     -1.000000 
154 5 3 55.000000 0.140000 -1.000000 -1.000000 -1.000000 -1.000000 nan nan nan nan -1.000000000000e+00 -1.000000e+00 -1.000000000000e+00  -1.000000000000e+00  -1.000000000000e+00  -1.000000000000e+00   -1.000000000000e+00   -1.000000000000e+00   -1.000000000000e+00    -1.000000000000e+00    -1.000000     -1.000000     -0.001000     -0.001000     -1.000000     -0.001000     -0.001000     -0.000001     -0.001000     -0.001000     -1.000000     -1.000000     -1.000000 
155 5 4 55.000000 0.180000 -1.000000 -1.000000 -1.000000 -1.000000 nan nan nan nan -1.000000000000e+00 -1.000000e+00 -1.000000000000e+00  -1.000000000000e+00  -1.000000000000e+00  -1.000000000000e+00   -1.000000000000e+00   -1.000000000000e+00   -1.000000000000e+00    -1.000000000000e+00    -1.000000     -1.000000     -0.001000     -0.001000     -1.000000     -0.001000     -0.001000     -0.000001     -0.001000     -0.001000     -1.000000     -1.000000     -1.000000 
156 5 5 55.000000 0.220000 -1.000000 -1.000000 -1.000000 -1.000000 nan nan nan nan -1.000000000000e+00 -1.000000e+00 -1.000000000000e+00  -1.000000000000e+00  -1.000000000000e+00  -1.000000000000e+00   -1.000000000000e+00   -1.000000000000e+00   -1.000000000000e+00    -1.000000000000e+00    -1.000000     -1.000000     -0.001000     -0.001000     -1.000000     -0.001000     -0.001000     -0.000001     -0.001000     -0.001000     -1.000000     -1.000000     -1.000000 
157 5 6 55.000000 0.260000 -1.000000 -1.000000 -1.000000 -1.000000 nan nan nan nan -1.000000000000e+00 -1.000000e+00 -1.000000000000e+00  -1.000000000000e+00  -1.000000000000e+00  -1.000000000000e+00   -1.000000000000e+00   -1.000000000000e+00   -1.000000000000e+00    -1.000000000000e+00    -1.000000     -1.000000     -0.001000     -0.001000     -1.000000     -0.001000     -0.001000     -0.000001     -0.001000     -0.001000     -1.000000     -1.000000     -1.000000 
158 5 7 55.000000 0.300000 -1.000000 -1.000000 -1.000000 -1.000000 nan nan nan nan -1.000000000000e+00 -1.000000e+00 -1.000000000000e+00  -1.000000000000e+00  -1.000000000000e+00  -1.000000000000e+00   -1.000000000000e+00   -1.000000000000e+00   -1.000000000000e+00    -1.000000000000e+00    -1.000000     -1.000000     -0.001000     -0.001000     -1.000000     -0.001000     -0.001000     -0.000001     -0.001000     -0.001000     -1.000000     -1.000000     -1.000000 
159 5 8 55.000000 0.340000 -1.000000 -1.000000 -1.000000 -1.000000 nan nan nan nan -1.000000000000e+00 -1.000000e+00 -1.000000000000e+00  -1.000000000000e+00  -1.000000000000e+00  -1.000000000000e+00   -1.000000000000e+00   -1.000000000000e+00   -1.000000000000e+00    -1.000000000000e+00    -1.000000     -1.000000     -0.001000     -0.001000     -1.000000     -0.001000     -0.001000     -0.000001     -0.001000     -0.001000     -1.000000     -1.000000     -1.000000 
160 5 9 55.000000 0.380000 -1.000000 -1.000000 -1.000000 -1.000000 nan nan nan nan -1.000000000000e+00 -1.000000e+00 -1.000000000000e+00  -1.000000000000e+00  -1.000000000000e+00  -1.000000000000e+00   -1.000000000000e+00   -1.000000000000e+00   -1.000000000000e+00    -1.000000000000e+00    -1.000000     -1.000000     -0.001000     -0.001000     -1.000000     -0.001000     -0.001000     -0.000001     -0.001000     -0.001000     -1.000000     -1.000000     -1.000000 
161 5 10 55.000000 0.420000 -1.000000 -1.000000 -1.000000 -1.000000 nan nan nan nan -1.000000000000e+00 -1.000000e+00 -1.000000000000e+00  -1.000000000000e+00  -1.000000000000e+00  -1.000000000000e+00   -1.000000000000e+00   -1.000000000000e+00   -1.000000000000e+00    -1.000000000000e+00    -1.000000     -1.000000     -0.001000     -0.001000     -1.000000     -0.001000     -0.001000     -0.000001     -0.001000     -0.001000     -1.000000     -1.000000     -1.000000 
162 5 11 55.000000 0.460000 -1.000000 -1.000000 -1.000000 -1.000000 nan nan nan nan -1.000000000000e+00 -1.000000e+00 -1.000000000000e+00  -1.000000000000e+00  -1.000000000000e+00  -1.000000000000e+00   -1.000000000000e+00   -1.000000000000e+00   -1.000000000000e+00    -1.000000000000e+00    -1.000000     -1.000000     -0.001000     -0.001000     -1.000000     -0.001000     -0.001000     -0.000001     -0.001000     -0.001000     -1.000000     -1.000000     -1.000000 
163 5 12 55.000000 0.500000 0.858235 0.383951 1.026714 0.459314 2.541090653709e-06 2.584790359079e-06 1.205164083602e-05 1.227957141671e-05 1.034313684487e-05 1.150985e-05 1.237358883456e-05  1.376929125955e-05  9.282231089256e-08  1.495083189326e-07   2.014347375104e-09   2.241559508447e-09   2.286804274242e-11    2.433907363698e-11    4059.040467     6142.728403     10.541921     8.817007     11.907540     1.724913     2.641112     4.000148     2.351725     0.508903     30.113802     -0.991902     1.235805 
164 5 13 55.000000 0.540000 0.963150 0.081310 0.990122 0.083610 3.485169036269e-07 2.123317545670e-07 4.409388345857e-07 2.603269895106e-07 4.246902486181e-07 2.532843e-07 4.365834230253e-07  2.603787880325e-07  7.990544318798e-08  1.155898044732e-07   7.235471657070e-11   4.315242497886e-11   2.019715923188e-11    1.915663101262e-11    3956.271388     6033.931770     10.541180     8.786856     11.982599     1.754324     2.667221     4.036417     2.363680     0.546290     32.328972     -0.988446     1.226104 
165 5 14 55.000000 0.580000 0.951626 0.032502 0.980212 0.033497 6.497285858644e-08 3.790121315993e-08 6.683577640401e-08 3.872798962486e-08 6.360267160727e-08 3.691853e-08 6.551321018204e-08  3.802758792184e-08  5.945463402708e-08  9.050175967713e-08   1.095477652355e-11   6.358774455651e-12   1.563491323969e-11    1.513323113759e-11    3802.683975     5980.332875     10.540993     8.759426     12.038836     1.781567     2.689878     4.061463     2.372480     0.583291     34.467709     -0.984371     1.214847 
166 5 15 55.000000 0.620000 0.952403 0.020049 0.980253 0.020662 9.910536141764e-08 2.792657734292e-08 1.014436770316e-07 2.829831078239e-08 9.661530450986e-08 2.702804e-08 9.944050539531e-08  2.781859319836e-08  4.370014966492e-08  7.012979269381e-08   1.670769750337e-11   4.673997163225e-12   1.161721788445e-11    1.178299886594e-11    3761.670832     5951.777938     10.540797     8.733823     12.086339     1.806974     2.710456     4.081418     2.377623     0.621507     36.612863     -0.980006     1.203650 
167 5 16 55.000000 0.660000 0.940142 0.014858 0.978420 0.015494 6.647600270658e-08 1.680124804678e-08 6.648117548597e-08 1.668589619776e-08 6.250175367886e-08 1.571818e-08 6.504649847341e-08  1.635827539149e-08  3.159295607414e-08  5.414936353407e-08   1.087841685186e-11   2.735768148364e-12   8.619974920719e-12    9.055973228558e-12    3665.086774     5979.408526     10.540547     8.710046     12.116760     1.830500     2.727889     4.090649     2.379159     0.660717     38.772742     -0.975867     1.190868 
168 5 17 55.000000 0.700000 0.946224 0.012478 0.978192 0.012934 4.672118199635e-08 1.142058762607e-08 4.781797801033e-08 1.163129422915e-08 4.524654035674e-08 1.102198e-08 4.677516748933e-08  1.139443766081e-08  2.279930170484e-08  4.129642998624e-08   7.825277179849e-12   1.906238668728e-12   6.325147917571e-12    6.908708798409e-12    3604.548384     5977.445452     10.540376     8.684152     12.151691     1.856224     2.747262     4.101882     2.382041     0.700007     40.839687     -0.971921     1.177590 
169 5 18 55.000000 0.740000 0.946381 0.011168 0.983292 0.011642 3.851145974057e-08 9.402267592021e-09 3.729456254794e-08 9.066396772764e-09 3.529487510154e-08 8.590370e-09 3.667145829288e-08  8.925485923423e-09  1.608151324731e-08  3.136998626387e-08   6.126829242122e-12   1.491212258837e-12   4.487551544589e-12    5.241093703758e-12    3583.582960     5985.389317     10.540159     8.657261     12.181790     1.882898     2.766696     4.109302     2.384853     0.739570     42.846643     -0.968811     1.163007 
170 5 19 55.000000 0.780000 0.943665 0.010671 0.985349 0.011186 3.805966810599e-08 8.789536638897e-09 3.742191085257e-08 8.605714403066e-09 3.531375468646e-08 8.130726e-09 3.687365575132e-08  8.489960286626e-09  1.116309659545e-08  2.368717710256e-08   6.158554379197e-12   1.417973917613e-12   3.205264593715e-12    3.956178613252e-12    3482.737936     5987.388189     10.540004     8.628377     12.210341     1.911627     2.787292     4.114679     2.389071     0.779034     44.760151     -0.965472     1.147028 
171 5 20 55.000000 0.820000 0.929685 0.010545 0.985109 0.011222 5.788551840917e-08 1.068008506153e-08 5.733642238286e-08 1.050756959993e-08 5.330483252447e-08 9.787427e-09 5.648264765532e-08  1.037108435116e-08  7.486959852671e-09  1.764492323181e-08   9.420895426001e-12   1.729821550201e-12   2.180035224198e-12    2.943045049536e-12    3434.329762     5995.464879     10.539924     8.599238     12.234369     1.940686     2.807688     4.116846     2.392643     0.818765     46.618768     -0.961669     1.130448 
172 5 21 55.000000 0.860000 0.929256 0.011160 0.982491 0.011849 1.546913483249e-08 5.485453550987e-09 1.647696591456e-08 5.832167032796e-09 1.531132421479e-08 5.422696e-09 1.618846627433e-08  5.733374943584e-09  4.997332885918e-09  1.299693717104e-08   2.698424553938e-12   9.556853294518e-13   1.467143500654e-12    2.166434657491e-12    3406.165030     5999.228791     10.539750     8.568375     12.258275     1.971375     2.829188     4.117988     2.397172     0.858520     48.395797     -0.959002     1.113159 
173 5 22 55.000000 0.900000 0.863837 0.011318 0.980333 0.012891 2.425001554529e-08 7.347859422787e-09 2.570800063261e-08 7.765436800233e-09 2.220752064250e-08 6.714379e-09 2.520239789821e-08  7.619922370688e-09  3.012050127199e-09  9.397615755110e-09   4.198163744775e-12   1.269311037935e-12   8.974179015206e-13    1.565435555370e-12    3356.351731     6003.195547     10.539655     8.537583     12.280177     2.002072     2.850625     4.117770     2.400907     0.898378     50.116790     -0.956729     1.096033 
174 5 23 55.000000 0.940000 0.822764 0.012050 0.977924 0.014361 2.614842895358e-08 8.762652971966e-09 2.620173856251e-08 8.750559102470e-09 2.155785638910e-08 7.206568e-09 2.562329809172e-08  8.565647079768e-09  1.826986592935e-09  6.741363222381e-09   4.255357792222e-12   1.422529329200e-12   5.508250631848e-13    1.119563625879e-12    3316.818197     6021.420370     10.539602     8.506478     12.295434     2.033124     2.871672     4.112909     2.404685     0.937775     51.754762     -0.953647     1.078019 
175 5 24 55.000000 0.980000 0.879594 0.015184 0.968550 0.016736 2.571353231645e-08 9.771939015066e-09 2.716197292623e-08 1.028713073589e-08 2.389149560496e-08 9.057888e-09 2.630771824797e-08  9.973960580005e-09  1.194991413238e-09  4.661090550750e-09   4.363494886740e-12   1.654317777816e-12   3.629012152304e-13    7.731056184015e-13    3292.883471     6029.047571     10.539505     8.474592     12.311788     2.064913     2.893473     4.108320     2.408289     0.977606     53.350908     -0.950474     1.060239 
176 5 25 55.000000 1.020000 0.812514 0.017116 0.961738 0.020231 2.234425674891e-08 1.123084058198e-08 2.290983970349e-08 1.147482221243e-08 1.861457645077e-08 9.331702e-09 2.203326175864e-08  1.104550008513e-08  6.499163517112e-10  3.154340778730e-09   3.634675534372e-12   1.822100121358e-12   1.983471110424e-13    5.203498865086e-13    3276.661547     6061.961116     10.539407     8.442799     12.319317     2.096608     2.914382     4.097857     2.411410     1.017156     54.885346     -0.946760     1.041552 
177 5 26 55.000000 1.060000 0.489339 0.013300 0.956410 0.025892 -1.000000000000e+00 -1.000000000000e+00 -1.000000000000e+00 -1.000000000000e+00 -1.000000000000e+00 -1.000000e+00 -1.000000000000e+00  -1.000000000000e+00  2.175437518139e-10  2.041384662027e-09   -1.000000000000e+00   -1.000000000000e+00   6.672318250765e-14    3.350072616483e-13    3260.392320     6093.553471     10.539477     8.410540     12.326375     2.128937     2.935858     4.086888     2.414696     1.056652     56.360827     -0.943887     1.022989 
178 5 27 55.000000 1.100000 0.728042 0.026860 0.920999 0.033759 -1.000000000000e+00 -1.000000000000e+00 -1.000000000000e+00 -1.000000000000e+00 -1.000000000000e+00 -1.000000e+00 -1.000000000000e+00  -1.000000000000e+00  1.719274872974e-10  1.216391948421e-09   -1.000000000000e+00   -1.000000000000e+00   5.155203547956e-14    1.977502302931e-13    3335.028107     6151.153132     10.539478     8.377631     12.327605     2.161847     2.957243     4.071706     2.417984     1.096269     57.789497     -0.942958     1.003674 
179 5 28 55.000000 1.140000 0.693245 0.035365 0.888152 0.044859 -1.000000000000e+00 -1.000000000000e+00 -1.000000000000e+00 -1.000000000000e+00 -1.000000000000e+00 -1.000000e+00 -1.000000000000e+00  -1.000000000000e+00  8.104237529197e-11  6.756279744633e-10   -1.000000000000e+00   -1.000000000000e+00   2.382482076995e-14    1.088608655591e-13    3401.594332     6206.343951     10.539349     8.341789     12.330530     2.197560     2.980843     4.056154     2.424028     1.135589     59.120249     -0.943213     0.983592 
180 5 29 55.000000 1.180000 -1.000000 -1.000000 0.864668 0.072655 1.344887382165e-07 1.383892420015e-07 1.152550796324e-07 1.160902249517e-07 -1.000000000000e+00 -1.000000e+00 9.965738580344e-08  1.007281853830e-07  -1.000000000000e+00  3.425703480052e-10   1.573980751878e-11   1.590892874485e-11   -1.000000000000e+00    5.410528578262e-14    -1.000000     6331.550477     10.539174     8.306779     12.316147     2.232395     3.002211     4.029682     2.429061     1.174444     60.401383     -0.944172     0.961925 
181 6 0 65.000000 0.020000 -1.000000 -1.000000 -1.000000 -1.000000 nan nan nan nan -1.000000000000e+00 -1.000000e+00 -1.000000000000e+00  -1.000000000000e+00  -1.000000000000e+00  -1.000000000000e+00   -1.000000000000e+00   -1.000000000000e+00   -1.000000000000e+00    -1.000000000000e+00    -1.000000     -1.000000     -0.001000     -0.001000     -1.000000     -0.001000     -0.001000     -0.000001     -0.001000     -0.001000     -1.000000     -1.000000     -1.000000 
182 6 1 65.000000 0.060000 -1.000000 -1.000000 -1.000000 -1.000000 nan nan nan nan -1.000000000000e+00 -1.000000e+00 -1.000000000000e+00  -1.000000000000e+00  -1.000000000000e+00  -1.000000000000e+00   -1.000000000000e+00   -1.000000000000e+00   -1.000000000000e+00    -1.000000000000e+00    -1.000000     -1.000000     -0.001000     -0.001000     -1.000000     -0.001000     -0.001000     -0.000001     -0.001000     -0.001000     -1.000000     -1.000000     -1.000000 
183 6 2 65.000000 0.100000 -1.000000 -1.000000 -1.000000 -1.000000 nan nan nan nan -1.000000000000e+00 -1.000000e+00 -1.000000000000e+00  -1.000000000000e+00  -1.000000000000e+00  -1.000000000000e+00   -1.000000000000e+00   -1.000000000000e+00   -1.000000000000e+00    -1.000000000000e+00    -1.000000     -1.000000     -0.001000     -0.001000     -1.000000     -0.001000     -0.001000     -0.000001     -0.001000     -0.001000     -1.000000     -1.000000     -1.000000 
184 6 3 65.000000 0.140000 -1.000000 -1.000000 -1.000000 -1.000000 nan nan nan nan -1.000000000000e+00 -1.000000e+00 -1.000000000000e+00  -1.000000000000e+00  -1.000000000000e+00  -1.000000000000e+00   -1.000000000000e+00   -1.000000000000e+00   -1.000000000000e+00    -1.000000000000e+00    -1.000000     -1.000000     -0.001000     -0.001000     -1.000000     -0.001000     -0.001000     -0.000001     -0.001000     -0.001000     -1.000000     -1.000000     -1.000000 
185 6 4 65.000000 0.180000 -1.000000 -1.000000 -1.000000 -1.000000 nan nan nan nan -1.000000000000e+00 -1.000000e+00 -1.000000000000e+00  -1.000000000000e+00  -1.000000000000e+00  -1.000000000000e+00   -1.000000000000e+00   -1.000000000000e+00   -1.000000000000e+00    -1.000000000000e+00    -1.000000     -1.000000     -0.001000     -0.001000     -1.000000     -0.001000     -0.001000     -0.000001     -0.001000     -0.001000     -1.000000     -1.000000     -1.000000 
186 6 5 65.000000 0.220000 -1.000000 -1.000000 -1.000000 -1.000000 nan nan nan nan -1.000000000000e+00 -1.000000e+00 -1.000000000000e+00  -1.000000000000e+00  -1.000000000000e+00  -1.000000000000e+00   -1.000000000000e+00   -1.000000000000e+00   -1.000000000000e+00    -1.000000000000e+00    -1.000000     -1.000000     -0.001000     -0.001000     -1.000000     -0.001000     -0.001000     -0.000001     -0.001000     -0.001000     -1.000000     -1.000000     -1.000000 
187 6 6 65.000000 0.260000 -1.000000 -1.000000 -1.000000 -1.000000 nan nan nan nan -1.000000000000e+00 -1.000000e+00 -1.000000000000e+00  -1.000000000000e+00  -1.000000000000e+00  -1.000000000000e+00   -1.000000000000e+00   -1.000000000000e+00   -1.000000000000e+00    -1.000000000000e+00    -1.000000     -1.000000     -0.001000     -0.001000     -1.000000     -0.001000     -0.001000     -0.000001     -0.001000     -0.001000     -1.000000     -1.000000     -1.000000 
188 6 7 65.000000 0.300000 -1.000000 -1.000000 -1.000000 -1.000000 nan nan nan nan -1.000000000000e+00 -1.000000e+00 -1.000000000000e+00  -1.000000000000e+00  -1.000000000000e+00  -1.000000000000e+00   -1.000000000000e+00   -1.000000000000e+00   -1.000000000000e+00    -1.000000000000e+00    -1.000000     -1.000000     -0.001000     -0.001000     -1.000000     -0.001000     -0.001000     -0.000001     -0.001000     -0.001000     -1.000000     -1.000000     -1.000000 
189 6 8 65.000000 0.340000 -1.000000 -1.000000 -1.000000 -1.000000 nan nan nan nan -1.000000000000e+00 -1.000000e+00 -1.000000000000e+00  -1.000000000000e+00  -1.000000000000e+00  -1.000000000000e+00   -1.000000000000e+00   -1.000000000000e+00   -1.000000000000e+00    -1.000000000000e+00    -1.000000     -1.000000     -0.001000     -0.001000     -1.000000     -0.001000     -0.001000     -0.000001     -0.001000     -0.001000     -1.000000     -1.000000     -1.000000 
190 6 9 65.000000 0.380000 -1.000000 -1.000000 -1.000000 -1.000000 nan nan nan nan -1.000000000000e+00 -1.000000e+00 -1.000000000000e+00  -1.000000000000e+00  -1.000000000000e+00  -1.000000000000e+00   -1.000000000000e+00   -1.000000000000e+00   -1.000000000000e+00    -1.000000000000e+00    -1.000000     -1.000000     -0.001000     -0.001000     -1.000000     -0.001000     -0.001000     -0.000001     -0.001000     -0.001000     -1.000000     -1.000000     -1.000000 
191 6 10 65.000000 0.420000 -1.000000 -1.000000 -1.000000 -1.000000 nan nan nan nan -1.000000000000e+00 -1.000000e+00 -1.000000000000e+00  -1.000000000000e+00  -1.000000000000e+00  -1.000000000000e+00   -1.000000000000e+00   -1.000000000000e+00   -1.000000000000e+00    -1.000000000000e+00    -1.000000     -1.000000     -0.001000     -0.001000     -1.000000     -0.001000     -0.001000     -0.000001     -0.001000     -0.001000     -1.000000     -1.000000     -1.000000 
192 6 11 65.000000 0.460000 -1.000000 -1.000000 -1.000000 -1.000000 nan nan nan nan -1.000000000000e+00 -1.000000e+00 -1.000000000000e+00  -1.000000000000e+00  -1.000000000000e+00  -1.000000000000e+00   -1.000000000000e+00   -1.000000000000e+00   -1.000000000000e+00    -1.000000000000e+00    -1.000000     -1.000000     -0.001000     -0.001000     -1.000000     -0.001000     -0.001000     -0.000001     -0.001000     -0.001000     -1.000000     -1.000000     -1.000000 
193 6 12 65.000000 0.500000 -1.000000 -1.000000 -1.000000 -1.000000 nan nan nan nan -1.000000000000e+00 -1.000000e+00 -1.000000000000e+00  -1.000000000000e+00  -1.000000000000e+00  -1.000000000000e+00   -1.000000000000e+00   -1.000000000000e+00   -1.000000000000e+00    -1.000000000000e+00    -1.000000     -1.000000     -0.001000     -0.001000     -1.000000     -0.001000     -0.001000     -0.000001     -0.001000     -0.001000     -1.000000     -1.000000     -1.000000 
194 6 13 65.000000 0.540000 -1.000000 -1.000000 -1.000000 -1.000000 nan nan nan nan -1.000000000000e+00 -1.000000e+00 -1.000000000000e+00  -1.000000000000e+00  -1.000000000000e+00  -1.000000000000e+00   -1.000000000000e+00   -1.000000000000e+00   -1.000000000000e+00    -1.000000000000e+00    -1.000000     -1.000000     -0.001000     -0.001000     -1.000000     -0.001000     -0.001000     -0.000001     -0.001000     -0.001000     -1.000000     -1.000000     -1.000000 
195 6 14 65.000000 0.580000 -1.000000 -1.000000 -1.000000 -1.000000 nan nan nan nan -1.000000000000e+00 -1.000000e+00 -1.000000000000e+00  -1.000000000000e+00  -1.000000000000e+00  -1.000000000000e+00   -1.000000000000e+00   -1.000000000000e+00   -1.000000000000e+00    -1.000000000000e+00    -1.000000     -1.000000     -0.001000     -0.001000     -1.000000     -0.001000     -0.001000     -0.000001     -0.001000     -0.001000     -1.000000     -1.000000     -1.000000 
196 6 15 65.000000 0.620000 -1.000000 -1.000000 -1.000000 -1.000000 nan nan nan nan -1.000000000000e+00 -1.000000e+00 -1.000000000000e+00  -1.000000000000e+00  -1.000000000000e+00  -1.000000000000e+00   -1.000000000000e+00   -1.000000000000e+00   -1.000000000000e+00    -1.000000000000e+00    -1.000000     -1.000000     -0.001000     -0.001000     -1.000000     -0.001000     -0.001000     -0.000001     -0.001000     -0.001000     -1.000000     -1.000000     -1.000000 
197 6 16 65.000000 0.660000 -1.000000 -1.000000 -1.000000 -1.000000 nan nan nan nan -1.000000000000e+00 -1.000000e+00 -1.000000000000e+00  -1.000000000000e+00  -1.000000000000e+00  -1.000000000000e+00   -1.000000000000e+00   -1.000000000000e+00   -1.000000000000e+00    -1.000000000000e+00    -1.000000     -1.000000     -0.001000     -0.001000     -1.000000     -0.001000     -0.001000     -0.000001     -0.001000     -0.001000     -1.000000     -1.000000     -1.000000 
198 6 17 65.000000 0.700000 -1.000000 -1.000000 -1.000000 -1.000000 nan nan nan nan -1.000000000000e+00 -1.000000e+00 -1.000000000000e+00  -1.000000000000e+00  -1.000000000000e+00  -1.000000000000e+00   -1.000000000000e+00   -1.000000000000e+00   -1.000000000000e+00    -1.000000000000e+00    -1.000000     -1.000000     -0.001000     -0.001000     -1.000000     -0.001000     -0.001000     -0.000001     -0.001000     -0.001000     -1.000000     -1.000000     -1.000000 
199 6 18 65.000000 0.740000 -1.000000 -1.000000 -1.000000 -1.000000 nan nan nan nan -1.000000000000e+00 -1.000000e+00 -1.000000000000e+00  -1.000000000000e+00  -1.000000000000e+00  -1.000000000000e+00   -1.000000000000e+00   -1.000000000000e+00   -1.000000000000e+00    -1.000000000000e+00    -1.000000     -1.000000     -0.001000     -0.001000     -1.000000     -0.001000     -0.001000     -0.000001     -0.001000     -0.001000     -1.000000     -1.000000     -1.000000 
200 6 19 65.000000 0.780000 -1.000000 -1.000000 -1.000000 -1.000000 nan nan nan nan -1.000000000000e+00 -1.000000e+00 -1.000000000000e+00  -1.000000000000e+00  -1.000000000000e+00  -1.000000000000e+00   -1.000000000000e+00   -1.000000000000e+00   -1.000000000000e+00    -1.000000000000e+00    -1.000000     -1.000000     -0.001000     -0.001000     -1.000000     -0.001000     -0.001000     -0.000001     -0.001000     -0.001000     -1.000000     -1.000000     -1.000000 
201 6 20 65.000000 0.820000 -1.000000 -1.000000 -1.000000 -1.000000 nan nan nan nan -1.000000000000e+00 -1.000000e+00 -1.000000000000e+00  -1.000000000000e+00  -1.000000000000e+00  -1.000000000000e+00   -1.000000000000e+00   -1.000000000000e+00   -1.000000000000e+00    -1.000000000000e+00    -1.000000     -1.000000     -0.001000     -0.001000     -1.000000     -0.001000     -0.001000     -0.000001     -0.001000     -0.001000     -1.000000     -1.000000     -1.000000 
202 6 21 65.000000 0.860000 -1.000000 -1.000000 -1.000000 -1.000000 nan nan nan nan -1.000000000000e+00 -1.000000e+00 -1.000000000000e+00  -1.000000000000e+00  -1.000000000000e+00  -1.000000000000e+00   -1.000000000000e+00   -1.000000000000e+00   -1.000000000000e+00    -1.000000000000e+00    -1.000000     -1.000000     -0.001000     -0.001000     -1.000000     -0.001000     -0.001000     -0.000001     -0.001000     -0.001000     -1.000000     -1.000000     -1.000000 
203 6 22 65.000000 0.900000 -1.000000 -1.000000 -1.000000 -1.000000 nan nan nan nan -1.000000000000e+00 -1.000000e+00 -1.000000000000e+00  -1.000000000000e+00  -1.000000000000e+00  -1.000000000000e+00   -1.000000000000e+00   -1.000000000000e+00   -1.000000000000e+00    -1.000000000000e+00    -1.000000     -1.000000     -0.001000     -0.001000     -1.000000     -0.001000     -0.001000     -0.000001     -0.001000     -0.001000     -1.000000     -1.000000     -1.000000 
204 6 23 65.000000 0.940000 -1.000000 -1.000000 -1.000000 -1.000000 nan nan nan nan -1.000000000000e+00 -1.000000e+00 -1.000000000000e+00  -1.000000000000e+00  -1.000000000000e+00  -1.000000000000e+00   -1.000000000000e+00   -1.000000000000e+00   -1.000000000000e+00    -1.000000000000e+00    -1.000000     -1.000000     -0.001000     -0.001000     -1.000000     -0.001000     -0.001000     -0.000001     -0.001000     -0.001000     -1.000000     -1.000000     -1.000000 
205 6 24 65.000000 0.980000 -1.000000 -1.000000 -1.000000 -1.000000 nan nan nan nan -1.000000000000e+00 -1.000000e+00 -1.000000000000e+00  -1.000000000000e+00  -1.000000000000e+00  -1.000000000000e+00   -1.000000000000e+00   -1.000000000000e+00   -1.000000000000e+00    -1.000000000000e+00    -1.000000     -1.000000     -0.001000     -0.001000     -1.000000     -0.001000     -0.001000     -0.000001     -0.001000     -0.001000     -1.000000     -1.000000     -1.000000 
206 6 25 65.000000 1.020000 -1.000000 -1.000000 -1.000000 -1.000000 nan nan nan nan -1.000000000000e+00 -1.000000e+00 -1.000000000000e+00  -1.000000000000e+00  -1.000000000000e+00  -1.000000000000e+00   -1.000000000000e+00   -1.000000000000e+00   -1.000000000000e+00    -1.000000000000e+00    -1.000000     -1.000000     -0.001000     -0.001000     -1.000000     -0.001000     -0.001000     -0.000001     -0.001000     -0.001000     -1.000000     -1.000000     -1.000000 
207 6 26 65.000000 1.060000 -1.000000 -1.000000 -1.000000 -1.000000 nan nan nan nan -1.000000000000e+00 -1.000000e+00 -1.000000000000e+00  -1.000000000000e+00  -1.000000000000e+00  -1.000000000000e+00   -1.000000000000e+00   -1.000000000000e+00   -1.000000000000e+00    -1.000000000000e+00    -1.000000     -1.000000     -0.001000     -0.001000     -1.000000     -0.001000     -0.001000     -0.000001     -0.001000     -0.001000     -1.000000     -1.000000     -1.000000 
208 6 27 65.000000 1.100000 -1.000000 -1.000000 -1.000000 -1.000000 nan nan nan nan -1.000000000000e+00 -1.000000e+00 -1.000000000000e+00  -1.000000000000e+00  -1.000000000000e+00  -1.000000000000e+00   -1.000000000000e+00   -1.000000000000e+00   -1.000000000000e+00    -1.000000000000e+00    -1.000000     -1.000000     -0.001000     -0.001000     -1.000000     -0.001000     -0.001000     -0.000001     -0.001000     -0.001000     -1.000000     -1.000000     -1.000000 
209 6 28 65.000000 1.140000 -1.000000 -1.000000 -1.000000 -1.000000 nan nan nan nan -1.000000000000e+00 -1.000000e+00 -1.000000000000e+00  -1.000000000000e+00  -1.000000000000e+00  -1.000000000000e+00   -1.000000000000e+00   -1.000000000000e+00   -1.000000000000e+00    -1.000000000000e+00    -1.000000     -1.000000     -0.001000     -0.001000     -1.000000     -0.001000     -0.001000     -0.000001     -0.001000     -0.001000     -1.000000     -1.000000     -1.000000 
210 6 29 65.000000 1.180000 -1.000000 -1.000000 -1.000000 -1.000000 nan nan nan nan -1.000000000000e+00 -1.000000e+00 -1.000000000000e+00  -1.000000000000e+00  -1.000000000000e+00  -1.000000000000e+00   -1.000000000000e+00   -1.000000000000e+00   -1.000000000000e+00    -1.000000000000e+00    -1.000000     -1.000000     -0.001000     -0.001000     -1.000000     -0.001000     -0.001000     -0.000001     -0.001000     -0.001000     -1.000000     -1.000000     -1.000000 
211 7 0 75.000000 0.020000 -1.000000 -1.000000 -1.000000 -1.000000 nan nan nan nan -1.000000000000e+00 -1.000000e+00 -1.000000000000e+00  -1.000000000000e+00  -1.000000000000e+00  -1.000000000000e+00   -1.000000000000e+00   -1.000000000000e+00   -1.000000000000e+00    -1.000000000000e+00    -1.000000     -1.000000     -0.001000     -0.001000     -1.000000     -0.001000     -0.001000     -0.000001     -0.001000     -0.001000     -1.000000     -1.000000     -1.000000 
212 7 1 75.000000 0.060000 -1.000000 -1.000000 -1.000000 -1.000000 nan nan nan nan -1.000000000000e+00 -1.000000e+00 -1.000000000000e+00  -1.000000000000e+00  -1.000000000000e+00  -1.000000000000e+00   -1.000000000000e+00   -1.000000000000e+00   -1.000000000000e+00    -1.000000000000e+00    -1.000000     -1.000000     -0.001000     -0.001000     -1.000000     -0.001000     -0.001000     -0.000001     -0.001000     -0.001000     -1.000000     -1.000000     -1.000000 
213 7 2 75.000000 0.100000 -1.000000 -1.000000 -1.000000 -1.000000 nan nan nan nan -1.000000000000e+00 -1.000000e+00 -1.000000000000e+00  -1.000000000000e+00  -1.000000000000e+00  -1.000000000000e+00   -1.000000000000e+00   -1.000000000000e+00   -1.000000000000e+00    -1.000000000000e+00    -1.000000     -1.000000     -0.001000     -0.001000     -1.000000     -0.001000     -0.001000     -0.000001     -0.001000     -0.001000     -1.000000     -1.000000     -1.000000 
214 7 3 75.000000 0.140000 -1.000000 -1.000000 -1.000000 -1.000000 nan nan nan nan -1.000000000000e+00 -1.000000e+00 -1.000000000000e+00  -1.000000000000e+00  -1.000000000000e+00  -1.000000000000e+00   -1.000000000000e+00   -1.000000000000e+00   -1.000000000000e+00    -1.000000000000e+00    -1.000000     -1.000000     -0.001000     -0.001000     -1.000000     -0.001000     -0.001000     -0.000001     -0.001000     -0.001000     -1.000000     -1.000000     -1.000000 
215 7 4 75.000000 0.180000 -1.000000 -1.000000 -1.000000 -1.000000 nan nan nan nan -1.000000000000e+00 -1.000000e+00 -1.000000000000e+00  -1.000000000000e+00  -1.000000000000e+00  -1.000000000000e+00   -1.000000000000e+00   -1.000000000000e+00   -1.000000000000e+00    -1.000000000000e+00    -1.000000     -1.000000     -0.001000     -0.001000     -1.000000     -0.001000     -0.001000     -0.000001     -0.001000     -0.001000     -1.000000     -1.000000     -1.000000 
216 7 5 75.000000 0.220000 -1.000000 -1.000000 -1.000000 -1.000000 nan nan nan nan -1.000000000000e+00 -1.000000e+00 -1.000000000000e+00  -1.000000000000e+00  -1.000000000000e+00  -1.000000000000e+00   -1.000000000000e+00   -1.000000000000e+00   -1.000000000000e+00    -1.000000000000e+00    -1.000000     -1.000000     -0.001000     -0.001000     -1.000000     -0.001000     -0.001000     -0.000001     -0.001000     -0.001000     -1.000000     -1.000000     -1.000000 
217 7 6 75.000000 0.260000 -1.000000 -1.000000 -1.000000 -1.000000 nan nan nan nan -1.000000000000e+00 -1.000000e+00 -1.000000000000e+00  -1.000000000000e+00  -1.000000000000e+00  -1.000000000000e+00   -1.000000000000e+00   -1.000000000000e+00   -1.000000000000e+00    -1.000000000000e+00    -1.000000     -1.000000     -0.001000     -0.001000     -1.000000     -0.001000     -0.001000     -0.000001     -0.001000     -0.001000     -1.000000     -1.000000     -1.000000 
218 7 7 75.000000 0.300000 -1.000000 -1.000000 -1.000000 -1.000000 nan nan nan nan -1.000000000000e+00 -1.000000e+00 -1.000000000000e+00  -1.000000000000e+00  -1.000000000000e+00  -1.000000000000e+00   -1.000000000000e+00   -1.000000000000e+00   -1.000000000000e+00    -1.000000000000e+00    -1.000000     -1.000000     -0.001000     -0.001000     -1.000000     -0.001000     -0.001000     -0.000001     -0.001000     -0.001000     -1.000000     -1.000000     -1.000000 
219 7 8 75.000000 0.340000 -1.000000 -1.000000 -1.000000 -1.000000 nan nan nan nan -1.000000000000e+00 -1.000000e+00 -1.000000000000e+00  -1.000000000000e+00  -1.000000000000e+00  -1.000000000000e+00   -1.000000000000e+00   -1.000000000000e+00   -1.000000000000e+00    -1.000000000000e+00    -1.000000     -1.000000     -0.001000     -0.001000     -1.000000     -0.001000     -0.001000     -0.000001     -0.001000     -0.001000     -1.000000     -1.000000     -1.000000 
220 7 9 75.000000 0.380000 -1.000000 -1.000000 -1.000000 -1.000000 nan nan nan nan -1.000000000000e+00 -1.000000e+00 -1.000000000000e+00  -1.000000000000e+00  -1.000000000000e+00  -1.000000000000e+00   -1.000000000000e+00   -1.000000000000e+00   -1.000000000000e+00    -1.000000000000e+00    -1.000000     -1.000000     -0.001000     -0.001000     -1.000000     -0.001000     -0.001000     -0.000001     -0.001000     -0.001000     -1.000000     -1.000000     -1.000000 
221 7 10 75.000000 0.420000 -1.000000 -1.000000 -1.000000 -1.000000 nan nan nan nan -1.000000000000e+00 -1.000000e+00 -1.000000000000e+00  -1.000000000000e+00  -1.000000000000e+00  -1.000000000000e+00   -1.000000000000e+00   -1.000000000000e+00   -1.000000000000e+00    -1.000000000000e+00    -1.000000     -1.000000     -0.001000     -0.001000     -1.000000     -0.001000     -0.001000     -0.000001     -0.001000     -0.001000     -1.000000     -1.000000     -1.000000 
222 7 11 75.000000 0.460000 -1.000000 -1.000000 -1.000000 -1.000000 nan nan nan nan -1.000000000000e+00 -1.000000e+00 -1.000000000000e+00  -1.000000000000e+00  -1.000000000000e+00  -1.000000000000e+00   -1.000000000000e+00   -1.000000000000e+00   -1.000000000000e+00    -1.000000000000e+00    -1.000000     -1.000000     -0.001000     -0.001000     -1.000000     -0.001000     -0.001000     -0.000001     -0.001000     -0.001000     -1.000000     -1.000000     -1.000000 
223 7 12 75.000000 0.500000 -1.000000 -1.000000 -1.000000 -1.000000 nan nan nan nan -1.000000000000e+00 -1.000000e+00 -1.000000000000e+00  -1.000000000000e+00  -1.000000000000e+00  -1.000000000000e+00   -1.000000000000e+00   -1.000000000000e+00   -1.000000000000e+00    -1.000000000000e+00    -1.000000     -1.000000     -0.001000     -0.001000     -1.000000     -0.001000     -0.001000     -0.000001     -0.001000     -0.001000     -1.000000     -1.000000     -1.000000 
224 7 13 75.000000 0.540000 -1.000000 -1.000000 -1.000000 -1.000000 nan nan nan nan -1.000000000000e+00 -1.000000e+00 -1.000000000000e+00  -1.000000000000e+00  -1.000000000000e+00  -1.000000000000e+00   -1.000000000000e+00   -1.000000000000e+00   -1.000000000000e+00    -1.000000000000e+00    -1.000000     -1.000000     -0.001000     -0.001000     -1.000000     -0.001000     -0.001000     -0.000001     -0.001000     -0.001000     -1.000000     -1.000000     -1.000000 
225 7 14 75.000000 0.580000 -1.000000 -1.000000 -1.000000 -1.000000 nan nan nan nan -1.000000000000e+00 -1.000000e+00 -1.000000000000e+00  -1.000000000000e+00  -1.000000000000e+00  -1.000000000000e+00   -1.000000000000e+00   -1.000000000000e+00   -1.000000000000e+00    -1.000000000000e+00    -1.000000     -1.000000     -0.001000     -0.001000     -1.000000     -0.001000     -0.001000     -0.000001     -0.001000     -0.001000     -1.000000     -1.000000     -1.000000 
226 7 15 75.000000 0.620000 -1.000000 -1.000000 -1.000000 -1.000000 nan nan nan nan -1.000000000000e+00 -1.000000e+00 -1.000000000000e+00  -1.000000000000e+00  -1.000000000000e+00  -1.000000000000e+00   -1.000000000000e+00   -1.000000000000e+00   -1.000000000000e+00    -1.000000000000e+00    -1.000000     -1.000000     -0.001000     -0.001000     -1.000000     -0.001000     -0.001000     -0.000001     -0.001000     -0.001000     -1.000000     -1.000000     -1.000000 
227 7 16 75.000000 0.660000 -1.000000 -1.000000 -1.000000 -1.000000 nan nan nan nan -1.000000000000e+00 -1.000000e+00 -1.000000000000e+00  -1.000000000000e+00  -1.000000000000e+00  -1.000000000000e+00   -1.000000000000e+00   -1.000000000000e+00   -1.000000000000e+00    -1.000000000000e+00    -1.000000     -1.000000     -0.001000     -0.001000     -1.000000     -0.001000     -0.001000     -0.000001     -0.001000     -0.001000     -1.000000     -1.000000     -1.000000 
228 7 17 75.000000 0.700000 -1.000000 -1.000000 -1.000000 -1.000000 nan nan nan nan -1.000000000000e+00 -1.000000e+00 -1.000000000000e+00  -1.000000000000e+00  -1.000000000000e+00  -1.000000000000e+00   -1.000000000000e+00   -1.000000000000e+00   -1.000000000000e+00    -1.000000000000e+00    -1.000000     -1.000000     -0.001000     -0.001000     -1.000000     -0.001000     -0.001000     -0.000001     -0.001000     -0.001000     -1.000000     -1.000000     -1.000000 
229 7 18 75.000000 0.740000 -1.000000 -1.000000 -1.000000 -1.000000 nan nan nan nan -1.000000000000e+00 -1.000000e+00 -1.000000000000e+00  -1.000000000000e+00  -1.000000000000e+00  -1.000000000000e+00   -1.000000000000e+00   -1.000000000000e+00   -1.000000000000e+00    -1.000000000000e+00    -1.000000     -1.000000     -0.001000     -0.001000     -1.000000     -0.001000     -0.001000     -0.000001     -0.001000     -0.001000     -1.000000     -1.000000     -1.000000 
230 7 19 75.000000 0.780000 -1.000000 -1.000000 -1.000000 -1.000000 nan nan nan nan -1.000000000000e+00 -1.000000e+00 -1.000000000000e+00  -1.000000000000e+00  -1.000000000000e+00  -1.000000000000e+00   -1.000000000000e+00   -1.000000000000e+00   -1.000000000000e+00    -1.000000000000e+00    -1.000000     -1.000000     -0.001000     -0.001000     -1.000000     -0.001000     -0.001000     -0.000001     -0.001000     -0.001000     -1.000000     -1.000000     -1.000000 
231 7 20 75.000000 0.820000 -1.000000 -1.000000 -1.000000 -1.000000 nan nan nan nan -1.000000000000e+00 -1.000000e+00 -1.000000000000e+00  -1.000000000000e+00  -1.000000000000e+00  -1.000000000000e+00   -1.000000000000e+00   -1.000000000000e+00   -1.000000000000e+00    -1.000000000000e+00    -1.000000     -1.000000     -0.001000     -0.001000     -1.000000     -0.001000     -0.001000     -0.000001     -0.001000     -0.001000     -1.000000     -1.000000     -1.000000 
232 7 21 75.000000 0.860000 -1.000000 -1.000000 -1.000000 -1.000000 nan nan nan nan -1.000000000000e+00 -1.000000e+00 -1.000000000000e+00  -1.000000000000e+00  -1.000000000000e+00  -1.000000000000e+00   -1.000000000000e+00   -1.000000000000e+00   -1.000000000000e+00    -1.000000000000e+00    -1.000000     -1.000000     -0.001000     -0.001000     -1.000000     -0.001000     -0.001000     -0.000001     -0.001000     -0.001000     -1.000000     -1.000000     -1.000000 
233 7 22 75.000000 0.900000 -1.000000 -1.000000 -1.000000 -1.000000 nan nan nan nan -1.000000000000e+00 -1.000000e+00 -1.000000000000e+00  -1.000000000000e+00  -1.000000000000e+00  -1.000000000000e+00   -1.000000000000e+00   -1.000000000000e+00   -1.000000000000e+00    -1.000000000000e+00    -1.000000     -1.000000     -0.001000     -0.001000     -1.000000     -0.001000     -0.001000     -0.000001     -0.001000     -0.001000     -1.000000     -1.000000     -1.000000 
234 7 23 75.000000 0.940000 -1.000000 -1.000000 -1.000000 -1.000000 nan nan nan nan -1.000000000000e+00 -1.000000e+00 -1.000000000000e+00  -1.000000000000e+00  -1.000000000000e+00  -1.000000000000e+00   -1.000000000000e+00   -1.000000000000e+00   -1.000000000000e+00    -1.000000000000e+00    -1.000000     -1.000000     -0.001000     -0.001000     -1.000000     -0.001000     -0.001000     -0.000001     -0.001000     -0.001000     -1.000000     -1.000000     -1.000000 
235 7 24 75.000000 0.980000 -1.000000 -1.000000 -1.000000 -1.000000 nan nan nan nan -1.000000000000e+00 -1.000000e+00 -1.000000000000e+00  -1.000000000000e+00  -1.000000000000e+00  -1.000000000000e+00   -1.000000000000e+00   -1.000000000000e+00   -1.000000000000e+00    -1.000000000000e+00    -1.000000     -1.000000     -0.001000     -0.001000     -1.000000     -0.001000     -0.001000     -0.000001     -0.001000     -0.001000     -1.000000     -1.000000     -1.000000 
236 7 25 75.000000 1.020000 -1.000000 -1.000000 -1.000000 -1.000000 nan nan nan nan -1.000000000000e+00 -1.000000e+00 -1.000000000000e+00  -1.000000000000e+00  -1.000000000000e+00  -1.000000000000e+00   -1.000000000000e+00   -1.000000000000e+00   -1.000000000000e+00    -1.000000000000e+00    -1.000000     -1.000000     -0.001000     -0.001000     -1.000000     -0.001000     -0.001000     -0.000001     -0.001000     -0.001000     -1.000000     -1.000000     -1.000000 
237 7 26 75.000000 1.060000 -1.000000 -1.000000 -1.000000 -1.000000 nan nan nan nan -1.000000000000e+00 -1.000000e+00 -1.000000000000e+00  -1.000000000000e+00  -1.000000000000e+00  -1.000000000000e+00   -1.000000000000e+00   -1.000000000000e+00   -1.000000000000e+00    -1.000000000000e+00    -1.000000     -1.000000     -0.001000     -0.001000     -1.000000     -0.001000     -0.001000     -0.000001     -0.001000     -0.001000     -1.000000     -1.000000     -1.000000 
238 7 27 75.000000 1.100000 -1.000000 -1.000000 -1.000000 -1.000000 nan nan nan nan -1.000000000000e+00 -1.000000e+00 -1.000000000000e+00  -1.000000000000e+00  -1.000000000000e+00  -1.000000000000e+00   -1.000000000000e+00   -1.000000000000e+00   -1.000000000000e+00    -1.000000000000e+00    -1.000000     -1.000000     -0.001000     -0.001000     -1.000000     -0.001000     -0.001000     -0.000001     -0.001000     -0.001000     -1.000000     -1.000000     -1.000000 
239 7 28 75.000000 1.140000 -1.000000 -1.000000 -1.000000 -1.000000 nan nan nan nan -1.000000000000e+00 -1.000000e+00 -1.000000000000e+00  -1.000000000000e+00  -1.000000000000e+00  -1.000000000000e+00   -1.000000000000e+00   -1.000000000000e+00   -1.000000000000e+00    -1.000000000000e+00    -1.000000     -1.000000     -0.001000     -0.001000     -1.000000     -0.001000     -0.001000     -0.000001     -0.001000     -0.001000     -1.000000     -1.000000     -1.000000 
240 7 29 75.000000 1.180000 -1.000000 -1.000000 -1.000000 -1.000000 nan nan nan nan -1.000000000000e+00 -1.000000e+00 -1.000000000000e+00  -1.000000000000e+00  -1.000000000000e+00  -1.000000000000e+00   -1.000000000000e+00   -1.000000000000e+00   -1.000000000000e+00    -1.000000000000e+00    -1.000000     -1.000000     -0.001000     -0.001000     -1.000000     -0.001000     -0.001000     -0.000001     -0.001000     -0.001000     -1.000000     -1.000000     -1.000000 
241 8 0 85.000000 0.020000 -1.000000 -1.000000 -1.000000 -1.000000 nan nan nan nan -1.000000000000e+00 -1.000000e+00 -1.000000000000e+00  -1.000000000000e+00  -1.000000000000e+00  -1.000000000000e+00   -1.000000000000e+00   -1.000000000000e+00   -1.000000000000e+00    -1.000000000000e+00    -1.000000     -1.000000     -0.001000     -0.001000     -1.000000     -0.001000     -0.001000     -0.000001     -0.001000     -0.001000     -1.000000     -1.000000     -1.000000 
242 8 1 85.000000 0.060000 -1.000000 -1.000000 -1.000000 -1.000000 nan nan nan nan -1.000000000000e+00 -1.000000e+00 -1.000000000000e+00  -1.000000000000e+00  -1.000000000000e+00  -1.000000000000e+00   -1.000000000000e+00   -1.000000000000e+00   -1.000000000000e+00    -1.000000000000e+00    -1.000000     -1.000000     -0.001000     -0.001000     -1.000000     -0.001000     -0.001000     -0.000001     -0.001000     -0.001000     -1.000000     -1.000000     -1.000000 
243 8 2 85.000000 0.100000 -1.000000 -1.000000 -1.000000 -1.000000 nan nan nan nan -1.000000000000e+00 -1.000000e+00 -1.000000000000e+00  -1.000000000000e+00  -1.000000000000e+00  -1.000000000000e+00   -1.000000000000e+00   -1.000000000000e+00   -1.000000000000e+00    -1.000000000000e+00    -1.000000     -1.000000     -0.001000     -0.001000     -1.000000     -0.001000     -0.001000     -0.000001     -0.001000     -0.001000     -1.000000     -1.000000     -1.000000 
244 8 3 85.000000 0.140000 -1.000000 -1.000000 -1.000000 -1.000000 nan nan nan nan -1.000000000000e+00 -1.000000e+00 -1.000000000000e+00  -1.000000000000e+00  -1.000000000000e+00  -1.000000000000e+00   -1.000000000000e+00   -1.000000000000e+00   -1.000000000000e+00    -1.000000000000e+00    -1.000000     -1.000000     -0.001000     -0.001000     -1.000000     -0.001000     -0.001000     -0.000001     -0.001000     -0.001000     -1.000000     -1.000000     -1.000000 
245 8 4 85.000000 0.180000 -1.000000 -1.000000 -1.000000 -1.000000 nan nan nan nan -1.000000000000e+00 -1.000000e+00 -1.000000000000e+00  -1.000000000000e+00  -1.000000000000e+00  -1.000000000000e+00   -1.000000000000e+00   -1.000000000000e+00   -1.000000000000e+00    -1.000000000000e+00    -1.000000     -1.000000     -0.001000     -0.001000     -1.000000     -0.001000     -0.001000     -0.000001     -0.001000     -0.001000     -1.000000     -1.000000     -1.000000 
246 8 5 85.000000 0.220000 -1.000000 -1.000000 -1.000000 -1.000000 nan nan nan nan -1.000000000000e+00 -1.000000e+00 -1.000000000000e+00  -1.000000000000e+00  -1.000000000000e+00  -1.000000000000e+00   -1.000000000000e+00   -1.000000000000e+00   -1.000000000000e+00    -1.000000000000e+00    -1.000000     -1.000000     -0.001000     -0.001000     -1.000000     -0.001000     -0.001000     -0.000001     -0.001000     -0.001000     -1.000000     -1.000000     -1.000000 
247 8 6 85.000000 0.260000 -1.000000 -1.000000 -1.000000 -1.000000 nan nan nan nan -1.000000000000e+00 -1.000000e+00 -1.000000000000e+00  -1.000000000000e+00  -1.000000000000e+00  -1.000000000000e+00   -1.000000000000e+00   -1.000000000000e+00   -1.000000000000e+00    -1.000000000000e+00    -1.000000     -1.000000     -0.001000     -0.001000     -1.000000     -0.001000     -0.001000     -0.000001     -0.001000     -0.001000     -1.000000     -1.000000     -1.000000 
248 8 7 85.000000 0.300000 -1.000000 -1.000000 -1.000000 -1.000000 nan nan nan nan -1.000000000000e+00 -1.000000e+00 -1.000000000000e+00  -1.000000000000e+00  -1.000000000000e+00  -1.000000000000e+00   -1.000000000000e+00   -1.000000000000e+00   -1.000000000000e+00    -1.000000000000e+00    -1.000000     -1.000000     -0.001000     -0.001000     -1.000000     -0.001000     -0.001000     -0.000001     -0.001000     -0.001000     -1.000000     -1.000000     -1.000000 
249 8 8 85.000000 0.340000 -1.000000 -1.000000 -1.000000 -1.000000 nan nan nan nan -1.000000000000e+00 -1.000000e+00 -1.000000000000e+00  -1.000000000000e+00  -1.000000000000e+00  -1.000000000000e+00   -1.000000000000e+00   -1.000000000000e+00   -1.000000000000e+00    -1.000000000000e+00    -1.000000     -1.000000     -0.001000     -0.001000     -1.000000     -0.001000     -0.001000     -0.000001     -0.001000     -0.001000     -1.000000     -1.000000     -1.000000 
250 8 9 85.000000 0.380000 -1.000000 -1.000000 -1.000000 -1.000000 nan nan nan nan -1.000000000000e+00 -1.000000e+00 -1.000000000000e+00  -1.000000000000e+00  -1.000000000000e+00  -1.000000000000e+00   -1.000000000000e+00   -1.000000000000e+00   -1.000000000000e+00    -1.000000000000e+00    -1.000000     -1.000000     -0.001000     -0.001000     -1.000000     -0.001000     -0.001000     -0.000001     -0.001000     -0.001000     -1.000000     -1.000000     -1.000000 
251 8 10 85.000000 0.420000 -1.000000 -1.000000 -1.000000 -1.000000 nan nan nan nan -1.000000000000e+00 -1.000000e+00 -1.000000000000e+00  -1.000000000000e+00  -1.000000000000e+00  -1.000000000000e+00   -1.000000000000e+00   -1.000000000000e+00   -1.000000000000e+00    -1.000000000000e+00    -1.000000     -1.000000     -0.001000     -0.001000     -1.000000     -0.001000     -0.001000     -0.000001     -0.001000     -0.001000     -1.000000     -1.000000     -1.000000 
252 8 11 85.000000 0.460000 -1.000000 -1.000000 -1.000000 -1.000000 nan nan nan nan -1.000000000000e+00 -1.000000e+00 -1.000000000000e+00  -1.000000000000e+00  -1.000000000000e+00  -1.000000000000e+00   -1.000000000000e+00   -1.000000000000e+00   -1.000000000000e+00    -1.000000000000e+00    -1.000000     -1.000000     -0.001000     -0.001000     -1.000000     -0.001000     -0.001000     -0.000001     -0.001000     -0.001000     -1.000000     -1.000000     -1.000000 
253 8 12 85.000000 0.500000 -1.000000 -1.000000 -1.000000 -1.000000 nan nan nan nan -1.000000000000e+00 -1.000000e+00 -1.000000000000e+00  -1.000000000000e+00  -1.000000000000e+00  -1.000000000000e+00   -1.000000000000e+00   -1.000000000000e+00   -1.000000000000e+00    -1.000000000000e+00    -1.000000     -1.000000     -0.001000     -0.001000     -1.000000     -0.001000     -0.001000     -0.000001     -0.001000     -0.001000     -1.000000     -1.000000     -1.000000 
254 8 13 85.000000 0.540000 -1.000000 -1.000000 -1.000000 -1.000000 nan nan nan nan -1.000000000000e+00 -1.000000e+00 -1.000000000000e+00  -1.000000000000e+00  -1.000000000000e+00  -1.000000000000e+00   -1.000000000000e+00   -1.000000000000e+00   -1.000000000000e+00    -1.000000000000e+00    -1.000000     -1.000000     -0.001000     -0.001000     -1.000000     -0.001000     -0.001000     -0.000001     -0.001000     -0.001000     -1.000000     -1.000000     -1.000000 
255 8 14 85.000000 0.580000 -1.000000 -1.000000 -1.000000 -1.000000 nan nan nan nan -1.000000000000e+00 -1.000000e+00 -1.000000000000e+00  -1.000000000000e+00  -1.000000000000e+00  -1.000000000000e+00   -1.000000000000e+00   -1.000000000000e+00   -1.000000000000e+00    -1.000000000000e+00    -1.000000     -1.000000     -0.001000     -0.001000     -1.000000     -0.001000     -0.001000     -0.000001     -0.001000     -0.001000     -1.000000     -1.000000     -1.000000 
256 8 15 85.000000 0.620000 -1.000000 -1.000000 -1.000000 -1.000000 nan nan nan nan -1.000000000000e+00 -1.000000e+00 -1.000000000000e+00  -1.000000000000e+00  -1.000000000000e+00  -1.000000000000e+00   -1.000000000000e+00   -1.000000000000e+00   -1.000000000000e+00    -1.000000000000e+00    -1.000000     -1.000000     -0.001000     -0.001000     -1.000000     -0.001000     -0.001000     -0.000001     -0.001000     -0.001000     -1.000000     -1.000000     -1.000000 
257 8 16 85.000000 0.660000 -1.000000 -1.000000 -1.000000 -1.000000 nan nan nan nan -1.000000000000e+00 -1.000000e+00 -1.000000000000e+00  -1.000000000000e+00  -1.000000000000e+00  -1.000000000000e+00   -1.000000000000e+00   -1.000000000000e+00   -1.000000000000e+00    -1.000000000000e+00    -1.000000     -1.000000     -0.001000     -0.001000     -1.000000     -0.001000     -0.001000     -0.000001     -0.001000     -0.001000     -1.000000     -1.000000     -1.000000 
258 8 17 85.000000 0.700000 -1.000000 -1.000000 -1.000000 -1.000000 nan nan nan nan -1.000000000000e+00 -1.000000e+00 -1.000000000000e+00  -1.000000000000e+00  -1.000000000000e+00  -1.000000000000e+00   -1.000000000000e+00   -1.000000000000e+00   -1.000000000000e+00    -1.000000000000e+00    -1.000000     -1.000000     -0.001000     -0.001000     -1.000000     -0.001000     -0.001000     -0.000001     -0.001000     -0.001000     -1.000000     -1.000000     -1.000000 
259 8 18 85.000000 0.740000 -1.000000 -1.000000 -1.000000 -1.000000 nan nan nan nan -1.000000000000e+00 -1.000000e+00 -1.000000000000e+00  -1.000000000000e+00  -1.000000000000e+00  -1.000000000000e+00   -1.000000000000e+00   -1.000000000000e+00   -1.000000000000e+00    -1.000000000000e+00    -1.000000     -1.000000     -0.001000     -0.001000     -1.000000     -0.001000     -0.001000     -0.000001     -0.001000     -0.001000     -1.000000     -1.000000     -1.000000 
260 8 19 85.000000 0.780000 -1.000000 -1.000000 -1.000000 -1.000000 nan nan nan nan -1.000000000000e+00 -1.000000e+00 -1.000000000000e+00  -1.000000000000e+00  -1.000000000000e+00  -1.000000000000e+00   -1.000000000000e+00   -1.000000000000e+00   -1.000000000000e+00    -1.000000000000e+00    -1.000000     -1.000000     -0.001000     -0.001000     -1.000000     -0.001000     -0.001000     -0.000001     -0.001000     -0.001000     -1.000000     -1.000000     -1.000000 
261 8 20 85.000000 0.820000 -1.000000 -1.000000 -1.000000 -1.000000 nan nan nan nan -1.000000000000e+00 -1.000000e+00 -1.000000000000e+00  -1.000000000000e+00  -1.000000000000e+00  -1.000000000000e+00   -1.000000000000e+00   -1.000000000000e+00   -1.000000000000e+00    -1.000000000000e+00    -1.000000     -1.000000     -0.001000     -0.001000     -1.000000     -0.001000     -0.001000     -0.000001     -0.001000     -0.001000     -1.000000     -1.000000     -1.000000 
262 8 21 85.000000 0.860000 -1.000000 -1.000000 -1.000000 -1.000000 nan nan nan nan -1.000000000000e+00 -1.000000e+00 -1.000000000000e+00  -1.000000000000e+00  -1.000000000000e+00  -1.000000000000e+00   -1.000000000000e+00   -1.000000000000e+00   -1.000000000000e+00    -1.000000000000e+00    -1.000000     -1.000000     -0.001000     -0.001000     -1.000000     -0.001000     -0.001000     -0.000001     -0.001000     -0.001000     -1.000000     -1.000000     -1.000000 
263 8 22 85.000000 0.900000 -1.000000 -1.000000 -1.000000 -1.000000 nan nan nan nan -1.000000000000e+00 -1.000000e+00 -1.000000000000e+00  -1.000000000000e+00  -1.000000000000e+00  -1.000000000000e+00   -1.000000000000e+00   -1.000000000000e+00   -1.000000000000e+00    -1.000000000000e+00    -1.000000     -1.000000     -0.001000     -0.001000     -1.000000     -0.001000     -0.001000     -0.000001     -0.001000     -0.001000     -1.000000     -1.000000     -1.000000 
264 8 23 85.000000 0.940000 -1.000000 -1.000000 -1.000000 -1.000000 nan nan nan nan -1.000000000000e+00 -1.000000e+00 -1.000000000000e+00  -1.000000000000e+00  -1.000000000000e+00  -1.000000000000e+00   -1.000000000000e+00   -1.000000000000e+00   -1.000000000000e+00    -1.000000000000e+00    -1.000000     -1.000000     -0.001000     -0.001000     -1.000000     -0.001000     -0.001000     -0.000001     -0.001000     -0.001000     -1.000000     -1.000000     -1.000000 
265 8 24 85.000000 0.980000 -1.000000 -1.000000 -1.000000 -1.000000 nan nan nan nan -1.000000000000e+00 -1.000000e+00 -1.000000000000e+00  -1.000000000000e+00  -1.000000000000e+00  -1.000000000000e+00   -1.000000000000e+00   -1.000000000000e+00   -1.000000000000e+00    -1.000000000000e+00    -1.000000     -1.000000     -0.001000     -0.001000     -1.000000     -0.001000     -0.001000     -0.000001     -0.001000     -0.001000     -1.000000     -1.000000     -1.000000 
266 8 25 85.000000 1.020000 -1.000000 -1.000000 -1.000000 -1.000000 nan nan nan nan -1.000000000000e+00 -1.000000e+00 -1.000000000000e+00  -1.000000000000e+00  -1.000000000000e+00  -1.000000000000e+00   -1.000000000000e+00   -1.000000000000e+00   -1.000000000000e+00    -1.000000000000e+00    -1.000000     -1.000000     -0.001000     -0.001000     -1.000000     -0.001000     -0.001000     -0.000001     -0.001000     -0.001000     -1.000000     -1.000000     -1.000000 
267 8 26 85.000000 1.060000 -1.000000 -1.000000 -1.000000 -1.000000 nan nan nan nan -1.000000000000e+00 -1.000000e+00 -1.000000000000e+00  -1.000000000000e+00  -1.000000000000e+00  -1.000000000000e+00   -1.000000000000e+00   -1.000000000000e+00   -1.000000000000e+00    -1.000000000000e+00    -1.000000     -1.000000     -0.001000     -0.001000     -1.000000     -0.001000     -0.001000     -0.000001     -0.001000     -0.001000     -1.000000     -1.000000     -1.000000 
268 8 27 85.000000 1.100000 -1.000000 -1.000000 -1.000000 -1.000000 nan nan nan nan -1.000000000000e+00 -1.000000e+00 -1.000000000000e+00  -1.000000000000e+00  -1.000000000000e+00  -1.000000000000e+00   -1.000000000000e+00   -1.000000000000e+00   -1.000000000000e+00    -1.000000000000e+00    -1.000000     -1.000000     -0.001000     -0.001000     -1.000000     -0.001000     -0.001000     -0.000001     -0.001000     -0.001000     -1.000000     -1.000000     -1.000000 
269 8 28 85.000000 1.140000 -1.000000 -1.000000 -1.000000 -1.000000 nan nan nan nan -1.000000000000e+00 -1.000000e+00 -1.000000000000e+00  -1.000000000000e+00  -1.000000000000e+00  -1.000000000000e+00   -1.000000000000e+00   -1.000000000000e+00   -1.000000000000e+00    -1.000000000000e+00    -1.000000     -1.000000     -0.001000     -0.001000     -1.000000     -0.001000     -0.001000     -0.000001     -0.001000     -0.001000     -1.000000     -1.000000     -1.000000 
270 8 29 85.000000 1.180000 -1.000000 -1.000000 -1.000000 -1.000000 nan nan nan nan -1.000000000000e+00 -1.000000e+00 -1.000000000000e+00  -1.000000000000e+00  -1.000000000000e+00  -1.000000000000e+00   -1.000000000000e+00   -1.000000000000e+00   -1.000000000000e+00    -1.000000000000e+00    -1.000000     -1.000000     -0.001000     -0.001000     -1.000000     -0.001000     -0.001000     -0.000001     -0.001000     -0.001000     -1.000000     -1.000000     -1.000000 
271 9 0 95.000000 0.020000 -1.000000 -1.000000 -1.000000 -1.000000 nan nan nan nan -1.000000000000e+00 -1.000000e+00 -1.000000000000e+00  -1.000000000000e+00  -1.000000000000e+00  -1.000000000000e+00   -1.000000000000e+00   -1.000000000000e+00   -1.000000000000e+00    -1.000000000000e+00    -1.000000     -1.000000     -0.001000     -0.001000     -1.000000     -0.001000     -0.001000     -0.000001     -0.001000     -0.001000     -1.000000     -1.000000     -1.000000 
272 9 1 95.000000 0.060000 -1.000000 -1.000000 -1.000000 -1.000000 nan nan nan nan -1.000000000000e+00 -1.000000e+00 -1.000000000000e+00  -1.000000000000e+00  -1.000000000000e+00  -1.000000000000e+00   -1.000000000000e+00   -1.000000000000e+00   -1.000000000000e+00    -1.000000000000e+00    -1.000000     -1.000000     -0.001000     -0.001000     -1.000000     -0.001000     -0.001000     -0.000001     -0.001000     -0.001000     -1.000000     -1.000000     -1.000000 
273 9 2 95.000000 0.100000 -1.000000 -1.000000 -1.000000 -1.000000 nan nan nan nan -1.000000000000e+00 -1.000000e+00 -1.000000000000e+00  -1.000000000000e+00  -1.000000000000e+00  -1.000000000000e+00   -1.000000000000e+00   -1.000000000000e+00   -1.000000000000e+00    -1.000000000000e+00    -1.000000     -1.000000     -0.001000     -0.001000     -1.000000     -0.001000     -0.001000     -0.000001     -0.001000     -0.001000     -1.000000     -1.000000     -1.000000 
274 9 3 95.000000 0.140000 -1.000000 -1.000000 -1.000000 -1.000000 nan nan nan nan -1.000000000000e+00 -1.000000e+00 -1.000000000000e+00  -1.000000000000e+00  -1.000000000000e+00  -1.000000000000e+00   -1.000000000000e+00   -1.000000000000e+00   -1.000000000000e+00    -1.000000000000e+00    -1.000000     -1.000000     -0.001000     -0.001000     -1.000000     -0.001000     -0.001000     -0.000001     -0.001000     -0.001000     -1.000000     -1.000000     -1.000000 
275 9 4 95.000000 0.180000 -1.000000 -1.000000 -1.000000 -1.000000 nan nan nan nan -1.000000000000e+00 -1.000000e+00 -1.000000000000e+00  -1.000000000000e+00  -1.000000000000e+00  -1.000000000000e+00   -1.000000000000e+00   -1.000000000000e+00   -1.000000000000e+00    -1.000000000000e+00    -1.000000     -1.000000     -0.001000     -0.001000     -1.000000     -0.001000     -0.001000     -0.000001     -0.001000     -0.001000     -1.000000     -1.000000     -1.000000 
276 9 5 95.000000 0.220000 -1.000000 -1.000000 -1.000000 -1.000000 nan nan nan nan -1.000000000000e+00 -1.000000e+00 -1.000000000000e+00  -1.000000000000e+00  -1.000000000000e+00  -1.000000000000e+00   -1.000000000000e+00   -1.000000000000e+00   -1.000000000000e+00    -1.000000000000e+00    -1.000000     -1.000000     -0.001000     -0.001000     -1.000000     -0.001000     -0.001000     -0.000001     -0.001000     -0.001000     -1.000000     -1.000000     -1.000000 
277 9 6 95.000000 0.260000 -1.000000 -1.000000 -1.000000 -1.000000 nan nan nan nan -1.000000000000e+00 -1.000000e+00 -1.000000000000e+00  -1.000000000000e+00  -1.000000000000e+00  -1.000000000000e+00   -1.000000000000e+00   -1.000000000000e+00   -1.000000000000e+00    -1.000000000000e+00    -1.000000     -1.000000     -0.001000     -0.001000     -1.000000     -0.001000     -0.001000     -0.000001     -0.001000     -0.001000     -1.000000     -1.000000     -1.000000 
278 9 7 95.000000 0.300000 -1.000000 -1.000000 -1.000000 -1.000000 nan nan nan nan -1.000000000000e+00 -1.000000e+00 -1.000000000000e+00  -1.000000000000e+00  -1.000000000000e+00  -1.000000000000e+00   -1.000000000000e+00   -1.000000000000e+00   -1.000000000000e+00    -1.000000000000e+00    -1.000000     -1.000000     -0.001000     -0.001000     -1.000000     -0.001000     -0.001000     -0.000001     -0.001000     -0.001000     -1.000000     -1.000000     -1.000000 
279 9 8 95.000000 0.340000 -1.000000 -1.000000 -1.000000 -1.000000 nan nan nan nan -1.000000000000e+00 -1.000000e+00 -1.000000000000e+00  -1.000000000000e+00  -1.000000000000e+00  -1.000000000000e+00   -1.000000000000e+00   -1.000000000000e+00   -1.000000000000e+00    -1.000000000000e+00    -1.000000     -1.000000     -0.001000     -0.001000     -1.000000     -0.001000     -0.001000     -0.000001     -0.001000     -0.001000     -1.000000     -1.000000     -1.000000 
280 9 9 95.000000 0.380000 -1.000000 -1.000000 -1.000000 -1.000000 nan nan nan nan -1.000000000000e+00 -1.000000e+00 -1.000000000000e+00  -1.000000000000e+00  -1.000000000000e+00  -1.000000000000e+00   -1.000000000000e+00   -1.000000000000e+00   -1.000000000000e+00    -1.000000000000e+00    -1.000000     -1.000000     -0.001000     -0.001000     -1.000000     -0.001000     -0.001000     -0.000001     -0.001000     -0.001000     -1.000000     -1.000000     -1.000000 
281 9 10 95.000000 0.420000 -1.000000 -1.000000 -1.000000 -1.000000 nan nan nan nan -1.000000000000e+00 -1.000000e+00 -1.000000000000e+00  -1.000000000000e+00  -1.000000000000e+00  -1.000000000000e+00   -1.000000000000e+00   -1.000000000000e+00   -1.000000000000e+00    -1.000000000000e+00    -1.000000     -1.000000     -0.001000     -0.001000     -1.000000     -0.001000     -0.001000     -0.000001     -0.001000     -0.001000     -1.000000     -1.000000     -1.000000 
282 9 11 95.000000 0.460000 -1.000000 -1.000000 -1.000000 -1.000000 nan nan nan nan -1.000000000000e+00 -1.000000e+00 -1.000000000000e+00  -1.000000000000e+00  -1.000000000000e+00  -1.000000000000e+00   -1.000000000000e+00   -1.000000000000e+00   -1.000000000000e+00    -1.000000000000e+00    -1.000000     -1.000000     -0.001000     -0.001000     -1.000000     -0.001000     -0.001000     -0.000001     -0.001000     -0.001000     -1.000000     -1.000000     -1.000000 
283 9 12 95.000000 0.500000 -1.000000 -1.000000 -1.000000 -1.000000 nan nan nan nan -1.000000000000e+00 -1.000000e+00 -1.000000000000e+00  -1.000000000000e+00  -1.000000000000e+00  -1.000000000000e+00   -1.000000000000e+00   -1.000000000000e+00   -1.000000000000e+00    -1.000000000000e+00    -1.000000     -1.000000     -0.001000     -0.001000     -1.000000     -0.001000     -0.001000     -0.000001     -0.001000     -0.001000     -1.000000     -1.000000     -1.000000 
284 9 13 95.000000 0.540000 -1.000000 -1.000000 -1.000000 -1.000000 nan nan nan nan -1.000000000000e+00 -1.000000e+00 -1.000000000000e+00  -1.000000000000e+00  -1.000000000000e+00  -1.000000000000e+00   -1.000000000000e+00   -1.000000000000e+00   -1.000000000000e+00    -1.000000000000e+00    -1.000000     -1.000000     -0.001000     -0.001000     -1.000000     -0.001000     -0.001000     -0.000001     -0.001000     -0.001000     -1.000000     -1.000000     -1.000000 
285 9 14 95.000000 0.580000 -1.000000 -1.000000 -1.000000 -1.000000 nan nan nan nan -1.000000000000e+00 -1.000000e+00 -1.000000000000e+00  -1.000000000000e+00  -1.000000000000e+00  -1.000000000000e+00   -1.000000000000e+00   -1.000000000000e+00   -1.000000000000e+00    -1.000000000000e+00    -1.000000     -1.000000     -0.001000     -0.001000     -1.000000     -0.001000     -0.001000     -0.000001     -0.001000     -0.001000     -1.000000     -1.000000     -1.000000 
286 9 15 95.000000 0.620000 -1.000000 -1.000000 -1.000000 -1.000000 nan nan nan nan -1.000000000000e+00 -1.000000e+00 -1.000000000000e+00  -1.000000000000e+00  -1.000000000000e+00  -1.000000000000e+00   -1.000000000000e+00   -1.000000000000e+00   -1.000000000000e+00    -1.000000000000e+00    -1.000000     -1.000000     -0.001000     -0.001000     -1.000000     -0.001000     -0.001000     -0.000001     -0.001000     -0.001000     -1.000000     -1.000000     -1.000000 
287 9 16 95.000000 0.660000 -1.000000 -1.000000 -1.000000 -1.000000 nan nan nan nan -1.000000000000e+00 -1.000000e+00 -1.000000000000e+00  -1.000000000000e+00  -1.000000000000e+00  -1.000000000000e+00   -1.000000000000e+00   -1.000000000000e+00   -1.000000000000e+00    -1.000000000000e+00    -1.000000     -1.000000     -0.001000     -0.001000     -1.000000     -0.001000     -0.001000     -0.000001     -0.001000     -0.001000     -1.000000     -1.000000     -1.000000 
288 9 17 95.000000 0.700000 -1.000000 -1.000000 -1.000000 -1.000000 nan nan nan nan -1.000000000000e+00 -1.000000e+00 -1.000000000000e+00  -1.000000000000e+00  -1.000000000000e+00  -1.000000000000e+00   -1.000000000000e+00   -1.000000000000e+00   -1.000000000000e+00    -1.000000000000e+00    -1.000000     -1.000000     -0.001000     -0.001000     -1.000000     -0.001000     -0.001000     -0.000001     -0.001000     -0.001000     -1.000000     -1.000000     -1.000000 
289 9 18 95.000000 0.740000 -1.000000 -1.000000 -1.000000 -1.000000 nan nan nan nan -1.000000000000e+00 -1.000000e+00 -1.000000000000e+00  -1.000000000000e+00  -1.000000000000e+00  -1.000000000000e+00   -1.000000000000e+00   -1.000000000000e+00   -1.000000000000e+00    -1.000000000000e+00    -1.000000     -1.000000     -0.001000     -0.001000     -1.000000     -0.001000     -0.001000     -0.000001     -0.001000     -0.001000     -1.000000     -1.000000     -1.000000 
290 9 19 95.000000 0.780000 -1.000000 -1.000000 -1.000000 -1.000000 nan nan nan nan -1.000000000000e+00 -1.000000e+00 -1.000000000000e+00  -1.000000000000e+00  -1.000000000000e+00  -1.000000000000e+00   -1.000000000000e+00   -1.000000000000e+00   -1.000000000000e+00    -1.000000000000e+00    -1.000000     -1.000000     -0.001000     -0.001000     -1.000000     -0.001000     -0.001000     -0.000001     -0.001000     -0.001000     -1.000000     -1.000000     -1.000000 
291 9 20 95.000000 0.820000 -1.000000 -1.000000 -1.000000 -1.000000 nan nan nan nan -1.000000000000e+00 -1.000000e+00 -1.000000000000e+00  -1.000000000000e+00  -1.000000000000e+00  -1.000000000000e+00   -1.000000000000e+00   -1.000000000000e+00   -1.000000000000e+00    -1.000000000000e+00    -1.000000     -1.000000     -0.001000     -0.001000     -1.000000     -0.001000     -0.001000     -0.000001     -0.001000     -0.001000     -1.000000     -1.000000     -1.000000 
292 9 21 95.000000 0.860000 -1.000000 -1.000000 -1.000000 -1.000000 nan nan nan nan -1.000000000000e+00 -1.000000e+00 -1.000000000000e+00  -1.000000000000e+00  -1.000000000000e+00  -1.000000000000e+00   -1.000000000000e+00   -1.000000000000e+00   -1.000000000000e+00    -1.000000000000e+00    -1.000000     -1.000000     -0.001000     -0.001000     -1.000000     -0.001000     -0.001000     -0.000001     -0.001000     -0.001000     -1.000000     -1.000000     -1.000000 
293 9 22 95.000000 0.900000 -1.000000 -1.000000 -1.000000 -1.000000 nan nan nan nan -1.000000000000e+00 -1.000000e+00 -1.000000000000e+00  -1.000000000000e+00  -1.000000000000e+00  -1.000000000000e+00   -1.000000000000e+00   -1.000000000000e+00   -1.000000000000e+00    -1.000000000000e+00    -1.000000     -1.000000     -0.001000     -0.001000     -1.000000     -0.001000     -0.001000     -0.000001     -0.001000     -0.001000     -1.000000     -1.000000     -1.000000 
294 9 23 95.000000 0.940000 -1.000000 -1.000000 -1.000000 -1.000000 nan nan nan nan -1.000000000000e+00 -1.000000e+00 -1.000000000000e+00  -1.000000000000e+00  -1.000000000000e+00  -1.000000000000e+00   -1.000000000000e+00   -1.000000000000e+00   -1.000000000000e+00    -1.000000000000e+00    -1.000000     -1.000000     -0.001000     -0.001000     -1.000000     -0.001000     -0.001000     -0.000001     -0.001000     -0.001000     -1.000000     -1.000000     -1.000000 
295 9 24 95.000000 0.980000 -1.000000 -1.000000 -1.000000 -1.000000 nan nan nan nan -1.000000000000e+00 -1.000000e+00 -1.000000000000e+00  -1.000000000000e+00  -1.000000000000e+00  -1.000000000000e+00   -1.000000000000e+00   -1.000000000000e+00   -1.000000000000e+00    -1.000000000000e+00    -1.000000     -1.000000     -0.001000     -0.001000     -1.000000     -0.001000     -0.001000     -0.000001     -0.001000     -0.001000     -1.000000     -1.000000     -1.000000 
296 9 25 95.000000 1.020000 -1.000000 -1.000000 -1.000000 -1.000000 nan nan nan nan -1.000000000000e+00 -1.000000e+00 -1.000000000000e+00  -1.000000000000e+00  -1.000000000000e+00  -1.000000000000e+00   -1.000000000000e+00   -1.000000000000e+00   -1.000000000000e+00    -1.000000000000e+00    -1.000000     -1.000000     -0.001000     -0.001000     -1.000000     -0.001000     -0.001000     -0.000001     -0.001000     -0.001000     -1.000000     -1.000000     -1.000000 
297 9 26 95.000000 1.060000 -1.000000 -1.000000 -1.000000 -1.000000 nan nan nan nan -1.000000000000e+00 -1.000000e+00 -1.000000000000e+00  -1.000000000000e+00  -1.000000000000e+00  -1.000000000000e+00   -1.000000000000e+00   -1.000000000000e+00   -1.000000000000e+00    -1.000000000000e+00    -1.000000     -1.000000     -0.001000     -0.001000     -1.000000     -0.001000     -0.001000     -0.000001     -0.001000     -0.001000     -1.000000     -1.000000     -1.000000 
298 9 27 95.000000 1.100000 -1.000000 -1.000000 -1.000000 -1.000000 nan nan nan nan -1.000000000000e+00 -1.000000e+00 -1.000000000000e+00  -1.000000000000e+00  -1.000000000000e+00  -1.000000000000e+00   -1.000000000000e+00   -1.000000000000e+00   -1.000000000000e+00    -1.000000000000e+00    -1.000000     -1.000000     -0.001000     -0.001000     -1.000000     -0.001000     -0.001000     -0.000001     -0.001000     -0.001000     -1.000000     -1.000000     -1.000000 
299 9 28 95.000000 1.140000 -1.000000 -1.000000 -1.000000 -1.000000 nan nan nan nan -1.000000000000e+00 -1.000000e+00 -1.000000000000e+00  -1.000000000000e+00  -1.000000000000e+00  -1.000000000000e+00   -1.000000000000e+00   -1.000000000000e+00   -1.000000000000e+00    -1.000000000000e+00    -1.000000     -1.000000     -0.001000     -0.001000     -1.000000     -0.001000     -0.001000     -0.000001     -0.001000     -0.001000     -1.000000     -1.000000     -1.000000 
300 9 29 95.000000 1.180000 -1.000000 -1.000000 -1.000000 -1.000000 nan nan nan nan -1.000000000000e+00 -1.000000e+00 -1.000000000000e+00  -1.000000000000e+00  -1.000000000000e+00  -1.000000000000e+00   -1.000000000000e+00   -1.000000000000e+00   -1.000000000000e+00    -1.000000000000e+00    -1.000000     -1.000000     -0.001000     -0.001000     -1.000000     -0.001000     -0.001000     -0.000001     -0.001000     -0.001000     -1.000000     -1.000000     -1.000000 
301 10 0 105.000000 0.020000 -1.000000 -1.000000 -1.000000 -1.000000 nan nan nan nan -1.000000000000e+00 -1.000000e+00 -1.000000000000e+00  -1.000000000000e+00  -1.000000000000e+00  -1.000000000000e+00   -1.000000000000e+00   -1.000000000000e+00   -1.000000000000e+00    -1.000000000000e+00    -1.000000     -1.000000     -0.001000     -0.001000     -1.000000     -0.001000     -0.001000     -0.000001     -0.001000     -0.001000     -1.000000     -1.000000     -1.000000 
302 10 1 105.000000 0.060000 -1.000000 -1.000000 -1.000000 -1.000000 nan nan nan nan -1.000000000000e+00 -1.000000e+00 -1.000000000000e+00  -1.000000000000e+00  -1.000000000000e+00  -1.000000000000e+00   -1.000000000000e+00   -1.000000000000e+00   -1.000000000000e+00    -1.000000000000e+00    -1.000000     -1.000000     -0.001000     -0.001000     -1.000000     -0.001000     -0.001000     -0.000001     -0.001000     -0.001000     -1.000000     -1.000000     -1.000000 
303 10 2 105.000000 0.100000 -1.000000 -1.000000 -1.000000 -1.000000 nan nan nan nan -1.000000000000e+00 -1.000000e+00 -1.000000000000e+00  -1.000000000000e+00  -1.000000000000e+00  -1.000000000000e+00   -1.000000000000e+00   -1.000000000000e+00   -1.000000000000e+00    -1.000000000000e+00    -1.000000     -1.000000     -0.001000     -0.001000     -1.000000     -0.001000     -0.001000     -0.000001     -0.001000     -0.001000     -1.000000     -1.000000     -1.000000 
304 10 3 105.000000 0.140000 -1.000000 -1.000000 -1.000000 -1.000000 nan nan nan nan -1.000000000000e+00 -1.000000e+00 -1.000000000000e+00  -1.000000000000e+00  -1.000000000000e+00  -1.000000000000e+00   -1.000000000000e+00   -1.000000000000e+00   -1.000000000000e+00    -1.000000000000e+00    -1.000000     -1.000000     -0.001000     -0.001000     -1.000000     -0.001000     -0.001000     -0.000001     -0.001000     -0.001000     -1.000000     -1.000000     -1.000000 
305 10 4 105.000000 0.180000 -1.000000 -1.000000 -1.000000 -1.000000 nan nan nan nan -1.000000000000e+00 -1.000000e+00 -1.000000000000e+00  -1.000000000000e+00  -1.000000000000e+00  -1.000000000000e+00   -1.000000000000e+00   -1.000000000000e+00   -1.000000000000e+00    -1.000000000000e+00    -1.000000     -1.000000     -0.001000     -0.001000     -1.000000     -0.001000     -0.001000     -0.000001     -0.001000     -0.001000     -1.000000     -1.000000     -1.000000 
306 10 5 105.000000 0.220000 -1.000000 -1.000000 -1.000000 -1.000000 nan nan nan nan -1.000000000000e+00 -1.000000e+00 -1.000000000000e+00  -1.000000000000e+00  -1.000000000000e+00  -1.000000000000e+00   -1.000000000000e+00   -1.000000000000e+00   -1.000000000000e+00    -1.000000000000e+00    -1.000000     -1.000000     -0.001000     -0.001000     -1.000000     -0.001000     -0.001000     -0.000001     -0.001000     -0.001000     -1.000000     -1.000000     -1.000000 
307 10 6 105.000000 0.260000 -1.000000 -1.000000 -1.000000 -1.000000 nan nan nan nan -1.000000000000e+00 -1.000000e+00 -1.000000000000e+00  -1.000000000000e+00  -1.000000000000e+00  -1.000000000000e+00   -1.000000000000e+00   -1.000000000000e+00   -1.000000000000e+00    -1.000000000000e+00    -1.000000     -1.000000     -0.001000     -0.001000     -1.000000     -0.001000     -0.001000     -0.000001     -0.001000     -0.001000     -1.000000     -1.000000     -1.000000 
308 10 7 105.000000 0.300000 -1.000000 -1.000000 -1.000000 -1.000000 nan nan nan nan -1.000000000000e+00 -1.000000e+00 -1.000000000000e+00  -1.000000000000e+00  -1.000000000000e+00  -1.000000000000e+00   -1.000000000000e+00   -1.000000000000e+00   -1.000000000000e+00    -1.000000000000e+00    -1.000000     -1.000000     -0.001000     -0.001000     -1.000000     -0.001000     -0.001000     -0.000001     -0.001000     -0.001000     -1.000000     -1.000000     -1.000000 
309 10 8 105.000000 0.340000 -1.000000 -1.000000 -1.000000 -1.000000 nan nan nan nan -1.000000000000e+00 -1.000000e+00 -1.000000000000e+00  -1.000000000000e+00  -1.000000000000e+00  -1.000000000000e+00   -1.000000000000e+00   -1.000000000000e+00   -1.000000000000e+00    -1.000000000000e+00    -1.000000     -1.000000     -0.001000     -0.001000     -1.000000     -0.001000     -0.001000     -0.000001     -0.001000     -0.001000     -1.000000     -1.000000     -1.000000 
310 10 9 105.000000 0.380000 -1.000000 -1.000000 -1.000000 -1.000000 nan nan nan nan -1.000000000000e+00 -1.000000e+00 -1.000000000000e+00  -1.000000000000e+00  -1.000000000000e+00  -1.000000000000e+00   -1.000000000000e+00   -1.000000000000e+00   -1.000000000000e+00    -1.000000000000e+00    -1.000000     -1.000000     -0.001000     -0.001000     -1.000000     -0.001000     -0.001000     -0.000001     -0.001000     -0.001000     -1.000000     -1.000000     -1.000000 
311 10 10 105.000000 0.420000 -1.000000 -1.000000 -1.000000 -1.000000 nan nan nan nan -1.000000000000e+00 -1.000000e+00 -1.000000000000e+00  -1.000000000000e+00  -1.000000000000e+00  -1.000000000000e+00   -1.000000000000e+00   -1.000000000000e+00   -1.000000000000e+00    -1.000000000000e+00    -1.000000     -1.000000     -0.001000     -0.001000     -1.000000     -0.001000     -0.001000     -0.000001     -0.001000     -0.001000     -1.000000     -1.000000     -1.000000 
312 10 11 105.000000 0.460000 -1.000000 -1.000000 -1.000000 -1.000000 nan nan nan nan -1.000000000000e+00 -1.000000e+00 -1.000000000000e+00  -1.000000000000e+00  -1.000000000000e+00  -1.000000000000e+00   -1.000000000000e+00   -1.000000000000e+00   -1.000000000000e+00    -1.000000000000e+00    -1.000000     -1.000000     -0.001000     -0.001000     -1.000000     -0.001000     -0.001000     -0.000001     -0.001000     -0.001000     -1.000000     -1.000000     -1.000000 
313 10 12 105.000000 0.500000 -1.000000 -1.000000 -1.000000 -1.000000 nan nan nan nan -1.000000000000e+00 -1.000000e+00 -1.000000000000e+00  -1.000000000000e+00  -1.000000000000e+00  -1.000000000000e+00   -1.000000000000e+00   -1.000000000000e+00   -1.000000000000e+00    -1.000000000000e+00    -1.000000     -1.000000     -0.001000     -0.001000     -1.000000     -0.001000     -0.001000     -0.000001     -0.001000     -0.001000     -1.000000     -1.000000     -1.000000 
314 10 13 105.000000 0.540000 -1.000000 -1.000000 -1.000000 -1.000000 nan nan nan nan -1.000000000000e+00 -1.000000e+00 -1.000000000000e+00  -1.000000000000e+00  -1.000000000000e+00  -1.000000000000e+00   -1.000000000000e+00   -1.000000000000e+00   -1.000000000000e+00    -1.000000000000e+00    -1.000000     -1.000000     -0.001000     -0.001000     -1.000000     -0.001000     -0.001000     -0.000001     -0.001000     -0.001000     -1.000000     -1.000000     -1.000000 
315 10 14 105.000000 0.580000 -1.000000 -1.000000 -1.000000 -1.000000 nan nan nan nan -1.000000000000e+00 -1.000000e+00 -1.000000000000e+00  -1.000000000000e+00  -1.000000000000e+00  -1.000000000000e+00   -1.000000000000e+00   -1.000000000000e+00   -1.000000000000e+00    -1.000000000000e+00    -1.000000     -1.000000     -0.001000     -0.001000     -1.000000     -0.001000     -0.001000     -0.000001     -0.001000     -0.001000     -1.000000     -1.000000     -1.000000 
316 10 15 105.000000 0.620000 -1.000000 -1.000000 -1.000000 -1.000000 nan nan nan nan -1.000000000000e+00 -1.000000e+00 -1.000000000000e+00  -1.000000000000e+00  -1.000000000000e+00  -1.000000000000e+00   -1.000000000000e+00   -1.000000000000e+00   -1.000000000000e+00    -1.000000000000e+00    -1.000000     -1.000000     -0.001000     -0.001000     -1.000000     -0.001000     -0.001000     -0.000001     -0.001000     -0.001000     -1.000000     -1.000000     -1.000000 
317 10 16 105.000000 0.660000 -1.000000 -1.000000 -1.000000 -1.000000 nan nan nan nan -1.000000000000e+00 -1.000000e+00 -1.000000000000e+00  -1.000000000000e+00  -1.000000000000e+00  -1.000000000000e+00   -1.000000000000e+00   -1.000000000000e+00   -1.000000000000e+00    -1.000000000000e+00    -1.000000     -1.000000     -0.001000     -0.001000     -1.000000     -0.001000     -0.001000     -0.000001     -0.001000     -0.001000     -1.000000     -1.000000     -1.000000 
318 10 17 105.000000 0.700000 -1.000000 -1.000000 -1.000000 -1.000000 nan nan nan nan -1.000000000000e+00 -1.000000e+00 -1.000000000000e+00  -1.000000000000e+00  -1.000000000000e+00  -1.000000000000e+00   -1.000000000000e+00   -1.000000000000e+00   -1.000000000000e+00    -1.000000000000e+00    -1.000000     -1.000000     -0.001000     -0.001000     -1.000000     -0.001000     -0.001000     -0.000001     -0.001000     -0.001000     -1.000000     -1.000000     -1.000000 
319 10 18 105.000000 0.740000 -1.000000 -1.000000 -1.000000 -1.000000 nan nan nan nan -1.000000000000e+00 -1.000000e+00 -1.000000000000e+00  -1.000000000000e+00  -1.000000000000e+00  -1.000000000000e+00   -1.000000000000e+00   -1.000000000000e+00   -1.000000000000e+00    -1.000000000000e+00    -1.000000     -1.000000     -0.001000     -0.001000     -1.000000     -0.001000     -0.001000     -0.000001     -0.001000     -0.001000     -1.000000     -1.000000     -1.000000 
320 10 19 105.000000 0.780000 -1.000000 -1.000000 -1.000000 -1.000000 nan nan nan nan -1.000000000000e+00 -1.000000e+00 -1.000000000000e+00  -1.000000000000e+00  -1.000000000000e+00  -1.000000000000e+00   -1.000000000000e+00   -1.000000000000e+00   -1.000000000000e+00    -1.000000000000e+00    -1.000000     -1.000000     -0.001000     -0.001000     -1.000000     -0.001000     -0.001000     -0.000001     -0.001000     -0.001000     -1.000000     -1.000000     -1.000000 
321 10 20 105.000000 0.820000 -1.000000 -1.000000 -1.000000 -1.000000 nan nan nan nan -1.000000000000e+00 -1.000000e+00 -1.000000000000e+00  -1.000000000000e+00  -1.000000000000e+00  -1.000000000000e+00   -1.000000000000e+00   -1.000000000000e+00   -1.000000000000e+00    -1.000000000000e+00    -1.000000     -1.000000     -0.001000     -0.001000     -1.000000     -0.001000     -0.001000     -0.000001     -0.001000     -0.001000     -1.000000     -1.000000     -1.000000 
322 10 21 105.000000 0.860000 -1.000000 -1.000000 -1.000000 -1.000000 nan nan nan nan -1.000000000000e+00 -1.000000e+00 -1.000000000000e+00  -1.000000000000e+00  -1.000000000000e+00  -1.000000000000e+00   -1.000000000000e+00   -1.000000000000e+00   -1.000000000000e+00    -1.000000000000e+00    -1.000000     -1.000000     -0.001000     -0.001000     -1.000000     -0.001000     -0.001000     -0.000001     -0.001000     -0.001000     -1.000000     -1.000000     -1.000000 
323 10 22 105.000000 0.900000 -1.000000 -1.000000 -1.000000 -1.000000 nan nan nan nan -1.000000000000e+00 -1.000000e+00 -1.000000000000e+00  -1.000000000000e+00  -1.000000000000e+00  -1.000000000000e+00   -1.000000000000e+00   -1.000000000000e+00   -1.000000000000e+00    -1.000000000000e+00    -1.000000     -1.000000     -0.001000     -0.001000     -1.000000     -0.001000     -0.001000     -0.000001     -0.001000     -0.001000     -1.000000     -1.000000     -1.000000 
324 10 23 105.000000 0.940000 -1.000000 -1.000000 -1.000000 -1.000000 nan nan nan nan -1.000000000000e+00 -1.000000e+00 -1.000000000000e+00  -1.000000000000e+00  -1.000000000000e+00  -1.000000000000e+00   -1.000000000000e+00   -1.000000000000e+00   -1.000000000000e+00    -1.000000000000e+00    -1.000000     -1.000000     -0.001000     -0.001000     -1.000000     -0.001000     -0.001000     -0.000001     -0.001000     -0.001000     -1.000000     -1.000000     -1.000000 
325 10 24 105.000000 0.980000 -1.000000 -1.000000 -1.000000 -1.000000 nan nan nan nan -1.000000000000e+00 -1.000000e+00 -1.000000000000e+00  -1.000000000000e+00  -1.000000000000e+00  -1.000000000000e+00   -1.000000000000e+00   -1.000000000000e+00   -1.000000000000e+00    -1.000000000000e+00    -1.000000     -1.000000     -0.001000     -0.001000     -1.000000     -0.001000     -0.001000     -0.000001     -0.001000     -0.001000     -1.000000     -1.000000     -1.000000 
326 10 25 105.000000 1.020000 -1.000000 -1.000000 -1.000000 -1.000000 nan nan nan nan -1.000000000000e+00 -1.000000e+00 -1.000000000000e+00  -1.000000000000e+00  -1.000000000000e+00  -1.000000000000e+00   -1.000000000000e+00   -1.000000000000e+00   -1.000000000000e+00    -1.000000000000e+00    -1.000000     -1.000000     -0.001000     -0.001000     -1.000000     -0.001000     -0.001000     -0.000001     -0.001000     -0.001000     -1.000000     -1.000000     -1.000000 
327 10 26 105.000000 1.060000 -1.000000 -1.000000 -1.000000 -1.000000 nan nan nan nan -1.000000000000e+00 -1.000000e+00 -1.000000000000e+00  -1.000000000000e+00  -1.000000000000e+00  -1.000000000000e+00   -1.000000000000e+00   -1.000000000000e+00   -1.000000000000e+00    -1.000000000000e+00    -1.000000     -1.000000     -0.001000     -0.001000     -1.000000     -0.001000     -0.001000     -0.000001     -0.001000     -0.001000     -1.000000     -1.000000     -1.000000 
328 10 27 105.000000 1.100000 -1.000000 -1.000000 -1.000000 -1.000000 nan nan nan nan -1.000000000000e+00 -1.000000e+00 -1.000000000000e+00  -1.000000000000e+00  -1.000000000000e+00  -1.000000000000e+00   -1.000000000000e+00   -1.000000000000e+00   -1.000000000000e+00    -1.000000000000e+00    -1.000000     -1.000000     -0.001000     -0.001000     -1.000000     -0.001000     -0.001000     -0.000001     -0.001000     -0.001000     -1.000000     -1.000000     -1.000000 
329 10 28 105.000000 1.140000 -1.000000 -1.000000 -1.000000 -1.000000 nan nan nan nan -1.000000000000e+00 -1.000000e+00 -1.000000000000e+00  -1.000000000000e+00  -1.000000000000e+00  -1.000000000000e+00   -1.000000000000e+00   -1.000000000000e+00   -1.000000000000e+00    -1.000000000000e+00    -1.000000     -1.000000     -0.001000     -0.001000     -1.000000     -0.001000     -0.001000     -0.000001     -0.001000     -0.001000     -1.000000     -1.000000     -1.000000 
330 10 29 105.000000 1.180000 -1.000000 -1.000000 -1.000000 -1.000000 nan nan nan nan -1.000000000000e+00 -1.000000e+00 -1.000000000000e+00  -1.000000000000e+00  -1.000000000000e+00  -1.000000000000e+00   -1.000000000000e+00   -1.000000000000e+00   -1.000000000000e+00    -1.000000000000e+00    -1.000000     -1.000000     -0.001000     -0.001000     -1.000000     -0.001000     -0.001000     -0.000001     -0.001000     -0.001000     -1.000000     -1.000000     -1.000000 
331 11 0 115.000000 0.020000 -1.000000 -1.000000 -1.000000 -1.000000 nan nan nan nan -1.000000000000e+00 -1.000000e+00 -1.000000000000e+00  -1.000000000000e+00  -1.000000000000e+00  -1.000000000000e+00   -1.000000000000e+00   -1.000000000000e+00   -1.000000000000e+00    -1.000000000000e+00    -1.000000     -1.000000     -0.001000     -0.001000     -1.000000     -0.001000     -0.001000     -0.000001     -0.001000     -0.001000     -1.000000     -1.000000     -1.000000 
332 11 1 115.000000 0.060000 -1.000000 -1.000000 -1.000000 -1.000000 nan nan nan nan -1.000000000000e+00 -1.000000e+00 -1.000000000000e+00  -1.000000000000e+00  -1.000000000000e+00  -1.000000000000e+00   -1.000000000000e+00   -1.000000000000e+00   -1.000000000000e+00    -1.000000000000e+00    -1.000000     -1.000000     -0.001000     -0.001000     -1.000000     -0.001000     -0.001000     -0.000001     -0.001000     -0.001000     -1.000000     -1.000000     -1.000000 
333 11 2 115.000000 0.100000 -1.000000 -1.000000 -1.000000 -1.000000 nan nan nan nan -1.000000000000e+00 -1.000000e+00 -1.000000000000e+00  -1.000000000000e+00  -1.000000000000e+00  -1.000000000000e+00   -1.000000000000e+00   -1.000000000000e+00   -1.000000000000e+00    -1.000000000000e+00    -1.000000     -1.000000     -0.001000     -0.001000     -1.000000     -0.001000     -0.001000     -0.000001     -0.001000     -0.001000     -1.000000     -1.000000     -1.000000 
334 11 3 115.000000 0.140000 -1.000000 -1.000000 -1.000000 -1.000000 nan nan nan nan -1.000000000000e+00 -1.000000e+00 -1.000000000000e+00  -1.000000000000e+00  -1.000000000000e+00  -1.000000000000e+00   -1.000000000000e+00   -1.000000000000e+00   -1.000000000000e+00    -1.000000000000e+00    -1.000000     -1.000000     -0.001000     -0.001000     -1.000000     -0.001000     -0.001000     -0.000001     -0.001000     -0.001000     -1.000000     -1.000000     -1.000000 
335 11 4 115.000000 0.180000 -1.000000 -1.000000 -1.000000 -1.000000 nan nan nan nan -1.000000000000e+00 -1.000000e+00 -1.000000000000e+00  -1.000000000000e+00  -1.000000000000e+00  -1.000000000000e+00   -1.000000000000e+00   -1.000000000000e+00   -1.000000000000e+00    -1.000000000000e+00    -1.000000     -1.000000     -0.001000     -0.001000     -1.000000     -0.001000     -0.001000     -0.000001     -0.001000     -0.001000     -1.000000     -1.000000     -1.000000 
336 11 5 115.000000 0.220000 -1.000000 -1.000000 -1.000000 -1.000000 nan nan nan nan -1.000000000000e+00 -1.000000e+00 -1.000000000000e+00  -1.000000000000e+00  -1.000000000000e+00  -1.000000000000e+00   -1.000000000000e+00   -1.000000000000e+00   -1.000000000000e+00    -1.000000000000e+00    -1.000000     -1.000000     -0.001000     -0.001000     -1.000000     -0.001000     -0.001000     -0.000001     -0.001000     -0.001000     -1.000000     -1.000000     -1.000000 
337 11 6 115.000000 0.260000 -1.000000 -1.000000 -1.000000 -1.000000 nan nan nan nan -1.000000000000e+00 -1.000000e+00 -1.000000000000e+00  -1.000000000000e+00  -1.000000000000e+00  -1.000000000000e+00   -1.000000000000e+00   -1.000000000000e+00   -1.000000000000e+00    -1.000000000000e+00    -1.000000     -1.000000     -0.001000     -0.001000     -1.000000     -0.001000     -0.001000     -0.000001     -0.001000     -0.001000     -1.000000     -1.000000     -1.000000 
338 11 7 115.000000 0.300000 -1.000000 -1.000000 -1.000000 -1.000000 nan nan nan nan -1.000000000000e+00 -1.000000e+00 -1.000000000000e+00  -1.000000000000e+00  -1.000000000000e+00  -1.000000000000e+00   -1.000000000000e+00   -1.000000000000e+00   -1.000000000000e+00    -1.000000000000e+00    -1.000000     -1.000000     -0.001000     -0.001000     -1.000000     -0.001000     -0.001000     -0.000001     -0.001000     -0.001000     -1.000000     -1.000000     -1.000000 
339 11 8 115.000000 0.340000 -1.000000 -1.000000 -1.000000 -1.000000 nan nan nan nan -1.000000000000e+00 -1.000000e+00 -1.000000000000e+00  -1.000000000000e+00  -1.000000000000e+00  -1.000000000000e+00   -1.000000000000e+00   -1.000000000000e+00   -1.000000000000e+00    -1.000000000000e+00    -1.000000     -1.000000     -0.001000     -0.001000     -1.000000     -0.001000     -0.001000     -0.000001     -0.001000     -0.001000     -1.000000     -1.000000     -1.000000 
340 11 9 115.000000 0.380000 -1.000000 -1.000000 -1.000000 -1.000000 nan nan nan nan -1.000000000000e+00 -1.000000e+00 -1.000000000000e+00  -1.000000000000e+00  -1.000000000000e+00  -1.000000000000e+00   -1.000000000000e+00   -1.000000000000e+00   -1.000000000000e+00    -1.000000000000e+00    -1.000000     -1.000000     -0.001000     -0.001000     -1.000000     -0.001000     -0.001000     -0.000001     -0.001000     -0.001000     -1.000000     -1.000000     -1.000000 
341 11 10 115.000000 0.420000 -1.000000 -1.000000 -1.000000 -1.000000 nan nan nan nan -1.000000000000e+00 -1.000000e+00 -1.000000000000e+00  -1.000000000000e+00  -1.000000000000e+00  -1.000000000000e+00   -1.000000000000e+00   -1.000000000000e+00   -1.000000000000e+00    -1.000000000000e+00    -1.000000     -1.000000     -0.001000     -0.001000     -1.000000     -0.001000     -0.001000     -0.000001     -0.001000     -0.001000     -1.000000     -1.000000     -1.000000 
342 11 11 115.000000 0.460000 -1.000000 -1.000000 -1.000000 -1.000000 nan nan nan nan -1.000000000000e+00 -1.000000e+00 -1.000000000000e+00  -1.000000000000e+00  -1.000000000000e+00  -1.000000000000e+00   -1.000000000000e+00   -1.000000000000e+00   -1.000000000000e+00    -1.000000000000e+00    -1.000000     -1.000000     -0.001000     -0.001000     -1.000000     -0.001000     -0.001000     -0.000001     -0.001000     -0.001000     -1.000000     -1.000000     -1.000000 
343 11 12 115.000000 0.500000 -1.000000 -1.000000 -1.000000 -1.000000 nan nan nan nan -1.000000000000e+00 -1.000000e+00 -1.000000000000e+00  -1.000000000000e+00  -1.000000000000e+00  -1.000000000000e+00   -1.000000000000e+00   -1.000000000000e+00   -1.000000000000e+00    -1.000000000000e+00    -1.000000     -1.000000     -0.001000     -0.001000     -1.000000     -0.001000     -0.001000     -0.000001     -0.001000     -0.001000     -1.000000     -1.000000     -1.000000 
344 11 13 115.000000 0.540000 -1.000000 -1.000000 -1.000000 -1.000000 nan nan nan nan -1.000000000000e+00 -1.000000e+00 -1.000000000000e+00  -1.000000000000e+00  -1.000000000000e+00  -1.000000000000e+00   -1.000000000000e+00   -1.000000000000e+00   -1.000000000000e+00    -1.000000000000e+00    -1.000000     -1.000000     -0.001000     -0.001000     -1.000000     -0.001000     -0.001000     -0.000001     -0.001000     -0.001000     -1.000000     -1.000000     -1.000000 
345 11 14 115.000000 0.580000 -1.000000 -1.000000 -1.000000 -1.000000 nan nan nan nan -1.000000000000e+00 -1.000000e+00 -1.000000000000e+00  -1.000000000000e+00  -1.000000000000e+00  -1.000000000000e+00   -1.000000000000e+00   -1.000000000000e+00   -1.000000000000e+00    -1.000000000000e+00    -1.000000     -1.000000     -0.001000     -0.001000     -1.000000     -0.001000     -0.001000     -0.000001     -0.001000     -0.001000     -1.000000     -1.000000     -1.000000 
346 11 15 115.000000 0.620000 -1.000000 -1.000000 -1.000000 -1.000000 nan nan nan nan -1.000000000000e+00 -1.000000e+00 -1.000000000000e+00  -1.000000000000e+00  -1.000000000000e+00  -1.000000000000e+00   -1.000000000000e+00   -1.000000000000e+00   -1.000000000000e+00    -1.000000000000e+00    -1.000000     -1.000000     -0.001000     -0.001000     -1.000000     -0.001000     -0.001000     -0.000001     -0.001000     -0.001000     -1.000000     -1.000000     -1.000000 
347 11 16 115.000000 0.660000 -1.000000 -1.000000 -1.000000 -1.000000 nan nan nan nan -1.000000000000e+00 -1.000000e+00 -1.000000000000e+00  -1.000000000000e+00  -1.000000000000e+00  -1.000000000000e+00   -1.000000000000e+00   -1.000000000000e+00   -1.000000000000e+00    -1.000000000000e+00    -1.000000     -1.000000     -0.001000     -0.001000     -1.000000     -0.001000     -0.001000     -0.000001     -0.001000     -0.001000     -1.000000     -1.000000     -1.000000 
348 11 17 115.000000 0.700000 -1.000000 -1.000000 -1.000000 -1.000000 nan nan nan nan -1.000000000000e+00 -1.000000e+00 -1.000000000000e+00  -1.000000000000e+00  -1.000000000000e+00  -1.000000000000e+00   -1.000000000000e+00   -1.000000000000e+00   -1.000000000000e+00    -1.000000000000e+00    -1.000000     -1.000000     -0.001000     -0.001000     -1.000000     -0.001000     -0.001000     -0.000001     -0.001000     -0.001000     -1.000000     -1.000000     -1.000000 
349 11 18 115.000000 0.740000 -1.000000 -1.000000 -1.000000 -1.000000 nan nan nan nan -1.000000000000e+00 -1.000000e+00 -1.000000000000e+00  -1.000000000000e+00  -1.000000000000e+00  -1.000000000000e+00   -1.000000000000e+00   -1.000000000000e+00   -1.000000000000e+00    -1.000000000000e+00    -1.000000     -1.000000     -0.001000     -0.001000     -1.000000     -0.001000     -0.001000     -0.000001     -0.001000     -0.001000     -1.000000     -1.000000     -1.000000 
350 11 19 115.000000 0.780000 -1.000000 -1.000000 -1.000000 -1.000000 nan nan nan nan -1.000000000000e+00 -1.000000e+00 -1.000000000000e+00  -1.000000000000e+00  -1.000000000000e+00  -1.000000000000e+00   -1.000000000000e+00   -1.000000000000e+00   -1.000000000000e+00    -1.000000000000e+00    -1.000000     -1.000000     -0.001000     -0.001000     -1.000000     -0.001000     -0.001000     -0.000001     -0.001000     -0.001000     -1.000000     -1.000000     -1.000000 
351 11 20 115.000000 0.820000 -1.000000 -1.000000 -1.000000 -1.000000 nan nan nan nan -1.000000000000e+00 -1.000000e+00 -1.000000000000e+00  -1.000000000000e+00  -1.000000000000e+00  -1.000000000000e+00   -1.000000000000e+00   -1.000000000000e+00   -1.000000000000e+00    -1.000000000000e+00    -1.000000     -1.000000     -0.001000     -0.001000     -1.000000     -0.001000     -0.001000     -0.000001     -0.001000     -0.001000     -1.000000     -1.000000     -1.000000 
352 11 21 115.000000 0.860000 -1.000000 -1.000000 -1.000000 -1.000000 nan nan nan nan -1.000000000000e+00 -1.000000e+00 -1.000000000000e+00  -1.000000000000e+00  -1.000000000000e+00  -1.000000000000e+00   -1.000000000000e+00   -1.000000000000e+00   -1.000000000000e+00    -1.000000000000e+00    -1.000000     -1.000000     -0.001000     -0.001000     -1.000000     -0.001000     -0.001000     -0.000001     -0.001000     -0.001000     -1.000000     -1.000000     -1.000000 
353 11 22 115.000000 0.900000 -1.000000 -1.000000 -1.000000 -1.000000 nan nan nan nan -1.000000000000e+00 -1.000000e+00 -1.000000000000e+00  -1.000000000000e+00  -1.000000000000e+00  -1.000000000000e+00   -1.000000000000e+00   -1.000000000000e+00   -1.000000000000e+00    -1.000000000000e+00    -1.000000     -1.000000     -0.001000     -0.001000     -1.000000     -0.001000     -0.001000     -0.000001     -0.001000     -0.001000     -1.000000     -1.000000     -1.000000 
354 11 23 115.000000 0.940000 -1.000000 -1.000000 -1.000000 -1.000000 nan nan nan nan -1.000000000000e+00 -1.000000e+00 -1.000000000000e+00  -1.000000000000e+00  -1.000000000000e+00  -1.000000000000e+00   -1.000000000000e+00   -1.000000000000e+00   -1.000000000000e+00    -1.000000000000e+00    -1.000000     -1.000000     -0.001000     -0.001000     -1.000000     -0.001000     -0.001000     -0.000001     -0.001000     -0.001000     -1.000000     -1.000000     -1.000000 
355 11 24 115.000000 0.980000 -1.000000 -1.000000 -1.000000 -1.000000 nan nan nan nan -1.000000000000e+00 -1.000000e+00 -1.000000000000e+00  -1.000000000000e+00  -1.000000000000e+00  -1.000000000000e+00   -1.000000000000e+00   -1.000000000000e+00   -1.000000000000e+00    -1.000000000000e+00    -1.000000     -1.000000     -0.001000     -0.001000     -1.000000     -0.001000     -0.001000     -0.000001     -0.001000     -0.001000     -1.000000     -1.000000     -1.000000 
356 11 25 115.000000 1.020000 -1.000000 -1.000000 -1.000000 -1.000000 nan nan nan nan -1.000000000000e+00 -1.000000e+00 -1.000000000000e+00  -1.000000000000e+00  -1.000000000000e+00  -1.000000000000e+00   -1.000000000000e+00   -1.000000000000e+00   -1.000000000000e+00    -1.000000000000e+00    -1.000000     -1.000000     -0.001000     -0.001000     -1.000000     -0.001000     -0.001000     -0.000001     -0.001000     -0.001000     -1.000000     -1.000000     -1.000000 
357 11 26 115.000000 1.060000 -1.000000 -1.000000 -1.000000 -1.000000 nan nan nan nan -1.000000000000e+00 -1.000000e+00 -1.000000000000e+00  -1.000000000000e+00  -1.000000000000e+00  -1.000000000000e+00   -1.000000000000e+00   -1.000000000000e+00   -1.000000000000e+00    -1.000000000000e+00    -1.000000     -1.000000     -0.001000     -0.001000     -1.000000     -0.001000     -0.001000     -0.000001     -0.001000     -0.001000     -1.000000     -1.000000     -1.000000 
358 11 27 115.000000 1.100000 -1.000000 -1.000000 -1.000000 -1.000000 nan nan nan nan -1.000000000000e+00 -1.000000e+00 -1.000000000000e+00  -1.000000000000e+00  -1.000000000000e+00  -1.000000000000e+00   -1.000000000000e+00   -1.000000000000e+00   -1.000000000000e+00    -1.000000000000e+00    -1.000000     -1.000000     -0.001000     -0.001000     -1.000000     -0.001000     -0.001000     -0.000001     -0.001000     -0.001000     -1.000000     -1.000000     -1.000000 
359 11 28 115.000000 1.140000 -1.000000 -1.000000 -1.000000 -1.000000 nan nan nan nan -1.000000000000e+00 -1.000000e+00 -1.000000000000e+00  -1.000000000000e+00  -1.000000000000e+00  -1.000000000000e+00   -1.000000000000e+00   -1.000000000000e+00   -1.000000000000e+00    -1.000000000000e+00    -1.000000     -1.000000     -0.001000     -0.001000     -1.000000     -0.001000     -0.001000     -0.000001     -0.001000     -0.001000     -1.000000     -1.000000     -1.000000 
360 11 29 115.000000 1.180000 -1.000000 -1.000000 -1.000000 -1.000000 nan nan nan nan -1.000000000000e+00 -1.000000e+00 -1.000000000000e+00  -1.000000000000e+00  -1.000000000000e+00  -1.000000000000e+00   -1.000000000000e+00   -1.000000000000e+00   -1.000000000000e+00    -1.000000000000e+00    -1.000000     -1.000000     -0.001000     -0.001000     -1.000000     -0.001000     -0.001000     -0.000001     -0.001000     -0.001000     -1.000000     -1.000000     -1.000000 
361 12 0 125.000000 0.020000 -1.000000 -1.000000 -1.000000 -1.000000 nan nan nan nan -1.000000000000e+00 -1.000000e+00 -1.000000000000e+00  -1.000000000000e+00  -1.000000000000e+00  -1.000000000000e+00   -1.000000000000e+00   -1.000000000000e+00   -1.000000000000e+00    -1.000000000000e+00    -1.000000     -1.000000     -0.001000     -0.001000     -1.000000     -0.001000     -0.001000     -0.000001     -0.001000     -0.001000     -1.000000     -1.000000     -1.000000 
362 12 1 125.000000 0.060000 -1.000000 -1.000000 -1.000000 -1.000000 nan nan nan nan -1.000000000000e+00 -1.000000e+00 -1.000000000000e+00  -1.000000000000e+00  -1.000000000000e+00  -1.000000000000e+00   -1.000000000000e+00   -1.000000000000e+00   -1.000000000000e+00    -1.000000000000e+00    -1.000000     -1.000000     -0.001000     -0.001000     -1.000000     -0.001000     -0.001000     -0.000001     -0.001000     -0.001000     -1.000000     -1.000000     -1.000000 
363 12 2 125.000000 0.100000 -1.000000 -1.000000 -1.000000 -1.000000 nan nan nan nan -1.000000000000e+00 -1.000000e+00 -1.000000000000e+00  -1.000000000000e+00  -1.000000000000e+00  -1.000000000000e+00   -1.000000000000e+00   -1.000000000000e+00   -1.000000000000e+00    -1.000000000000e+00    -1.000000     -1.000000     -0.001000     -0.001000     -1.000000     -0.001000     -0.001000     -0.000001     -0.001000     -0.001000     -1.000000     -1.000000     -1.000000 
364 12 3 125.000000 0.140000 -1.000000 -1.000000 -1.000000 -1.000000 nan nan nan nan -1.000000000000e+00 -1.000000e+00 -1.000000000000e+00  -1.000000000000e+00  -1.000000000000e+00  -1.000000000000e+00   -1.000000000000e+00   -1.000000000000e+00   -1.000000000000e+00    -1.000000000000e+00    -1.000000     -1.000000     -0.001000     -0.001000     -1.000000     -0.001000     -0.001000     -0.000001     -0.001000     -0.001000     -1.000000     -1.000000     -1.000000 
365 12 4 125.000000 0.180000 -1.000000 -1.000000 -1.000000 -1.000000 nan nan nan nan -1.000000000000e+00 -1.000000e+00 -1.000000000000e+00  -1.000000000000e+00  -1.000000000000e+00  -1.000000000000e+00   -1.000000000000e+00   -1.000000000000e+00   -1.000000000000e+00    -1.000000000000e+00    -1.000000     -1.000000     -0.001000     -0.001000     -1.000000     -0.001000     -0.001000     -0.000001     -0.001000     -0.001000     -1.000000     -1.000000     -1.000000 
366 12 5 125.000000 0.220000 -1.000000 -1.000000 -1.000000 -1.000000 nan nan nan nan -1.000000000000e+00 -1.000000e+00 -1.000000000000e+00  -1.000000000000e+00  -1.000000000000e+00  -1.000000000000e+00   -1.000000000000e+00   -1.000000000000e+00   -1.000000000000e+00    -1.000000000000e+00    -1.000000     -1.000000     -0.001000     -0.001000     -1.000000     -0.001000     -0.001000     -0.000001     -0.001000     -0.001000     -1.000000     -1.000000     -1.000000 
367 12 6 125.000000 0.260000 -1.000000 -1.000000 -1.000000 -1.000000 nan nan nan nan -1.000000000000e+00 -1.000000e+00 -1.000000000000e+00  -1.000000000000e+00  -1.000000000000e+00  -1.000000000000e+00   -1.000000000000e+00   -1.000000000000e+00   -1.000000000000e+00    -1.000000000000e+00    -1.000000     -1.000000     -0.001000     -0.001000     -1.000000     -0.001000     -0.001000     -0.000001     -0.001000     -0.001000     -1.000000     -1.000000     -1.000000 
368 12 7 125.000000 0.300000 -1.000000 -1.000000 -1.000000 -1.000000 nan nan nan nan -1.000000000000e+00 -1.000000e+00 -1.000000000000e+00  -1.000000000000e+00  -1.000000000000e+00  -1.000000000000e+00   -1.000000000000e+00   -1.000000000000e+00   -1.000000000000e+00    -1.000000000000e+00    -1.000000     -1.000000     -0.001000     -0.001000     -1.000000     -0.001000     -0.001000     -0.000001     -0.001000     -0.001000     -1.000000     -1.000000     -1.000000 
369 12 8 125.000000 0.340000 -1.000000 -1.000000 -1.000000 -1.000000 nan nan nan nan -1.000000000000e+00 -1.000000e+00 -1.000000000000e+00  -1.000000000000e+00  -1.000000000000e+00  -1.000000000000e+00   -1.000000000000e+00   -1.000000000000e+00   -1.000000000000e+00    -1.000000000000e+00    -1.000000     -1.000000     -0.001000     -0.001000     -1.000000     -0.001000     -0.001000     -0.000001     -0.001000     -0.001000     -1.000000     -1.000000     -1.000000 
370 12 9 125.000000 0.380000 -1.000000 -1.000000 -1.000000 -1.000000 nan nan nan nan -1.000000000000e+00 -1.000000e+00 -1.000000000000e+00  -1.000000000000e+00  -1.000000000000e+00  -1.000000000000e+00   -1.000000000000e+00   -1.000000000000e+00   -1.000000000000e+00    -1.000000000000e+00    -1.000000     -1.000000     -0.001000     -0.001000     -1.000000     -0.001000     -0.001000     -0.000001     -0.001000     -0.001000     -1.000000     -1.000000     -1.000000 
371 12 10 125.000000 0.420000 -1.000000 -1.000000 -1.000000 -1.000000 nan nan nan nan -1.000000000000e+00 -1.000000e+00 -1.000000000000e+00  -1.000000000000e+00  -1.000000000000e+00  -1.000000000000e+00   -1.000000000000e+00   -1.000000000000e+00   -1.000000000000e+00    -1.000000000000e+00    -1.000000     -1.000000     -0.001000     -0.001000     -1.000000     -0.001000     -0.001000     -0.000001     -0.001000     -0.001000     -1.000000     -1.000000     -1.000000 
372 12 11 125.000000 0.460000 -1.000000 -1.000000 -1.000000 -1.000000 nan nan nan nan -1.000000000000e+00 -1.000000e+00 -1.000000000000e+00  -1.000000000000e+00  -1.000000000000e+00  -1.000000000000e+00   -1.000000000000e+00   -1.000000000000e+00   -1.000000000000e+00    -1.000000000000e+00    -1.000000     -1.000000     -0.001000     -0.001000     -1.000000     -0.001000     -0.001000     -0.000001     -0.001000     -0.001000     -1.000000     -1.000000     -1.000000 
373 12 12 125.000000 0.500000 -1.000000 -1.000000 -1.000000 -1.000000 nan nan nan nan -1.000000000000e+00 -1.000000e+00 -1.000000000000e+00  -1.000000000000e+00  -1.000000000000e+00  -1.000000000000e+00   -1.000000000000e+00   -1.000000000000e+00   -1.000000000000e+00    -1.000000000000e+00    -1.000000     -1.000000     -0.001000     -0.001000     -1.000000     -0.001000     -0.001000     -0.000001     -0.001000     -0.001000     -1.000000     -1.000000     -1.000000 
374 12 13 125.000000 0.540000 -1.000000 -1.000000 -1.000000 -1.000000 nan nan nan nan -1.000000000000e+00 -1.000000e+00 -1.000000000000e+00  -1.000000000000e+00  -1.000000000000e+00  -1.000000000000e+00   -1.000000000000e+00   -1.000000000000e+00   -1.000000000000e+00    -1.000000000000e+00    -1.000000     -1.000000     -0.001000     -0.001000     -1.000000     -0.001000     -0.001000     -0.000001     -0.001000     -0.001000     -1.000000     -1.000000     -1.000000 
375 12 14 125.000000 0.580000 -1.000000 -1.000000 -1.000000 -1.000000 nan nan nan nan -1.000000000000e+00 -1.000000e+00 -1.000000000000e+00  -1.000000000000e+00  -1.000000000000e+00  -1.000000000000e+00   -1.000000000000e+00   -1.000000000000e+00   -1.000000000000e+00    -1.000000000000e+00    -1.000000     -1.000000     -0.001000     -0.001000     -1.000000     -0.001000     -0.001000     -0.000001     -0.001000     -0.001000     -1.000000     -1.000000     -1.000000 
376 12 15 125.000000 0.620000 -1.000000 -1.000000 -1.000000 -1.000000 nan nan nan nan -1.000000000000e+00 -1.000000e+00 -1.000000000000e+00  -1.000000000000e+00  -1.000000000000e+00  -1.000000000000e+00   -1.000000000000e+00   -1.000000000000e+00   -1.000000000000e+00    -1.000000000000e+00    -1.000000     -1.000000     -0.001000     -0.001000     -1.000000     -0.001000     -0.001000     -0.000001     -0.001000     -0.001000     -1.000000     -1.000000     -1.000000 
377 12 16 125.000000 0.660000 -1.000000 -1.000000 -1.000000 -1.000000 nan nan nan nan -1.000000000000e+00 -1.000000e+00 -1.000000000000e+00  -1.000000000000e+00  -1.000000000000e+00  -1.000000000000e+00   -1.000000000000e+00   -1.000000000000e+00   -1.000000000000e+00    -1.000000000000e+00    -1.000000     -1.000000     -0.001000     -0.001000     -1.000000     -0.001000     -0.001000     -0.000001     -0.001000     -0.001000     -1.000000     -1.000000     -1.000000 
378 12 17 125.000000 0.700000 -1.000000 -1.000000 -1.000000 -1.000000 nan nan nan nan -1.000000000000e+00 -1.000000e+00 -1.000000000000e+00  -1.000000000000e+00  -1.000000000000e+00  -1.000000000000e+00   -1.000000000000e+00   -1.000000000000e+00   -1.000000000000e+00    -1.000000000000e+00    -1.000000     -1.000000     -0.001000     -0.001000     -1.000000     -0.001000     -0.001000     -0.000001     -0.001000     -0.001000     -1.000000     -1.000000     -1.000000 
379 12 18 125.000000 0.740000 -1.000000 -1.000000 -1.000000 -1.000000 nan nan nan nan -1.000000000000e+00 -1.000000e+00 -1.000000000000e+00  -1.000000000000e+00  -1.000000000000e+00  -1.000000000000e+00   -1.000000000000e+00   -1.000000000000e+00   -1.000000000000e+00    -1.000000000000e+00    -1.000000     -1.000000     -0.001000     -0.001000     -1.000000     -0.001000     -0.001000     -0.000001     -0.001000     -0.001000     -1.000000     -1.000000     -1.000000 
380 12 19 125.000000 0.780000 -1.000000 -1.000000 -1.000000 -1.000000 nan nan nan nan -1.000000000000e+00 -1.000000e+00 -1.000000000000e+00  -1.000000000000e+00  -1.000000000000e+00  -1.000000000000e+00   -1.000000000000e+00   -1.000000000000e+00   -1.000000000000e+00    -1.000000000000e+00    -1.000000     -1.000000     -0.001000     -0.001000     -1.000000     -0.001000     -0.001000     -0.000001     -0.001000     -0.001000     -1.000000     -1.000000     -1.000000 
381 12 20 125.000000 0.820000 -1.000000 -1.000000 -1.000000 -1.000000 nan nan nan nan -1.000000000000e+00 -1.000000e+00 -1.000000000000e+00  -1.000000000000e+00  -1.000000000000e+00  -1.000000000000e+00   -1.000000000000e+00   -1.000000000000e+00   -1.000000000000e+00    -1.000000000000e+00    -1.000000     -1.000000     -0.001000     -0.001000     -1.000000     -0.001000     -0.001000     -0.000001     -0.001000     -0.001000     -1.000000     -1.000000     -1.000000 
382 12 21 125.000000 0.860000 -1.000000 -1.000000 -1.000000 -1.000000 nan nan nan nan -1.000000000000e+00 -1.000000e+00 -1.000000000000e+00  -1.000000000000e+00  -1.000000000000e+00  -1.000000000000e+00   -1.000000000000e+00   -1.000000000000e+00   -1.000000000000e+00    -1.000000000000e+00    -1.000000     -1.000000     -0.001000     -0.001000     -1.000000     -0.001000     -0.001000     -0.000001     -0.001000     -0.001000     -1.000000     -1.000000     -1.000000 
383 12 22 125.000000 0.900000 -1.000000 -1.000000 -1.000000 -1.000000 nan nan nan nan -1.000000000000e+00 -1.000000e+00 -1.000000000000e+00  -1.000000000000e+00  -1.000000000000e+00  -1.000000000000e+00   -1.000000000000e+00   -1.000000000000e+00   -1.000000000000e+00    -1.000000000000e+00    -1.000000     -1.000000     -0.001000     -0.001000     -1.000000     -0.001000     -0.001000     -0.000001     -0.001000     -0.001000     -1.000000     -1.000000     -1.000000 
384 12 23 125.000000 0.940000 -1.000000 -1.000000 -1.000000 -1.000000 nan nan nan nan -1.000000000000e+00 -1.000000e+00 -1.000000000000e+00  -1.000000000000e+00  -1.000000000000e+00  -1.000000000000e+00   -1.000000000000e+00   -1.000000000000e+00   -1.000000000000e+00    -1.000000000000e+00    -1.000000     -1.000000     -0.001000     -0.001000     -1.000000     -0.001000     -0.001000     -0.000001     -0.001000     -0.001000     -1.000000     -1.000000     -1.000000 
385 12 24 125.000000 0.980000 -1.000000 -1.000000 -1.000000 -1.000000 nan nan nan nan -1.000000000000e+00 -1.000000e+00 -1.000000000000e+00  -1.000000000000e+00  -1.000000000000e+00  -1.000000000000e+00   -1.000000000000e+00   -1.000000000000e+00   -1.000000000000e+00    -1.000000000000e+00    -1.000000     -1.000000     -0.001000     -0.001000     -1.000000     -0.001000     -0.001000     -0.000001     -0.001000     -0.001000     -1.000000     -1.000000     -1.000000 
386 12 25 125.000000 1.020000 -1.000000 -1.000000 -1.000000 -1.000000 nan nan nan nan -1.000000000000e+00 -1.000000e+00 -1.000000000000e+00  -1.000000000000e+00  -1.000000000000e+00  -1.000000000000e+00   -1.000000000000e+00   -1.000000000000e+00   -1.000000000000e+00    -1.000000000000e+00    -1.000000     -1.000000     -0.001000     -0.001000     -1.000000     -0.001000     -0.001000     -0.000001     -0.001000     -0.001000     -1.000000     -1.000000     -1.000000 
387 12 26 125.000000 1.060000 -1.000000 -1.000000 -1.000000 -1.000000 nan nan nan nan -1.000000000000e+00 -1.000000e+00 -1.000000000000e+00  -1.000000000000e+00  -1.000000000000e+00  -1.000000000000e+00   -1.000000000000e+00   -1.000000000000e+00   -1.000000000000e+00    -1.000000000000e+00    -1.000000     -1.000000     -0.001000     -0.001000     -1.000000     -0.001000     -0.001000     -0.000001     -0.001000     -0.001000     -1.000000     -1.000000     -1.000000 
388 12 27 125.000000 1.100000 -1.000000 -1.000000 -1.000000 -1.000000 nan nan nan nan -1.000000000000e+00 -1.000000e+00 -1.000000000000e+00  -1.000000000000e+00  -1.000000000000e+00  -1.000000000000e+00   -1.000000000000e+00   -1.000000000000e+00   -1.000000000000e+00    -1.000000000000e+00    -1.000000     -1.000000     -0.001000     -0.001000     -1.000000     -0.001000     -0.001000     -0.000001     -0.001000     -0.001000     -1.000000     -1.000000     -1.000000 
389 12 28 125.000000 1.140000 -1.000000 -1.000000 -1.000000 -1.000000 nan nan nan nan -1.000000000000e+00 -1.000000e+00 -1.000000000000e+00  -1.000000000000e+00  -1.000000000000e+00  -1.000000000000e+00   -1.000000000000e+00   -1.000000000000e+00   -1.000000000000e+00    -1.000000000000e+00    -1.000000     -1.000000     -0.001000     -0.001000     -1.000000     -0.001000     -0.001000     -0.000001     -0.001000     -0.001000     -1.000000     -1.000000     -1.000000 
390 12 29 125.000000 1.180000 -1.000000 -1.000000 -1.000000 -1.000000 nan nan nan nan -1.000000000000e+00 -1.000000e+00 -1.000000000000e+00  -1.000000000000e+00  -1.000000000000e+00  -1.000000000000e+00   -1.000000000000e+00   -1.000000000000e+00   -1.000000000000e+00    -1.000000000000e+00    -1.000000     -1.000000     -0.001000     -0.001000     -1.000000     -0.001000     -0.001000     -0.000001     -0.001000     -0.001000     -1.000000     -1.000000     -1.000000 
391 13 0 135.000000 0.020000 -1.000000 -1.000000 -1.000000 -1.000000 nan nan nan nan -1.000000000000e+00 -1.000000e+00 -1.000000000000e+00  -1.000000000000e+00  -1.000000000000e+00  -1.000000000000e+00   -1.000000000000e+00   -1.000000000000e+00   -1.000000000000e+00    -1.000000000000e+00    -1.000000     -1.000000     -0.001000     -0.001000     -1.000000     -0.001000     -0.001000     -0.000001     -0.001000     -0.001000     -1.000000     -1.000000     -1.000000 
392 13 1 135.000000 0.060000 -1.000000 -1.000000 -1.000000 -1.000000 nan nan nan nan -1.000000000000e+00 -1.000000e+00 -1.000000000000e+00  -1.000000000000e+00  -1.000000000000e+00  -1.000000000000e+00   -1.000000000000e+00   -1.000000000000e+00   -1.000000000000e+00    -1.000000000000e+00    -1.000000     -1.000000     -0.001000     -0.001000     -1.000000     -0.001000     -0.001000     -0.000001     -0.001000     -0.001000     -1.000000     -1.000000     -1.000000 
393 13 2 135.000000 0.100000 -1.000000 -1.000000 -1.000000 -1.000000 nan nan nan nan -1.000000000000e+00 -1.000000e+00 -1.000000000000e+00  -1.000000000000e+00  -1.000000000000e+00  -1.000000000000e+00   -1.000000000000e+00   -1.000000000000e+00   -1.000000000000e+00    -1.000000000000e+00    -1.000000     -1.000000     -0.001000     -0.001000     -1.000000     -0.001000     -0.001000     -0.000001     -0.001000     -0.001000     -1.000000     -1.000000     -1.000000 
394 13 3 135.000000 0.140000 -1.000000 -1.000000 -1.000000 -1.000000 nan nan nan nan -1.000000000000e+00 -1.000000e+00 -1.000000000000e+00  -1.000000000000e+00  -1.000000000000e+00  -1.000000000000e+00   -1.000000000000e+00   -1.000000000000e+00   -1.000000000000e+00    -1.000000000000e+00    -1.000000     -1.000000     -0.001000     -0.001000     -1.000000     -0.001000     -0.001000     -0.000001     -0.001000     -0.001000     -1.000000     -1.000000     -1.000000 
395 13 4 135.000000 0.180000 -1.000000 -1.000000 -1.000000 -1.000000 nan nan nan nan -1.000000000000e+00 -1.000000e+00 -1.000000000000e+00  -1.000000000000e+00  -1.000000000000e+00  -1.000000000000e+00   -1.000000000000e+00   -1.000000000000e+00   -1.000000000000e+00    -1.000000000000e+00    -1.000000     -1.000000     -0.001000     -0.001000     -1.000000     -0.001000     -0.001000     -0.000001     -0.001000     -0.001000     -1.000000     -1.000000     -1.000000 
396 13 5 135.000000 0.220000 -1.000000 -1.000000 -1.000000 -1.000000 nan nan nan nan -1.000000000000e+00 -1.000000e+00 -1.000000000000e+00  -1.000000000000e+00  -1.000000000000e+00  -1.000000000000e+00   -1.000000000000e+00   -1.000000000000e+00   -1.000000000000e+00    -1.000000000000e+00    -1.000000     -1.000000     -0.001000     -0.001000     -1.000000     -0.001000     -0.001000     -0.000001     -0.001000     -0.001000     -1.000000     -1.000000     -1.000000 
397 13 6 135.000000 0.260000 -1.000000 -1.000000 -1.000000 -1.000000 nan nan nan nan -1.000000000000e+00 -1.000000e+00 -1.000000000000e+00  -1.000000000000e+00  -1.000000000000e+00  -1.000000000000e+00   -1.000000000000e+00   -1.000000000000e+00   -1.000000000000e+00    -1.000000000000e+00    -1.000000     -1.000000     -0.001000     -0.001000     -1.000000     -0.001000     -0.001000     -0.000001     -0.001000     -0.001000     -1.000000     -1.000000     -1.000000 
398 13 7 135.000000 0.300000 -1.000000 -1.000000 -1.000000 -1.000000 nan nan nan nan -1.000000000000e+00 -1.000000e+00 -1.000000000000e+00  -1.000000000000e+00  -1.000000000000e+00  -1.000000000000e+00   -1.000000000000e+00   -1.000000000000e+00   -1.000000000000e+00    -1.000000000000e+00    -1.000000     -1.000000     -0.001000     -0.001000     -1.000000     -0.001000     -0.001000     -0.000001     -0.001000     -0.001000     -1.000000     -1.000000     -1.000000 
399 13 8 135.000000 0.340000 -1.000000 -1.000000 -1.000000 -1.000000 nan nan nan nan -1.000000000000e+00 -1.000000e+00 -1.000000000000e+00  -1.000000000000e+00  -1.000000000000e+00  -1.000000000000e+00   -1.000000000000e+00   -1.000000000000e+00   -1.000000000000e+00    -1.000000000000e+00    -1.000000     -1.000000     -0.001000     -0.001000     -1.000000     -0.001000     -0.001000     -0.000001     -0.001000     -0.001000     -1.000000     -1.000000     -1.000000 
400 13 9 135.000000 0.380000 -1.000000 -1.000000 -1.000000 -1.000000 nan nan nan nan -1.000000000000e+00 -1.000000e+00 -1.000000000000e+00  -1.000000000000e+00  -1.000000000000e+00  -1.000000000000e+00   -1.000000000000e+00   -1.000000000000e+00   -1.000000000000e+00    -1.000000000000e+00    -1.000000     -1.000000     -0.001000     -0.001000     -1.000000     -0.001000     -0.001000     -0.000001     -0.001000     -0.001000     -1.000000     -1.000000     -1.000000 
401 13 10 135.000000 0.420000 -1.000000 -1.000000 -1.000000 -1.000000 nan nan nan nan -1.000000000000e+00 -1.000000e+00 -1.000000000000e+00  -1.000000000000e+00  -1.000000000000e+00  -1.000000000000e+00   -1.000000000000e+00   -1.000000000000e+00   -1.000000000000e+00    -1.000000000000e+00    -1.000000     -1.000000     -0.001000     -0.001000     -1.000000     -0.001000     -0.001000     -0.000001     -0.001000     -0.001000     -1.000000     -1.000000     -1.000000 
402 13 11 135.000000 0.460000 -1.000000 -1.000000 -1.000000 -1.000000 nan nan nan nan -1.000000000000e+00 -1.000000e+00 -1.000000000000e+00  -1.000000000000e+00  -1.000000000000e+00  -1.000000000000e+00   -1.000000000000e+00   -1.000000000000e+00   -1.000000000000e+00    -1.000000000000e+00    -1.000000     -1.000000     -0.001000     -0.001000     -1.000000     -0.001000     -0.001000     -0.000001     -0.001000     -0.001000     -1.000000     -1.000000     -1.000000 
403 13 12 135.000000 0.500000 -1.000000 -1.000000 -1.000000 -1.000000 nan nan nan nan -1.000000000000e+00 -1.000000e+00 -1.000000000000e+00  -1.000000000000e+00  -1.000000000000e+00  -1.000000000000e+00   -1.000000000000e+00   -1.000000000000e+00   -1.000000000000e+00    -1.000000000000e+00    -1.000000     -1.000000     -0.001000     -0.001000     -1.000000     -0.001000     -0.001000     -0.000001     -0.001000     -0.001000     -1.000000     -1.000000     -1.000000 
404 13 13 135.000000 0.540000 -1.000000 -1.000000 -1.000000 -1.000000 nan nan nan nan -1.000000000000e+00 -1.000000e+00 -1.000000000000e+00  -1.000000000000e+00  -1.000000000000e+00  -1.000000000000e+00   -1.000000000000e+00   -1.000000000000e+00   -1.000000000000e+00    -1.000000000000e+00    -1.000000     -1.000000     -0.001000     -0.001000     -1.000000     -0.001000     -0.001000     -0.000001     -0.001000     -0.001000     -1.000000     -1.000000     -1.000000 
405 13 14 135.000000 0.580000 -1.000000 -1.000000 -1.000000 -1.000000 nan nan nan nan -1.000000000000e+00 -1.000000e+00 -1.000000000000e+00  -1.000000000000e+00  -1.000000000000e+00  -1.000000000000e+00   -1.000000000000e+00   -1.000000000000e+00   -1.000000000000e+00    -1.000000000000e+00    -1.000000     -1.000000     -0.001000     -0.001000     -1.000000     -0.001000     -0.001000     -0.000001     -0.001000     -0.001000     -1.000000     -1.000000     -1.000000 
406 13 15 135.000000 0.620000 -1.000000 -1.000000 -1.000000 -1.000000 nan nan nan nan -1.000000000000e+00 -1.000000e+00 -1.000000000000e+00  -1.000000000000e+00  -1.000000000000e+00  -1.000000000000e+00   -1.000000000000e+00   -1.000000000000e+00   -1.000000000000e+00    -1.000000000000e+00    -1.000000     -1.000000     -0.001000     -0.001000     -1.000000     -0.001000     -0.001000     -0.000001     -0.001000     -0.001000     -1.000000     -1.000000     -1.000000 
407 13 16 135.000000 0.660000 -1.000000 -1.000000 -1.000000 -1.000000 nan nan nan nan -1.000000000000e+00 -1.000000e+00 -1.000000000000e+00  -1.000000000000e+00  -1.000000000000e+00  -1.000000000000e+00   -1.000000000000e+00   -1.000000000000e+00   -1.000000000000e+00    -1.000000000000e+00    -1.000000     -1.000000     -0.001000     -0.001000     -1.000000     -0.001000     -0.001000     -0.000001     -0.001000     -0.001000     -1.000000     -1.000000     -1.000000 
408 13 17 135.000000 0.700000 -1.000000 -1.000000 -1.000000 -1.000000 nan nan nan nan -1.000000000000e+00 -1.000000e+00 -1.000000000000e+00  -1.000000000000e+00  -1.000000000000e+00  -1.000000000000e+00   -1.000000000000e+00   -1.000000000000e+00   -1.000000000000e+00    -1.000000000000e+00    -1.000000     -1.000000     -0.001000     -0.001000     -1.000000     -0.001000     -0.001000     -0.000001     -0.001000     -0.001000     -1.000000     -1.000000     -1.000000 
409 13 18 135.000000 0.740000 -1.000000 -1.000000 -1.000000 -1.000000 nan nan nan nan -1.000000000000e+00 -1.000000e+00 -1.000000000000e+00  -1.000000000000e+00  -1.000000000000e+00  -1.000000000000e+00   -1.000000000000e+00   -1.000000000000e+00   -1.000000000000e+00    -1.000000000000e+00    -1.000000     -1.000000     -0.001000     -0.001000     -1.000000     -0.001000     -0.001000     -0.000001     -0.001000     -0.001000     -1.000000     -1.000000     -1.000000 
410 13 19 135.000000 0.780000 -1.000000 -1.000000 -1.000000 -1.000000 nan nan nan nan -1.000000000000e+00 -1.000000e+00 -1.000000000000e+00  -1.000000000000e+00  -1.000000000000e+00  -1.000000000000e+00   -1.000000000000e+00   -1.000000000000e+00   -1.000000000000e+00    -1.000000000000e+00    -1.000000     -1.000000     -0.001000     -0.001000     -1.000000     -0.001000     -0.001000     -0.000001     -0.001000     -0.001000     -1.000000     -1.000000     -1.000000 
411 13 20 135.000000 0.820000 -1.000000 -1.000000 -1.000000 -1.000000 nan nan nan nan -1.000000000000e+00 -1.000000e+00 -1.000000000000e+00  -1.000000000000e+00  -1.000000000000e+00  -1.000000000000e+00   -1.000000000000e+00   -1.000000000000e+00   -1.000000000000e+00    -1.000000000000e+00    -1.000000     -1.000000     -0.001000     -0.001000     -1.000000     -0.001000     -0.001000     -0.000001     -0.001000     -0.001000     -1.000000     -1.000000     -1.000000 
412 13 21 135.000000 0.860000 -1.000000 -1.000000 -1.000000 -1.000000 nan nan nan nan -1.000000000000e+00 -1.000000e+00 -1.000000000000e+00  -1.000000000000e+00  -1.000000000000e+00  -1.000000000000e+00   -1.000000000000e+00   -1.000000000000e+00   -1.000000000000e+00    -1.000000000000e+00    -1.000000     -1.000000     -0.001000     -0.001000     -1.000000     -0.001000     -0.001000     -0.000001     -0.001000     -0.001000     -1.000000     -1.000000     -1.000000 
413 13 22 135.000000 0.900000 -1.000000 -1.000000 -1.000000 -1.000000 nan nan nan nan -1.000000000000e+00 -1.000000e+00 -1.000000000000e+00  -1.000000000000e+00  -1.000000000000e+00  -1.000000000000e+00   -1.000000000000e+00   -1.000000000000e+00   -1.000000000000e+00    -1.000000000000e+00    -1.000000     -1.000000     -0.001000     -0.001000     -1.000000     -0.001000     -0.001000     -0.000001     -0.001000     -0.001000     -1.000000     -1.000000     -1.000000 
414 13 23 135.000000 0.940000 -1.000000 -1.000000 -1.000000 -1.000000 nan nan nan nan -1.000000000000e+00 -1.000000e+00 -1.000000000000e+00  -1.000000000000e+00  -1.000000000000e+00  -1.000000000000e+00   -1.000000000000e+00   -1.000000000000e+00   -1.000000000000e+00    -1.000000000000e+00    -1.000000     -1.000000     -0.001000     -0.001000     -1.000000     -0.001000     -0.001000     -0.000001     -0.001000     -0.001000     -1.000000     -1.000000     -1.000000 
415 13 24 135.000000 0.980000 -1.000000 -1.000000 -1.000000 -1.000000 nan nan nan nan -1.000000000000e+00 -1.000000e+00 -1.000000000000e+00  -1.000000000000e+00  -1.000000000000e+00  -1.000000000000e+00   -1.000000000000e+00   -1.000000000000e+00   -1.000000000000e+00    -1.000000000000e+00    -1.000000     -1.000000     -0.001000     -0.001000     -1.000000     -0.001000     -0.001000     -0.000001     -0.001000     -0.001000     -1.000000     -1.000000     -1.000000 
416 13 25 135.000000 1.020000 -1.000000 -1.000000 -1.000000 -1.000000 nan nan nan nan -1.000000000000e+00 -1.000000e+00 -1.000000000000e+00  -1.000000000000e+00  -1.000000000000e+00  -1.000000000000e+00   -1.000000000000e+00   -1.000000000000e+00   -1.000000000000e+00    -1.000000000000e+00    -1.000000     -1.000000     -0.001000     -0.001000     -1.000000     -0.001000     -0.001000     -0.000001     -0.001000     -0.001000     -1.000000     -1.000000     -1.000000 
417 13 26 135.000000 1.060000 -1.000000 -1.000000 -1.000000 -1.000000 nan nan nan nan -1.000000000000e+00 -1.000000e+00 -1.000000000000e+00  -1.000000000000e+00  -1.000000000000e+00  -1.000000000000e+00   -1.000000000000e+00   -1.000000000000e+00   -1.000000000000e+00    -1.000000000000e+00    -1.000000     -1.000000     -0.001000     -0.001000     -1.000000     -0.001000     -0.001000     -0.000001     -0.001000     -0.001000     -1.000000     -1.000000     -1.000000 
418 13 27 135.000000 1.100000 -1.000000 -1.000000 -1.000000 -1.000000 nan nan nan nan -1.000000000000e+00 -1.000000e+00 -1.000000000000e+00  -1.000000000000e+00  -1.000000000000e+00  -1.000000000000e+00   -1.000000000000e+00   -1.000000000000e+00   -1.000000000000e+00    -1.000000000000e+00    -1.000000     -1.000000     -0.001000     -0.001000     -1.000000     -0.001000     -0.001000     -0.000001     -0.001000     -0.001000     -1.000000     -1.000000     -1.000000 
419 13 28 135.000000 1.140000 -1.000000 -1.000000 -1.000000 -1.000000 nan nan nan nan -1.000000000000e+00 -1.000000e+00 -1.000000000000e+00  -1.000000000000e+00  -1.000000000000e+00  -1.000000000000e+00   -1.000000000000e+00   -1.000000000000e+00   -1.000000000000e+00    -1.000000000000e+00    -1.000000     -1.000000     -0.001000     -0.001000     -1.000000     -0.001000     -0.001000     -0.000001     -0.001000     -0.001000     -1.000000     -1.000000     -1.000000 
420 13 29 135.000000 1.180000 -1.000000 -1.000000 -1.000000 -1.000000 nan nan nan nan -1.000000000000e+00 -1.000000e+00 -1.000000000000e+00  -1.000000000000e+00  -1.000000000000e+00  -1.000000000000e+00   -1.000000000000e+00   -1.000000000000e+00   -1.000000000000e+00    -1.000000000000e+00    -1.000000     -1.000000     -0.001000     -0.001000     -1.000000     -0.001000     -0.001000     -0.000001     -0.001000     -0.001000     -1.000000     -1.000000     -1.000000 
421 14 0 145.000000 0.020000 -1.000000 -1.000000 -1.000000 -1.000000 nan nan nan nan -1.000000000000e+00 -1.000000e+00 -1.000000000000e+00  -1.000000000000e+00  -1.000000000000e+00  -1.000000000000e+00   -1.000000000000e+00   -1.000000000000e+00   -1.000000000000e+00    -1.000000000000e+00    -1.000000     -1.000000     -0.001000     -0.001000     -1.000000     -0.001000     -0.001000     -0.000001     -0.001000     -0.001000     -1.000000     -1.000000     -1.000000 
422 14 1 145.000000 0.060000 -1.000000 -1.000000 -1.000000 -1.000000 nan nan nan nan -1.000000000000e+00 -1.000000e+00 -1.000000000000e+00  -1.000000000000e+00  -1.000000000000e+00  -1.000000000000e+00   -1.000000000000e+00   -1.000000000000e+00   -1.000000000000e+00    -1.000000000000e+00    -1.000000     -1.000000     -0.001000     -0.001000     -1.000000     -0.001000     -0.001000     -0.000001     -0.001000     -0.001000     -1.000000     -1.000000     -1.000000 
423 14 2 145.000000 0.100000 -1.000000 -1.000000 -1.000000 -1.000000 nan nan nan nan -1.000000000000e+00 -1.000000e+00 -1.000000000000e+00  -1.000000000000e+00  -1.000000000000e+00  -1.000000000000e+00   -1.000000000000e+00   -1.000000000000e+00   -1.000000000000e+00    -1.000000000000e+00    -1.000000     -1.000000     -0.001000     -0.001000     -1.000000     -0.001000     -0.001000     -0.000001     -0.001000     -0.001000     -1.000000     -1.000000     -1.000000 
424 14 3 145.000000 0.140000 -1.000000 -1.000000 -1.000000 -1.000000 nan nan nan nan -1.000000000000e+00 -1.000000e+00 -1.000000000000e+00  -1.000000000000e+00  -1.000000000000e+00  -1.000000000000e+00   -1.000000000000e+00   -1.000000000000e+00   -1.000000000000e+00    -1.000000000000e+00    -1.000000     -1.000000     -0.001000     -0.001000     -1.000000     -0.001000     -0.001000     -0.000001     -0.001000     -0.001000     -1.000000     -1.000000     -1.000000 
425 14 4 145.000000 0.180000 -1.000000 -1.000000 -1.000000 -1.000000 nan nan nan nan -1.000000000000e+00 -1.000000e+00 -1.000000000000e+00  -1.000000000000e+00  -1.000000000000e+00  -1.000000000000e+00   -1.000000000000e+00   -1.000000000000e+00   -1.000000000000e+00    -1.000000000000e+00    -1.000000     -1.000000     -0.001000     -0.001000     -1.000000     -0.001000     -0.001000     -0.000001     -0.001000     -0.001000     -1.000000     -1.000000     -1.000000 
426 14 5 145.000000 0.220000 -1.000000 -1.000000 -1.000000 -1.000000 nan nan nan nan -1.000000000000e+00 -1.000000e+00 -1.000000000000e+00  -1.000000000000e+00  -1.000000000000e+00  -1.000000000000e+00   -1.000000000000e+00   -1.000000000000e+00   -1.000000000000e+00    -1.000000000000e+00    -1.000000     -1.000000     -0.001000     -0.001000     -1.000000     -0.001000     -0.001000     -0.000001     -0.001000     -0.001000     -1.000000     -1.000000     -1.000000 
427 14 6 145.000000 0.260000 -1.000000 -1.000000 -1.000000 -1.000000 nan nan nan nan -1.000000000000e+00 -1.000000e+00 -1.000000000000e+00  -1.000000000000e+00  -1.000000000000e+00  -1.000000000000e+00   -1.000000000000e+00   -1.000000000000e+00   -1.000000000000e+00    -1.000000000000e+00    -1.000000     -1.000000     -0.001000     -0.001000     -1.000000     -0.001000     -0.001000     -0.000001     -0.001000     -0.001000     -1.000000     -1.000000     -1.000000 
428 14 7 145.000000 0.300000 -1.000000 -1.000000 -1.000000 -1.000000 nan nan nan nan -1.000000000000e+00 -1.000000e+00 -1.000000000000e+00  -1.000000000000e+00  -1.000000000000e+00  -1.000000000000e+00   -1.000000000000e+00   -1.000000000000e+00   -1.000000000000e+00    -1.000000000000e+00    -1.000000     -1.000000     -0.001000     -0.001000     -1.000000     -0.001000     -0.001000     -0.000001     -0.001000     -0.001000     -1.000000     -1.000000     -1.000000 
429 14 8 145.000000 0.340000 -1.000000 -1.000000 -1.000000 -1.000000 nan nan nan nan -1.000000000000e+00 -1.000000e+00 -1.000000000000e+00  -1.000000000000e+00  -1.000000000000e+00  -1.000000000000e+00   -1.000000000000e+00   -1.000000000000e+00   -1.000000000000e+00    -1.000000000000e+00    -1.000000     -1.000000     -0.001000     -0.001000     -1.000000     -0.001000     -0.001000     -0.000001     -0.001000     -0.001000     -1.000000     -1.000000     -1.000000 
430 14 9 145.000000 0.380000 -1.000000 -1.000000 -1.000000 -1.000000 nan nan nan nan -1.000000000000e+00 -1.000000e+00 -1.000000000000e+00  -1.000000000000e+00  -1.000000000000e+00  -1.000000000000e+00   -1.000000000000e+00   -1.000000000000e+00   -1.000000000000e+00    -1.000000000000e+00    -1.000000     -1.000000     -0.001000     -0.001000     -1.000000     -0.001000     -0.001000     -0.000001     -0.001000     -0.001000     -1.000000     -1.000000     -1.000000 
431 14 10 145.000000 0.420000 -1.000000 -1.000000 -1.000000 -1.000000 nan nan nan nan -1.000000000000e+00 -1.000000e+00 -1.000000000000e+00  -1.000000000000e+00  -1.000000000000e+00  -1.000000000000e+00   -1.000000000000e+00   -1.000000000000e+00   -1.000000000000e+00    -1.000000000000e+00    -1.000000     -1.000000     -0.001000     -0.001000     -1.000000     -0.001000     -0.001000     -0.000001     -0.001000     -0.001000     -1.000000     -1.000000     -1.000000 
432 14 11 145.000000 0.460000 -1.000000 -1.000000 -1.000000 -1.000000 nan nan nan nan -1.000000000000e+00 -1.000000e+00 -1.000000000000e+00  -1.000000000000e+00  -1.000000000000e+00  -1.000000000000e+00   -1.000000000000e+00   -1.000000000000e+00   -1.000000000000e+00    -1.000000000000e+00    -1.000000     -1.000000     -0.001000     -0.001000     -1.000000     -0.001000     -0.001000     -0.000001     -0.001000     -0.001000     -1.000000     -1.000000     -1.000000 
433 14 12 145.000000 0.500000 -1.000000 -1.000000 -1.000000 -1.000000 nan nan nan nan -1.000000000000e+00 -1.000000e+00 -1.000000000000e+00  -1.000000000000e+00  -1.000000000000e+00  -1.000000000000e+00   -1.000000000000e+00   -1.000000000000e+00   -1.000000000000e+00    -1.000000000000e+00    -1.000000     -1.000000     -0.001000     -0.001000     -1.000000     -0.001000     -0.001000     -0.000001     -0.001000     -0.001000     -1.000000     -1.000000     -1.000000 
434 14 13 145.000000 0.540000 -1.000000 -1.000000 -1.000000 -1.000000 nan nan nan nan -1.000000000000e+00 -1.000000e+00 -1.000000000000e+00  -1.000000000000e+00  -1.000000000000e+00  -1.000000000000e+00   -1.000000000000e+00   -1.000000000000e+00   -1.000000000000e+00    -1.000000000000e+00    -1.000000     -1.000000     -0.001000     -0.001000     -1.000000     -0.001000     -0.001000     -0.000001     -0.001000     -0.001000     -1.000000     -1.000000     -1.000000 
435 14 14 145.000000 0.580000 -1.000000 -1.000000 -1.000000 -1.000000 nan nan nan nan -1.000000000000e+00 -1.000000e+00 -1.000000000000e+00  -1.000000000000e+00  -1.000000000000e+00  -1.000000000000e+00   -1.000000000000e+00   -1.000000000000e+00   -1.000000000000e+00    -1.000000000000e+00    -1.000000     -1.000000     -0.001000     -0.001000     -1.000000     -0.001000     -0.001000     -0.000001     -0.001000     -0.001000     -1.000000     -1.000000     -1.000000 
436 14 15 145.000000 0.620000 -1.000000 -1.000000 -1.000000 -1.000000 nan nan nan nan -1.000000000000e+00 -1.000000e+00 -1.000000000000e+00  -1.000000000000e+00  -1.000000000000e+00  -1.000000000000e+00   -1.000000000000e+00   -1.000000000000e+00   -1.000000000000e+00    -1.000000000000e+00    -1.000000     -1.000000     -0.001000     -0.001000     -1.000000     -0.001000     -0.001000     -0.000001     -0.001000     -0.001000     -1.000000     -1.000000     -1.000000 
437 14 16 145.000000 0.660000 -1.000000 -1.000000 -1.000000 -1.000000 nan nan nan nan -1.000000000000e+00 -1.000000e+00 -1.000000000000e+00  -1.000000000000e+00  -1.000000000000e+00  -1.000000000000e+00   -1.000000000000e+00   -1.000000000000e+00   -1.000000000000e+00    -1.000000000000e+00    -1.000000     -1.000000     -0.001000     -0.001000     -1.000000     -0.001000     -0.001000     -0.000001     -0.001000     -0.001000     -1.000000     -1.000000     -1.000000 
438 14 17 145.000000 0.700000 -1.000000 -1.000000 -1.000000 -1.000000 nan nan nan nan -1.000000000000e+00 -1.000000e+00 -1.000000000000e+00  -1.000000000000e+00  -1.000000000000e+00  -1.000000000000e+00   -1.000000000000e+00   -1.000000000000e+00   -1.000000000000e+00    -1.000000000000e+00    -1.000000     -1.000000     -0.001000     -0.001000     -1.000000     -0.001000     -0.001000     -0.000001     -0.001000     -0.001000     -1.000000     -1.000000     -1.000000 
439 14 18 145.000000 0.740000 -1.000000 -1.000000 -1.000000 -1.000000 nan nan nan nan -1.000000000000e+00 -1.000000e+00 -1.000000000000e+00  -1.000000000000e+00  -1.000000000000e+00  -1.000000000000e+00   -1.000000000000e+00   -1.000000000000e+00   -1.000000000000e+00    -1.000000000000e+00    -1.000000     -1.000000     -0.001000     -0.001000     -1.000000     -0.001000     -0.001000     -0.000001     -0.001000     -0.001000     -1.000000     -1.000000     -1.000000 
440 14 19 145.000000 0.780000 -1.000000 -1.000000 -1.000000 -1.000000 nan nan nan nan -1.000000000000e+00 -1.000000e+00 -1.000000000000e+00  -1.000000000000e+00  -1.000000000000e+00  -1.000000000000e+00   -1.000000000000e+00   -1.000000000000e+00   -1.000000000000e+00    -1.000000000000e+00    -1.000000     -1.000000     -0.001000     -0.001000     -1.000000     -0.001000     -0.001000     -0.000001     -0.001000     -0.001000     -1.000000     -1.000000     -1.000000 
441 14 20 145.000000 0.820000 -1.000000 -1.000000 -1.000000 -1.000000 nan nan nan nan -1.000000000000e+00 -1.000000e+00 -1.000000000000e+00  -1.000000000000e+00  -1.000000000000e+00  -1.000000000000e+00   -1.000000000000e+00   -1.000000000000e+00   -1.000000000000e+00    -1.000000000000e+00    -1.000000     -1.000000     -0.001000     -0.001000     -1.000000     -0.001000     -0.001000     -0.000001     -0.001000     -0.001000     -1.000000     -1.000000     -1.000000 
442 14 21 145.000000 0.860000 -1.000000 -1.000000 -1.000000 -1.000000 nan nan nan nan -1.000000000000e+00 -1.000000e+00 -1.000000000000e+00  -1.000000000000e+00  -1.000000000000e+00  -1.000000000000e+00   -1.000000000000e+00   -1.000000000000e+00   -1.000000000000e+00    -1.000000000000e+00    -1.000000     -1.000000     -0.001000     -0.001000     -1.000000     -0.001000     -0.001000     -0.000001     -0.001000     -0.001000     -1.000000     -1.000000     -1.000000 
443 14 22 145.000000 0.900000 -1.000000 -1.000000 -1.000000 -1.000000 nan nan nan nan -1.000000000000e+00 -1.000000e+00 -1.000000000000e+00  -1.000000000000e+00  -1.000000000000e+00  -1.000000000000e+00   -1.000000000000e+00   -1.000000000000e+00   -1.000000000000e+00    -1.000000000000e+00    -1.000000     -1.000000     -0.001000     -0.001000     -1.000000     -0.001000     -0.001000     -0.000001     -0.001000     -0.001000     -1.000000     -1.000000     -1.000000 
444 14 23 145.000000 0.940000 -1.000000 -1.000000 -1.000000 -1.000000 nan nan nan nan -1.000000000000e+00 -1.000000e+00 -1.000000000000e+00  -1.000000000000e+00  -1.000000000000e+00  -1.000000000000e+00   -1.000000000000e+00   -1.000000000000e+00   -1.000000000000e+00    -1.000000000000e+00    -1.000000     -1.000000     -0.001000     -0.001000     -1.000000     -0.001000     -0.001000     -0.000001     -0.001000     -0.001000     -1.000000     -1.000000     -1.000000 
445 14 24 145.000000 0.980000 -1.000000 -1.000000 -1.000000 -1.000000 nan nan nan nan -1.000000000000e+00 -1.000000e+00 -1.000000000000e+00  -1.000000000000e+00  -1.000000000000e+00  -1.000000000000e+00   -1.000000000000e+00   -1.000000000000e+00   -1.000000000000e+00    -1.000000000000e+00    -1.000000     -1.000000     -0.001000     -0.001000     -1.000000     -0.001000     -0.001000     -0.000001     -0.001000     -0.001000     -1.000000     -1.000000     -1.000000 
446 14 25 145.000000 1.020000 -1.000000 -1.000000 -1.000000 -1.000000 nan nan nan nan -1.000000000000e+00 -1.000000e+00 -1.000000000000e+00  -1.000000000000e+00  -1.000000000000e+00  -1.000000000000e+00   -1.000000000000e+00   -1.000000000000e+00   -1.000000000000e+00    -1.000000000000e+00    -1.000000     -1.000000     -0.001000     -0.001000     -1.000000     -0.001000     -0.001000     -0.000001     -0.001000     -0.001000     -1.000000     -1.000000     -1.000000 
447 14 26 145.000000 1.060000 -1.000000 -1.000000 -1.000000 -1.000000 nan nan nan nan -1.000000000000e+00 -1.000000e+00 -1.000000000000e+00  -1.000000000000e+00  -1.000000000000e+00  -1.000000000000e+00   -1.000000000000e+00   -1.000000000000e+00   -1.000000000000e+00    -1.000000000000e+00    -1.000000     -1.000000     -0.001000     -0.001000     -1.000000     -0.001000     -0.001000     -0.000001     -0.001000     -0.001000     -1.000000     -1.000000     -1.000000 
448 14 27 145.000000 1.100000 -1.000000 -1.000000 -1.000000 -1.000000 nan nan nan nan -1.000000000000e+00 -1.000000e+00 -1.000000000000e+00  -1.000000000000e+00  -1.000000000000e+00  -1.000000000000e+00   -1.000000000000e+00   -1.000000000000e+00   -1.000000000000e+00    -1.000000000000e+00    -1.000000     -1.000000     -0.001000     -0.001000     -1.000000     -0.001000     -0.001000     -0.000001     -0.001000     -0.001000     -1.000000     -1.000000     -1.000000 
449 14 28 145.000000 1.140000 -1.000000 -1.000000 -1.000000 -1.000000 nan nan nan nan -1.000000000000e+00 -1.000000e+00 -1.000000000000e+00  -1.000000000000e+00  -1.000000000000e+00  -1.000000000000e+00   -1.000000000000e+00   -1.000000000000e+00   -1.000000000000e+00    -1.000000000000e+00    -1.000000     -1.000000     -0.001000     -0.001000     -1.000000     -0.001000     -0.001000     -0.000001     -0.001000     -0.001000     -1.000000     -1.000000     -1.000000 
450 14 29 145.000000 1.180000 -1.000000 -1.000000 -1.000000 -1.000000 nan nan nan nan -1.000000000000e+00 -1.000000e+00 -1.000000000000e+00  -1.000000000000e+00  -1.000000000000e+00  -1.000000000000e+00   -1.000000000000e+00   -1.000000000000e+00   -1.000000000000e+00    -1.000000000000e+00    -1.000000     -1.000000     -0.001000     -0.001000     -1.000000     -0.001000     -0.001000     -0.000001     -0.001000     -0.001000     -1.000000     -1.000000     -1.000000 
451 15 0 155.000000 0.020000 -1.000000 -1.000000 -1.000000 -1.000000 nan nan nan nan -1.000000000000e+00 -1.000000e+00 -1.000000000000e+00  -1.000000000000e+00  -1.000000000000e+00  -1.000000000000e+00   -1.000000000000e+00   -1.000000000000e+00   -1.000000000000e+00    -1.000000000000e+00    -1.000000     -1.000000     -0.001000     -0.001000     -1.000000     -0.001000     -0.001000     -0.000001     -0.001000     -0.001000     -1.000000     -1.000000     -1.000000 
452 15 1 155.000000 0.060000 -1.000000 -1.000000 -1.000000 -1.000000 nan nan nan nan -1.000000000000e+00 -1.000000e+00 -1.000000000000e+00  -1.000000000000e+00  -1.000000000000e+00  -1.000000000000e+00   -1.000000000000e+00   -1.000000000000e+00   -1.000000000000e+00    -1.000000000000e+00    -1.000000     -1.000000     -0.001000     -0.001000     -1.000000     -0.001000     -0.001000     -0.000001     -0.001000     -0.001000     -1.000000     -1.000000     -1.000000 
453 15 2 155.000000 0.100000 -1.000000 -1.000000 -1.000000 -1.000000 nan nan nan nan -1.000000000000e+00 -1.000000e+00 -1.000000000000e+00  -1.000000000000e+00  -1.000000000000e+00  -1.000000000000e+00   -1.000000000000e+00   -1.000000000000e+00   -1.000000000000e+00    -1.000000000000e+00    -1.000000     -1.000000     -0.001000     -0.001000     -1.000000     -0.001000     -0.001000     -0.000001     -0.001000     -0.001000     -1.000000     -1.000000     -1.000000 
454 15 3 155.000000 0.140000 -1.000000 -1.000000 -1.000000 -1.000000 nan nan nan nan -1.000000000000e+00 -1.000000e+00 -1.000000000000e+00  -1.000000000000e+00  -1.000000000000e+00  -1.000000000000e+00   -1.000000000000e+00   -1.000000000000e+00   -1.000000000000e+00    -1.000000000000e+00    -1.000000     -1.000000     -0.001000     -0.001000     -1.000000     -0.001000     -0.001000     -0.000001     -0.001000     -0.001000     -1.000000     -1.000000     -1.000000 
455 15 4 155.000000 0.180000 -1.000000 -1.000000 -1.000000 -1.000000 nan nan nan nan -1.000000000000e+00 -1.000000e+00 -1.000000000000e+00  -1.000000000000e+00  -1.000000000000e+00  -1.000000000000e+00   -1.000000000000e+00   -1.000000000000e+00   -1.000000000000e+00    -1.000000000000e+00    -1.000000     -1.000000     -0.001000     -0.001000     -1.000000     -0.001000     -0.001000     -0.000001     -0.001000     -0.001000     -1.000000     -1.000000     -1.000000 
456 15 5 155.000000 0.220000 -1.000000 -1.000000 -1.000000 -1.000000 nan nan nan nan -1.000000000000e+00 -1.000000e+00 -1.000000000000e+00  -1.000000000000e+00  -1.000000000000e+00  -1.000000000000e+00   -1.000000000000e+00   -1.000000000000e+00   -1.000000000000e+00    -1.000000000000e+00    -1.000000     -1.000000     -0.001000     -0.001000     -1.000000     -0.001000     -0.001000     -0.000001     -0.001000     -0.001000     -1.000000     -1.000000     -1.000000 
457 15 6 155.000000 0.260000 -1.000000 -1.000000 -1.000000 -1.000000 nan nan nan nan -1.000000000000e+00 -1.000000e+00 -1.000000000000e+00  -1.000000000000e+00  -1.000000000000e+00  -1.000000000000e+00   -1.000000000000e+00   -1.000000000000e+00   -1.000000000000e+00    -1.000000000000e+00    -1.000000     -1.000000     -0.001000     -0.001000     -1.000000     -0.001000     -0.001000     -0.000001     -0.001000     -0.001000     -1.000000     -1.000000     -1.000000 
458 15 7 155.000000 0.300000 -1.000000 -1.000000 -1.000000 -1.000000 nan nan nan nan -1.000000000000e+00 -1.000000e+00 -1.000000000000e+00  -1.000000000000e+00  -1.000000000000e+00  -1.000000000000e+00   -1.000000000000e+00   -1.000000000000e+00   -1.000000000000e+00    -1.000000000000e+00    -1.000000     -1.000000     -0.001000     -0.001000     -1.000000     -0.001000     -0.001000     -0.000001     -0.001000     -0.001000     -1.000000     -1.000000     -1.000000 
459 15 8 155.000000 0.340000 -1.000000 -1.000000 -1.000000 -1.000000 nan nan nan nan -1.000000000000e+00 -1.000000e+00 -1.000000000000e+00  -1.000000000000e+00  -1.000000000000e+00  -1.000000000000e+00   -1.000000000000e+00   -1.000000000000e+00   -1.000000000000e+00    -1.000000000000e+00    -1.000000     -1.000000     -0.001000     -0.001000     -1.000000     -0.001000     -0.001000     -0.000001     -0.001000     -0.001000     -1.000000     -1.000000     -1.000000 
460 15 9 155.000000 0.380000 -1.000000 -1.000000 -1.000000 -1.000000 nan nan nan nan -1.000000000000e+00 -1.000000e+00 -1.000000000000e+00  -1.000000000000e+00  -1.000000000000e+00  -1.000000000000e+00   -1.000000000000e+00   -1.000000000000e+00   -1.000000000000e+00    -1.000000000000e+00    -1.000000     -1.000000     -0.001000     -0.001000     -1.000000     -0.001000     -0.001000     -0.000001     -0.001000     -0.001000     -1.000000     -1.000000     -1.000000 
461 15 10 155.000000 0.420000 -1.000000 -1.000000 -1.000000 -1.000000 nan nan nan nan -1.000000000000e+00 -1.000000e+00 -1.000000000000e+00  -1.000000000000e+00  -1.000000000000e+00  -1.000000000000e+00   -1.000000000000e+00   -1.000000000000e+00   -1.000000000000e+00    -1.000000000000e+00    -1.000000     -1.000000     -0.001000     -0.001000     -1.000000     -0.001000     -0.001000     -0.000001     -0.001000     -0.001000     -1.000000     -1.000000     -1.000000 
462 15 11 155.000000 0.460000 -1.000000 -1.000000 -1.000000 -1.000000 nan nan nan nan -1.000000000000e+00 -1.000000e+00 -1.000000000000e+00  -1.000000000000e+00  -1.000000000000e+00  -1.000000000000e+00   -1.000000000000e+00   -1.000000000000e+00   -1.000000000000e+00    -1.000000000000e+00    -1.000000     -1.000000     -0.001000     -0.001000     -1.000000     -0.001000     -0.001000     -0.000001     -0.001000     -0.001000     -1.000000     -1.000000     -1.000000 
463 15 12 155.000000 0.500000 -1.000000 -1.000000 -1.000000 -1.000000 nan nan nan nan -1.000000000000e+00 -1.000000e+00 -1.000000000000e+00  -1.000000000000e+00  -1.000000000000e+00  -1.000000000000e+00   -1.000000000000e+00   -1.000000000000e+00   -1.000000000000e+00    -1.000000000000e+00    -1.000000     -1.000000     -0.001000     -0.001000     -1.000000     -0.001000     -0.001000     -0.000001     -0.001000     -0.001000     -1.000000     -1.000000     -1.000000 
464 15 13 155.000000 0.540000 -1.000000 -1.000000 -1.000000 -1.000000 nan nan nan nan -1.000000000000e+00 -1.000000e+00 -1.000000000000e+00  -1.000000000000e+00  -1.000000000000e+00  -1.000000000000e+00   -1.000000000000e+00   -1.000000000000e+00   -1.000000000000e+00    -1.000000000000e+00    -1.000000     -1.000000     -0.001000     -0.001000     -1.000000     -0.001000     -0.001000     -0.000001     -0.001000     -0.001000     -1.000000     -1.000000     -1.000000 
465 15 14 155.000000 0.580000 -1.000000 -1.000000 -1.000000 -1.000000 nan nan nan nan -1.000000000000e+00 -1.000000e+00 -1.000000000000e+00  -1.000000000000e+00  -1.000000000000e+00  -1.000000000000e+00   -1.000000000000e+00   -1.000000000000e+00   -1.000000000000e+00    -1.000000000000e+00    -1.000000     -1.000000     -0.001000     -0.001000     -1.000000     -0.001000     -0.001000     -0.000001     -0.001000     -0.001000     -1.000000     -1.000000     -1.000000 
466 15 15 155.000000 0.620000 -1.000000 -1.000000 -1.000000 -1.000000 nan nan nan nan -1.000000000000e+00 -1.000000e+00 -1.000000000000e+00  -1.000000000000e+00  -1.000000000000e+00  -1.000000000000e+00   -1.000000000000e+00   -1.000000000000e+00   -1.000000000000e+00    -1.000000000000e+00    -1.000000     -1.000000     -0.001000     -0.001000     -1.000000     -0.001000     -0.001000     -0.000001     -0.001000     -0.001000     -1.000000     -1.000000     -1.000000 
467 15 16 155.000000 0.660000 -1.000000 -1.000000 -1.000000 -1.000000 nan nan nan nan -1.000000000000e+00 -1.000000e+00 -1.000000000000e+00  -1.000000000000e+00  -1.000000000000e+00  -1.000000000000e+00   -1.000000000000e+00   -1.000000000000e+00   -1.000000000000e+00    -1.000000000000e+00    -1.000000     -1.000000     -0.001000     -0.001000     -1.000000     -0.001000     -0.001000     -0.000001     -0.001000     -0.001000     -1.000000     -1.000000     -1.000000 
468 15 17 155.000000 0.700000 -1.000000 -1.000000 -1.000000 -1.000000 nan nan nan nan -1.000000000000e+00 -1.000000e+00 -1.000000000000e+00  -1.000000000000e+00  -1.000000000000e+00  -1.000000000000e+00   -1.000000000000e+00   -1.000000000000e+00   -1.000000000000e+00    -1.000000000000e+00    -1.000000     -1.000000     -0.001000     -0.001000     -1.000000     -0.001000     -0.001000     -0.000001     -0.001000     -0.001000     -1.000000     -1.000000     -1.000000 
469 15 18 155.000000 0.740000 -1.000000 -1.000000 -1.000000 -1.000000 nan nan nan nan -1.000000000000e+00 -1.000000e+00 -1.000000000000e+00  -1.000000000000e+00  -1.000000000000e+00  -1.000000000000e+00   -1.000000000000e+00   -1.000000000000e+00   -1.000000000000e+00    -1.000000000000e+00    -1.000000     -1.000000     -0.001000     -0.001000     -1.000000     -0.001000     -0.001000     -0.000001     -0.001000     -0.001000     -1.000000     -1.000000     -1.000000 
470 15 19 155.000000 0.780000 -1.000000 -1.000000 -1.000000 -1.000000 nan nan nan nan -1.000000000000e+00 -1.000000e+00 -1.000000000000e+00  -1.000000000000e+00  -1.000000000000e+00  -1.000000000000e+00   -1.000000000000e+00   -1.000000000000e+00   -1.000000000000e+00    -1.000000000000e+00    -1.000000     -1.000000     -0.001000     -0.001000     -1.000000     -0.001000     -0.001000     -0.000001     -0.001000     -0.001000     -1.000000     -1.000000     -1.000000 
471 15 20 155.000000 0.820000 -1.000000 -1.000000 -1.000000 -1.000000 nan nan nan nan -1.000000000000e+00 -1.000000e+00 -1.000000000000e+00  -1.000000000000e+00  -1.000000000000e+00  -1.000000000000e+00   -1.000000000000e+00   -1.000000000000e+00   -1.000000000000e+00    -1.000000000000e+00    -1.000000     -1.000000     -0.001000     -0.001000     -1.000000     -0.001000     -0.001000     -0.000001     -0.001000     -0.001000     -1.000000     -1.000000     -1.000000 
472 15 21 155.000000 0.860000 -1.000000 -1.000000 -1.000000 -1.000000 nan nan nan nan -1.000000000000e+00 -1.000000e+00 -1.000000000000e+00  -1.000000000000e+00  -1.000000000000e+00  -1.000000000000e+00   -1.000000000000e+00   -1.000000000000e+00   -1.000000000000e+00    -1.000000000000e+00    -1.000000     -1.000000     -0.001000     -0.001000     -1.000000     -0.001000     -0.001000     -0.000001     -0.001000     -0.001000     -1.000000     -1.000000     -1.000000 
473 15 22 155.000000 0.900000 -1.000000 -1.000000 -1.000000 -1.000000 nan nan nan nan -1.000000000000e+00 -1.000000e+00 -1.000000000000e+00  -1.000000000000e+00  -1.000000000000e+00  -1.000000000000e+00   -1.000000000000e+00   -1.000000000000e+00   -1.000000000000e+00    -1.000000000000e+00    -1.000000     -1.000000     -0.001000     -0.001000     -1.000000     -0.001000     -0.001000     -0.000001     -0.001000     -0.001000     -1.000000     -1.000000     -1.000000 
474 15 23 155.000000 0.940000 -1.000000 -1.000000 -1.000000 -1.000000 nan nan nan nan -1.000000000000e+00 -1.000000e+00 -1.000000000000e+00  -1.000000000000e+00  -1.000000000000e+00  -1.000000000000e+00   -1.000000000000e+00   -1.000000000000e+00   -1.000000000000e+00    -1.000000000000e+00    -1.000000     -1.000000     -0.001000     -0.001000     -1.000000     -0.001000     -0.001000     -0.000001     -0.001000     -0.001000     -1.000000     -1.000000     -1.000000 
475 15 24 155.000000 0.980000 -1.000000 -1.000000 -1.000000 -1.000000 nan nan nan nan -1.000000000000e+00 -1.000000e+00 -1.000000000000e+00  -1.000000000000e+00  -1.000000000000e+00  -1.000000000000e+00   -1.000000000000e+00   -1.000000000000e+00   -1.000000000000e+00    -1.000000000000e+00    -1.000000     -1.000000     -0.001000     -0.001000     -1.000000     -0.001000     -0.001000     -0.000001     -0.001000     -0.001000     -1.000000     -1.000000     -1.000000 
476 15 25 155.000000 1.020000 -1.000000 -1.000000 -1.000000 -1.000000 nan nan nan nan -1.000000000000e+00 -1.000000e+00 -1.000000000000e+00  -1.000000000000e+00  -1.000000000000e+00  -1.000000000000e+00   -1.000000000000e+00   -1.000000000000e+00   -1.000000000000e+00    -1.000000000000e+00    -1.000000     -1.000000     -0.001000     -0.001000     -1.000000     -0.001000     -0.001000     -0.000001     -0.001000     -0.001000     -1.000000     -1.000000     -1.000000 
477 15 26 155.000000 1.060000 -1.000000 -1.000000 -1.000000 -1.000000 nan nan nan nan -1.000000000000e+00 -1.000000e+00 -1.000000000000e+00  -1.000000000000e+00  -1.000000000000e+00  -1.000000000000e+00   -1.000000000000e+00   -1.000000000000e+00   -1.000000000000e+00    -1.000000000000e+00    -1.000000     -1.000000     -0.001000     -0.001000     -1.000000     -0.001000     -0.001000     -0.000001     -0.001000     -0.001000     -1.000000     -1.000000     -1.000000 
478 15 27 155.000000 1.100000 -1.000000 -1.000000 -1.000000 -1.000000 nan nan nan nan -1.000000000000e+00 -1.000000e+00 -1.000000000000e+00  -1.000000000000e+00  -1.000000000000e+00  -1.000000000000e+00   -1.000000000000e+00   -1.000000000000e+00   -1.000000000000e+00    -1.000000000000e+00    -1.000000     -1.000000     -0.001000     -0.001000     -1.000000     -0.001000     -0.001000     -0.000001     -0.001000     -0.001000     -1.000000     -1.000000     -1.000000 
479 15 28 155.000000 1.140000 -1.000000 -1.000000 -1.000000 -1.000000 nan nan nan nan -1.000000000000e+00 -1.000000e+00 -1.000000000000e+00  -1.000000000000e+00  -1.000000000000e+00  -1.000000000000e+00   -1.000000000000e+00   -1.000000000000e+00   -1.000000000000e+00    -1.000000000000e+00    -1.000000     -1.000000     -0.001000     -0.001000     -1.000000     -0.001000     -0.001000     -0.000001     -0.001000     -0.001000     -1.000000     -1.000000     -1.000000 
480 15 29 155.000000 1.180000 -1.000000 -1.000000 -1.000000 -1.000000 nan nan nan nan -1.000000000000e+00 -1.000000e+00 -1.000000000000e+00  -1.000000000000e+00  -1.000000000000e+00  -1.000000000000e+00   -1.000000000000e+00   -1.000000000000e+00   -1.000000000000e+00    -1.000000000000e+00    -1.000000     -1.000000     -0.001000     -0.001000     -1.000000     -0.001000     -0.001000     -0.000001     -0.001000     -0.001000     -1.000000     -1.000000     -1.000000 
481 16 0 165.000000 0.020000 -1.000000 -1.000000 -1.000000 -1.000000 nan nan nan nan -1.000000000000e+00 -1.000000e+00 -1.000000000000e+00  -1.000000000000e+00  -1.000000000000e+00  -1.000000000000e+00   -1.000000000000e+00   -1.000000000000e+00   -1.000000000000e+00    -1.000000000000e+00    -1.000000     -1.000000     -0.001000     -0.001000     -1.000000     -0.001000     -0.001000     -0.000001     -0.001000     -0.001000     -1.000000     -1.000000     -1.000000 
482 16 1 165.000000 0.060000 -1.000000 -1.000000 -1.000000 -1.000000 nan nan nan nan -1.000000000000e+00 -1.000000e+00 -1.000000000000e+00  -1.000000000000e+00  -1.000000000000e+00  -1.000000000000e+00   -1.000000000000e+00   -1.000000000000e+00   -1.000000000000e+00    -1.000000000000e+00    -1.000000     -1.000000     -0.001000     -0.001000     -1.000000     -0.001000     -0.001000     -0.000001     -0.001000     -0.001000     -1.000000     -1.000000     -1.000000 
483 16 2 165.000000 0.100000 -1.000000 -1.000000 -1.000000 -1.000000 nan nan nan nan -1.000000000000e+00 -1.000000e+00 -1.000000000000e+00  -1.000000000000e+00  -1.000000000000e+00  -1.000000000000e+00   -1.000000000000e+00   -1.000000000000e+00   -1.000000000000e+00    -1.000000000000e+00    -1.000000     -1.000000     -0.001000     -0.001000     -1.000000     -0.001000     -0.001000     -0.000001     -0.001000     -0.001000     -1.000000     -1.000000     -1.000000 
484 16 3 165.000000 0.140000 -1.000000 -1.000000 -1.000000 -1.000000 nan nan nan nan -1.000000000000e+00 -1.000000e+00 -1.000000000000e+00  -1.000000000000e+00  -1.000000000000e+00  -1.000000000000e+00   -1.000000000000e+00   -1.000000000000e+00   -1.000000000000e+00    -1.000000000000e+00    -1.000000     -1.000000     -0.001000     -0.001000     -1.000000     -0.001000     -0.001000     -0.000001     -0.001000     -0.001000     -1.000000     -1.000000     -1.000000 
485 16 4 165.000000 0.180000 -1.000000 -1.000000 -1.000000 -1.000000 nan nan nan nan -1.000000000000e+00 -1.000000e+00 -1.000000000000e+00  -1.000000000000e+00  -1.000000000000e+00  -1.000000000000e+00   -1.000000000000e+00   -1.000000000000e+00   -1.000000000000e+00    -1.000000000000e+00    -1.000000     -1.000000     -0.001000     -0.001000     -1.000000     -0.001000     -0.001000     -0.000001     -0.001000     -0.001000     -1.000000     -1.000000     -1.000000 
486 16 5 165.000000 0.220000 -1.000000 -1.000000 -1.000000 -1.000000 nan nan nan nan -1.000000000000e+00 -1.000000e+00 -1.000000000000e+00  -1.000000000000e+00  -1.000000000000e+00  -1.000000000000e+00   -1.000000000000e+00   -1.000000000000e+00   -1.000000000000e+00    -1.000000000000e+00    -1.000000     -1.000000     -0.001000     -0.001000     -1.000000     -0.001000     -0.001000     -0.000001     -0.001000     -0.001000     -1.000000     -1.000000     -1.000000 
487 16 6 165.000000 0.260000 -1.000000 -1.000000 -1.000000 -1.000000 nan nan nan nan -1.000000000000e+00 -1.000000e+00 -1.000000000000e+00  -1.000000000000e+00  -1.000000000000e+00  -1.000000000000e+00   -1.000000000000e+00   -1.000000000000e+00   -1.000000000000e+00    -1.000000000000e+00    -1.000000     -1.000000     -0.001000     -0.001000     -1.000000     -0.001000     -0.001000     -0.000001     -0.001000     -0.001000     -1.000000     -1.000000     -1.000000 
488 16 7 165.000000 0.300000 -1.000000 -1.000000 -1.000000 -1.000000 nan nan nan nan -1.000000000000e+00 -1.000000e+00 -1.000000000000e+00  -1.000000000000e+00  -1.000000000000e+00  -1.000000000000e+00   -1.000000000000e+00   -1.000000000000e+00   -1.000000000000e+00    -1.000000000000e+00    -1.000000     -1.000000     -0.001000     -0.001000     -1.000000     -0.001000     -0.001000     -0.000001     -0.001000     -0.001000     -1.000000     -1.000000     -1.000000 
489 16 8 165.000000 0.340000 -1.000000 -1.000000 -1.000000 -1.000000 nan nan nan nan -1.000000000000e+00 -1.000000e+00 -1.000000000000e+00  -1.000000000000e+00  -1.000000000000e+00  -1.000000000000e+00   -1.000000000000e+00   -1.000000000000e+00   -1.000000000000e+00    -1.000000000000e+00    -1.000000     -1.000000     -0.001000     -0.001000     -1.000000     -0.001000     -0.001000     -0.000001     -0.001000     -0.001000     -1.000000     -1.000000     -1.000000 
490 16 9 165.000000 0.380000 -1.000000 -1.000000 -1.000000 -1.000000 nan nan nan nan -1.000000000000e+00 -1.000000e+00 -1.000000000000e+00  -1.000000000000e+00  -1.000000000000e+00  -1.000000000000e+00   -1.000000000000e+00   -1.000000000000e+00   -1.000000000000e+00    -1.000000000000e+00    -1.000000     -1.000000     -0.001000     -0.001000     -1.000000     -0.001000     -0.001000     -0.000001     -0.001000     -0.001000     -1.000000     -1.000000     -1.000000 
491 16 10 165.000000 0.420000 -1.000000 -1.000000 -1.000000 -1.000000 nan nan nan nan -1.000000000000e+00 -1.000000e+00 -1.000000000000e+00  -1.000000000000e+00  -1.000000000000e+00  -1.000000000000e+00   -1.000000000000e+00   -1.000000000000e+00   -1.000000000000e+00    -1.000000000000e+00    -1.000000     -1.000000     -0.001000     -0.001000     -1.000000     -0.001000     -0.001000     -0.000001     -0.001000     -0.001000     -1.000000     -1.000000     -1.000000 
492 16 11 165.000000 0.460000 -1.000000 -1.000000 -1.000000 -1.000000 nan nan nan nan -1.000000000000e+00 -1.000000e+00 -1.000000000000e+00  -1.000000000000e+00  -1.000000000000e+00  -1.000000000000e+00   -1.000000000000e+00   -1.000000000000e+00   -1.000000000000e+00    -1.000000000000e+00    -1.000000     -1.000000     -0.001000     -0.001000     -1.000000     -0.001000     -0.001000     -0.000001     -0.001000     -0.001000     -1.000000     -1.000000     -1.000000 
493 16 12 165.000000 0.500000 -1.000000 -1.000000 -1.000000 -1.000000 nan nan nan nan -1.000000000000e+00 -1.000000e+00 -1.000000000000e+00  -1.000000000000e+00  -1.000000000000e+00  -1.000000000000e+00   -1.000000000000e+00   -1.000000000000e+00   -1.000000000000e+00    -1.000000000000e+00    -1.000000     -1.000000     -0.001000     -0.001000     -1.000000     -0.001000     -0.001000     -0.000001     -0.001000     -0.001000     -1.000000     -1.000000     -1.000000 
494 16 13 165.000000 0.540000 -1.000000 -1.000000 -1.000000 -1.000000 nan nan nan nan -1.000000000000e+00 -1.000000e+00 -1.000000000000e+00  -1.000000000000e+00  -1.000000000000e+00  -1.000000000000e+00   -1.000000000000e+00   -1.000000000000e+00   -1.000000000000e+00    -1.000000000000e+00    -1.000000     -1.000000     -0.001000     -0.001000     -1.000000     -0.001000     -0.001000     -0.000001     -0.001000     -0.001000     -1.000000     -1.000000     -1.000000 
495 16 14 165.000000 0.580000 -1.000000 -1.000000 -1.000000 -1.000000 nan nan nan nan -1.000000000000e+00 -1.000000e+00 -1.000000000000e+00  -1.000000000000e+00  -1.000000000000e+00  -1.000000000000e+00   -1.000000000000e+00   -1.000000000000e+00   -1.000000000000e+00    -1.000000000000e+00    -1.000000     -1.000000     -0.001000     -0.001000     -1.000000     -0.001000     -0.001000     -0.000001     -0.001000     -0.001000     -1.000000     -1.000000     -1.000000 
496 16 15 165.000000 0.620000 -1.000000 -1.000000 -1.000000 -1.000000 nan nan nan nan -1.000000000000e+00 -1.000000e+00 -1.000000000000e+00  -1.000000000000e+00  -1.000000000000e+00  -1.000000000000e+00   -1.000000000000e+00   -1.000000000000e+00   -1.000000000000e+00    -1.000000000000e+00    -1.000000     -1.000000     -0.001000     -0.001000     -1.000000     -0.001000     -0.001000     -0.000001     -0.001000     -0.001000     -1.000000     -1.000000     -1.000000 
497 16 16 165.000000 0.660000 -1.000000 -1.000000 -1.000000 -1.000000 nan nan nan nan -1.000000000000e+00 -1.000000e+00 -1.000000000000e+00  -1.000000000000e+00  -1.000000000000e+00  -1.000000000000e+00   -1.000000000000e+00   -1.000000000000e+00   -1.000000000000e+00    -1.000000000000e+00    -1.000000     -1.000000     -0.001000     -0.001000     -1.000000     -0.001000     -0.001000     -0.000001     -0.001000     -0.001000     -1.000000     -1.000000     -1.000000 
498 16 17 165.000000 0.700000 -1.000000 -1.000000 -1.000000 -1.000000 nan nan nan nan -1.000000000000e+00 -1.000000e+00 -1.000000000000e+00  -1.000000000000e+00  -1.000000000000e+00  -1.000000000000e+00   -1.000000000000e+00   -1.000000000000e+00   -1.000000000000e+00    -1.000000000000e+00    -1.000000     -1.000000     -0.001000     -0.001000     -1.000000     -0.001000     -0.001000     -0.000001     -0.001000     -0.001000     -1.000000     -1.000000     -1.000000 
499 16 18 165.000000 0.740000 -1.000000 -1.000000 -1.000000 -1.000000 nan nan nan nan -1.000000000000e+00 -1.000000e+00 -1.000000000000e+00  -1.000000000000e+00  -1.000000000000e+00  -1.000000000000e+00   -1.000000000000e+00   -1.000000000000e+00   -1.000000000000e+00    -1.000000000000e+00    -1.000000     -1.000000     -0.001000     -0.001000     -1.000000     -0.001000     -0.001000     -0.000001     -0.001000     -0.001000     -1.000000     -1.000000     -1.000000 
500 16 19 165.000000 0.780000 -1.000000 -1.000000 -1.000000 -1.000000 nan nan nan nan -1.000000000000e+00 -1.000000e+00 -1.000000000000e+00  -1.000000000000e+00  -1.000000000000e+00  -1.000000000000e+00   -1.000000000000e+00   -1.000000000000e+00   -1.000000000000e+00    -1.000000000000e+00    -1.000000     -1.000000     -0.001000     -0.001000     -1.000000     -0.001000     -0.001000     -0.000001     -0.001000     -0.001000     -1.000000     -1.000000     -1.000000 
501 16 20 165.000000 0.820000 -1.000000 -1.000000 -1.000000 -1.000000 nan nan nan nan -1.000000000000e+00 -1.000000e+00 -1.000000000000e+00  -1.000000000000e+00  -1.000000000000e+00  -1.000000000000e+00   -1.000000000000e+00   -1.000000000000e+00   -1.000000000000e+00    -1.000000000000e+00    -1.000000     -1.000000     -0.001000     -0.001000     -1.000000     -0.001000     -0.001000     -0.000001     -0.001000     -0.001000     -1.000000     -1.000000     -1.000000 
502 16 21 165.000000 0.860000 -1.000000 -1.000000 -1.000000 -1.000000 nan nan nan nan -1.000000000000e+00 -1.000000e+00 -1.000000000000e+00  -1.000000000000e+00  -1.000000000000e+00  -1.000000000000e+00   -1.000000000000e+00   -1.000000000000e+00   -1.000000000000e+00    -1.000000000000e+00    -1.000000     -1.000000     -0.001000     -0.001000     -1.000000     -0.001000     -0.001000     -0.000001     -0.001000     -0.001000     -1.000000     -1.000000     -1.000000 
503 16 22 165.000000 0.900000 -1.000000 -1.000000 -1.000000 -1.000000 nan nan nan nan -1.000000000000e+00 -1.000000e+00 -1.000000000000e+00  -1.000000000000e+00  -1.000000000000e+00  -1.000000000000e+00   -1.000000000000e+00   -1.000000000000e+00   -1.000000000000e+00    -1.000000000000e+00    -1.000000     -1.000000     -0.001000     -0.001000     -1.000000     -0.001000     -0.001000     -0.000001     -0.001000     -0.001000     -1.000000     -1.000000     -1.000000 
504 16 23 165.000000 0.940000 -1.000000 -1.000000 -1.000000 -1.000000 nan nan nan nan -1.000000000000e+00 -1.000000e+00 -1.000000000000e+00  -1.000000000000e+00  -1.000000000000e+00  -1.000000000000e+00   -1.000000000000e+00   -1.000000000000e+00   -1.000000000000e+00    -1.000000000000e+00    -1.000000     -1.000000     -0.001000     -0.001000     -1.000000     -0.001000     -0.001000     -0.000001     -0.001000     -0.001000     -1.000000     -1.000000     -1.000000 
505 16 24 165.000000 0.980000 -1.000000 -1.000000 -1.000000 -1.000000 nan nan nan nan -1.000000000000e+00 -1.000000e+00 -1.000000000000e+00  -1.000000000000e+00  -1.000000000000e+00  -1.000000000000e+00   -1.000000000000e+00   -1.000000000000e+00   -1.000000000000e+00    -1.000000000000e+00    -1.000000     -1.000000     -0.001000     -0.001000     -1.000000     -0.001000     -0.001000     -0.000001     -0.001000     -0.001000     -1.000000     -1.000000     -1.000000 
506 16 25 165.000000 1.020000 -1.000000 -1.000000 -1.000000 -1.000000 nan nan nan nan -1.000000000000e+00 -1.000000e+00 -1.000000000000e+00  -1.000000000000e+00  -1.000000000000e+00  -1.000000000000e+00   -1.000000000000e+00   -1.000000000000e+00   -1.000000000000e+00    -1.000000000000e+00    -1.000000     -1.000000     -0.001000     -0.001000     -1.000000     -0.001000     -0.001000     -0.000001     -0.001000     -0.001000     -1.000000     -1.000000     -1.000000 
507 16 26 165.000000 1.060000 -1.000000 -1.000000 -1.000000 -1.000000 nan nan nan nan -1.000000000000e+00 -1.000000e+00 -1.000000000000e+00  -1.000000000000e+00  -1.000000000000e+00  -1.000000000000e+00   -1.000000000000e+00   -1.000000000000e+00   -1.000000000000e+00    -1.000000000000e+00    -1.000000     -1.000000     -0.001000     -0.001000     -1.000000     -0.001000     -0.001000     -0.000001     -0.001000     -0.001000     -1.000000     -1.000000     -1.000000 
508 16 27 165.000000 1.100000 -1.000000 -1.000000 -1.000000 -1.000000 nan nan nan nan -1.000000000000e+00 -1.000000e+00 -1.000000000000e+00  -1.000000000000e+00  -1.000000000000e+00  -1.000000000000e+00   -1.000000000000e+00   -1.000000000000e+00   -1.000000000000e+00    -1.000000000000e+00    -1.000000     -1.000000     -0.001000     -0.001000     -1.000000     -0.001000     -0.001000     -0.000001     -0.001000     -0.001000     -1.000000     -1.000000     -1.000000 
509 16 28 165.000000 1.140000 -1.000000 -1.000000 -1.000000 -1.000000 nan nan nan nan -1.000000000000e+00 -1.000000e+00 -1.000000000000e+00  -1.000000000000e+00  -1.000000000000e+00  -1.000000000000e+00   -1.000000000000e+00   -1.000000000000e+00   -1.000000000000e+00    -1.000000000000e+00    -1.000000     -1.000000     -0.001000     -0.001000     -1.000000     -0.001000     -0.001000     -0.000001     -0.001000     -0.001000     -1.000000     -1.000000     -1.000000 
510 16 29 165.000000 1.180000 -1.000000 -1.000000 -1.000000 -1.000000 nan nan nan nan -1.000000000000e+00 -1.000000e+00 -1.000000000000e+00  -1.000000000000e+00  -1.000000000000e+00  -1.000000000000e+00   -1.000000000000e+00   -1.000000000000e+00   -1.000000000000e+00    -1.000000000000e+00    -1.000000     -1.000000     -0.001000     -0.001000     -1.000000     -0.001000     -0.001000     -0.000001     -0.001000     -0.001000     -1.000000     -1.000000     -1.000000 
511 17 0 175.000000 0.020000 -1.000000 -1.000000 -1.000000 -1.000000 nan nan nan nan -1.000000000000e+00 -1.000000e+00 -1.000000000000e+00  -1.000000000000e+00  -1.000000000000e+00  -1.000000000000e+00   -1.000000000000e+00   -1.000000000000e+00   -1.000000000000e+00    -1.000000000000e+00    -1.000000     -1.000000     -0.001000     -0.001000     -1.000000     -0.001000     -0.001000     -0.000001     -0.001000     -0.001000     -1.000000     -1.000000     -1.000000 
512 17 1 175.000000 0.060000 -1.000000 -1.000000 -1.000000 -1.000000 nan nan nan nan -1.000000000000e+00 -1.000000e+00 -1.000000000000e+00  -1.000000000000e+00  -1.000000000000e+00  -1.000000000000e+00   -1.000000000000e+00   -1.000000000000e+00   -1.000000000000e+00    -1.000000000000e+00    -1.000000     -1.000000     -0.001000     -0.001000     -1.000000     -0.001000     -0.001000     -0.000001     -0.001000     -0.001000     -1.000000     -1.000000     -1.000000 
513 17 2 175.000000 0.100000 -1.000000 -1.000000 -1.000000 -1.000000 nan nan nan nan -1.000000000000e+00 -1.000000e+00 -1.000000000000e+00  -1.000000000000e+00  -1.000000000000e+00  -1.000000000000e+00   -1.000000000000e+00   -1.000000000000e+00   -1.000000000000e+00    -1.000000000000e+00    -1.000000     -1.000000     -0.001000     -0.001000     -1.000000     -0.001000     -0.001000     -0.000001     -0.001000     -0.001000     -1.000000     -1.000000     -1.000000 
514 17 3 175.000000 0.140000 -1.000000 -1.000000 -1.000000 -1.000000 nan nan nan nan -1.000000000000e+00 -1.000000e+00 -1.000000000000e+00  -1.000000000000e+00  -1.000000000000e+00  -1.000000000000e+00   -1.000000000000e+00   -1.000000000000e+00   -1.000000000000e+00    -1.000000000000e+00    -1.000000     -1.000000     -0.001000     -0.001000     -1.000000     -0.001000     -0.001000     -0.000001     -0.001000     -0.001000     -1.000000     -1.000000     -1.000000 
515 17 4 175.000000 0.180000 -1.000000 -1.000000 -1.000000 -1.000000 nan nan nan nan -1.000000000000e+00 -1.000000e+00 -1.000000000000e+00  -1.000000000000e+00  -1.000000000000e+00  -1.000000000000e+00   -1.000000000000e+00   -1.000000000000e+00   -1.000000000000e+00    -1.000000000000e+00    -1.000000     -1.000000     -0.001000     -0.001000     -1.000000     -0.001000     -0.001000     -0.000001     -0.001000     -0.001000     -1.000000     -1.000000     -1.000000 
516 17 5 175.000000 0.220000 -1.000000 -1.000000 -1.000000 -1.000000 nan nan nan nan -1.000000000000e+00 -1.000000e+00 -1.000000000000e+00  -1.000000000000e+00  -1.000000000000e+00  -1.000000000000e+00   -1.000000000000e+00   -1.000000000000e+00   -1.000000000000e+00    -1.000000000000e+00    -1.000000     -1.000000     -0.001000     -0.001000     -1.000000     -0.001000     -0.001000     -0.000001     -0.001000     -0.001000     -1.000000     -1.000000     -1.000000 
517 17 6 175.000000 0.260000 -1.000000 -1.000000 -1.000000 -1.000000 nan nan nan nan -1.000000000000e+00 -1.000000e+00 -1.000000000000e+00  -1.000000000000e+00  -1.000000000000e+00  -1.000000000000e+00   -1.000000000000e+00   -1.000000000000e+00   -1.000000000000e+00    -1.000000000000e+00    -1.000000     -1.000000     -0.001000     -0.001000     -1.000000     -0.001000     -0.001000     -0.000001     -0.001000     -0.001000     -1.000000     -1.000000     -1.000000 
518 17 7 175.000000 0.300000 -1.000000 -1.000000 -1.000000 -1.000000 nan nan nan nan -1.000000000000e+00 -1.000000e+00 -1.000000000000e+00  -1.000000000000e+00  -1.000000000000e+00  -1.000000000000e+00   -1.000000000000e+00   -1.000000000000e+00   -1.000000000000e+00    -1.000000000000e+00    -1.000000     -1.000000     -0.001000     -0.001000     -1.000000     -0.001000     -0.001000     -0.000001     -0.001000     -0.001000     -1.000000     -1.000000     -1.000000 
519 17 8 175.000000 0.340000 -1.000000 -1.000000 -1.000000 -1.000000 nan nan nan nan -1.000000000000e+00 -1.000000e+00 -1.000000000000e+00  -1.000000000000e+00  -1.000000000000e+00  -1.000000000000e+00   -1.000000000000e+00   -1.000000000000e+00   -1.000000000000e+00    -1.000000000000e+00    -1.000000     -1.000000     -0.001000     -0.001000     -1.000000     -0.001000     -0.001000     -0.000001     -0.001000     -0.001000     -1.000000     -1.000000     -1.000000 
520 17 9 175.000000 0.380000 -1.000000 -1.000000 -1.000000 -1.000000 nan nan nan nan -1.000000000000e+00 -1.000000e+00 -1.000000000000e+00  -1.000000000000e+00  -1.000000000000e+00  -1.000000000000e+00   -1.000000000000e+00   -1.000000000000e+00   -1.000000000000e+00    -1.000000000000e+00    -1.000000     -1.000000     -0.001000     -0.001000     -1.000000     -0.001000     -0.001000     -0.000001     -0.001000     -0.001000     -1.000000     -1.000000     -1.000000 
521 17 10 175.000000 0.420000 -1.000000 -1.000000 -1.000000 -1.000000 nan nan nan nan -1.000000000000e+00 -1.000000e+00 -1.000000000000e+00  -1.000000000000e+00  -1.000000000000e+00  -1.000000000000e+00   -1.000000000000e+00   -1.000000000000e+00   -1.000000000000e+00    -1.000000000000e+00    -1.000000     -1.000000     -0.001000     -0.001000     -1.000000     -0.001000     -0.001000     -0.000001     -0.001000     -0.001000     -1.000000     -1.000000     -1.000000 
522 17 11 175.000000 0.460000 -1.000000 -1.000000 -1.000000 -1.000000 nan nan nan nan -1.000000000000e+00 -1.000000e+00 -1.000000000000e+00  -1.000000000000e+00  -1.000000000000e+00  -1.000000000000e+00   -1.000000000000e+00   -1.000000000000e+00   -1.000000000000e+00    -1.000000000000e+00    -1.000000     -1.000000     -0.001000     -0.001000     -1.000000     -0.001000     -0.001000     -0.000001     -0.001000     -0.001000     -1.000000     -1.000000     -1.000000 
523 17 12 175.000000 0.500000 -1.000000 -1.000000 -1.000000 -1.000000 nan nan nan nan -1.000000000000e+00 -1.000000e+00 -1.000000000000e+00  -1.000000000000e+00  -1.000000000000e+00  -1.000000000000e+00   -1.000000000000e+00   -1.000000000000e+00   -1.000000000000e+00    -1.000000000000e+00    -1.000000     -1.000000     -0.001000     -0.001000     -1.000000     -0.001000     -0.001000     -0.000001     -0.001000     -0.001000     -1.000000     -1.000000     -1.000000 
524 17 13 175.000000 0.540000 -1.000000 -1.000000 -1.000000 -1.000000 nan nan nan nan -1.000000000000e+00 -1.000000e+00 -1.000000000000e+00  -1.000000000000e+00  -1.000000000000e+00  -1.000000000000e+00   -1.000000000000e+00   -1.000000000000e+00   -1.000000000000e+00    -1.000000000000e+00    -1.000000     -1.000000     -0.001000     -0.001000     -1.000000     -0.001000     -0.001000     -0.000001     -0.001000     -0.001000     -1.000000     -1.000000     -1.000000 
525 17 14 175.000000 0.580000 -1.000000 -1.000000 -1.000000 -1.000000 nan nan nan nan -1.000000000000e+00 -1.000000e+00 -1.000000000000e+00  -1.000000000000e+00  -1.000000000000e+00  -1.000000000000e+00   -1.000000000000e+00   -1.000000000000e+00   -1.000000000000e+00    -1.000000000000e+00    -1.000000     -1.000000     -0.001000     -0.001000     -1.000000     -0.001000     -0.001000     -0.000001     -0.001000     -0.001000     -1.000000     -1.000000     -1.000000 
526 17 15 175.000000 0.620000 -1.000000 -1.000000 -1.000000 -1.000000 nan nan nan nan -1.000000000000e+00 -1.000000e+00 -1.000000000000e+00  -1.000000000000e+00  -1.000000000000e+00  -1.000000000000e+00   -1.000000000000e+00   -1.000000000000e+00   -1.000000000000e+00    -1.000000000000e+00    -1.000000     -1.000000     -0.001000     -0.001000     -1.000000     -0.001000     -0.001000     -0.000001     -0.001000     -0.001000     -1.000000     -1.000000     -1.000000 
527 17 16 175.000000 0.660000 -1.000000 -1.000000 -1.000000 -1.000000 nan nan nan nan -1.000000000000e+00 -1.000000e+00 -1.000000000000e+00  -1.000000000000e+00  -1.000000000000e+00  -1.000000000000e+00   -1.000000000000e+00   -1.000000000000e+00   -1.000000000000e+00    -1.000000000000e+00    -1.000000     -1.000000     -0.001000     -0.001000     -1.000000     -0.001000     -0.001000     -0.000001     -0.001000     -0.001000     -1.000000     -1.000000     -1.000000 
528 17 17 175.000000 0.700000 -1.000000 -1.000000 -1.000000 -1.000000 nan nan nan nan -1.000000000000e+00 -1.000000e+00 -1.000000000000e+00  -1.000000000000e+00  -1.000000000000e+00  -1.000000000000e+00   -1.000000000000e+00   -1.000000000000e+00   -1.000000000000e+00    -1.000000000000e+00    -1.000000     -1.000000     -0.001000     -0.001000     -1.000000     -0.001000     -0.001000     -0.000001     -0.001000     -0.001000     -1.000000     -1.000000     -1.000000 
529 17 18 175.000000 0.740000 -1.000000 -1.000000 -1.000000 -1.000000 nan nan nan nan -1.000000000000e+00 -1.000000e+00 -1.000000000000e+00  -1.000000000000e+00  -1.000000000000e+00  -1.000000000000e+00   -1.000000000000e+00   -1.000000000000e+00   -1.000000000000e+00    -1.000000000000e+00    -1.000000     -1.000000     -0.001000     -0.001000     -1.000000     -0.001000     -0.001000     -0.000001     -0.001000     -0.001000     -1.000000     -1.000000     -1.000000 
530 17 19 175.000000 0.780000 -1.000000 -1.000000 -1.000000 -1.000000 nan nan nan nan -1.000000000000e+00 -1.000000e+00 -1.000000000000e+00  -1.000000000000e+00  -1.000000000000e+00  -1.000000000000e+00   -1.000000000000e+00   -1.000000000000e+00   -1.000000000000e+00    -1.000000000000e+00    -1.000000     -1.000000     -0.001000     -0.001000     -1.000000     -0.001000     -0.001000     -0.000001     -0.001000     -0.001000     -1.000000     -1.000000     -1.000000 
531 17 20 175.000000 0.820000 -1.000000 -1.000000 -1.000000 -1.000000 nan nan nan nan -1.000000000000e+00 -1.000000e+00 -1.000000000000e+00  -1.000000000000e+00  -1.000000000000e+00  -1.000000000000e+00   -1.000000000000e+00   -1.000000000000e+00   -1.000000000000e+00    -1.000000000000e+00    -1.000000     -1.000000     -0.001000     -0.001000     -1.000000     -0.001000     -0.001000     -0.000001     -0.001000     -0.001000     -1.000000     -1.000000     -1.000000 
532 17 21 175.000000 0.860000 -1.000000 -1.000000 -1.000000 -1.000000 nan nan nan nan -1.000000000000e+00 -1.000000e+00 -1.000000000000e+00  -1.000000000000e+00  -1.000000000000e+00  -1.000000000000e+00   -1.000000000000e+00   -1.000000000000e+00   -1.000000000000e+00    -1.000000000000e+00    -1.000000     -1.000000     -0.001000     -0.001000     -1.000000     -0.001000     -0.001000     -0.000001     -0.001000     -0.001000     -1.000000     -1.000000     -1.000000 
533 17 22 175.000000 0.900000 -1.000000 -1.000000 -1.000000 -1.000000 nan nan nan nan -1.000000000000e+00 -1.000000e+00 -1.000000000000e+00  -1.000000000000e+00  -1.000000000000e+00  -1.000000000000e+00   -1.000000000000e+00   -1.000000000000e+00   -1.000000000000e+00    -1.000000000000e+00    -1.000000     -1.000000     -0.001000     -0.001000     -1.000000     -0.001000     -0.001000     -0.000001     -0.001000     -0.001000     -1.000000     -1.000000     -1.000000 
534 17 23 175.000000 0.940000 -1.000000 -1.000000 -1.000000 -1.000000 nan nan nan nan -1.000000000000e+00 -1.000000e+00 -1.000000000000e+00  -1.000000000000e+00  -1.000000000000e+00  -1.000000000000e+00   -1.000000000000e+00   -1.000000000000e+00   -1.000000000000e+00    -1.000000000000e+00    -1.000000     -1.000000     -0.001000     -0.001000     -1.000000     -0.001000     -0.001000     -0.000001     -0.001000     -0.001000     -1.000000     -1.000000     -1.000000 
535 17 24 175.000000 0.980000 -1.000000 -1.000000 -1.000000 -1.000000 nan nan nan nan -1.000000000000e+00 -1.000000e+00 -1.000000000000e+00  -1.000000000000e+00  -1.000000000000e+00  -1.000000000000e+00   -1.000000000000e+00   -1.000000000000e+00   -1.000000000000e+00    -1.000000000000e+00    -1.000000     -1.000000     -0.001000     -0.001000     -1.000000     -0.001000     -0.001000     -0.000001     -0.001000     -0.001000     -1.000000     -1.000000     -1.000000 
536 17 25 175.000000 1.020000 -1.000000 -1.000000 -1.000000 -1.000000 nan nan nan nan -1.000000000000e+00 -1.000000e+00 -1.000000000000e+00  -1.000000000000e+00  -1.000000000000e+00  -1.000000000000e+00   -1.000000000000e+00   -1.000000000000e+00   -1.000000000000e+00    -1.000000000000e+00    -1.000000     -1.000000     -0.001000     -0.001000     -1.000000     -0.001000     -0.001000     -0.000001     -0.001000     -0.001000     -1.000000     -1.000000     -1.000000 
537 17 26 175.000000 1.060000 -1.000000 -1.000000 -1.000000 -1.000000 nan nan nan nan -1.000000000000e+00 -1.000000e+00 -1.000000000000e+00  -1.000000000000e+00  -1.000000000000e+00  -1.000000000000e+00   -1.000000000000e+00   -1.000000000000e+00   -1.000000000000e+00    -1.000000000000e+00    -1.000000     -1.000000     -0.001000     -0.001000     -1.000000     -0.001000     -0.001000     -0.000001     -0.001000     -0.001000     -1.000000     -1.000000     -1.000000 
538 17 27 175.000000 1.100000 -1.000000 -1.000000 -1.000000 -1.000000 nan nan nan nan -1.000000000000e+00 -1.000000e+00 -1.000000000000e+00  -1.000000000000e+00  -1.000000000000e+00  -1.000000000000e+00   -1.000000000000e+00   -1.000000000000e+00   -1.000000000000e+00    -1.000000000000e+00    -1.000000     -1.000000     -0.001000     -0.001000     -1.000000     -0.001000     -0.001000     -0.000001     -0.001000     -0.001000     -1.000000     -1.000000     -1.000000 
539 17 28 175.000000 1.140000 -1.000000 -1.000000 -1.000000 -1.000000 nan nan nan nan -1.000000000000e+00 -1.000000e+00 -1.000000000000e+00  -1.000000000000e+00  -1.000000000000e+00  -1.000000000000e+00   -1.000000000000e+00   -1.000000000000e+00   -1.000000000000e+00    -1.000000000000e+00    -1.000000     -1.000000     -0.001000     -0.001000     -1.000000     -0.001000     -0.001000     -0.000001     -0.001000     -0.001000     -1.000000     -1.000000     -1.000000 
540 17 29 175.000000 1.180000 -1.000000 -1.000000 -1.000000 -1.000000 nan nan nan nan -1.000000000000e+00 -1.000000e+00 -1.000000000000e+00  -1.000000000000e+00  -1.000000000000e+00  -1.000000000000e+00   -1.000000000000e+00   -1.000000000000e+00   -1.000000000000e+00    -1.000000000000e+00    -1.000000     -1.000000     -0.001000     -0.001000     -1.000000     -0.001000     -0.001000     -0.000001     -0.001000     -0.001000     -1.000000     -1.000000     -1.000000 
541 18 0 185.000000 0.020000 -1.000000 -1.000000 -1.000000 -1.000000 nan nan nan nan -1.000000000000e+00 -1.000000e+00 -1.000000000000e+00  -1.000000000000e+00  -1.000000000000e+00  -1.000000000000e+00   -1.000000000000e+00   -1.000000000000e+00   -1.000000000000e+00    -1.000000000000e+00    -1.000000     -1.000000     -0.001000     -0.001000     -1.000000     -0.001000     -0.001000     -0.000001     -0.001000     -0.001000     -1.000000     -1.000000     -1.000000 
542 18 1 185.000000 0.060000 -1.000000 -1.000000 -1.000000 -1.000000 nan nan nan nan -1.000000000000e+00 -1.000000e+00 -1.000000000000e+00  -1.000000000000e+00  -1.000000000000e+00  -1.000000000000e+00   -1.000000000000e+00   -1.000000000000e+00   -1.000000000000e+00    -1.000000000000e+00    -1.000000     -1.000000     -0.001000     -0.001000     -1.000000     -0.001000     -0.001000     -0.000001     -0.001000     -0.001000     -1.000000     -1.000000     -1.000000 
543 18 2 185.000000 0.100000 -1.000000 -1.000000 -1.000000 -1.000000 nan nan nan nan -1.000000000000e+00 -1.000000e+00 -1.000000000000e+00  -1.000000000000e+00  -1.000000000000e+00  -1.000000000000e+00   -1.000000000000e+00   -1.000000000000e+00   -1.000000000000e+00    -1.000000000000e+00    -1.000000     -1.000000     -0.001000     -0.001000     -1.000000     -0.001000     -0.001000     -0.000001     -0.001000     -0.001000     -1.000000     -1.000000     -1.000000 
544 18 3 185.000000 0.140000 -1.000000 -1.000000 -1.000000 -1.000000 nan nan nan nan -1.000000000000e+00 -1.000000e+00 -1.000000000000e+00  -1.000000000000e+00  -1.000000000000e+00  -1.000000000000e+00   -1.000000000000e+00   -1.000000000000e+00   -1.000000000000e+00    -1.000000000000e+00    -1.000000     -1.000000     -0.001000     -0.001000     -1.000000     -0.001000     -0.001000     -0.000001     -0.001000     -0.001000     -1.000000     -1.000000     -1.000000 
545 18 4 185.000000 0.180000 -1.000000 -1.000000 -1.000000 -1.000000 nan nan nan nan -1.000000000000e+00 -1.000000e+00 -1.000000000000e+00  -1.000000000000e+00  -1.000000000000e+00  -1.000000000000e+00   -1.000000000000e+00   -1.000000000000e+00   -1.000000000000e+00    -1.000000000000e+00    -1.000000     -1.000000     -0.001000     -0.001000     -1.000000     -0.001000     -0.001000     -0.000001     -0.001000     -0.001000     -1.000000     -1.000000     -1.000000 
546 18 5 185.000000 0.220000 -1.000000 -1.000000 -1.000000 -1.000000 nan nan nan nan -1.000000000000e+00 -1.000000e+00 -1.000000000000e+00  -1.000000000000e+00  -1.000000000000e+00  -1.000000000000e+00   -1.000000000000e+00   -1.000000000000e+00   -1.000000000000e+00    -1.000000000000e+00    -1.000000     -1.000000     -0.001000     -0.001000     -1.000000     -0.001000     -0.001000     -0.000001     -0.001000     -0.001000     -1.000000     -1.000000     -1.000000 
547 18 6 185.000000 0.260000 -1.000000 -1.000000 -1.000000 -1.000000 nan nan nan nan -1.000000000000e+00 -1.000000e+00 -1.000000000000e+00  -1.000000000000e+00  -1.000000000000e+00  -1.000000000000e+00   -1.000000000000e+00   -1.000000000000e+00   -1.000000000000e+00    -1.000000000000e+00    -1.000000     -1.000000     -0.001000     -0.001000     -1.000000     -0.001000     -0.001000     -0.000001     -0.001000     -0.001000     -1.000000     -1.000000     -1.000000 
548 18 7 185.000000 0.300000 -1.000000 -1.000000 -1.000000 -1.000000 nan nan nan nan -1.000000000000e+00 -1.000000e+00 -1.000000000000e+00  -1.000000000000e+00  -1.000000000000e+00  -1.000000000000e+00   -1.000000000000e+00   -1.000000000000e+00   -1.000000000000e+00    -1.000000000000e+00    -1.000000     -1.000000     -0.001000     -0.001000     -1.000000     -0.001000     -0.001000     -0.000001     -0.001000     -0.001000     -1.000000     -1.000000     -1.000000 
549 18 8 185.000000 0.340000 -1.000000 -1.000000 -1.000000 -1.000000 nan nan nan nan -1.000000000000e+00 -1.000000e+00 -1.000000000000e+00  -1.000000000000e+00  -1.000000000000e+00  -1.000000000000e+00   -1.000000000000e+00   -1.000000000000e+00   -1.000000000000e+00    -1.000000000000e+00    -1.000000     -1.000000     -0.001000     -0.001000     -1.000000     -0.001000     -0.001000     -0.000001     -0.001000     -0.001000     -1.000000     -1.000000     -1.000000 
550 18 9 185.000000 0.380000 -1.000000 -1.000000 -1.000000 -1.000000 nan nan nan nan -1.000000000000e+00 -1.000000e+00 -1.000000000000e+00  -1.000000000000e+00  -1.000000000000e+00  -1.000000000000e+00   -1.000000000000e+00   -1.000000000000e+00   -1.000000000000e+00    -1.000000000000e+00    -1.000000     -1.000000     -0.001000     -0.001000     -1.000000     -0.001000     -0.001000     -0.000001     -0.001000     -0.001000     -1.000000     -1.000000     -1.000000 
551 18 10 185.000000 0.420000 -1.000000 -1.000000 -1.000000 -1.000000 nan nan nan nan -1.000000000000e+00 -1.000000e+00 -1.000000000000e+00  -1.000000000000e+00  -1.000000000000e+00  -1.000000000000e+00   -1.000000000000e+00   -1.000000000000e+00   -1.000000000000e+00    -1.000000000000e+00    -1.000000     -1.000000     -0.001000     -0.001000     -1.000000     -0.001000     -0.001000     -0.000001     -0.001000     -0.001000     -1.000000     -1.000000     -1.000000 
552 18 11 185.000000 0.460000 -1.000000 -1.000000 -1.000000 -1.000000 nan nan nan nan -1.000000000000e+00 -1.000000e+00 -1.000000000000e+00  -1.000000000000e+00  -1.000000000000e+00  -1.000000000000e+00   -1.000000000000e+00   -1.000000000000e+00   -1.000000000000e+00    -1.000000000000e+00    -1.000000     -1.000000     -0.001000     -0.001000     -1.000000     -0.001000     -0.001000     -0.000001     -0.001000     -0.001000     -1.000000     -1.000000     -1.000000 
553 18 12 185.000000 0.500000 -1.000000 -1.000000 -1.000000 -1.000000 nan nan nan nan -1.000000000000e+00 -1.000000e+00 -1.000000000000e+00  -1.000000000000e+00  -1.000000000000e+00  -1.000000000000e+00   -1.000000000000e+00   -1.000000000000e+00   -1.000000000000e+00    -1.000000000000e+00    -1.000000     -1.000000     -0.001000     -0.001000     -1.000000     -0.001000     -0.001000     -0.000001     -0.001000     -0.001000     -1.000000     -1.000000     -1.000000 
554 18 13 185.000000 0.540000 -1.000000 -1.000000 -1.000000 -1.000000 nan nan nan nan -1.000000000000e+00 -1.000000e+00 -1.000000000000e+00  -1.000000000000e+00  -1.000000000000e+00  -1.000000000000e+00   -1.000000000000e+00   -1.000000000000e+00   -1.000000000000e+00    -1.000000000000e+00    -1.000000     -1.000000     -0.001000     -0.001000     -1.000000     -0.001000     -0.001000     -0.000001     -0.001000     -0.001000     -1.000000     -1.000000     -1.000000 
555 18 14 185.000000 0.580000 -1.000000 -1.000000 -1.000000 -1.000000 nan nan nan nan -1.000000000000e+00 -1.000000e+00 -1.000000000000e+00  -1.000000000000e+00  -1.000000000000e+00  -1.000000000000e+00   -1.000000000000e+00   -1.000000000000e+00   -1.000000000000e+00    -1.000000000000e+00    -1.000000     -1.000000     -0.001000     -0.001000     -1.000000     -0.001000     -0.001000     -0.000001     -0.001000     -0.001000     -1.000000     -1.000000     -1.000000 
556 18 15 185.000000 0.620000 -1.000000 -1.000000 -1.000000 -1.000000 nan nan nan nan -1.000000000000e+00 -1.000000e+00 -1.000000000000e+00  -1.000000000000e+00  -1.000000000000e+00  -1.000000000000e+00   -1.000000000000e+00   -1.000000000000e+00   -1.000000000000e+00    -1.000000000000e+00    -1.000000     -1.000000     -0.001000     -0.001000     -1.000000     -0.001000     -0.001000     -0.000001     -0.001000     -0.001000     -1.000000     -1.000000     -1.000000 
557 18 16 185.000000 0.660000 -1.000000 -1.000000 -1.000000 -1.000000 nan nan nan nan -1.000000000000e+00 -1.000000e+00 -1.000000000000e+00  -1.000000000000e+00  -1.000000000000e+00  -1.000000000000e+00   -1.000000000000e+00   -1.000000000000e+00   -1.000000000000e+00    -1.000000000000e+00    -1.000000     -1.000000     -0.001000     -0.001000     -1.000000     -0.001000     -0.001000     -0.000001     -0.001000     -0.001000     -1.000000     -1.000000     -1.000000 
558 18 17 185.000000 0.700000 -1.000000 -1.000000 -1.000000 -1.000000 nan nan nan nan -1.000000000000e+00 -1.000000e+00 -1.000000000000e+00  -1.000000000000e+00  -1.000000000000e+00  -1.000000000000e+00   -1.000000000000e+00   -1.000000000000e+00   -1.000000000000e+00    -1.000000000000e+00    -1.000000     -1.000000     -0.001000     -0.001000     -1.000000     -0.001000     -0.001000     -0.000001     -0.001000     -0.001000     -1.000000     -1.000000     -1.000000 
559 18 18 185.000000 0.740000 -1.000000 -1.000000 -1.000000 -1.000000 nan nan nan nan -1.000000000000e+00 -1.000000e+00 -1.000000000000e+00  -1.000000000000e+00  -1.000000000000e+00  -1.000000000000e+00   -1.000000000000e+00   -1.000000000000e+00   -1.000000000000e+00    -1.000000000000e+00    -1.000000     -1.000000     -0.001000     -0.001000     -1.000000     -0.001000     -0.001000     -0.000001     -0.001000     -0.001000     -1.000000     -1.000000     -1.000000 
560 18 19 185.000000 0.780000 -1.000000 -1.000000 -1.000000 -1.000000 nan nan nan nan -1.000000000000e+00 -1.000000e+00 -1.000000000000e+00  -1.000000000000e+00  -1.000000000000e+00  -1.000000000000e+00   -1.000000000000e+00   -1.000000000000e+00   -1.000000000000e+00    -1.000000000000e+00    -1.000000     -1.000000     -0.001000     -0.001000     -1.000000     -0.001000     -0.001000     -0.000001     -0.001000     -0.001000     -1.000000     -1.000000     -1.000000 
561 18 20 185.000000 0.820000 -1.000000 -1.000000 -1.000000 -1.000000 nan nan nan nan -1.000000000000e+00 -1.000000e+00 -1.000000000000e+00  -1.000000000000e+00  -1.000000000000e+00  -1.000000000000e+00   -1.000000000000e+00   -1.000000000000e+00   -1.000000000000e+00    -1.000000000000e+00    -1.000000     -1.000000     -0.001000     -0.001000     -1.000000     -0.001000     -0.001000     -0.000001     -0.001000     -0.001000     -1.000000     -1.000000     -1.000000 
562 18 21 185.000000 0.860000 -1.000000 -1.000000 -1.000000 -1.000000 nan nan nan nan -1.000000000000e+00 -1.000000e+00 -1.000000000000e+00  -1.000000000000e+00  -1.000000000000e+00  -1.000000000000e+00   -1.000000000000e+00   -1.000000000000e+00   -1.000000000000e+00    -1.000000000000e+00    -1.000000     -1.000000     -0.001000     -0.001000     -1.000000     -0.001000     -0.001000     -0.000001     -0.001000     -0.001000     -1.000000     -1.000000     -1.000000 
563 18 22 185.000000 0.900000 -1.000000 -1.000000 -1.000000 -1.000000 nan nan nan nan -1.000000000000e+00 -1.000000e+00 -1.000000000000e+00  -1.000000000000e+00  -1.000000000000e+00  -1.000000000000e+00   -1.000000000000e+00   -1.000000000000e+00   -1.000000000000e+00    -1.000000000000e+00    -1.000000     -1.000000     -0.001000     -0.001000     -1.000000     -0.001000     -0.001000     -0.000001     -0.001000     -0.001000     -1.000000     -1.000000     -1.000000 
564 18 23 185.000000 0.940000 -1.000000 -1.000000 -1.000000 -1.000000 nan nan nan nan -1.000000000000e+00 -1.000000e+00 -1.000000000000e+00  -1.000000000000e+00  -1.000000000000e+00  -1.000000000000e+00   -1.000000000000e+00   -1.000000000000e+00   -1.000000000000e+00    -1.000000000000e+00    -1.000000     -1.000000     -0.001000     -0.001000     -1.000000     -0.001000     -0.001000     -0.000001     -0.001000     -0.001000     -1.000000     -1.000000     -1.000000 
565 18 24 185.000000 0.980000 -1.000000 -1.000000 -1.000000 -1.000000 nan nan nan nan -1.000000000000e+00 -1.000000e+00 -1.000000000000e+00  -1.000000000000e+00  -1.000000000000e+00  -1.000000000000e+00   -1.000000000000e+00   -1.000000000000e+00   -1.000000000000e+00    -1.000000000000e+00    -1.000000     -1.000000     -0.001000     -0.001000     -1.000000     -0.001000     -0.001000     -0.000001     -0.001000     -0.001000     -1.000000     -1.000000     -1.000000 
566 18 25 185.000000 1.020000 -1.000000 -1.000000 -1.000000 -1.000000 nan nan nan nan -1.000000000000e+00 -1.000000e+00 -1.000000000000e+00  -1.000000000000e+00  -1.000000000000e+00  -1.000000000000e+00   -1.000000000000e+00   -1.000000000000e+00   -1.000000000000e+00    -1.000000000000e+00    -1.000000     -1.000000     -0.001000     -0.001000     -1.000000     -0.001000     -0.001000     -0.000001     -0.001000     -0.001000     -1.000000     -1.000000     -1.000000 
567 18 26 185.000000 1.060000 -1.000000 -1.000000 -1.000000 -1.000000 nan nan nan nan -1.000000000000e+00 -1.000000e+00 -1.000000000000e+00  -1.000000000000e+00  -1.000000000000e+00  -1.000000000000e+00   -1.000000000000e+00   -1.000000000000e+00   -1.000000000000e+00    -1.000000000000e+00    -1.000000     -1.000000     -0.001000     -0.001000     -1.000000     -0.001000     -0.001000     -0.000001     -0.001000     -0.001000     -1.000000     -1.000000     -1.000000 
568 18 27 185.000000 1.100000 -1.000000 -1.000000 -1.000000 -1.000000 nan nan nan nan -1.000000000000e+00 -1.000000e+00 -1.000000000000e+00  -1.000000000000e+00  -1.000000000000e+00  -1.000000000000e+00   -1.000000000000e+00   -1.000000000000e+00   -1.000000000000e+00    -1.000000000000e+00    -1.000000     -1.000000     -0.001000     -0.001000     -1.000000     -0.001000     -0.001000     -0.000001     -0.001000     -0.001000     -1.000000     -1.000000     -1.000000 
569 18 28 185.000000 1.140000 -1.000000 -1.000000 -1.000000 -1.000000 nan nan nan nan -1.000000000000e+00 -1.000000e+00 -1.000000000000e+00  -1.000000000000e+00  -1.000000000000e+00  -1.000000000000e+00   -1.000000000000e+00   -1.000000000000e+00   -1.000000000000e+00    -1.000000000000e+00    -1.000000     -1.000000     -0.001000     -0.001000     -1.000000     -0.001000     -0.001000     -0.000001     -0.001000     -0.001000     -1.000000     -1.000000     -1.000000 
570 18 29 185.000000 1.180000 -1.000000 -1.000000 -1.000000 -1.000000 nan nan nan nan -1.000000000000e+00 -1.000000e+00 -1.000000000000e+00  -1.000000000000e+00  -1.000000000000e+00  -1.000000000000e+00   -1.000000000000e+00   -1.000000000000e+00   -1.000000000000e+00    -1.000000000000e+00    -1.000000     -1.000000     -0.001000     -0.001000     -1.000000     -0.001000     -0.001000     -0.000001     -0.001000     -0.001000     -1.000000     -1.000000     -1.000000 
