                                            
# averaged kinematics results                                                                              
# averaged kinematic varibles used as input to calculate the averaged                                
# kinematics: Ei, omega, th_e, pf                                                                     
#
#---Useful Header Definitions---
#bc_fact_pwia(fsi):  bin-centering correction factor using PWIA or FSI model
#pwia(fsi)RC_dataXsec: average data Xsec radiative corrected using PWIA(FSI) model --> study rad. corr systematics  __
#fsiRC_dataXsec_pwiabc_corr: data Xsec radiative corrected using FSI model and Bin-Center corrected using PWIA model  | these can be used to study bin-centering corr. systematics from model dependency
#fsiRC_dataXsec_fsibc_corr: data Xsec radiative corrected using FSI model and Bin-Center corrected using FSI model  __| -->We write FSI bin-center corr. cross section to official table
#red_dataXsec: reduced data Xsec radiative corrected and bin-center corrected using FSI model (K_sig_cc1 evaluated at FSI avg. kin is used)
#red_pwiaXsec: reduced theoretical Xsec (K_sig_cc1 evaluated at PWIA avg. kin is used)
#red_fsiXsec: reduced theoretical Xsec (K_sig_cc1 evaluated at FSI avg. kin is used)                    
#i_b = 2D bin id number
#xb = th_nq value at bin center                                                                                                   
#yb = pmiss value at bin center        
#Averaged Kinemtics Definitions
#K_sig_cc1  [ub MeV^2 / sr^2]
#cross sections [ub sr^-2 MeV^-1]
#reduced cross sections   [ub sr^-2 MeV^-1] / [ub MeV^2 / sr^2] = [MeV]^-3                                                             
#Ei_avg : averaged beam energy [GeV]
#kf_avg : averaged final e- momentum [GeV/c]
#the_avg : averaged e- scattering angle [deg]
#nu_avg : averaged energy transfer [GeV]
#q_avg : averaged 3-momentum transfer [GeV/c]
#Q2_avg : averaged 4-momentum transfer [GeV/c]^2
#pf_avg : averaged final proton momentum [GeV/c]
#pm_avg : averaged missing momentum [GeV/c]
#th_pq_cm : averaged center of mass in-plane angle between proton and q-vector [deg]
#cphi_pq_avg : cos(phi_pq), where phi_pq is the averaged out of plane angle between (pf, q) or the scattering and reaction planes [deg]
#xbj_avg : avergaed x-Bjorken scale [unitless]

# current header line:  
#! i_b[i,0]/ i_x[i,1]/ i_y[i,2]/ xb[f,3]/ yb[f,4]/ bc_fact_pwia[f,5]/  bc_fact_pwia_err[f,6]/  bc_fact_fsi[f,7]/  bc_fact_fsi_err[f,8]/  pwiaRC_dataXsec[f,9]/  pwiaRC_dataXsec_err[f,10]/  fsiRC_dataXsec[f,11]/   fsiRC_dataXsec_err[f,12]/    fsiRC_dataXsec_pwiabc_corr[f,13]/   fsiRC_dataXsec_pwiabc_corr_err[f,14]/  fsiRC_dataXsec_fsibc_corr[f,15]/  fsiRC_dataXsec_fsibc_corr_err[f,16]/   pwiaXsec_theory[f,17]/   fsiXsec_theory[f,18]/   red_dataXsec[f,19]/   red_dataXsec_err[f,20]/   red_pwiaXsec[f,21]/   red_fsiXsec[f,22]/   pwia_Ksigcc1[f,23]/   fsi_Ksigcc1[f,24]/  Ei_avg[f,25]/  kf_avg[f,26]/  the_avg[f,27]/  nu_avg[f,28]/  q_avg[f,29]/  Q2_avg[f,30]/   pf_avg[f,31]/   pm_avg[f,32]/   th_pq_cm[f,33]/   cphi_pq_avg[f,34]/   xbj_avg[f,35]/                                                                                                                                                                          
1 0 0 5.000000 0.020000 -1.000000 -1.000000 -1.000000 -1.000000 nan nan nan nan -1.000000000000e+00 -1.000000e+00 -1.000000000000e+00  -1.000000000000e+00  -1.000000000000e+00  -1.000000000000e+00   -1.000000000000e+00   -1.000000000000e+00   -1.000000000000e+00    -1.000000000000e+00    -1.000000     -1.000000     -0.001000     -0.001000     -1.000000     -0.001000     -0.001000     -0.000001     -0.001000     -0.001000     -1.000000     -1.000000     -1.000000 
2 0 1 5.000000 0.060000 -1.000000 -1.000000 -1.000000 -1.000000 nan nan nan nan -1.000000000000e+00 -1.000000e+00 -1.000000000000e+00  -1.000000000000e+00  -1.000000000000e+00  -1.000000000000e+00   -1.000000000000e+00   -1.000000000000e+00   -1.000000000000e+00    -1.000000000000e+00    -1.000000     -1.000000     -0.001000     -0.001000     -1.000000     -0.001000     -0.001000     -0.000001     -0.001000     -0.001000     -1.000000     -1.000000     -1.000000 
3 0 2 5.000000 0.100000 -1.000000 -1.000000 -1.000000 -1.000000 nan nan nan nan -1.000000000000e+00 -1.000000e+00 -1.000000000000e+00  -1.000000000000e+00  -1.000000000000e+00  -1.000000000000e+00   -1.000000000000e+00   -1.000000000000e+00   -1.000000000000e+00    -1.000000000000e+00    -1.000000     -1.000000     -0.001000     -0.001000     -1.000000     -0.001000     -0.001000     -0.000001     -0.001000     -0.001000     -1.000000     -1.000000     -1.000000 
4 0 3 5.000000 0.140000 -1.000000 -1.000000 -1.000000 -1.000000 nan nan nan nan -1.000000000000e+00 -1.000000e+00 -1.000000000000e+00  -1.000000000000e+00  -1.000000000000e+00  -1.000000000000e+00   -1.000000000000e+00   -1.000000000000e+00   -1.000000000000e+00    -1.000000000000e+00    -1.000000     -1.000000     -0.001000     -0.001000     -1.000000     -0.001000     -0.001000     -0.000001     -0.001000     -0.001000     -1.000000     -1.000000     -1.000000 
5 0 4 5.000000 0.180000 -1.000000 -1.000000 -1.000000 -1.000000 nan nan nan nan -1.000000000000e+00 -1.000000e+00 -1.000000000000e+00  -1.000000000000e+00  -1.000000000000e+00  -1.000000000000e+00   -1.000000000000e+00   -1.000000000000e+00   -1.000000000000e+00    -1.000000000000e+00    -1.000000     -1.000000     -0.001000     -0.001000     -1.000000     -0.001000     -0.001000     -0.000001     -0.001000     -0.001000     -1.000000     -1.000000     -1.000000 
6 0 5 5.000000 0.220000 -1.000000 -1.000000 -1.000000 -1.000000 nan nan nan nan -1.000000000000e+00 -1.000000e+00 -1.000000000000e+00  -1.000000000000e+00  -1.000000000000e+00  -1.000000000000e+00   -1.000000000000e+00   -1.000000000000e+00   -1.000000000000e+00    -1.000000000000e+00    -1.000000     -1.000000     -0.001000     -0.001000     -1.000000     -0.001000     -0.001000     -0.000001     -0.001000     -0.001000     -1.000000     -1.000000     -1.000000 
7 0 6 5.000000 0.260000 -1.000000 -1.000000 -1.000000 -1.000000 nan nan nan nan -1.000000000000e+00 -1.000000e+00 -1.000000000000e+00  -1.000000000000e+00  -1.000000000000e+00  -1.000000000000e+00   -1.000000000000e+00   -1.000000000000e+00   -1.000000000000e+00    -1.000000000000e+00    -1.000000     -1.000000     -0.001000     -0.001000     -1.000000     -0.001000     -0.001000     -0.000001     -0.001000     -0.001000     -1.000000     -1.000000     -1.000000 
8 0 7 5.000000 0.300000 -1.000000 -1.000000 -1.000000 -1.000000 nan nan nan nan -1.000000000000e+00 -1.000000e+00 -1.000000000000e+00  -1.000000000000e+00  -1.000000000000e+00  -1.000000000000e+00   -1.000000000000e+00   -1.000000000000e+00   -1.000000000000e+00    -1.000000000000e+00    -1.000000     -1.000000     -0.001000     -0.001000     -1.000000     -0.001000     -0.001000     -0.000001     -0.001000     -0.001000     -1.000000     -1.000000     -1.000000 
9 0 8 5.000000 0.340000 -1.000000 -1.000000 -1.000000 -1.000000 nan nan nan nan -1.000000000000e+00 -1.000000e+00 -1.000000000000e+00  -1.000000000000e+00  -1.000000000000e+00  -1.000000000000e+00   -1.000000000000e+00   -1.000000000000e+00   -1.000000000000e+00    -1.000000000000e+00    -1.000000     -1.000000     -0.001000     -0.001000     -1.000000     -0.001000     -0.001000     -0.000001     -0.001000     -0.001000     -1.000000     -1.000000     -1.000000 
10 0 9 5.000000 0.380000 -1.000000 -1.000000 -1.000000 -1.000000 nan nan nan nan -1.000000000000e+00 -1.000000e+00 -1.000000000000e+00  -1.000000000000e+00  -1.000000000000e+00  -1.000000000000e+00   -1.000000000000e+00   -1.000000000000e+00   -1.000000000000e+00    -1.000000000000e+00    -1.000000     -1.000000     -0.001000     -0.001000     -1.000000     -0.001000     -0.001000     -0.000001     -0.001000     -0.001000     -1.000000     -1.000000     -1.000000 
11 0 10 5.000000 0.420000 -1.000000 -1.000000 -1.000000 -1.000000 nan nan nan nan -1.000000000000e+00 -1.000000e+00 -1.000000000000e+00  -1.000000000000e+00  -1.000000000000e+00  -1.000000000000e+00   -1.000000000000e+00   -1.000000000000e+00   -1.000000000000e+00    -1.000000000000e+00    -1.000000     -1.000000     -0.001000     -0.001000     -1.000000     -0.001000     -0.001000     -0.000001     -0.001000     -0.001000     -1.000000     -1.000000     -1.000000 
12 0 11 5.000000 0.460000 -1.000000 -1.000000 -1.000000 -1.000000 nan nan nan nan -1.000000000000e+00 -1.000000e+00 -1.000000000000e+00  -1.000000000000e+00  -1.000000000000e+00  -1.000000000000e+00   -1.000000000000e+00   -1.000000000000e+00   -1.000000000000e+00    -1.000000000000e+00    -1.000000     -1.000000     -0.001000     -0.001000     -1.000000     -0.001000     -0.001000     -0.000001     -0.001000     -0.001000     -1.000000     -1.000000     -1.000000 
13 0 12 5.000000 0.500000 -1.000000 -1.000000 -1.000000 -1.000000 nan nan nan nan -1.000000000000e+00 -1.000000e+00 -1.000000000000e+00  -1.000000000000e+00  -1.000000000000e+00  -1.000000000000e+00   -1.000000000000e+00   -1.000000000000e+00   -1.000000000000e+00    -1.000000000000e+00    -1.000000     -1.000000     -0.001000     -0.001000     -1.000000     -0.001000     -0.001000     -0.000001     -0.001000     -0.001000     -1.000000     -1.000000     -1.000000 
14 0 13 5.000000 0.540000 -1.000000 -1.000000 -1.000000 -1.000000 nan nan nan nan -1.000000000000e+00 -1.000000e+00 -1.000000000000e+00  -1.000000000000e+00  -1.000000000000e+00  -1.000000000000e+00   -1.000000000000e+00   -1.000000000000e+00   -1.000000000000e+00    -1.000000000000e+00    -1.000000     -1.000000     -0.001000     -0.001000     -1.000000     -0.001000     -0.001000     -0.000001     -0.001000     -0.001000     -1.000000     -1.000000     -1.000000 
15 0 14 5.000000 0.580000 -1.000000 -1.000000 -1.000000 -1.000000 nan nan nan nan -1.000000000000e+00 -1.000000e+00 -1.000000000000e+00  -1.000000000000e+00  -1.000000000000e+00  -1.000000000000e+00   -1.000000000000e+00   -1.000000000000e+00   -1.000000000000e+00    -1.000000000000e+00    -1.000000     -1.000000     -0.001000     -0.001000     -1.000000     -0.001000     -0.001000     -0.000001     -0.001000     -0.001000     -1.000000     -1.000000     -1.000000 
16 0 15 5.000000 0.620000 -1.000000 -1.000000 -1.000000 -1.000000 nan nan nan nan -1.000000000000e+00 -1.000000e+00 -1.000000000000e+00  -1.000000000000e+00  -1.000000000000e+00  -1.000000000000e+00   -1.000000000000e+00   -1.000000000000e+00   -1.000000000000e+00    -1.000000000000e+00    -1.000000     -1.000000     -0.001000     -0.001000     -1.000000     -0.001000     -0.001000     -0.000001     -0.001000     -0.001000     -1.000000     -1.000000     -1.000000 
17 0 16 5.000000 0.660000 -1.000000 -1.000000 -1.000000 -1.000000 nan nan nan nan -1.000000000000e+00 -1.000000e+00 -1.000000000000e+00  -1.000000000000e+00  -1.000000000000e+00  -1.000000000000e+00   -1.000000000000e+00   -1.000000000000e+00   -1.000000000000e+00    -1.000000000000e+00    -1.000000     -1.000000     -0.001000     -0.001000     -1.000000     -0.001000     -0.001000     -0.000001     -0.001000     -0.001000     -1.000000     -1.000000     -1.000000 
18 0 17 5.000000 0.700000 -1.000000 -1.000000 -1.000000 -1.000000 nan nan nan nan -1.000000000000e+00 -1.000000e+00 -1.000000000000e+00  -1.000000000000e+00  -1.000000000000e+00  -1.000000000000e+00   -1.000000000000e+00   -1.000000000000e+00   -1.000000000000e+00    -1.000000000000e+00    -1.000000     -1.000000     -0.001000     -0.001000     -1.000000     -0.001000     -0.001000     -0.000001     -0.001000     -0.001000     -1.000000     -1.000000     -1.000000 
19 0 18 5.000000 0.740000 -1.000000 -1.000000 -1.000000 -1.000000 nan nan nan nan -1.000000000000e+00 -1.000000e+00 -1.000000000000e+00  -1.000000000000e+00  -1.000000000000e+00  -1.000000000000e+00   -1.000000000000e+00   -1.000000000000e+00   -1.000000000000e+00    -1.000000000000e+00    -1.000000     -1.000000     -0.001000     -0.001000     -1.000000     -0.001000     -0.001000     -0.000001     -0.001000     -0.001000     -1.000000     -1.000000     -1.000000 
20 0 19 5.000000 0.780000 -1.000000 -1.000000 -1.000000 -1.000000 nan nan nan nan -1.000000000000e+00 -1.000000e+00 -1.000000000000e+00  -1.000000000000e+00  -1.000000000000e+00  -1.000000000000e+00   -1.000000000000e+00   -1.000000000000e+00   -1.000000000000e+00    -1.000000000000e+00    -1.000000     -1.000000     -0.001000     -0.001000     -1.000000     -0.001000     -0.001000     -0.000001     -0.001000     -0.001000     -1.000000     -1.000000     -1.000000 
21 0 20 5.000000 0.820000 -1.000000 -1.000000 -1.000000 -1.000000 nan nan nan nan -1.000000000000e+00 -1.000000e+00 -1.000000000000e+00  -1.000000000000e+00  -1.000000000000e+00  -1.000000000000e+00   -1.000000000000e+00   -1.000000000000e+00   -1.000000000000e+00    -1.000000000000e+00    -1.000000     -1.000000     -0.001000     -0.001000     -1.000000     -0.001000     -0.001000     -0.000001     -0.001000     -0.001000     -1.000000     -1.000000     -1.000000 
22 0 21 5.000000 0.860000 -1.000000 -1.000000 -1.000000 -1.000000 nan nan nan nan -1.000000000000e+00 -1.000000e+00 -1.000000000000e+00  -1.000000000000e+00  -1.000000000000e+00  -1.000000000000e+00   -1.000000000000e+00   -1.000000000000e+00   -1.000000000000e+00    -1.000000000000e+00    -1.000000     -1.000000     -0.001000     -0.001000     -1.000000     -0.001000     -0.001000     -0.000001     -0.001000     -0.001000     -1.000000     -1.000000     -1.000000 
23 0 22 5.000000 0.900000 -1.000000 -1.000000 -1.000000 -1.000000 nan nan nan nan -1.000000000000e+00 -1.000000e+00 -1.000000000000e+00  -1.000000000000e+00  -1.000000000000e+00  -1.000000000000e+00   -1.000000000000e+00   -1.000000000000e+00   -1.000000000000e+00    -1.000000000000e+00    -1.000000     -1.000000     -0.001000     -0.001000     -1.000000     -0.001000     -0.001000     -0.000001     -0.001000     -0.001000     -1.000000     -1.000000     -1.000000 
24 0 23 5.000000 0.940000 -1.000000 -1.000000 -1.000000 -1.000000 nan nan nan nan -1.000000000000e+00 -1.000000e+00 -1.000000000000e+00  -1.000000000000e+00  -1.000000000000e+00  -1.000000000000e+00   -1.000000000000e+00   -1.000000000000e+00   -1.000000000000e+00    -1.000000000000e+00    -1.000000     -1.000000     -0.001000     -0.001000     -1.000000     -0.001000     -0.001000     -0.000001     -0.001000     -0.001000     -1.000000     -1.000000     -1.000000 
25 0 24 5.000000 0.980000 -1.000000 -1.000000 -1.000000 -1.000000 nan nan nan nan -1.000000000000e+00 -1.000000e+00 -1.000000000000e+00  -1.000000000000e+00  -1.000000000000e+00  -1.000000000000e+00   -1.000000000000e+00   -1.000000000000e+00   -1.000000000000e+00    -1.000000000000e+00    -1.000000     -1.000000     -0.001000     -0.001000     -1.000000     -0.001000     -0.001000     -0.000001     -0.001000     -0.001000     -1.000000     -1.000000     -1.000000 
26 0 25 5.000000 1.020000 -1.000000 -1.000000 -1.000000 -1.000000 nan nan nan nan -1.000000000000e+00 -1.000000e+00 -1.000000000000e+00  -1.000000000000e+00  -1.000000000000e+00  -1.000000000000e+00   -1.000000000000e+00   -1.000000000000e+00   -1.000000000000e+00    -1.000000000000e+00    -1.000000     -1.000000     -0.001000     -0.001000     -1.000000     -0.001000     -0.001000     -0.000001     -0.001000     -0.001000     -1.000000     -1.000000     -1.000000 
27 0 26 5.000000 1.060000 -1.000000 -1.000000 -1.000000 -1.000000 nan nan nan nan -1.000000000000e+00 -1.000000e+00 -1.000000000000e+00  -1.000000000000e+00  -1.000000000000e+00  -1.000000000000e+00   -1.000000000000e+00   -1.000000000000e+00   -1.000000000000e+00    -1.000000000000e+00    -1.000000     -1.000000     -0.001000     -0.001000     -1.000000     -0.001000     -0.001000     -0.000001     -0.001000     -0.001000     -1.000000     -1.000000     -1.000000 
28 0 27 5.000000 1.100000 -1.000000 -1.000000 -1.000000 -1.000000 nan nan nan nan -1.000000000000e+00 -1.000000e+00 -1.000000000000e+00  -1.000000000000e+00  -1.000000000000e+00  -1.000000000000e+00   -1.000000000000e+00   -1.000000000000e+00   -1.000000000000e+00    -1.000000000000e+00    -1.000000     -1.000000     -0.001000     -0.001000     -1.000000     -0.001000     -0.001000     -0.000001     -0.001000     -0.001000     -1.000000     -1.000000     -1.000000 
29 0 28 5.000000 1.140000 -1.000000 -1.000000 -1.000000 -1.000000 nan nan nan nan -1.000000000000e+00 -1.000000e+00 -1.000000000000e+00  -1.000000000000e+00  -1.000000000000e+00  -1.000000000000e+00   -1.000000000000e+00   -1.000000000000e+00   -1.000000000000e+00    -1.000000000000e+00    -1.000000     -1.000000     -0.001000     -0.001000     -1.000000     -0.001000     -0.001000     -0.000001     -0.001000     -0.001000     -1.000000     -1.000000     -1.000000 
30 0 29 5.000000 1.180000 -1.000000 -1.000000 -1.000000 -1.000000 nan nan nan nan -1.000000000000e+00 -1.000000e+00 -1.000000000000e+00  -1.000000000000e+00  -1.000000000000e+00  -1.000000000000e+00   -1.000000000000e+00   -1.000000000000e+00   -1.000000000000e+00    -1.000000000000e+00    -1.000000     -1.000000     -0.001000     -0.001000     -1.000000     -0.001000     -0.001000     -0.000001     -0.001000     -0.001000     -1.000000     -1.000000     -1.000000 
31 1 0 15.000000 0.020000 -1.000000 -1.000000 -1.000000 -1.000000 nan nan nan nan -1.000000000000e+00 -1.000000e+00 -1.000000000000e+00  -1.000000000000e+00  -1.000000000000e+00  -1.000000000000e+00   -1.000000000000e+00   -1.000000000000e+00   -1.000000000000e+00    -1.000000000000e+00    -1.000000     -1.000000     -0.001000     -0.001000     -1.000000     -0.001000     -0.001000     -0.000001     -0.001000     -0.001000     -1.000000     -1.000000     -1.000000 
32 1 1 15.000000 0.060000 -1.000000 -1.000000 -1.000000 -1.000000 nan nan nan nan -1.000000000000e+00 -1.000000e+00 -1.000000000000e+00  -1.000000000000e+00  -1.000000000000e+00  -1.000000000000e+00   -1.000000000000e+00   -1.000000000000e+00   -1.000000000000e+00    -1.000000000000e+00    -1.000000     -1.000000     -0.001000     -0.001000     -1.000000     -0.001000     -0.001000     -0.000001     -0.001000     -0.001000     -1.000000     -1.000000     -1.000000 
33 1 2 15.000000 0.100000 -1.000000 -1.000000 -1.000000 -1.000000 nan nan nan nan -1.000000000000e+00 -1.000000e+00 -1.000000000000e+00  -1.000000000000e+00  -1.000000000000e+00  -1.000000000000e+00   -1.000000000000e+00   -1.000000000000e+00   -1.000000000000e+00    -1.000000000000e+00    -1.000000     -1.000000     -0.001000     -0.001000     -1.000000     -0.001000     -0.001000     -0.000001     -0.001000     -0.001000     -1.000000     -1.000000     -1.000000 
34 1 3 15.000000 0.140000 -1.000000 -1.000000 -1.000000 -1.000000 nan nan nan nan -1.000000000000e+00 -1.000000e+00 -1.000000000000e+00  -1.000000000000e+00  -1.000000000000e+00  -1.000000000000e+00   -1.000000000000e+00   -1.000000000000e+00   -1.000000000000e+00    -1.000000000000e+00    -1.000000     -1.000000     -0.001000     -0.001000     -1.000000     -0.001000     -0.001000     -0.000001     -0.001000     -0.001000     -1.000000     -1.000000     -1.000000 
35 1 4 15.000000 0.180000 -1.000000 -1.000000 -1.000000 -1.000000 nan nan nan nan -1.000000000000e+00 -1.000000e+00 -1.000000000000e+00  -1.000000000000e+00  -1.000000000000e+00  -1.000000000000e+00   -1.000000000000e+00   -1.000000000000e+00   -1.000000000000e+00    -1.000000000000e+00    -1.000000     -1.000000     -0.001000     -0.001000     -1.000000     -0.001000     -0.001000     -0.000001     -0.001000     -0.001000     -1.000000     -1.000000     -1.000000 
36 1 5 15.000000 0.220000 -1.000000 -1.000000 -1.000000 -1.000000 nan nan nan nan -1.000000000000e+00 -1.000000e+00 -1.000000000000e+00  -1.000000000000e+00  -1.000000000000e+00  -1.000000000000e+00   -1.000000000000e+00   -1.000000000000e+00   -1.000000000000e+00    -1.000000000000e+00    -1.000000     -1.000000     -0.001000     -0.001000     -1.000000     -0.001000     -0.001000     -0.000001     -0.001000     -0.001000     -1.000000     -1.000000     -1.000000 
37 1 6 15.000000 0.260000 -1.000000 -1.000000 -1.000000 -1.000000 nan nan nan nan -1.000000000000e+00 -1.000000e+00 -1.000000000000e+00  -1.000000000000e+00  -1.000000000000e+00  -1.000000000000e+00   -1.000000000000e+00   -1.000000000000e+00   -1.000000000000e+00    -1.000000000000e+00    -1.000000     -1.000000     -0.001000     -0.001000     -1.000000     -0.001000     -0.001000     -0.000001     -0.001000     -0.001000     -1.000000     -1.000000     -1.000000 
38 1 7 15.000000 0.300000 -1.000000 -1.000000 -1.000000 -1.000000 nan nan nan nan -1.000000000000e+00 -1.000000e+00 -1.000000000000e+00  -1.000000000000e+00  -1.000000000000e+00  -1.000000000000e+00   -1.000000000000e+00   -1.000000000000e+00   -1.000000000000e+00    -1.000000000000e+00    -1.000000     -1.000000     -0.001000     -0.001000     -1.000000     -0.001000     -0.001000     -0.000001     -0.001000     -0.001000     -1.000000     -1.000000     -1.000000 
39 1 8 15.000000 0.340000 -1.000000 -1.000000 -1.000000 -1.000000 nan nan nan nan -1.000000000000e+00 -1.000000e+00 -1.000000000000e+00  -1.000000000000e+00  -1.000000000000e+00  -1.000000000000e+00   -1.000000000000e+00   -1.000000000000e+00   -1.000000000000e+00    -1.000000000000e+00    -1.000000     -1.000000     -0.001000     -0.001000     -1.000000     -0.001000     -0.001000     -0.000001     -0.001000     -0.001000     -1.000000     -1.000000     -1.000000 
40 1 9 15.000000 0.380000 -1.000000 -1.000000 -1.000000 -1.000000 nan nan nan nan -1.000000000000e+00 -1.000000e+00 -1.000000000000e+00  -1.000000000000e+00  -1.000000000000e+00  -1.000000000000e+00   -1.000000000000e+00   -1.000000000000e+00   -1.000000000000e+00    -1.000000000000e+00    -1.000000     -1.000000     -0.001000     -0.001000     -1.000000     -0.001000     -0.001000     -0.000001     -0.001000     -0.001000     -1.000000     -1.000000     -1.000000 
41 1 10 15.000000 0.420000 -1.000000 -1.000000 -1.000000 -1.000000 nan nan nan nan -1.000000000000e+00 -1.000000e+00 -1.000000000000e+00  -1.000000000000e+00  -1.000000000000e+00  -1.000000000000e+00   -1.000000000000e+00   -1.000000000000e+00   -1.000000000000e+00    -1.000000000000e+00    -1.000000     -1.000000     -0.001000     -0.001000     -1.000000     -0.001000     -0.001000     -0.000001     -0.001000     -0.001000     -1.000000     -1.000000     -1.000000 
42 1 11 15.000000 0.460000 -1.000000 -1.000000 -1.000000 -1.000000 nan nan nan nan -1.000000000000e+00 -1.000000e+00 -1.000000000000e+00  -1.000000000000e+00  -1.000000000000e+00  -1.000000000000e+00   -1.000000000000e+00   -1.000000000000e+00   -1.000000000000e+00    -1.000000000000e+00    -1.000000     -1.000000     -0.001000     -0.001000     -1.000000     -0.001000     -0.001000     -0.000001     -0.001000     -0.001000     -1.000000     -1.000000     -1.000000 
43 1 12 15.000000 0.500000 -1.000000 -1.000000 -1.000000 -1.000000 nan nan nan nan -1.000000000000e+00 -1.000000e+00 -1.000000000000e+00  -1.000000000000e+00  -1.000000000000e+00  -1.000000000000e+00   -1.000000000000e+00   -1.000000000000e+00   -1.000000000000e+00    -1.000000000000e+00    -1.000000     -1.000000     -0.001000     -0.001000     -1.000000     -0.001000     -0.001000     -0.000001     -0.001000     -0.001000     -1.000000     -1.000000     -1.000000 
44 1 13 15.000000 0.540000 -1.000000 -1.000000 -1.000000 -1.000000 nan nan nan nan -1.000000000000e+00 -1.000000e+00 -1.000000000000e+00  -1.000000000000e+00  -1.000000000000e+00  -1.000000000000e+00   -1.000000000000e+00   -1.000000000000e+00   -1.000000000000e+00    -1.000000000000e+00    -1.000000     -1.000000     -0.001000     -0.001000     -1.000000     -0.001000     -0.001000     -0.000001     -0.001000     -0.001000     -1.000000     -1.000000     -1.000000 
45 1 14 15.000000 0.580000 -1.000000 -1.000000 -1.000000 -1.000000 nan nan nan nan -1.000000000000e+00 -1.000000e+00 -1.000000000000e+00  -1.000000000000e+00  -1.000000000000e+00  -1.000000000000e+00   -1.000000000000e+00   -1.000000000000e+00   -1.000000000000e+00    -1.000000000000e+00    -1.000000     -1.000000     -0.001000     -0.001000     -1.000000     -0.001000     -0.001000     -0.000001     -0.001000     -0.001000     -1.000000     -1.000000     -1.000000 
46 1 15 15.000000 0.620000 -1.000000 -1.000000 -1.000000 -1.000000 nan nan nan nan -1.000000000000e+00 -1.000000e+00 -1.000000000000e+00  -1.000000000000e+00  -1.000000000000e+00  -1.000000000000e+00   -1.000000000000e+00   -1.000000000000e+00   -1.000000000000e+00    -1.000000000000e+00    -1.000000     -1.000000     -0.001000     -0.001000     -1.000000     -0.001000     -0.001000     -0.000001     -0.001000     -0.001000     -1.000000     -1.000000     -1.000000 
47 1 16 15.000000 0.660000 -1.000000 -1.000000 -1.000000 -1.000000 nan nan nan nan -1.000000000000e+00 -1.000000e+00 -1.000000000000e+00  -1.000000000000e+00  -1.000000000000e+00  -1.000000000000e+00   -1.000000000000e+00   -1.000000000000e+00   -1.000000000000e+00    -1.000000000000e+00    -1.000000     -1.000000     -0.001000     -0.001000     -1.000000     -0.001000     -0.001000     -0.000001     -0.001000     -0.001000     -1.000000     -1.000000     -1.000000 
48 1 17 15.000000 0.700000 -1.000000 -1.000000 -1.000000 -1.000000 nan nan nan nan -1.000000000000e+00 -1.000000e+00 -1.000000000000e+00  -1.000000000000e+00  -1.000000000000e+00  -1.000000000000e+00   -1.000000000000e+00   -1.000000000000e+00   -1.000000000000e+00    -1.000000000000e+00    -1.000000     -1.000000     -0.001000     -0.001000     -1.000000     -0.001000     -0.001000     -0.000001     -0.001000     -0.001000     -1.000000     -1.000000     -1.000000 
49 1 18 15.000000 0.740000 -1.000000 -1.000000 -1.000000 -1.000000 nan nan nan nan -1.000000000000e+00 -1.000000e+00 -1.000000000000e+00  -1.000000000000e+00  -1.000000000000e+00  -1.000000000000e+00   -1.000000000000e+00   -1.000000000000e+00   -1.000000000000e+00    -1.000000000000e+00    -1.000000     -1.000000     -0.001000     -0.001000     -1.000000     -0.001000     -0.001000     -0.000001     -0.001000     -0.001000     -1.000000     -1.000000     -1.000000 
50 1 19 15.000000 0.780000 -1.000000 -1.000000 -1.000000 -1.000000 nan nan nan nan -1.000000000000e+00 -1.000000e+00 -1.000000000000e+00  -1.000000000000e+00  -1.000000000000e+00  -1.000000000000e+00   -1.000000000000e+00   -1.000000000000e+00   -1.000000000000e+00    -1.000000000000e+00    -1.000000     -1.000000     -0.001000     -0.001000     -1.000000     -0.001000     -0.001000     -0.000001     -0.001000     -0.001000     -1.000000     -1.000000     -1.000000 
51 1 20 15.000000 0.820000 -1.000000 -1.000000 -1.000000 -1.000000 nan nan nan nan -1.000000000000e+00 -1.000000e+00 -1.000000000000e+00  -1.000000000000e+00  -1.000000000000e+00  -1.000000000000e+00   -1.000000000000e+00   -1.000000000000e+00   -1.000000000000e+00    -1.000000000000e+00    -1.000000     -1.000000     -0.001000     -0.001000     -1.000000     -0.001000     -0.001000     -0.000001     -0.001000     -0.001000     -1.000000     -1.000000     -1.000000 
52 1 21 15.000000 0.860000 -1.000000 -1.000000 -1.000000 -1.000000 nan nan -1.000000000000e+00 -1.000000000000e+00 -1.000000000000e+00 -1.000000e+00 -1.000000000000e+00  -1.000000000000e+00  -1.000000000000e+00  -1.000000000000e+00   -1.000000000000e+00   -1.000000000000e+00   -1.000000000000e+00    -1.000000000000e+00    -1.000000     -1.000000     -0.001000     -0.001000     -1.000000     -0.001000     -0.001000     -0.000001     -0.001000     -0.001000     -1.000000     -1.000000     -1.000000 
53 1 22 15.000000 0.900000 -1.000000 -1.000000 -1.000000 -1.000000 nan nan nan nan -1.000000000000e+00 -1.000000e+00 -1.000000000000e+00  -1.000000000000e+00  -1.000000000000e+00  -1.000000000000e+00   -1.000000000000e+00   -1.000000000000e+00   -1.000000000000e+00    -1.000000000000e+00    -1.000000     -1.000000     -0.001000     -0.001000     -1.000000     -0.001000     -0.001000     -0.000001     -0.001000     -0.001000     -1.000000     -1.000000     -1.000000 
54 1 23 15.000000 0.940000 -1.000000 -1.000000 -1.000000 -1.000000 nan nan nan nan -1.000000000000e+00 -1.000000e+00 -1.000000000000e+00  -1.000000000000e+00  -1.000000000000e+00  -1.000000000000e+00   -1.000000000000e+00   -1.000000000000e+00   -1.000000000000e+00    -1.000000000000e+00    -1.000000     -1.000000     -0.001000     -0.001000     -1.000000     -0.001000     -0.001000     -0.000001     -0.001000     -0.001000     -1.000000     -1.000000     -1.000000 
55 1 24 15.000000 0.980000 -1.000000 -1.000000 -1.000000 -1.000000 nan nan nan nan -1.000000000000e+00 -1.000000e+00 -1.000000000000e+00  -1.000000000000e+00  -1.000000000000e+00  -1.000000000000e+00   -1.000000000000e+00   -1.000000000000e+00   -1.000000000000e+00    -1.000000000000e+00    -1.000000     -1.000000     -0.001000     -0.001000     -1.000000     -0.001000     -0.001000     -0.000001     -0.001000     -0.001000     -1.000000     -1.000000     -1.000000 
56 1 25 15.000000 1.020000 -1.000000 -1.000000 -1.000000 -1.000000 nan nan nan nan -1.000000000000e+00 -1.000000e+00 -1.000000000000e+00  -1.000000000000e+00  -1.000000000000e+00  -1.000000000000e+00   -1.000000000000e+00   -1.000000000000e+00   -1.000000000000e+00    -1.000000000000e+00    -1.000000     -1.000000     -0.001000     -0.001000     -1.000000     -0.001000     -0.001000     -0.000001     -0.001000     -0.001000     -1.000000     -1.000000     -1.000000 
57 1 26 15.000000 1.060000 -1.000000 -1.000000 -1.000000 -1.000000 nan nan nan nan -1.000000000000e+00 -1.000000e+00 -1.000000000000e+00  -1.000000000000e+00  -1.000000000000e+00  -1.000000000000e+00   -1.000000000000e+00   -1.000000000000e+00   -1.000000000000e+00    -1.000000000000e+00    -1.000000     -1.000000     -0.001000     -0.001000     -1.000000     -0.001000     -0.001000     -0.000001     -0.001000     -0.001000     -1.000000     -1.000000     -1.000000 
58 1 27 15.000000 1.100000 -1.000000 -1.000000 -1.000000 -1.000000 nan nan nan nan -1.000000000000e+00 -1.000000e+00 -1.000000000000e+00  -1.000000000000e+00  -1.000000000000e+00  -1.000000000000e+00   -1.000000000000e+00   -1.000000000000e+00   -1.000000000000e+00    -1.000000000000e+00    -1.000000     -1.000000     -0.001000     -0.001000     -1.000000     -0.001000     -0.001000     -0.000001     -0.001000     -0.001000     -1.000000     -1.000000     -1.000000 
59 1 28 15.000000 1.140000 -1.000000 -1.000000 -1.000000 -1.000000 nan nan nan nan -1.000000000000e+00 -1.000000e+00 -1.000000000000e+00  -1.000000000000e+00  -1.000000000000e+00  -1.000000000000e+00   -1.000000000000e+00   -1.000000000000e+00   -1.000000000000e+00    -1.000000000000e+00    -1.000000     -1.000000     -0.001000     -0.001000     -1.000000     -0.001000     -0.001000     -0.000001     -0.001000     -0.001000     -1.000000     -1.000000     -1.000000 
60 1 29 15.000000 1.180000 -1.000000 -1.000000 -1.000000 -1.000000 nan nan nan nan -1.000000000000e+00 -1.000000e+00 -1.000000000000e+00  -1.000000000000e+00  -1.000000000000e+00  -1.000000000000e+00   -1.000000000000e+00   -1.000000000000e+00   -1.000000000000e+00    -1.000000000000e+00    -1.000000     -1.000000     -0.001000     -0.001000     -1.000000     -0.001000     -0.001000     -0.000001     -0.001000     -0.001000     -1.000000     -1.000000     -1.000000 
61 2 0 25.000000 0.020000 -1.000000 -1.000000 -1.000000 -1.000000 nan nan nan nan -1.000000000000e+00 -1.000000e+00 -1.000000000000e+00  -1.000000000000e+00  -1.000000000000e+00  -1.000000000000e+00   -1.000000000000e+00   -1.000000000000e+00   -1.000000000000e+00    -1.000000000000e+00    -1.000000     -1.000000     -0.001000     -0.001000     -1.000000     -0.001000     -0.001000     -0.000001     -0.001000     -0.001000     -1.000000     -1.000000     -1.000000 
62 2 1 25.000000 0.060000 -1.000000 -1.000000 -1.000000 -1.000000 nan nan nan nan -1.000000000000e+00 -1.000000e+00 -1.000000000000e+00  -1.000000000000e+00  -1.000000000000e+00  -1.000000000000e+00   -1.000000000000e+00   -1.000000000000e+00   -1.000000000000e+00    -1.000000000000e+00    -1.000000     -1.000000     -0.001000     -0.001000     -1.000000     -0.001000     -0.001000     -0.000001     -0.001000     -0.001000     -1.000000     -1.000000     -1.000000 
63 2 2 25.000000 0.100000 -1.000000 -1.000000 -1.000000 -1.000000 nan nan nan nan -1.000000000000e+00 -1.000000e+00 -1.000000000000e+00  -1.000000000000e+00  -1.000000000000e+00  -1.000000000000e+00   -1.000000000000e+00   -1.000000000000e+00   -1.000000000000e+00    -1.000000000000e+00    -1.000000     -1.000000     -0.001000     -0.001000     -1.000000     -0.001000     -0.001000     -0.000001     -0.001000     -0.001000     -1.000000     -1.000000     -1.000000 
64 2 3 25.000000 0.140000 -1.000000 -1.000000 -1.000000 -1.000000 nan nan nan nan -1.000000000000e+00 -1.000000e+00 -1.000000000000e+00  -1.000000000000e+00  -1.000000000000e+00  -1.000000000000e+00   -1.000000000000e+00   -1.000000000000e+00   -1.000000000000e+00    -1.000000000000e+00    -1.000000     -1.000000     -0.001000     -0.001000     -1.000000     -0.001000     -0.001000     -0.000001     -0.001000     -0.001000     -1.000000     -1.000000     -1.000000 
65 2 4 25.000000 0.180000 -1.000000 -1.000000 -1.000000 -1.000000 nan nan nan nan -1.000000000000e+00 -1.000000e+00 -1.000000000000e+00  -1.000000000000e+00  -1.000000000000e+00  -1.000000000000e+00   -1.000000000000e+00   -1.000000000000e+00   -1.000000000000e+00    -1.000000000000e+00    -1.000000     -1.000000     -0.001000     -0.001000     -1.000000     -0.001000     -0.001000     -0.000001     -0.001000     -0.001000     -1.000000     -1.000000     -1.000000 
66 2 5 25.000000 0.220000 -1.000000 -1.000000 -1.000000 -1.000000 nan nan nan nan -1.000000000000e+00 -1.000000e+00 -1.000000000000e+00  -1.000000000000e+00  -1.000000000000e+00  -1.000000000000e+00   -1.000000000000e+00   -1.000000000000e+00   -1.000000000000e+00    -1.000000000000e+00    -1.000000     -1.000000     -0.001000     -0.001000     -1.000000     -0.001000     -0.001000     -0.000001     -0.001000     -0.001000     -1.000000     -1.000000     -1.000000 
67 2 6 25.000000 0.260000 -1.000000 -1.000000 -1.000000 -1.000000 nan nan nan nan -1.000000000000e+00 -1.000000e+00 -1.000000000000e+00  -1.000000000000e+00  -1.000000000000e+00  -1.000000000000e+00   -1.000000000000e+00   -1.000000000000e+00   -1.000000000000e+00    -1.000000000000e+00    -1.000000     -1.000000     -0.001000     -0.001000     -1.000000     -0.001000     -0.001000     -0.000001     -0.001000     -0.001000     -1.000000     -1.000000     -1.000000 
68 2 7 25.000000 0.300000 -1.000000 -1.000000 -1.000000 -1.000000 nan nan nan nan -1.000000000000e+00 -1.000000e+00 -1.000000000000e+00  -1.000000000000e+00  -1.000000000000e+00  -1.000000000000e+00   -1.000000000000e+00   -1.000000000000e+00   -1.000000000000e+00    -1.000000000000e+00    -1.000000     -1.000000     -0.001000     -0.001000     -1.000000     -0.001000     -0.001000     -0.000001     -0.001000     -0.001000     -1.000000     -1.000000     -1.000000 
69 2 8 25.000000 0.340000 -1.000000 -1.000000 -1.000000 -1.000000 nan nan nan nan -1.000000000000e+00 -1.000000e+00 -1.000000000000e+00  -1.000000000000e+00  -1.000000000000e+00  -1.000000000000e+00   -1.000000000000e+00   -1.000000000000e+00   -1.000000000000e+00    -1.000000000000e+00    -1.000000     -1.000000     -0.001000     -0.001000     -1.000000     -0.001000     -0.001000     -0.000001     -0.001000     -0.001000     -1.000000     -1.000000     -1.000000 
70 2 9 25.000000 0.380000 -1.000000 -1.000000 -1.000000 -1.000000 nan nan nan nan -1.000000000000e+00 -1.000000e+00 -1.000000000000e+00  -1.000000000000e+00  -1.000000000000e+00  -1.000000000000e+00   -1.000000000000e+00   -1.000000000000e+00   -1.000000000000e+00    -1.000000000000e+00    -1.000000     -1.000000     -0.001000     -0.001000     -1.000000     -0.001000     -0.001000     -0.000001     -0.001000     -0.001000     -1.000000     -1.000000     -1.000000 
71 2 10 25.000000 0.420000 -1.000000 -1.000000 -1.000000 -1.000000 nan nan nan nan -1.000000000000e+00 -1.000000e+00 -1.000000000000e+00  -1.000000000000e+00  -1.000000000000e+00  -1.000000000000e+00   -1.000000000000e+00   -1.000000000000e+00   -1.000000000000e+00    -1.000000000000e+00    -1.000000     -1.000000     -0.001000     -0.001000     -1.000000     -0.001000     -0.001000     -0.000001     -0.001000     -0.001000     -1.000000     -1.000000     -1.000000 
72 2 11 25.000000 0.460000 -1.000000 -1.000000 -1.000000 -1.000000 nan nan nan nan -1.000000000000e+00 -1.000000e+00 -1.000000000000e+00  -1.000000000000e+00  -1.000000000000e+00  -1.000000000000e+00   -1.000000000000e+00   -1.000000000000e+00   -1.000000000000e+00    -1.000000000000e+00    -1.000000     -1.000000     -0.001000     -0.001000     -1.000000     -0.001000     -0.001000     -0.000001     -0.001000     -0.001000     -1.000000     -1.000000     -1.000000 
73 2 12 25.000000 0.500000 -1.000000 -1.000000 -1.000000 -1.000000 nan nan nan nan -1.000000000000e+00 -1.000000e+00 -1.000000000000e+00  -1.000000000000e+00  -1.000000000000e+00  -1.000000000000e+00   -1.000000000000e+00   -1.000000000000e+00   -1.000000000000e+00    -1.000000000000e+00    -1.000000     -1.000000     -0.001000     -0.001000     -1.000000     -0.001000     -0.001000     -0.000001     -0.001000     -0.001000     -1.000000     -1.000000     -1.000000 
74 2 13 25.000000 0.540000 -1.000000 -1.000000 -1.000000 -1.000000 nan nan nan nan -1.000000000000e+00 -1.000000e+00 -1.000000000000e+00  -1.000000000000e+00  -1.000000000000e+00  -1.000000000000e+00   -1.000000000000e+00   -1.000000000000e+00   -1.000000000000e+00    -1.000000000000e+00    -1.000000     -1.000000     -0.001000     -0.001000     -1.000000     -0.001000     -0.001000     -0.000001     -0.001000     -0.001000     -1.000000     -1.000000     -1.000000 
75 2 14 25.000000 0.580000 0.731251 0.161816 0.684096 0.138627 -1.000000000000e+00 -1.000000000000e+00 -1.000000000000e+00 -1.000000000000e+00 -1.000000000000e+00 -1.000000e+00 -1.000000000000e+00  -1.000000000000e+00  5.230683730066e-08  3.601148689230e-08   -1.000000000000e+00   -1.000000000000e+00   9.981194729228e-12    6.786009886957e-12    5240.538705     5306.724790     10.541620     9.132511     11.774193     1.409109     2.456992     4.051219     1.964115     0.587266     30.946768     -0.082558     1.532083 
76 2 15 25.000000 0.620000 0.714733 0.061129 0.671286 0.054473 4.117199874618e-08 4.229551339978e-08 3.498660822821e-08 3.524478162833e-08 2.500607022765e-08 2.528122e-08 2.348602461217e-08  2.373596797026e-08  3.569506012621e-08  2.469724044881e-08   4.814244904576e-12   4.865479141020e-12   7.511788260018e-12    5.062524030830e-12    4751.872509     4878.444092     10.541343     9.107748     11.944896     1.433595     2.492568     4.157697     1.970382     0.622063     32.992113     -0.101733     1.545495 
77 2 16 25.000000 0.660000 0.707431 0.034537 0.652302 0.031581 -1.000000000000e+00 -1.000000000000e+00 -1.000000000000e+00 -1.000000000000e+00 -1.000000000000e+00 -1.000000e+00 -1.000000000000e+00  -1.000000000000e+00  2.418442761493e-08  1.570886857790e-08   -1.000000000000e+00   -1.000000000000e+00   5.579187901403e-12    3.591405365318e-12    4334.757682     4374.017127     10.541280     9.079538     12.137585     1.461742     2.532939     4.279092     1.976943     0.661464     35.248192     -0.080856     1.559991 
78 2 17 25.000000 0.700000 0.702362 0.024055 0.637227 0.021363 1.934214866058e-08 1.130519911354e-08 1.607316435358e-08 9.313995796453e-09 1.128917328813e-08 6.553208e-09 1.024226027199e-08  5.945057736762e-09  1.565833928826e-08  9.890458891470e-09   2.605355416676e-12   1.512262719908e-12   3.979421170056e-12    2.515866611667e-12    3934.828363     3931.233415     10.540985     9.051656     12.319597     1.489329     2.571446     4.394233     1.981828     0.700946     37.547700     -0.050136     1.572294 
79 2 18 25.000000 0.740000 0.697697 0.017458 0.636111 0.015971 -1.000000000000e+00 -1.000000000000e+00 -1.000000000000e+00 -1.000000000000e+00 -1.000000000000e+00 -1.000000e+00 -1.000000000000e+00  -1.000000000000e+00  1.014104320157e-08  6.358258775727e-09   -1.000000000000e+00   -1.000000000000e+00   2.834033308559e-12    1.776014833776e-12    3578.307697     3580.070760     10.540975     9.021809     12.498168     1.519166     2.610553     4.507120     1.988609     0.739910     39.844459     -0.054215     1.581012 
80 2 19 25.000000 0.780000 0.690816 0.013639 0.635175 0.012582 1.850291300510e-09 1.852714478717e-09 1.825152770982e-09 1.825942034020e-09 1.260844991120e-09 1.261636e-09 1.159291671475e-09  1.160020310222e-09  6.457048082815e-09  3.995757405218e-09   3.562884593209e-13   3.565123939725e-13   1.983654131154e-12    1.228027669615e-12    3255.127989     3253.800793     10.540769     8.992316     12.670972     1.548453     2.648505     4.616871     1.993120     0.779995     42.195591     -0.043214     1.588880 
81 2 20 25.000000 0.820000 0.688846 0.011395 0.643076 0.010622 1.186115387218e-09 1.187168836652e-09 1.228880279576e-09 1.229247881808e-09 8.465090213794e-10 8.468780e-10 7.902634974971e-10  7.906076494341e-10  4.013196811471e-09  2.527775200809e-09   2.648602461933e-13   2.649755902109e-13   1.345931435349e-12    8.471948459319e-13    2981.724556     2983.699928     10.540746     8.961582     12.842827     1.579165     2.687000     4.726209     1.998604     0.819719     44.479688     -0.055455     1.594876 
82 2 21 25.000000 0.860000 0.704499 0.010031 0.676055 0.009564 2.455989260130e-09 1.420737050436e-09 2.523187472038e-09 1.457751355972e-09 1.777582866262e-09 1.027296e-09 1.705814679723e-09  9.858162003914e-10  2.462373774684e-09  1.604890185618e-09   6.220240880410e-13   3.594771637937e-13   8.991604941885e-13    5.852220443295e-13    2738.525314     2742.361128     10.540592     8.932849     12.992775     1.607743     2.721397     4.821162     2.001273     0.858993     46.804693     -0.046647     1.597998 
83 2 22 25.000000 0.900000 0.860103 0.011336 0.853333 0.011187 1.199346398338e-09 8.490819173652e-10 1.252700841821e-09 8.861489774641e-10 1.077452276197e-09 7.623120e-10 1.068970483695e-09  7.563096585718e-10  1.516340418095e-09  1.048805247816e-09   4.175937316086e-13   2.954526597244e-13   5.887911334265e-13    4.097161744375e-13    2575.345198     2559.833644     10.540438     8.908281     13.094588     1.632157     2.747196     4.883147     1.998601     0.898281     49.381342     -0.023766     1.594333 
84 2 23 25.000000 0.940000 1.163139 0.015614 1.227615 0.016437 9.303807990544e-10 6.588340933099e-10 9.769540786805e-10 6.911331455937e-10 1.136333201256e-09 8.040285e-10 1.199323171407e-09  8.485971491804e-10  9.078463967434e-10  7.088431688524e-10   4.898747954320e-13   3.466174628905e-13   3.727343657985e-13    2.895336391505e-13    2435.639104     2448.223878     10.540211     8.885582     13.170215     1.654629     2.768496     4.926773     1.993000     0.937691     52.016890     -0.032367     1.586731 
85 2 24 25.000000 0.980000 1.621639 0.025176 1.865480 0.028406 8.326582145787e-10 5.900402281310e-10 8.564367412932e-10 6.060303010074e-10 1.388831335884e-09 9.829990e-10 1.597665651656e-09  1.130799154748e-09  5.316668715361e-10  4.834106407411e-10   6.874153731912e-13   4.865402984411e-13   2.272441679334e-13    2.079933969071e-13    2339.628235     2324.163401     10.539987     8.863592     13.228139     1.676395     2.787096     4.957607     1.986256     0.976739     54.599440     -0.010264     1.575931 
86 2 25 25.000000 1.020000 2.436081 0.049146 2.953652 0.058047 -1.000000000000e+00 -1.000000000000e+00 -1.000000000000e+00 -1.000000000000e+00 -1.000000000000e+00 -1.000000e+00 -1.000000000000e+00  -1.000000000000e+00  2.988309125706e-10  3.320501424651e-10   -1.000000000000e+00   -1.000000000000e+00   1.324194549318e-13    1.490041749512e-13    2256.699461     2228.462005     10.539818     8.842181     13.277098     1.697637     2.804289     4.982064     1.978064     1.016115     57.110313     -0.003831     1.563888 
87 2 26 25.000000 1.060000 3.991721 0.122576 5.414401 0.159726 4.202898231407e-10 4.221963029754e-10 4.560637464307e-10 4.565587376780e-10 1.820479109642e-09 1.823312e-09 2.469311992328e-09  2.473065144717e-09  1.615265624133e-10  2.293733470591e-10   1.147024999832e-12   1.148768384075e-12   7.351613250571e-14    1.065466673265e-13    2197.158051     2152.797012     10.539500     8.820047     13.322801     1.719453     2.821361     5.003559     1.970266     1.055083     59.477030     -0.012459     1.550708 
88 2 27 25.000000 1.100000 -1.000000 -1.000000 11.099033 0.592956 -1.000000000000e+00 -1.000000000000e+00 -1.000000000000e+00 -1.000000000000e+00 -1.000000000000e+00 -1.000000e+00 -1.000000000000e+00  -1.000000000000e+00  -1.000000000000e+00  1.656013595033e-10   -1.000000000000e+00   -1.000000000000e+00   -1.000000000000e+00    8.159299173241e-14    -1.000000     2029.602739     10.539259     8.798661     13.362296     1.740598     2.837340     5.020816     1.962151     1.092909     61.676443     0.032214     1.537153 
89 2 28 25.000000 1.140000 -1.000000 -1.000000 -1.000000 -1.000000 -1.000000000000e+00 -1.000000000000e+00 -1.000000000000e+00 -1.000000000000e+00 -1.000000000000e+00 -1.000000e+00 -1.000000000000e+00  -1.000000000000e+00  -1.000000000000e+00  -1.000000000000e+00   -1.000000000000e+00   -1.000000000000e+00   -1.000000000000e+00    -1.000000000000e+00    -1.000000     -1.000000     -0.001000     -0.001000     -1.000000     -0.001000     -0.001000     -0.000001     -0.001000     -0.001000     -1.000000     -1.000000     -1.000000 
90 2 29 25.000000 1.180000 -1.000000 -1.000000 -1.000000 -1.000000 -1.000000000000e+00 -1.000000000000e+00 -1.000000000000e+00 -1.000000000000e+00 -1.000000000000e+00 -1.000000e+00 -1.000000000000e+00  -1.000000000000e+00  -1.000000000000e+00  -1.000000000000e+00   -1.000000000000e+00   -1.000000000000e+00   -1.000000000000e+00    -1.000000000000e+00    -1.000000     -1.000000     -0.001000     -0.001000     -1.000000     -0.001000     -0.001000     -0.000001     -0.001000     -0.001000     -1.000000     -1.000000     -1.000000 
91 3 0 35.000000 0.020000 -1.000000 -1.000000 -1.000000 -1.000000 nan nan nan nan -1.000000000000e+00 -1.000000e+00 -1.000000000000e+00  -1.000000000000e+00  -1.000000000000e+00  -1.000000000000e+00   -1.000000000000e+00   -1.000000000000e+00   -1.000000000000e+00    -1.000000000000e+00    -1.000000     -1.000000     -0.001000     -0.001000     -1.000000     -0.001000     -0.001000     -0.000001     -0.001000     -0.001000     -1.000000     -1.000000     -1.000000 
92 3 1 35.000000 0.060000 -1.000000 -1.000000 -1.000000 -1.000000 nan nan nan nan -1.000000000000e+00 -1.000000e+00 -1.000000000000e+00  -1.000000000000e+00  -1.000000000000e+00  -1.000000000000e+00   -1.000000000000e+00   -1.000000000000e+00   -1.000000000000e+00    -1.000000000000e+00    -1.000000     -1.000000     -0.001000     -0.001000     -1.000000     -0.001000     -0.001000     -0.000001     -0.001000     -0.001000     -1.000000     -1.000000     -1.000000 
93 3 2 35.000000 0.100000 -1.000000 -1.000000 -1.000000 -1.000000 nan nan nan nan -1.000000000000e+00 -1.000000e+00 -1.000000000000e+00  -1.000000000000e+00  -1.000000000000e+00  -1.000000000000e+00   -1.000000000000e+00   -1.000000000000e+00   -1.000000000000e+00    -1.000000000000e+00    -1.000000     -1.000000     -0.001000     -0.001000     -1.000000     -0.001000     -0.001000     -0.000001     -0.001000     -0.001000     -1.000000     -1.000000     -1.000000 
94 3 3 35.000000 0.140000 -1.000000 -1.000000 -1.000000 -1.000000 nan nan nan nan -1.000000000000e+00 -1.000000e+00 -1.000000000000e+00  -1.000000000000e+00  -1.000000000000e+00  -1.000000000000e+00   -1.000000000000e+00   -1.000000000000e+00   -1.000000000000e+00    -1.000000000000e+00    -1.000000     -1.000000     -0.001000     -0.001000     -1.000000     -0.001000     -0.001000     -0.000001     -0.001000     -0.001000     -1.000000     -1.000000     -1.000000 
95 3 4 35.000000 0.180000 -1.000000 -1.000000 -1.000000 -1.000000 nan nan nan nan -1.000000000000e+00 -1.000000e+00 -1.000000000000e+00  -1.000000000000e+00  -1.000000000000e+00  -1.000000000000e+00   -1.000000000000e+00   -1.000000000000e+00   -1.000000000000e+00    -1.000000000000e+00    -1.000000     -1.000000     -0.001000     -0.001000     -1.000000     -0.001000     -0.001000     -0.000001     -0.001000     -0.001000     -1.000000     -1.000000     -1.000000 
96 3 5 35.000000 0.220000 -1.000000 -1.000000 -1.000000 -1.000000 nan nan nan nan -1.000000000000e+00 -1.000000e+00 -1.000000000000e+00  -1.000000000000e+00  -1.000000000000e+00  -1.000000000000e+00   -1.000000000000e+00   -1.000000000000e+00   -1.000000000000e+00    -1.000000000000e+00    -1.000000     -1.000000     -0.001000     -0.001000     -1.000000     -0.001000     -0.001000     -0.000001     -0.001000     -0.001000     -1.000000     -1.000000     -1.000000 
97 3 6 35.000000 0.260000 -1.000000 -1.000000 -1.000000 -1.000000 nan nan nan nan -1.000000000000e+00 -1.000000e+00 -1.000000000000e+00  -1.000000000000e+00  -1.000000000000e+00  -1.000000000000e+00   -1.000000000000e+00   -1.000000000000e+00   -1.000000000000e+00    -1.000000000000e+00    -1.000000     -1.000000     -0.001000     -0.001000     -1.000000     -0.001000     -0.001000     -0.000001     -0.001000     -0.001000     -1.000000     -1.000000     -1.000000 
98 3 7 35.000000 0.300000 -1.000000 -1.000000 -1.000000 -1.000000 nan nan nan nan -1.000000000000e+00 -1.000000e+00 -1.000000000000e+00  -1.000000000000e+00  -1.000000000000e+00  -1.000000000000e+00   -1.000000000000e+00   -1.000000000000e+00   -1.000000000000e+00    -1.000000000000e+00    -1.000000     -1.000000     -0.001000     -0.001000     -1.000000     -0.001000     -0.001000     -0.000001     -0.001000     -0.001000     -1.000000     -1.000000     -1.000000 
99 3 8 35.000000 0.340000 -1.000000 -1.000000 -1.000000 -1.000000 nan nan nan nan -1.000000000000e+00 -1.000000e+00 -1.000000000000e+00  -1.000000000000e+00  -1.000000000000e+00  -1.000000000000e+00   -1.000000000000e+00   -1.000000000000e+00   -1.000000000000e+00    -1.000000000000e+00    -1.000000     -1.000000     -0.001000     -0.001000     -1.000000     -0.001000     -0.001000     -0.000001     -0.001000     -0.001000     -1.000000     -1.000000     -1.000000 
100 3 9 35.000000 0.380000 -1.000000 -1.000000 -1.000000 -1.000000 nan nan nan nan -1.000000000000e+00 -1.000000e+00 -1.000000000000e+00  -1.000000000000e+00  -1.000000000000e+00  -1.000000000000e+00   -1.000000000000e+00   -1.000000000000e+00   -1.000000000000e+00    -1.000000000000e+00    -1.000000     -1.000000     -0.001000     -0.001000     -1.000000     -0.001000     -0.001000     -0.000001     -0.001000     -0.001000     -1.000000     -1.000000     -1.000000 
101 3 10 35.000000 0.420000 -1.000000 -1.000000 -1.000000 -1.000000 nan nan nan nan -1.000000000000e+00 -1.000000e+00 -1.000000000000e+00  -1.000000000000e+00  -1.000000000000e+00  -1.000000000000e+00   -1.000000000000e+00   -1.000000000000e+00   -1.000000000000e+00    -1.000000000000e+00    -1.000000     -1.000000     -0.001000     -0.001000     -1.000000     -0.001000     -0.001000     -0.000001     -0.001000     -0.001000     -1.000000     -1.000000     -1.000000 
102 3 11 35.000000 0.460000 -1.000000 -1.000000 -1.000000 -1.000000 nan nan nan nan -1.000000000000e+00 -1.000000e+00 -1.000000000000e+00  -1.000000000000e+00  -1.000000000000e+00  -1.000000000000e+00   -1.000000000000e+00   -1.000000000000e+00   -1.000000000000e+00    -1.000000000000e+00    -1.000000     -1.000000     -0.001000     -0.001000     -1.000000     -0.001000     -0.001000     -0.000001     -0.001000     -0.001000     -1.000000     -1.000000     -1.000000 
103 3 12 35.000000 0.500000 -1.000000 -1.000000 -1.000000 -1.000000 nan nan nan nan -1.000000000000e+00 -1.000000e+00 -1.000000000000e+00  -1.000000000000e+00  -1.000000000000e+00  -1.000000000000e+00   -1.000000000000e+00   -1.000000000000e+00   -1.000000000000e+00    -1.000000000000e+00    -1.000000     -1.000000     -0.001000     -0.001000     -1.000000     -0.001000     -0.001000     -0.000001     -0.001000     -0.001000     -1.000000     -1.000000     -1.000000 
104 3 13 35.000000 0.540000 -1.000000 -1.000000 -1.000000 -1.000000 nan nan nan nan -1.000000000000e+00 -1.000000e+00 -1.000000000000e+00  -1.000000000000e+00  -1.000000000000e+00  -1.000000000000e+00   -1.000000000000e+00   -1.000000000000e+00   -1.000000000000e+00    -1.000000000000e+00    -1.000000     -1.000000     -0.001000     -0.001000     -1.000000     -0.001000     -0.001000     -0.000001     -0.001000     -0.001000     -1.000000     -1.000000     -1.000000 
105 3 14 35.000000 0.580000 0.724339 0.086719 0.679659 0.086186 1.856419353571e-07 1.457258936080e-07 2.086089472571e-07 1.533000368028e-07 1.511036518509e-07 1.125052e-07 1.417830285693e-07  1.057316639753e-07  5.117489164153e-08  3.804286966155e-08   2.781921691551e-11   2.074558658146e-11   9.802827401183e-12    7.464383106230e-12    5220.421573     5096.585896     10.541218     9.093230     11.758381     1.447988     2.473767     4.022852     2.004585     0.591581     33.118851     -0.026893     1.480506 
106 3 15 35.000000 0.620000 0.691318 0.021163 0.666113 0.020200 2.857465757377e-08 1.187908842433e-08 3.195092262534e-08 1.313013404204e-08 2.208824874564e-08 9.102248e-09 2.128293085657e-08  8.769937280021e-09  3.687803227342e-08  2.954795113581e-08   4.360858314320e-12   1.796954289867e-12   7.546457385058e-12    6.054355448040e-12    4886.800573     4880.445390     10.541123     9.062921     11.842832     1.478202     2.500416     4.067000     2.018119     0.624617     35.871226     -0.056022     1.466161 
107 3 16 35.000000 0.660000 0.676231 0.010783 0.662439 0.010557 2.039828047638e-08 5.169003445498e-09 2.054537220051e-08 5.160166446611e-09 1.389341091173e-08 3.496489e-09 1.361004999010e-08  3.425168245884e-09  2.572584262573e-08  2.143501607052e-08   2.940242308596e-12   7.399550036873e-13   5.574598537672e-12    4.630706072485e-12    4614.833239     4628.887201     10.540922     9.037198     11.929270     1.503724     2.525028     4.114579     2.022932     0.662069     38.622455     -0.053351     1.458137 
108 3 17 35.000000 0.700000 0.665934 0.007295 0.654171 0.007250 1.301069908957e-08 2.798736050991e-09 1.272874736557e-08 2.722263092576e-09 8.476504901180e-09 1.815224e-09 8.326779894100e-09  1.783215623265e-09  1.745330213466e-08  1.491486607713e-08   1.924976676073e-12   4.122420103389e-13   4.030309284227e-12    3.448003873090e-12    4330.511855     4325.652356     10.540573     9.010727     12.026641     1.529846     2.551434     4.169388     2.026674     0.700783     41.236231     -0.031389     1.452332 
109 3 18 35.000000 0.740000 0.654150 0.005710 0.657215 0.005759 8.998951742656e-09 1.776453924093e-09 8.862297698965e-09 1.741967995995e-09 5.797275570915e-09 1.140632e-09 5.824434299591e-09  1.145984520281e-09  1.154633761906e-08  1.022080567284e-08   1.433948281161e-12   2.821359892771e-13   2.860960880960e-12    2.516314198562e-12    4035.825060     4061.816159     10.540465     8.982535     12.135844     1.557931     2.580501     4.231839     2.031306     0.740032     43.700064     -0.036013     1.447512 
110 3 19 35.000000 0.780000 0.651097 0.004857 0.661411 0.004957 6.135483761474e-09 1.208898474642e-09 6.214234447545e-09 1.220763297819e-09 4.046071095172e-09 7.954086e-10 4.110163079140e-09  8.080136114759e-10  7.473990732540e-09  6.797989483726e-09   1.088584173152e-12   2.140038758092e-13   1.994749552858e-12    1.800459888999e-12    3746.831637     3775.696157     10.540296     8.951463     12.258444     1.588833     2.612821     4.302442     2.037885     0.779678     46.020715     -0.036414     1.443039 
111 3 20 35.000000 0.820000 0.644233 0.004298 0.664165 0.004472 6.878476388303e-09 1.122064721334e-09 6.838424749822e-09 1.111534564895e-09 4.405535549767e-09 7.166897e-10 4.541839884537e-09  7.388751481102e-10  4.685223553265e-09  4.399566257317e-09   1.304831956648e-12   2.122725436688e-13   1.359721660091e-12    1.263957954018e-12    3445.722526     3480.785293     10.540238     8.916565     12.395262     1.623673     2.649110     4.381469     2.047932     0.819352     48.180193     -0.038155     1.438012 
112 3 21 35.000000 0.860000 0.635771 0.003878 0.663412 0.004119 4.714645071872e-09 8.367946686941e-10 4.674990747368e-09 8.276066407675e-10 2.972223579166e-09 5.264806e-10 3.101447132916e-09  5.493821424993e-10  2.849502207375e-09  2.755973555531e-09   9.778782869813e-13   1.732187734892e-13   9.075514301114e-13    8.689513584953e-13    3139.769398     3171.608547     10.540175     8.879648     12.539558     1.660527     2.687457     4.465073     2.059359     0.859076     50.210469     -0.025879     1.432926 
113 3 22 35.000000 0.900000 0.640443 0.003696 0.672522 0.003954 3.266262295832e-09 6.305512167368e-10 3.306644144010e-09 6.370826667252e-10 2.117716465379e-09 4.081980e-10 2.223789791026e-09  4.286512892892e-10  1.707676734228e-09  1.715093709691e-09   7.630847605626e-13   1.470900117322e-13   5.917409618977e-13    5.885276918184e-13    2885.851824     2914.210722     10.540070     8.841378     12.679479     1.698691     2.725931     4.545147     2.071276     0.899059     52.176459     -0.026468     1.425853 
114 3 23 35.000000 0.940000 0.646624 0.003574 0.697462 0.003915 2.509416002565e-09 5.136097177770e-10 2.540588739113e-09 5.190974678433e-10 1.642806169593e-09 3.357838e-10 1.771963373614e-09  3.621872416726e-10  9.888462014705e-10  1.067176819169e-09   6.558942734551e-13   1.340640225802e-13   3.711904869206e-13    3.950167226252e-13    2663.985841     2701.599092     10.540033     8.804356     12.798248     1.735676     2.761069     4.610933     2.081356     0.938818     54.107670     -0.023598     1.415668 
115 3 24 35.000000 0.980000 0.650761 0.003564 0.735493 0.004083 2.185646477522e-09 4.569482665820e-10 2.200821615410e-09 4.593164194641e-10 1.432209943471e-09 2.990083e-10 1.618687848012e-09  3.379432921334e-10  5.531220788661e-10  6.677538588611e-10   6.398729777940e-13   1.335901674486e-13   2.222643462312e-13    2.639654400493e-13    2488.577625     2529.701838     10.539957     8.766701     12.906649     1.773256     2.795244     4.668953     2.091465     0.978530     55.965601     -0.030063     1.403102 
116 3 25 35.000000 1.020000 0.668796 0.003727 0.776892 0.004386 1.566148191063e-09 3.699726508151e-10 1.639088970280e-09 3.866366953089e-10 1.096216437319e-09 2.586533e-10 1.273395260340e-09  3.004610159809e-10  3.044543966703e-10  4.131541985281e-10   5.369813732088e-13   1.267021905784e-13   1.302827796086e-13    1.742240730607e-13    2336.873665     2371.395590     10.539904     8.729471     12.995612     1.810433     2.826801     4.713138     2.100455     1.018315     57.782851     -0.021549     1.387296 
117 3 26 35.000000 1.060000 0.664453 0.003886 0.825380 0.004875 1.429909601989e-09 3.477157224475e-10 1.535806787254e-09 3.727928536186e-10 1.020470821338e-09 2.477751e-10 1.267623689387e-09  3.077867301466e-10  1.554697243256e-10  2.559115570838e-10   5.633744806836e-13   1.367907453209e-13   7.023462208973e-14    1.137356786404e-13    2213.576719     2250.055217     10.539786     8.691483     13.072089     1.848304     2.857263     4.747727     2.109622     1.058101     59.522236     -0.023784     1.368843 
118 3 27 35.000000 1.100000 0.666364 0.004222 0.870761 0.005552 7.253618273731e-10 2.422309344644e-10 8.340470286974e-10 2.781537665434e-10 5.557792008037e-10 1.853852e-10 7.262556814341e-10  2.422497401692e-10  7.611639976547e-11  1.577948687301e-10   3.391838398137e-13   1.131381126027e-13   3.608750417001e-14    7.369507853362e-14    2109.217623     2141.185977     10.539718     8.652948     13.138427     1.886770     2.886941     4.774531     2.118878     1.097906     61.178256     -0.022366     1.348506 
119 3 28 35.000000 1.140000 0.636119 0.004532 0.898555 0.006281 7.816839534513e-10 2.479281547996e-10 9.990959452774e-10 3.161763620106e-10 6.355439509157e-10 2.011768e-10 8.977430711848e-10  2.841712800038e-10  3.331010776730e-11  9.634858033382e-11   4.394214084310e-13   1.390943000318e-13   1.653363742254e-14    4.716007310949e-14    2014.687205     2043.011683     10.539581     8.613412     13.195810     1.926169     2.916197     4.794076     2.128594     1.137766     62.747874     -0.017757     1.326330 
120 3 29 35.000000 1.180000 0.588162 0.005004 0.902268 0.007155 4.051960400421e-10 1.816270800218e-10 5.746803526690e-10 2.571294261957e-10 3.380049201461e-10 1.512610e-10 5.185154962653e-10  2.320360007150e-10  1.309641048223e-11  5.840687773961e-11   2.636285144766e-13   1.179739209613e-13   6.748685446636e-15    2.969577288358e-14    1940.586887     1966.841475     10.539447     8.573069     13.246579     1.966378     2.945306     4.808183     2.138605     1.177749     64.234929     -0.021726     1.303033 
121 4 0 45.000000 0.020000 -1.000000 -1.000000 -1.000000 -1.000000 nan nan nan nan -1.000000000000e+00 -1.000000e+00 -1.000000000000e+00  -1.000000000000e+00  -1.000000000000e+00  -1.000000000000e+00   -1.000000000000e+00   -1.000000000000e+00   -1.000000000000e+00    -1.000000000000e+00    -1.000000     -1.000000     -0.001000     -0.001000     -1.000000     -0.001000     -0.001000     -0.000001     -0.001000     -0.001000     -1.000000     -1.000000     -1.000000 
122 4 1 45.000000 0.060000 -1.000000 -1.000000 -1.000000 -1.000000 nan nan nan nan -1.000000000000e+00 -1.000000e+00 -1.000000000000e+00  -1.000000000000e+00  -1.000000000000e+00  -1.000000000000e+00   -1.000000000000e+00   -1.000000000000e+00   -1.000000000000e+00    -1.000000000000e+00    -1.000000     -1.000000     -0.001000     -0.001000     -1.000000     -0.001000     -0.001000     -0.000001     -0.001000     -0.001000     -1.000000     -1.000000     -1.000000 
123 4 2 45.000000 0.100000 -1.000000 -1.000000 -1.000000 -1.000000 nan nan nan nan -1.000000000000e+00 -1.000000e+00 -1.000000000000e+00  -1.000000000000e+00  -1.000000000000e+00  -1.000000000000e+00   -1.000000000000e+00   -1.000000000000e+00   -1.000000000000e+00    -1.000000000000e+00    -1.000000     -1.000000     -0.001000     -0.001000     -1.000000     -0.001000     -0.001000     -0.000001     -0.001000     -0.001000     -1.000000     -1.000000     -1.000000 
124 4 3 45.000000 0.140000 -1.000000 -1.000000 -1.000000 -1.000000 nan nan nan nan -1.000000000000e+00 -1.000000e+00 -1.000000000000e+00  -1.000000000000e+00  -1.000000000000e+00  -1.000000000000e+00   -1.000000000000e+00   -1.000000000000e+00   -1.000000000000e+00    -1.000000000000e+00    -1.000000     -1.000000     -0.001000     -0.001000     -1.000000     -0.001000     -0.001000     -0.000001     -0.001000     -0.001000     -1.000000     -1.000000     -1.000000 
125 4 4 45.000000 0.180000 -1.000000 -1.000000 -1.000000 -1.000000 nan nan nan nan -1.000000000000e+00 -1.000000e+00 -1.000000000000e+00  -1.000000000000e+00  -1.000000000000e+00  -1.000000000000e+00   -1.000000000000e+00   -1.000000000000e+00   -1.000000000000e+00    -1.000000000000e+00    -1.000000     -1.000000     -0.001000     -0.001000     -1.000000     -0.001000     -0.001000     -0.000001     -0.001000     -0.001000     -1.000000     -1.000000     -1.000000 
126 4 5 45.000000 0.220000 -1.000000 -1.000000 -1.000000 -1.000000 nan nan nan nan -1.000000000000e+00 -1.000000e+00 -1.000000000000e+00  -1.000000000000e+00  -1.000000000000e+00  -1.000000000000e+00   -1.000000000000e+00   -1.000000000000e+00   -1.000000000000e+00    -1.000000000000e+00    -1.000000     -1.000000     -0.001000     -0.001000     -1.000000     -0.001000     -0.001000     -0.000001     -0.001000     -0.001000     -1.000000     -1.000000     -1.000000 
127 4 6 45.000000 0.260000 -1.000000 -1.000000 -1.000000 -1.000000 nan nan nan nan -1.000000000000e+00 -1.000000e+00 -1.000000000000e+00  -1.000000000000e+00  -1.000000000000e+00  -1.000000000000e+00   -1.000000000000e+00   -1.000000000000e+00   -1.000000000000e+00    -1.000000000000e+00    -1.000000     -1.000000     -0.001000     -0.001000     -1.000000     -0.001000     -0.001000     -0.000001     -0.001000     -0.001000     -1.000000     -1.000000     -1.000000 
128 4 7 45.000000 0.300000 -1.000000 -1.000000 -1.000000 -1.000000 nan nan nan nan -1.000000000000e+00 -1.000000e+00 -1.000000000000e+00  -1.000000000000e+00  -1.000000000000e+00  -1.000000000000e+00   -1.000000000000e+00   -1.000000000000e+00   -1.000000000000e+00    -1.000000000000e+00    -1.000000     -1.000000     -0.001000     -0.001000     -1.000000     -0.001000     -0.001000     -0.000001     -0.001000     -0.001000     -1.000000     -1.000000     -1.000000 
129 4 8 45.000000 0.340000 -1.000000 -1.000000 -1.000000 -1.000000 nan nan nan nan -1.000000000000e+00 -1.000000e+00 -1.000000000000e+00  -1.000000000000e+00  -1.000000000000e+00  -1.000000000000e+00   -1.000000000000e+00   -1.000000000000e+00   -1.000000000000e+00    -1.000000000000e+00    -1.000000     -1.000000     -0.001000     -0.001000     -1.000000     -0.001000     -0.001000     -0.000001     -0.001000     -0.001000     -1.000000     -1.000000     -1.000000 
130 4 9 45.000000 0.380000 -1.000000 -1.000000 -1.000000 -1.000000 nan nan nan nan -1.000000000000e+00 -1.000000e+00 -1.000000000000e+00  -1.000000000000e+00  -1.000000000000e+00  -1.000000000000e+00   -1.000000000000e+00   -1.000000000000e+00   -1.000000000000e+00    -1.000000000000e+00    -1.000000     -1.000000     -0.001000     -0.001000     -1.000000     -0.001000     -0.001000     -0.000001     -0.001000     -0.001000     -1.000000     -1.000000     -1.000000 
131 4 10 45.000000 0.420000 -1.000000 -1.000000 -1.000000 -1.000000 nan nan nan nan -1.000000000000e+00 -1.000000e+00 -1.000000000000e+00  -1.000000000000e+00  -1.000000000000e+00  -1.000000000000e+00   -1.000000000000e+00   -1.000000000000e+00   -1.000000000000e+00    -1.000000000000e+00    -1.000000     -1.000000     -0.001000     -0.001000     -1.000000     -0.001000     -0.001000     -0.000001     -0.001000     -0.001000     -1.000000     -1.000000     -1.000000 
132 4 11 45.000000 0.460000 -1.000000 -1.000000 -1.000000 -1.000000 nan nan nan nan -1.000000000000e+00 -1.000000e+00 -1.000000000000e+00  -1.000000000000e+00  -1.000000000000e+00  -1.000000000000e+00   -1.000000000000e+00   -1.000000000000e+00   -1.000000000000e+00    -1.000000000000e+00    -1.000000     -1.000000     -0.001000     -0.001000     -1.000000     -0.001000     -0.001000     -0.000001     -0.001000     -0.001000     -1.000000     -1.000000     -1.000000 
133 4 12 45.000000 0.500000 -1.000000 -1.000000 -1.000000 -1.000000 nan nan nan nan -1.000000000000e+00 -1.000000e+00 -1.000000000000e+00  -1.000000000000e+00  -1.000000000000e+00  -1.000000000000e+00   -1.000000000000e+00   -1.000000000000e+00   -1.000000000000e+00    -1.000000000000e+00    -1.000000     -1.000000     -0.001000     -0.001000     -1.000000     -0.001000     -0.001000     -0.000001     -0.001000     -0.001000     -1.000000     -1.000000     -1.000000 
134 4 13 45.000000 0.540000 -1.000000 -1.000000 -1.000000 -1.000000 nan nan nan nan -1.000000000000e+00 -1.000000e+00 -1.000000000000e+00  -1.000000000000e+00  -1.000000000000e+00  -1.000000000000e+00   -1.000000000000e+00   -1.000000000000e+00   -1.000000000000e+00    -1.000000000000e+00    -1.000000     -1.000000     -0.001000     -0.001000     -1.000000     -0.001000     -0.001000     -0.000001     -0.001000     -0.001000     -1.000000     -1.000000     -1.000000 
135 4 14 45.000000 0.580000 -1.000000 -1.000000 -1.000000 -1.000000 nan nan nan nan -1.000000000000e+00 -1.000000e+00 -1.000000000000e+00  -1.000000000000e+00  -1.000000000000e+00  -1.000000000000e+00   -1.000000000000e+00   -1.000000000000e+00   -1.000000000000e+00    -1.000000000000e+00    -1.000000     -1.000000     -0.001000     -0.001000     -1.000000     -0.001000     -0.001000     -0.000001     -0.001000     -0.001000     -1.000000     -1.000000     -1.000000 
136 4 15 45.000000 0.620000 0.729183 0.146136 0.679602 0.120302 4.660830320574e-07 5.784418091709e-07 2.061396883944e-07 2.146618874714e-07 1.503134952027e-07 1.594002e-07 1.400928699121e-07  1.479773433531e-07  3.627844896834e-08  3.534578942977e-08   3.011705598830e-11   3.181205394366e-11   7.171588164742e-12    7.598610263855e-12    5058.635289     4651.612361     10.541330     8.979265     11.825070     1.562065     2.541171     4.017503     2.107217     0.629596     37.625565     -0.028857     1.370561 
137 4 16 45.000000 0.660000 0.656852 0.030282 0.680676 0.030848 5.315456072429e-08 2.460036193065e-08 5.812735620465e-08 2.631127248521e-08 3.818107570478e-08 1.737202e-08 3.956591212043e-08  1.799900086763e-08  2.508747179718e-08  2.741604325353e-08   8.668570941856e-12   3.943435334656e-12   5.481301750530e-12    6.006633062442e-12    4576.918575     4564.294667     10.541136     8.951659     11.888324     1.589478     2.564045     4.047886     2.115447     0.664667     39.921350     -0.069414     1.357110 
138 4 17 45.000000 0.700000 0.646103 0.014077 0.675315 0.014752 2.908721370307e-08 8.935941501825e-09 2.806123050722e-08 8.512723383123e-09 1.813043327203e-08 5.514258e-09 1.895016246356e-08  5.763652983455e-09  1.755881019058e-08  2.043810043396e-08   4.311605930662e-12   1.311366086361e-12   3.991688376691e-12    4.650146678794e-12    4398.842929     4395.151776     10.540908     8.923319     11.946164     1.617589     2.586657     4.074199     2.121817     0.702553     42.293223     -0.064757     1.342194 
139 4 18 45.000000 0.740000 0.633029 0.008619 0.673674 0.009280 2.392251967929e-08 4.768538798812e-09 2.403252053711e-08 4.739365686380e-09 1.521328892404e-08 3.007298e-09 1.619008425042e-08  3.200567139755e-09  1.197127813926e-08  1.488737360884e-08   3.836232190621e-12   7.583727483972e-13   2.844911028664e-12    3.527555569734e-12    4207.962224     4220.308742     10.540726     8.893349     12.004382     1.647377     2.610330     4.099973     2.128413     0.741538     44.598920     -0.056854     1.326262 
140 4 19 45.000000 0.780000 0.622873 0.006169 0.676045 0.006745 2.076813326543e-08 3.074399425007e-09 2.221321576325e-08 3.257234595521e-09 1.383601088880e-08 2.033465e-09 1.501713499610e-08  2.207129348021e-09  8.008723547275e-09  1.072839178746e-08   3.719421800964e-12   5.466585348476e-13   1.986566773934e-12    2.657192221681e-12    4031.439392     4037.491793     10.540574     8.860186     12.066303     1.680388     2.636365     4.126716     2.137529     0.780729     46.768081     -0.048605     1.308689 
141 4 20 45.000000 0.820000 0.613687 0.004888 0.678170 0.005425 1.673002478508e-08 2.243085168126e-09 1.630550030395e-08 2.168566866890e-09 1.000647304238e-08 1.333206e-09 1.105789430537e-08  1.473313892508e-09  5.233638215321e-09  7.606119933212e-09   2.857256963122e-12   3.806905964175e-13   1.356591778334e-12    1.965350594006e-12    3857.931545     3870.108446     10.540429     8.825173     12.125991     1.715256     2.663281     4.150965     2.147591     0.820284     48.832276     -0.042979     1.289619 
142 4 21 45.000000 0.860000 0.607025 0.004159 0.685747 0.004741 1.362208784875e-08 1.694247595699e-09 1.318650081563e-08 1.628881892267e-09 8.004535288830e-09 9.902917e-10 9.042606081364e-09  1.118749225077e-09  3.346541464713e-09  5.354699425655e-09   2.436130867961e-12   3.013975723586e-13   9.067927941150e-13    1.442587285360e-12    3690.524987     3711.872051     10.540336     8.788053     12.186729     1.752284     2.691714     4.174824     2.159180     0.859899     50.766524     -0.040334     1.269624 
143 4 22 45.000000 0.900000 0.599884 0.003696 0.690713 0.004306 8.981028941736e-09 1.188153583278e-09 9.159395272396e-09 1.205795459621e-09 5.494577936092e-09 7.241295e-10 6.326517262592e-09  8.337923658652e-10  2.078425244914e-09  3.686108622621e-09   1.778736559897e-12   2.344254987332e-13   5.901048636268e-13    1.036370549335e-12    3522.128647     3556.747753     10.540242     8.750842     12.244951     1.789400     2.720060     4.196775     2.170117     0.899525     52.600104     -0.033804     1.249826 
144 4 23 45.000000 0.940000 0.587978 0.003404 0.699666 0.004111 9.577201454979e-09 1.115467264955e-09 1.007707081871e-08 1.167112867907e-09 5.925094859990e-09 6.870933e-10 7.050587882024e-09  8.176399639572e-10  1.245994860234e-09  2.519681807379e-09   2.050655893515e-12   2.378097030940e-13   3.696011148688e-13    7.328467405192e-13    3371.188046     3438.211113     10.540115     8.713143     12.298475     1.826973     2.748262     4.215114     2.180834     0.939180     54.343328     -0.037145     1.229472 
145 4 24 45.000000 0.980000 0.581949 0.003241 0.711440 0.004052 5.924271367621e-09 8.186485989168e-10 6.238863735140e-09 8.587209020464e-10 3.630701334356e-09 5.001407e-10 4.438575862302e-09  6.114511310868e-10  7.277592733078e-10  1.698876923064e-09   1.332775324531e-12   1.836010028781e-13   2.246862189826e-13    5.101233622492e-13    3239.002715     3330.325660     10.540040     8.674709     12.348629     1.865331     2.776709     4.230655     2.191586     0.979047     56.006682     -0.040459     1.208629 
146 4 25 45.000000 1.020000 0.572428 0.003146 0.723793 0.004075 6.440592258093e-09 8.173437859282e-10 6.782658178815e-09 8.565732063683e-10 3.882580787445e-09 4.907903e-10 4.909237446805e-09  6.205970592476e-10  4.049079663702e-10  1.125392380777e-09   1.526654537229e-12   1.929907295293e-13   1.302593844141e-13    3.499699093583e-13    3108.474435     3215.683265     10.539960     8.637280     12.395870     1.902680     2.804412     4.244534     2.200769     1.018731     57.598359     -0.035993     1.188791 
147 4 26 45.000000 1.060000 0.552876 0.003063 0.754247 0.004313 5.892103639391e-09 7.485216629291e-10 6.617204421604e-09 8.357955724942e-10 3.658494168922e-09 4.625358e-10 4.991006515523e-09  6.310419206224e-10  2.102740105603e-10  7.490767231543e-10   1.602486376576e-12   2.026116531206e-13   7.018111276682e-14    2.405096527387e-13    2996.162390     3114.539124     10.539903     8.599325     12.438984     1.940578     2.832143     4.255191     2.209834     1.058589     59.125348     -0.032680     1.168501 
148 4 27 45.000000 1.100000 0.539790 0.003072 0.784588 0.004606 3.912115172461e-09 5.874232110357e-10 4.594809165298e-09 6.862864702059e-10 2.480233631019e-09 3.707197e-10 3.605034170842e-09  5.388682438620e-10  1.033081244893e-10  4.882862264276e-10   1.189971535455e-12   1.778728969458e-13   3.562496973773e-14    1.611764779660e-13    2899.879642     3029.512945     10.539822     8.562067     12.479519     1.977755     2.859333     4.264270     2.217673     1.098325     60.594756     -0.033368     1.148982 
149 4 28 45.000000 1.140000 0.531561 0.003174 0.806934 0.004963 3.733966281110e-09 5.560672137473e-10 4.777074664908e-09 7.059838271057e-10 2.539306470487e-09 3.755797e-10 3.854785674376e-09  5.701757047997e-10  4.708953396180e-11  3.092346563358e-10   1.311935420467e-12   1.940532538524e-13   1.680949167297e-14    1.052447355451e-13    2801.365733     2938.243464     10.539688     8.526000     12.517629     2.013688     2.885665     4.272124     2.223659     1.138059     62.027609     -0.027753     1.130558 
150 4 29 45.000000 1.180000 0.490905 0.003142 0.839570 0.005432 2.572983693173e-09 4.458643336898e-10 3.567037545944e-09 6.129826271393e-10 1.751076481702e-09 3.011248e-10 2.994778526880e-09  5.150065611321e-10  1.813023203627e-11  1.918628375493e-10   1.045505656933e-12   1.797936869750e-13   6.696892141516e-15    6.698114074632e-14    2707.260570     2864.430725     10.539620     8.489208     12.558102     2.050413     2.912953     4.281102     2.229958     1.177877     63.400015     -0.031612     1.112642 
151 5 0 55.000000 0.020000 -1.000000 -1.000000 -1.000000 -1.000000 nan nan nan nan -1.000000000000e+00 -1.000000e+00 -1.000000000000e+00  -1.000000000000e+00  -1.000000000000e+00  -1.000000000000e+00   -1.000000000000e+00   -1.000000000000e+00   -1.000000000000e+00    -1.000000000000e+00    -1.000000     -1.000000     -0.001000     -0.001000     -1.000000     -0.001000     -0.001000     -0.000001     -0.001000     -0.001000     -1.000000     -1.000000     -1.000000 
152 5 1 55.000000 0.060000 -1.000000 -1.000000 -1.000000 -1.000000 nan nan nan nan -1.000000000000e+00 -1.000000e+00 -1.000000000000e+00  -1.000000000000e+00  -1.000000000000e+00  -1.000000000000e+00   -1.000000000000e+00   -1.000000000000e+00   -1.000000000000e+00    -1.000000000000e+00    -1.000000     -1.000000     -0.001000     -0.001000     -1.000000     -0.001000     -0.001000     -0.000001     -0.001000     -0.001000     -1.000000     -1.000000     -1.000000 
153 5 2 55.000000 0.100000 -1.000000 -1.000000 -1.000000 -1.000000 nan nan nan nan -1.000000000000e+00 -1.000000e+00 -1.000000000000e+00  -1.000000000000e+00  -1.000000000000e+00  -1.000000000000e+00   -1.000000000000e+00   -1.000000000000e+00   -1.000000000000e+00    -1.000000000000e+00    -1.000000     -1.000000     -0.001000     -0.001000     -1.000000     -0.001000     -0.001000     -0.000001     -0.001000     -0.001000     -1.000000     -1.000000     -1.000000 
154 5 3 55.000000 0.140000 -1.000000 -1.000000 -1.000000 -1.000000 nan nan nan nan -1.000000000000e+00 -1.000000e+00 -1.000000000000e+00  -1.000000000000e+00  -1.000000000000e+00  -1.000000000000e+00   -1.000000000000e+00   -1.000000000000e+00   -1.000000000000e+00    -1.000000000000e+00    -1.000000     -1.000000     -0.001000     -0.001000     -1.000000     -0.001000     -0.001000     -0.000001     -0.001000     -0.001000     -1.000000     -1.000000     -1.000000 
155 5 4 55.000000 0.180000 -1.000000 -1.000000 -1.000000 -1.000000 nan nan nan nan -1.000000000000e+00 -1.000000e+00 -1.000000000000e+00  -1.000000000000e+00  -1.000000000000e+00  -1.000000000000e+00   -1.000000000000e+00   -1.000000000000e+00   -1.000000000000e+00    -1.000000000000e+00    -1.000000     -1.000000     -0.001000     -0.001000     -1.000000     -0.001000     -0.001000     -0.000001     -0.001000     -0.001000     -1.000000     -1.000000     -1.000000 
156 5 5 55.000000 0.220000 -1.000000 -1.000000 -1.000000 -1.000000 nan nan nan nan -1.000000000000e+00 -1.000000e+00 -1.000000000000e+00  -1.000000000000e+00  -1.000000000000e+00  -1.000000000000e+00   -1.000000000000e+00   -1.000000000000e+00   -1.000000000000e+00    -1.000000000000e+00    -1.000000     -1.000000     -0.001000     -0.001000     -1.000000     -0.001000     -0.001000     -0.000001     -0.001000     -0.001000     -1.000000     -1.000000     -1.000000 
157 5 6 55.000000 0.260000 -1.000000 -1.000000 -1.000000 -1.000000 nan nan nan nan -1.000000000000e+00 -1.000000e+00 -1.000000000000e+00  -1.000000000000e+00  -1.000000000000e+00  -1.000000000000e+00   -1.000000000000e+00   -1.000000000000e+00   -1.000000000000e+00    -1.000000000000e+00    -1.000000     -1.000000     -0.001000     -0.001000     -1.000000     -0.001000     -0.001000     -0.000001     -0.001000     -0.001000     -1.000000     -1.000000     -1.000000 
158 5 7 55.000000 0.300000 -1.000000 -1.000000 -1.000000 -1.000000 nan nan nan nan -1.000000000000e+00 -1.000000e+00 -1.000000000000e+00  -1.000000000000e+00  -1.000000000000e+00  -1.000000000000e+00   -1.000000000000e+00   -1.000000000000e+00   -1.000000000000e+00    -1.000000000000e+00    -1.000000     -1.000000     -0.001000     -0.001000     -1.000000     -0.001000     -0.001000     -0.000001     -0.001000     -0.001000     -1.000000     -1.000000     -1.000000 
159 5 8 55.000000 0.340000 -1.000000 -1.000000 -1.000000 -1.000000 nan nan nan nan -1.000000000000e+00 -1.000000e+00 -1.000000000000e+00  -1.000000000000e+00  -1.000000000000e+00  -1.000000000000e+00   -1.000000000000e+00   -1.000000000000e+00   -1.000000000000e+00    -1.000000000000e+00    -1.000000     -1.000000     -0.001000     -0.001000     -1.000000     -0.001000     -0.001000     -0.000001     -0.001000     -0.001000     -1.000000     -1.000000     -1.000000 
160 5 9 55.000000 0.380000 -1.000000 -1.000000 -1.000000 -1.000000 nan nan nan nan -1.000000000000e+00 -1.000000e+00 -1.000000000000e+00  -1.000000000000e+00  -1.000000000000e+00  -1.000000000000e+00   -1.000000000000e+00   -1.000000000000e+00   -1.000000000000e+00    -1.000000000000e+00    -1.000000     -1.000000     -0.001000     -0.001000     -1.000000     -0.001000     -0.001000     -0.000001     -0.001000     -0.001000     -1.000000     -1.000000     -1.000000 
161 5 10 55.000000 0.420000 -1.000000 -1.000000 -1.000000 -1.000000 nan nan nan nan -1.000000000000e+00 -1.000000e+00 -1.000000000000e+00  -1.000000000000e+00  -1.000000000000e+00  -1.000000000000e+00   -1.000000000000e+00   -1.000000000000e+00   -1.000000000000e+00    -1.000000000000e+00    -1.000000     -1.000000     -0.001000     -0.001000     -1.000000     -0.001000     -0.001000     -0.000001     -0.001000     -0.001000     -1.000000     -1.000000     -1.000000 
162 5 11 55.000000 0.460000 -1.000000 -1.000000 -1.000000 -1.000000 nan nan nan nan -1.000000000000e+00 -1.000000e+00 -1.000000000000e+00  -1.000000000000e+00  -1.000000000000e+00  -1.000000000000e+00   -1.000000000000e+00   -1.000000000000e+00   -1.000000000000e+00    -1.000000000000e+00    -1.000000     -1.000000     -0.001000     -0.001000     -1.000000     -0.001000     -0.001000     -0.000001     -0.001000     -0.001000     -1.000000     -1.000000     -1.000000 
163 5 12 55.000000 0.500000 -1.000000 -1.000000 -1.000000 -1.000000 nan nan nan nan -1.000000000000e+00 -1.000000e+00 -1.000000000000e+00  -1.000000000000e+00  -1.000000000000e+00  -1.000000000000e+00   -1.000000000000e+00   -1.000000000000e+00   -1.000000000000e+00    -1.000000000000e+00    -1.000000     -1.000000     -0.001000     -0.001000     -1.000000     -0.001000     -0.001000     -0.000001     -0.001000     -0.001000     -1.000000     -1.000000     -1.000000 
164 5 13 55.000000 0.540000 -1.000000 -1.000000 -1.000000 -1.000000 nan nan nan nan -1.000000000000e+00 -1.000000e+00 -1.000000000000e+00  -1.000000000000e+00  -1.000000000000e+00  -1.000000000000e+00   -1.000000000000e+00   -1.000000000000e+00   -1.000000000000e+00    -1.000000000000e+00    -1.000000     -1.000000     -0.001000     -0.001000     -1.000000     -0.001000     -0.001000     -0.000001     -0.001000     -0.001000     -1.000000     -1.000000     -1.000000 
165 5 14 55.000000 0.580000 -1.000000 -1.000000 -1.000000 -1.000000 nan nan nan nan -1.000000000000e+00 -1.000000e+00 -1.000000000000e+00  -1.000000000000e+00  -1.000000000000e+00  -1.000000000000e+00   -1.000000000000e+00   -1.000000000000e+00   -1.000000000000e+00    -1.000000000000e+00    -1.000000     -1.000000     -0.001000     -0.001000     -1.000000     -0.001000     -0.001000     -0.000001     -0.001000     -0.001000     -1.000000     -1.000000     -1.000000 
166 5 15 55.000000 0.620000 -1.000000 -1.000000 -1.000000 -1.000000 nan nan nan nan -1.000000000000e+00 -1.000000e+00 -1.000000000000e+00  -1.000000000000e+00  -1.000000000000e+00  -1.000000000000e+00   -1.000000000000e+00   -1.000000000000e+00   -1.000000000000e+00    -1.000000000000e+00    -1.000000     -1.000000     -0.001000     -0.001000     -1.000000     -0.001000     -0.001000     -0.000001     -0.001000     -0.001000     -1.000000     -1.000000     -1.000000 
167 5 16 55.000000 0.660000 -1.000000 -1.000000 -1.000000 -1.000000 nan nan nan nan -1.000000000000e+00 -1.000000e+00 -1.000000000000e+00  -1.000000000000e+00  -1.000000000000e+00  -1.000000000000e+00   -1.000000000000e+00   -1.000000000000e+00   -1.000000000000e+00    -1.000000000000e+00    -1.000000     -1.000000     -0.001000     -0.001000     -1.000000     -0.001000     -0.001000     -0.000001     -0.001000     -0.001000     -1.000000     -1.000000     -1.000000 
168 5 17 55.000000 0.700000 -1.000000 -1.000000 -1.000000 -1.000000 nan nan nan nan -1.000000000000e+00 -1.000000e+00 -1.000000000000e+00  -1.000000000000e+00  -1.000000000000e+00  -1.000000000000e+00   -1.000000000000e+00   -1.000000000000e+00   -1.000000000000e+00    -1.000000000000e+00    -1.000000     -1.000000     -0.001000     -0.001000     -1.000000     -0.001000     -0.001000     -0.000001     -0.001000     -0.001000     -1.000000     -1.000000     -1.000000 
169 5 18 55.000000 0.740000 -1.000000 -1.000000 -1.000000 -1.000000 nan nan nan nan -1.000000000000e+00 -1.000000e+00 -1.000000000000e+00  -1.000000000000e+00  -1.000000000000e+00  -1.000000000000e+00   -1.000000000000e+00   -1.000000000000e+00   -1.000000000000e+00    -1.000000000000e+00    -1.000000     -1.000000     -0.001000     -0.001000     -1.000000     -0.001000     -0.001000     -0.000001     -0.001000     -0.001000     -1.000000     -1.000000     -1.000000 
170 5 19 55.000000 0.780000 -1.000000 -1.000000 -1.000000 -1.000000 nan nan nan nan -1.000000000000e+00 -1.000000e+00 -1.000000000000e+00  -1.000000000000e+00  9.121476415176e-09  1.720074606195e-08   -1.000000000000e+00   -1.000000000000e+00   1.863717818335e-12    4.128731294478e-12    4894.236845     4166.109353     10.537466     8.736772     11.924830     1.800693     2.686269     3.973544     2.265648     0.784557     46.376980     -0.010497     1.175925 
171 5 20 55.000000 0.820000 0.587910 0.182024 0.788342 0.310192 nan nan -1.000000000000e+00 -1.000000000000e+00 -1.000000000000e+00 -1.000000e+00 -1.000000000000e+00  -1.000000000000e+00  5.511169082971e-09  1.336076696321e-08   -1.000000000000e+00   -1.000000000000e+00   1.329506242306e-12    2.997137207851e-12    4145.275071     4457.842947     10.541055     8.701388     11.975309     1.839668     2.715997     3.992264     2.279997     0.824096     48.157733     -0.167621     1.156435 
172 5 21 55.000000 0.860000 0.612313 0.167286 0.684189 0.207101 nan nan -1.000000000000e+00 -1.000000000000e+00 -1.000000000000e+00 -1.000000e+00 -1.000000000000e+00  -1.000000000000e+00  3.765742566919e-09  9.518993138624e-09   -1.000000000000e+00   -1.000000000000e+00   9.125821440071e-13    2.552253123341e-12    4126.469701     3729.643056     10.540987     8.676490     11.983822     1.864498     2.731814     3.986456     2.282185     0.858289     49.762187     0.101635     1.139374 
173 5 22 55.000000 0.900000 0.571339 0.186058 0.703515 0.229057 nan nan -1.000000000000e+00 -1.000000000000e+00 -1.000000000000e+00 -1.000000e+00 -1.000000000000e+00  -1.000000000000e+00  2.478544527977e-09  7.054461150828e-09   -1.000000000000e+00   -1.000000000000e+00   6.061056346696e-13    1.856480749291e-12    4089.294648     3799.910747     10.540810     8.646652     12.010007     1.894158     2.752786     3.989996     2.285273     0.897551     51.516412     0.050062     1.122529 
174 5 23 55.000000 0.940000 0.608173 0.499032 -1.000000 -1.000000 inf nan nan nan -1.000000000000e+00 -1.000000e+00 -1.000000000000e+00  -1.000000000000e+00  1.617105765571e-09  5.451902452690e-09   -1.000000000000e+00   -1.000000000000e+00   3.882178613837e-13    1.318437046657e-12    4165.459466     4135.125349     10.541284     8.615819     12.006813     1.925464     2.771507     3.973840     2.288421     0.938186     53.274475     -0.071984     1.099806 
175 5 24 55.000000 0.980000 -1.000000 -1.000000 -1.000000 -1.000000 nan nan nan nan -1.000000000000e+00 -1.000000e+00 -1.000000000000e+00  -1.000000000000e+00  -1.000000000000e+00  4.064437778070e-09   -1.000000000000e+00   -1.000000000000e+00   -1.000000000000e+00    9.867217174686e-13    -1.000000     4119.132787     10.540284     8.588110     12.007553     1.952174     2.787858     3.961171     2.289549     0.974172     54.789548     -0.065046     1.081300 
176 5 25 55.000000 1.020000 -1.000000 -1.000000 -1.000000 -1.000000 nan nan nan nan -1.000000000000e+00 -1.000000e+00 -1.000000000000e+00  -1.000000000000e+00  -1.000000000000e+00  -1.000000000000e+00   -1.000000000000e+00   -1.000000000000e+00   -1.000000000000e+00    -1.000000000000e+00    -1.000000     -1.000000     -0.001000     -0.001000     -1.000000     -0.001000     -0.001000     -0.000001     -0.001000     -0.001000     -1.000000     -1.000000     -1.000000 
177 5 26 55.000000 1.060000 -1.000000 -1.000000 -1.000000 -1.000000 nan nan nan nan -1.000000000000e+00 -1.000000e+00 -1.000000000000e+00  -1.000000000000e+00  -1.000000000000e+00  -1.000000000000e+00   -1.000000000000e+00   -1.000000000000e+00   -1.000000000000e+00    -1.000000000000e+00    -1.000000     -1.000000     -0.001000     -0.001000     -1.000000     -0.001000     -0.001000     -0.000001     -0.001000     -0.001000     -1.000000     -1.000000     -1.000000 
178 5 27 55.000000 1.100000 -1.000000 -1.000000 -1.000000 -1.000000 nan nan nan nan -1.000000000000e+00 -1.000000e+00 -1.000000000000e+00  -1.000000000000e+00  -1.000000000000e+00  -1.000000000000e+00   -1.000000000000e+00   -1.000000000000e+00   -1.000000000000e+00    -1.000000000000e+00    -1.000000     -1.000000     -0.001000     -0.001000     -1.000000     -0.001000     -0.001000     -0.000001     -0.001000     -0.001000     -1.000000     -1.000000     -1.000000 
179 5 28 55.000000 1.140000 -1.000000 -1.000000 -1.000000 -1.000000 nan nan nan nan -1.000000000000e+00 -1.000000e+00 -1.000000000000e+00  -1.000000000000e+00  -1.000000000000e+00  -1.000000000000e+00   -1.000000000000e+00   -1.000000000000e+00   -1.000000000000e+00    -1.000000000000e+00    -1.000000     -1.000000     -0.001000     -0.001000     -1.000000     -0.001000     -0.001000     -0.000001     -0.001000     -0.001000     -1.000000     -1.000000     -1.000000 
180 5 29 55.000000 1.180000 -1.000000 -1.000000 -1.000000 -1.000000 nan nan nan nan -1.000000000000e+00 -1.000000e+00 -1.000000000000e+00  -1.000000000000e+00  -1.000000000000e+00  -1.000000000000e+00   -1.000000000000e+00   -1.000000000000e+00   -1.000000000000e+00    -1.000000000000e+00    -1.000000     -1.000000     -0.001000     -0.001000     -1.000000     -0.001000     -0.001000     -0.000001     -0.001000     -0.001000     -1.000000     -1.000000     -1.000000 
181 6 0 65.000000 0.020000 -1.000000 -1.000000 -1.000000 -1.000000 nan nan nan nan -1.000000000000e+00 -1.000000e+00 -1.000000000000e+00  -1.000000000000e+00  -1.000000000000e+00  -1.000000000000e+00   -1.000000000000e+00   -1.000000000000e+00   -1.000000000000e+00    -1.000000000000e+00    -1.000000     -1.000000     -0.001000     -0.001000     -1.000000     -0.001000     -0.001000     -0.000001     -0.001000     -0.001000     -1.000000     -1.000000     -1.000000 
182 6 1 65.000000 0.060000 -1.000000 -1.000000 -1.000000 -1.000000 nan nan nan nan -1.000000000000e+00 -1.000000e+00 -1.000000000000e+00  -1.000000000000e+00  -1.000000000000e+00  -1.000000000000e+00   -1.000000000000e+00   -1.000000000000e+00   -1.000000000000e+00    -1.000000000000e+00    -1.000000     -1.000000     -0.001000     -0.001000     -1.000000     -0.001000     -0.001000     -0.000001     -0.001000     -0.001000     -1.000000     -1.000000     -1.000000 
183 6 2 65.000000 0.100000 -1.000000 -1.000000 -1.000000 -1.000000 nan nan nan nan -1.000000000000e+00 -1.000000e+00 -1.000000000000e+00  -1.000000000000e+00  -1.000000000000e+00  -1.000000000000e+00   -1.000000000000e+00   -1.000000000000e+00   -1.000000000000e+00    -1.000000000000e+00    -1.000000     -1.000000     -0.001000     -0.001000     -1.000000     -0.001000     -0.001000     -0.000001     -0.001000     -0.001000     -1.000000     -1.000000     -1.000000 
184 6 3 65.000000 0.140000 -1.000000 -1.000000 -1.000000 -1.000000 nan nan nan nan -1.000000000000e+00 -1.000000e+00 -1.000000000000e+00  -1.000000000000e+00  -1.000000000000e+00  -1.000000000000e+00   -1.000000000000e+00   -1.000000000000e+00   -1.000000000000e+00    -1.000000000000e+00    -1.000000     -1.000000     -0.001000     -0.001000     -1.000000     -0.001000     -0.001000     -0.000001     -0.001000     -0.001000     -1.000000     -1.000000     -1.000000 
185 6 4 65.000000 0.180000 -1.000000 -1.000000 -1.000000 -1.000000 nan nan nan nan -1.000000000000e+00 -1.000000e+00 -1.000000000000e+00  -1.000000000000e+00  -1.000000000000e+00  -1.000000000000e+00   -1.000000000000e+00   -1.000000000000e+00   -1.000000000000e+00    -1.000000000000e+00    -1.000000     -1.000000     -0.001000     -0.001000     -1.000000     -0.001000     -0.001000     -0.000001     -0.001000     -0.001000     -1.000000     -1.000000     -1.000000 
186 6 5 65.000000 0.220000 -1.000000 -1.000000 -1.000000 -1.000000 nan nan nan nan -1.000000000000e+00 -1.000000e+00 -1.000000000000e+00  -1.000000000000e+00  -1.000000000000e+00  -1.000000000000e+00   -1.000000000000e+00   -1.000000000000e+00   -1.000000000000e+00    -1.000000000000e+00    -1.000000     -1.000000     -0.001000     -0.001000     -1.000000     -0.001000     -0.001000     -0.000001     -0.001000     -0.001000     -1.000000     -1.000000     -1.000000 
187 6 6 65.000000 0.260000 -1.000000 -1.000000 -1.000000 -1.000000 nan nan nan nan -1.000000000000e+00 -1.000000e+00 -1.000000000000e+00  -1.000000000000e+00  -1.000000000000e+00  -1.000000000000e+00   -1.000000000000e+00   -1.000000000000e+00   -1.000000000000e+00    -1.000000000000e+00    -1.000000     -1.000000     -0.001000     -0.001000     -1.000000     -0.001000     -0.001000     -0.000001     -0.001000     -0.001000     -1.000000     -1.000000     -1.000000 
188 6 7 65.000000 0.300000 -1.000000 -1.000000 -1.000000 -1.000000 nan nan nan nan -1.000000000000e+00 -1.000000e+00 -1.000000000000e+00  -1.000000000000e+00  -1.000000000000e+00  -1.000000000000e+00   -1.000000000000e+00   -1.000000000000e+00   -1.000000000000e+00    -1.000000000000e+00    -1.000000     -1.000000     -0.001000     -0.001000     -1.000000     -0.001000     -0.001000     -0.000001     -0.001000     -0.001000     -1.000000     -1.000000     -1.000000 
189 6 8 65.000000 0.340000 -1.000000 -1.000000 -1.000000 -1.000000 nan nan nan nan -1.000000000000e+00 -1.000000e+00 -1.000000000000e+00  -1.000000000000e+00  -1.000000000000e+00  -1.000000000000e+00   -1.000000000000e+00   -1.000000000000e+00   -1.000000000000e+00    -1.000000000000e+00    -1.000000     -1.000000     -0.001000     -0.001000     -1.000000     -0.001000     -0.001000     -0.000001     -0.001000     -0.001000     -1.000000     -1.000000     -1.000000 
190 6 9 65.000000 0.380000 -1.000000 -1.000000 -1.000000 -1.000000 nan nan nan nan -1.000000000000e+00 -1.000000e+00 -1.000000000000e+00  -1.000000000000e+00  -1.000000000000e+00  -1.000000000000e+00   -1.000000000000e+00   -1.000000000000e+00   -1.000000000000e+00    -1.000000000000e+00    -1.000000     -1.000000     -0.001000     -0.001000     -1.000000     -0.001000     -0.001000     -0.000001     -0.001000     -0.001000     -1.000000     -1.000000     -1.000000 
191 6 10 65.000000 0.420000 -1.000000 -1.000000 -1.000000 -1.000000 nan nan nan nan -1.000000000000e+00 -1.000000e+00 -1.000000000000e+00  -1.000000000000e+00  -1.000000000000e+00  -1.000000000000e+00   -1.000000000000e+00   -1.000000000000e+00   -1.000000000000e+00    -1.000000000000e+00    -1.000000     -1.000000     -0.001000     -0.001000     -1.000000     -0.001000     -0.001000     -0.000001     -0.001000     -0.001000     -1.000000     -1.000000     -1.000000 
192 6 11 65.000000 0.460000 -1.000000 -1.000000 -1.000000 -1.000000 nan nan nan nan -1.000000000000e+00 -1.000000e+00 -1.000000000000e+00  -1.000000000000e+00  -1.000000000000e+00  -1.000000000000e+00   -1.000000000000e+00   -1.000000000000e+00   -1.000000000000e+00    -1.000000000000e+00    -1.000000     -1.000000     -0.001000     -0.001000     -1.000000     -0.001000     -0.001000     -0.000001     -0.001000     -0.001000     -1.000000     -1.000000     -1.000000 
193 6 12 65.000000 0.500000 -1.000000 -1.000000 -1.000000 -1.000000 nan nan nan nan -1.000000000000e+00 -1.000000e+00 -1.000000000000e+00  -1.000000000000e+00  -1.000000000000e+00  -1.000000000000e+00   -1.000000000000e+00   -1.000000000000e+00   -1.000000000000e+00    -1.000000000000e+00    -1.000000     -1.000000     -0.001000     -0.001000     -1.000000     -0.001000     -0.001000     -0.000001     -0.001000     -0.001000     -1.000000     -1.000000     -1.000000 
194 6 13 65.000000 0.540000 -1.000000 -1.000000 -1.000000 -1.000000 nan nan nan nan -1.000000000000e+00 -1.000000e+00 -1.000000000000e+00  -1.000000000000e+00  -1.000000000000e+00  -1.000000000000e+00   -1.000000000000e+00   -1.000000000000e+00   -1.000000000000e+00    -1.000000000000e+00    -1.000000     -1.000000     -0.001000     -0.001000     -1.000000     -0.001000     -0.001000     -0.000001     -0.001000     -0.001000     -1.000000     -1.000000     -1.000000 
195 6 14 65.000000 0.580000 -1.000000 -1.000000 -1.000000 -1.000000 nan nan nan nan -1.000000000000e+00 -1.000000e+00 -1.000000000000e+00  -1.000000000000e+00  -1.000000000000e+00  -1.000000000000e+00   -1.000000000000e+00   -1.000000000000e+00   -1.000000000000e+00    -1.000000000000e+00    -1.000000     -1.000000     -0.001000     -0.001000     -1.000000     -0.001000     -0.001000     -0.000001     -0.001000     -0.001000     -1.000000     -1.000000     -1.000000 
196 6 15 65.000000 0.620000 -1.000000 -1.000000 -1.000000 -1.000000 nan nan nan nan -1.000000000000e+00 -1.000000e+00 -1.000000000000e+00  -1.000000000000e+00  -1.000000000000e+00  -1.000000000000e+00   -1.000000000000e+00   -1.000000000000e+00   -1.000000000000e+00    -1.000000000000e+00    -1.000000     -1.000000     -0.001000     -0.001000     -1.000000     -0.001000     -0.001000     -0.000001     -0.001000     -0.001000     -1.000000     -1.000000     -1.000000 
197 6 16 65.000000 0.660000 -1.000000 -1.000000 -1.000000 -1.000000 nan nan nan nan -1.000000000000e+00 -1.000000e+00 -1.000000000000e+00  -1.000000000000e+00  -1.000000000000e+00  -1.000000000000e+00   -1.000000000000e+00   -1.000000000000e+00   -1.000000000000e+00    -1.000000000000e+00    -1.000000     -1.000000     -0.001000     -0.001000     -1.000000     -0.001000     -0.001000     -0.000001     -0.001000     -0.001000     -1.000000     -1.000000     -1.000000 
198 6 17 65.000000 0.700000 -1.000000 -1.000000 -1.000000 -1.000000 nan nan nan nan -1.000000000000e+00 -1.000000e+00 -1.000000000000e+00  -1.000000000000e+00  -1.000000000000e+00  -1.000000000000e+00   -1.000000000000e+00   -1.000000000000e+00   -1.000000000000e+00    -1.000000000000e+00    -1.000000     -1.000000     -0.001000     -0.001000     -1.000000     -0.001000     -0.001000     -0.000001     -0.001000     -0.001000     -1.000000     -1.000000     -1.000000 
199 6 18 65.000000 0.740000 -1.000000 -1.000000 -1.000000 -1.000000 nan nan nan nan -1.000000000000e+00 -1.000000e+00 -1.000000000000e+00  -1.000000000000e+00  -1.000000000000e+00  -1.000000000000e+00   -1.000000000000e+00   -1.000000000000e+00   -1.000000000000e+00    -1.000000000000e+00    -1.000000     -1.000000     -0.001000     -0.001000     -1.000000     -0.001000     -0.001000     -0.000001     -0.001000     -0.001000     -1.000000     -1.000000     -1.000000 
200 6 19 65.000000 0.780000 -1.000000 -1.000000 -1.000000 -1.000000 nan nan nan nan -1.000000000000e+00 -1.000000e+00 -1.000000000000e+00  -1.000000000000e+00  -1.000000000000e+00  -1.000000000000e+00   -1.000000000000e+00   -1.000000000000e+00   -1.000000000000e+00    -1.000000000000e+00    -1.000000     -1.000000     -0.001000     -0.001000     -1.000000     -0.001000     -0.001000     -0.000001     -0.001000     -0.001000     -1.000000     -1.000000     -1.000000 
201 6 20 65.000000 0.820000 -1.000000 -1.000000 -1.000000 -1.000000 nan nan nan nan -1.000000000000e+00 -1.000000e+00 -1.000000000000e+00  -1.000000000000e+00  -1.000000000000e+00  -1.000000000000e+00   -1.000000000000e+00   -1.000000000000e+00   -1.000000000000e+00    -1.000000000000e+00    -1.000000     -1.000000     -0.001000     -0.001000     -1.000000     -0.001000     -0.001000     -0.000001     -0.001000     -0.001000     -1.000000     -1.000000     -1.000000 
202 6 21 65.000000 0.860000 -1.000000 -1.000000 -1.000000 -1.000000 nan nan nan nan -1.000000000000e+00 -1.000000e+00 -1.000000000000e+00  -1.000000000000e+00  -1.000000000000e+00  -1.000000000000e+00   -1.000000000000e+00   -1.000000000000e+00   -1.000000000000e+00    -1.000000000000e+00    -1.000000     -1.000000     -0.001000     -0.001000     -1.000000     -0.001000     -0.001000     -0.000001     -0.001000     -0.001000     -1.000000     -1.000000     -1.000000 
203 6 22 65.000000 0.900000 -1.000000 -1.000000 -1.000000 -1.000000 nan nan nan nan -1.000000000000e+00 -1.000000e+00 -1.000000000000e+00  -1.000000000000e+00  -1.000000000000e+00  -1.000000000000e+00   -1.000000000000e+00   -1.000000000000e+00   -1.000000000000e+00    -1.000000000000e+00    -1.000000     -1.000000     -0.001000     -0.001000     -1.000000     -0.001000     -0.001000     -0.000001     -0.001000     -0.001000     -1.000000     -1.000000     -1.000000 
204 6 23 65.000000 0.940000 -1.000000 -1.000000 -1.000000 -1.000000 nan nan nan nan -1.000000000000e+00 -1.000000e+00 -1.000000000000e+00  -1.000000000000e+00  -1.000000000000e+00  -1.000000000000e+00   -1.000000000000e+00   -1.000000000000e+00   -1.000000000000e+00    -1.000000000000e+00    -1.000000     -1.000000     -0.001000     -0.001000     -1.000000     -0.001000     -0.001000     -0.000001     -0.001000     -0.001000     -1.000000     -1.000000     -1.000000 
205 6 24 65.000000 0.980000 -1.000000 -1.000000 -1.000000 -1.000000 nan nan nan nan -1.000000000000e+00 -1.000000e+00 -1.000000000000e+00  -1.000000000000e+00  -1.000000000000e+00  -1.000000000000e+00   -1.000000000000e+00   -1.000000000000e+00   -1.000000000000e+00    -1.000000000000e+00    -1.000000     -1.000000     -0.001000     -0.001000     -1.000000     -0.001000     -0.001000     -0.000001     -0.001000     -0.001000     -1.000000     -1.000000     -1.000000 
206 6 25 65.000000 1.020000 -1.000000 -1.000000 -1.000000 -1.000000 nan nan nan nan -1.000000000000e+00 -1.000000e+00 -1.000000000000e+00  -1.000000000000e+00  -1.000000000000e+00  -1.000000000000e+00   -1.000000000000e+00   -1.000000000000e+00   -1.000000000000e+00    -1.000000000000e+00    -1.000000     -1.000000     -0.001000     -0.001000     -1.000000     -0.001000     -0.001000     -0.000001     -0.001000     -0.001000     -1.000000     -1.000000     -1.000000 
207 6 26 65.000000 1.060000 -1.000000 -1.000000 -1.000000 -1.000000 nan nan nan nan -1.000000000000e+00 -1.000000e+00 -1.000000000000e+00  -1.000000000000e+00  -1.000000000000e+00  -1.000000000000e+00   -1.000000000000e+00   -1.000000000000e+00   -1.000000000000e+00    -1.000000000000e+00    -1.000000     -1.000000     -0.001000     -0.001000     -1.000000     -0.001000     -0.001000     -0.000001     -0.001000     -0.001000     -1.000000     -1.000000     -1.000000 
208 6 27 65.000000 1.100000 -1.000000 -1.000000 -1.000000 -1.000000 nan nan nan nan -1.000000000000e+00 -1.000000e+00 -1.000000000000e+00  -1.000000000000e+00  -1.000000000000e+00  -1.000000000000e+00   -1.000000000000e+00   -1.000000000000e+00   -1.000000000000e+00    -1.000000000000e+00    -1.000000     -1.000000     -0.001000     -0.001000     -1.000000     -0.001000     -0.001000     -0.000001     -0.001000     -0.001000     -1.000000     -1.000000     -1.000000 
209 6 28 65.000000 1.140000 -1.000000 -1.000000 -1.000000 -1.000000 nan nan nan nan -1.000000000000e+00 -1.000000e+00 -1.000000000000e+00  -1.000000000000e+00  -1.000000000000e+00  -1.000000000000e+00   -1.000000000000e+00   -1.000000000000e+00   -1.000000000000e+00    -1.000000000000e+00    -1.000000     -1.000000     -0.001000     -0.001000     -1.000000     -0.001000     -0.001000     -0.000001     -0.001000     -0.001000     -1.000000     -1.000000     -1.000000 
210 6 29 65.000000 1.180000 -1.000000 -1.000000 -1.000000 -1.000000 nan nan nan nan -1.000000000000e+00 -1.000000e+00 -1.000000000000e+00  -1.000000000000e+00  -1.000000000000e+00  -1.000000000000e+00   -1.000000000000e+00   -1.000000000000e+00   -1.000000000000e+00    -1.000000000000e+00    -1.000000     -1.000000     -0.001000     -0.001000     -1.000000     -0.001000     -0.001000     -0.000001     -0.001000     -0.001000     -1.000000     -1.000000     -1.000000 
211 7 0 75.000000 0.020000 -1.000000 -1.000000 -1.000000 -1.000000 nan nan nan nan -1.000000000000e+00 -1.000000e+00 -1.000000000000e+00  -1.000000000000e+00  -1.000000000000e+00  -1.000000000000e+00   -1.000000000000e+00   -1.000000000000e+00   -1.000000000000e+00    -1.000000000000e+00    -1.000000     -1.000000     -0.001000     -0.001000     -1.000000     -0.001000     -0.001000     -0.000001     -0.001000     -0.001000     -1.000000     -1.000000     -1.000000 
212 7 1 75.000000 0.060000 -1.000000 -1.000000 -1.000000 -1.000000 nan nan nan nan -1.000000000000e+00 -1.000000e+00 -1.000000000000e+00  -1.000000000000e+00  -1.000000000000e+00  -1.000000000000e+00   -1.000000000000e+00   -1.000000000000e+00   -1.000000000000e+00    -1.000000000000e+00    -1.000000     -1.000000     -0.001000     -0.001000     -1.000000     -0.001000     -0.001000     -0.000001     -0.001000     -0.001000     -1.000000     -1.000000     -1.000000 
213 7 2 75.000000 0.100000 -1.000000 -1.000000 -1.000000 -1.000000 nan nan nan nan -1.000000000000e+00 -1.000000e+00 -1.000000000000e+00  -1.000000000000e+00  -1.000000000000e+00  -1.000000000000e+00   -1.000000000000e+00   -1.000000000000e+00   -1.000000000000e+00    -1.000000000000e+00    -1.000000     -1.000000     -0.001000     -0.001000     -1.000000     -0.001000     -0.001000     -0.000001     -0.001000     -0.001000     -1.000000     -1.000000     -1.000000 
214 7 3 75.000000 0.140000 -1.000000 -1.000000 -1.000000 -1.000000 nan nan nan nan -1.000000000000e+00 -1.000000e+00 -1.000000000000e+00  -1.000000000000e+00  -1.000000000000e+00  -1.000000000000e+00   -1.000000000000e+00   -1.000000000000e+00   -1.000000000000e+00    -1.000000000000e+00    -1.000000     -1.000000     -0.001000     -0.001000     -1.000000     -0.001000     -0.001000     -0.000001     -0.001000     -0.001000     -1.000000     -1.000000     -1.000000 
215 7 4 75.000000 0.180000 -1.000000 -1.000000 -1.000000 -1.000000 nan nan nan nan -1.000000000000e+00 -1.000000e+00 -1.000000000000e+00  -1.000000000000e+00  -1.000000000000e+00  -1.000000000000e+00   -1.000000000000e+00   -1.000000000000e+00   -1.000000000000e+00    -1.000000000000e+00    -1.000000     -1.000000     -0.001000     -0.001000     -1.000000     -0.001000     -0.001000     -0.000001     -0.001000     -0.001000     -1.000000     -1.000000     -1.000000 
216 7 5 75.000000 0.220000 -1.000000 -1.000000 -1.000000 -1.000000 nan nan nan nan -1.000000000000e+00 -1.000000e+00 -1.000000000000e+00  -1.000000000000e+00  -1.000000000000e+00  -1.000000000000e+00   -1.000000000000e+00   -1.000000000000e+00   -1.000000000000e+00    -1.000000000000e+00    -1.000000     -1.000000     -0.001000     -0.001000     -1.000000     -0.001000     -0.001000     -0.000001     -0.001000     -0.001000     -1.000000     -1.000000     -1.000000 
217 7 6 75.000000 0.260000 -1.000000 -1.000000 -1.000000 -1.000000 nan nan nan nan -1.000000000000e+00 -1.000000e+00 -1.000000000000e+00  -1.000000000000e+00  -1.000000000000e+00  -1.000000000000e+00   -1.000000000000e+00   -1.000000000000e+00   -1.000000000000e+00    -1.000000000000e+00    -1.000000     -1.000000     -0.001000     -0.001000     -1.000000     -0.001000     -0.001000     -0.000001     -0.001000     -0.001000     -1.000000     -1.000000     -1.000000 
218 7 7 75.000000 0.300000 -1.000000 -1.000000 -1.000000 -1.000000 nan nan nan nan -1.000000000000e+00 -1.000000e+00 -1.000000000000e+00  -1.000000000000e+00  -1.000000000000e+00  -1.000000000000e+00   -1.000000000000e+00   -1.000000000000e+00   -1.000000000000e+00    -1.000000000000e+00    -1.000000     -1.000000     -0.001000     -0.001000     -1.000000     -0.001000     -0.001000     -0.000001     -0.001000     -0.001000     -1.000000     -1.000000     -1.000000 
219 7 8 75.000000 0.340000 -1.000000 -1.000000 -1.000000 -1.000000 nan nan nan nan -1.000000000000e+00 -1.000000e+00 -1.000000000000e+00  -1.000000000000e+00  -1.000000000000e+00  -1.000000000000e+00   -1.000000000000e+00   -1.000000000000e+00   -1.000000000000e+00    -1.000000000000e+00    -1.000000     -1.000000     -0.001000     -0.001000     -1.000000     -0.001000     -0.001000     -0.000001     -0.001000     -0.001000     -1.000000     -1.000000     -1.000000 
220 7 9 75.000000 0.380000 -1.000000 -1.000000 -1.000000 -1.000000 nan nan nan nan -1.000000000000e+00 -1.000000e+00 -1.000000000000e+00  -1.000000000000e+00  -1.000000000000e+00  -1.000000000000e+00   -1.000000000000e+00   -1.000000000000e+00   -1.000000000000e+00    -1.000000000000e+00    -1.000000     -1.000000     -0.001000     -0.001000     -1.000000     -0.001000     -0.001000     -0.000001     -0.001000     -0.001000     -1.000000     -1.000000     -1.000000 
221 7 10 75.000000 0.420000 -1.000000 -1.000000 -1.000000 -1.000000 nan nan nan nan -1.000000000000e+00 -1.000000e+00 -1.000000000000e+00  -1.000000000000e+00  -1.000000000000e+00  -1.000000000000e+00   -1.000000000000e+00   -1.000000000000e+00   -1.000000000000e+00    -1.000000000000e+00    -1.000000     -1.000000     -0.001000     -0.001000     -1.000000     -0.001000     -0.001000     -0.000001     -0.001000     -0.001000     -1.000000     -1.000000     -1.000000 
222 7 11 75.000000 0.460000 -1.000000 -1.000000 -1.000000 -1.000000 nan nan nan nan -1.000000000000e+00 -1.000000e+00 -1.000000000000e+00  -1.000000000000e+00  -1.000000000000e+00  -1.000000000000e+00   -1.000000000000e+00   -1.000000000000e+00   -1.000000000000e+00    -1.000000000000e+00    -1.000000     -1.000000     -0.001000     -0.001000     -1.000000     -0.001000     -0.001000     -0.000001     -0.001000     -0.001000     -1.000000     -1.000000     -1.000000 
223 7 12 75.000000 0.500000 -1.000000 -1.000000 -1.000000 -1.000000 nan nan nan nan -1.000000000000e+00 -1.000000e+00 -1.000000000000e+00  -1.000000000000e+00  -1.000000000000e+00  -1.000000000000e+00   -1.000000000000e+00   -1.000000000000e+00   -1.000000000000e+00    -1.000000000000e+00    -1.000000     -1.000000     -0.001000     -0.001000     -1.000000     -0.001000     -0.001000     -0.000001     -0.001000     -0.001000     -1.000000     -1.000000     -1.000000 
224 7 13 75.000000 0.540000 -1.000000 -1.000000 -1.000000 -1.000000 nan nan nan nan -1.000000000000e+00 -1.000000e+00 -1.000000000000e+00  -1.000000000000e+00  -1.000000000000e+00  -1.000000000000e+00   -1.000000000000e+00   -1.000000000000e+00   -1.000000000000e+00    -1.000000000000e+00    -1.000000     -1.000000     -0.001000     -0.001000     -1.000000     -0.001000     -0.001000     -0.000001     -0.001000     -0.001000     -1.000000     -1.000000     -1.000000 
225 7 14 75.000000 0.580000 -1.000000 -1.000000 -1.000000 -1.000000 nan nan nan nan -1.000000000000e+00 -1.000000e+00 -1.000000000000e+00  -1.000000000000e+00  -1.000000000000e+00  -1.000000000000e+00   -1.000000000000e+00   -1.000000000000e+00   -1.000000000000e+00    -1.000000000000e+00    -1.000000     -1.000000     -0.001000     -0.001000     -1.000000     -0.001000     -0.001000     -0.000001     -0.001000     -0.001000     -1.000000     -1.000000     -1.000000 
226 7 15 75.000000 0.620000 -1.000000 -1.000000 -1.000000 -1.000000 nan nan nan nan -1.000000000000e+00 -1.000000e+00 -1.000000000000e+00  -1.000000000000e+00  -1.000000000000e+00  -1.000000000000e+00   -1.000000000000e+00   -1.000000000000e+00   -1.000000000000e+00    -1.000000000000e+00    -1.000000     -1.000000     -0.001000     -0.001000     -1.000000     -0.001000     -0.001000     -0.000001     -0.001000     -0.001000     -1.000000     -1.000000     -1.000000 
227 7 16 75.000000 0.660000 -1.000000 -1.000000 -1.000000 -1.000000 nan nan nan nan -1.000000000000e+00 -1.000000e+00 -1.000000000000e+00  -1.000000000000e+00  -1.000000000000e+00  -1.000000000000e+00   -1.000000000000e+00   -1.000000000000e+00   -1.000000000000e+00    -1.000000000000e+00    -1.000000     -1.000000     -0.001000     -0.001000     -1.000000     -0.001000     -0.001000     -0.000001     -0.001000     -0.001000     -1.000000     -1.000000     -1.000000 
228 7 17 75.000000 0.700000 -1.000000 -1.000000 -1.000000 -1.000000 nan nan nan nan -1.000000000000e+00 -1.000000e+00 -1.000000000000e+00  -1.000000000000e+00  -1.000000000000e+00  -1.000000000000e+00   -1.000000000000e+00   -1.000000000000e+00   -1.000000000000e+00    -1.000000000000e+00    -1.000000     -1.000000     -0.001000     -0.001000     -1.000000     -0.001000     -0.001000     -0.000001     -0.001000     -0.001000     -1.000000     -1.000000     -1.000000 
229 7 18 75.000000 0.740000 -1.000000 -1.000000 -1.000000 -1.000000 nan nan nan nan -1.000000000000e+00 -1.000000e+00 -1.000000000000e+00  -1.000000000000e+00  -1.000000000000e+00  -1.000000000000e+00   -1.000000000000e+00   -1.000000000000e+00   -1.000000000000e+00    -1.000000000000e+00    -1.000000     -1.000000     -0.001000     -0.001000     -1.000000     -0.001000     -0.001000     -0.000001     -0.001000     -0.001000     -1.000000     -1.000000     -1.000000 
230 7 19 75.000000 0.780000 -1.000000 -1.000000 -1.000000 -1.000000 nan nan nan nan -1.000000000000e+00 -1.000000e+00 -1.000000000000e+00  -1.000000000000e+00  -1.000000000000e+00  -1.000000000000e+00   -1.000000000000e+00   -1.000000000000e+00   -1.000000000000e+00    -1.000000000000e+00    -1.000000     -1.000000     -0.001000     -0.001000     -1.000000     -0.001000     -0.001000     -0.000001     -0.001000     -0.001000     -1.000000     -1.000000     -1.000000 
231 7 20 75.000000 0.820000 -1.000000 -1.000000 -1.000000 -1.000000 nan nan nan nan -1.000000000000e+00 -1.000000e+00 -1.000000000000e+00  -1.000000000000e+00  -1.000000000000e+00  -1.000000000000e+00   -1.000000000000e+00   -1.000000000000e+00   -1.000000000000e+00    -1.000000000000e+00    -1.000000     -1.000000     -0.001000     -0.001000     -1.000000     -0.001000     -0.001000     -0.000001     -0.001000     -0.001000     -1.000000     -1.000000     -1.000000 
232 7 21 75.000000 0.860000 -1.000000 -1.000000 -1.000000 -1.000000 nan nan nan nan -1.000000000000e+00 -1.000000e+00 -1.000000000000e+00  -1.000000000000e+00  -1.000000000000e+00  -1.000000000000e+00   -1.000000000000e+00   -1.000000000000e+00   -1.000000000000e+00    -1.000000000000e+00    -1.000000     -1.000000     -0.001000     -0.001000     -1.000000     -0.001000     -0.001000     -0.000001     -0.001000     -0.001000     -1.000000     -1.000000     -1.000000 
233 7 22 75.000000 0.900000 -1.000000 -1.000000 -1.000000 -1.000000 nan nan nan nan -1.000000000000e+00 -1.000000e+00 -1.000000000000e+00  -1.000000000000e+00  -1.000000000000e+00  -1.000000000000e+00   -1.000000000000e+00   -1.000000000000e+00   -1.000000000000e+00    -1.000000000000e+00    -1.000000     -1.000000     -0.001000     -0.001000     -1.000000     -0.001000     -0.001000     -0.000001     -0.001000     -0.001000     -1.000000     -1.000000     -1.000000 
234 7 23 75.000000 0.940000 -1.000000 -1.000000 -1.000000 -1.000000 nan nan nan nan -1.000000000000e+00 -1.000000e+00 -1.000000000000e+00  -1.000000000000e+00  -1.000000000000e+00  -1.000000000000e+00   -1.000000000000e+00   -1.000000000000e+00   -1.000000000000e+00    -1.000000000000e+00    -1.000000     -1.000000     -0.001000     -0.001000     -1.000000     -0.001000     -0.001000     -0.000001     -0.001000     -0.001000     -1.000000     -1.000000     -1.000000 
235 7 24 75.000000 0.980000 -1.000000 -1.000000 -1.000000 -1.000000 nan nan nan nan -1.000000000000e+00 -1.000000e+00 -1.000000000000e+00  -1.000000000000e+00  -1.000000000000e+00  -1.000000000000e+00   -1.000000000000e+00   -1.000000000000e+00   -1.000000000000e+00    -1.000000000000e+00    -1.000000     -1.000000     -0.001000     -0.001000     -1.000000     -0.001000     -0.001000     -0.000001     -0.001000     -0.001000     -1.000000     -1.000000     -1.000000 
236 7 25 75.000000 1.020000 -1.000000 -1.000000 -1.000000 -1.000000 nan nan nan nan -1.000000000000e+00 -1.000000e+00 -1.000000000000e+00  -1.000000000000e+00  -1.000000000000e+00  -1.000000000000e+00   -1.000000000000e+00   -1.000000000000e+00   -1.000000000000e+00    -1.000000000000e+00    -1.000000     -1.000000     -0.001000     -0.001000     -1.000000     -0.001000     -0.001000     -0.000001     -0.001000     -0.001000     -1.000000     -1.000000     -1.000000 
237 7 26 75.000000 1.060000 -1.000000 -1.000000 -1.000000 -1.000000 nan nan nan nan -1.000000000000e+00 -1.000000e+00 -1.000000000000e+00  -1.000000000000e+00  -1.000000000000e+00  -1.000000000000e+00   -1.000000000000e+00   -1.000000000000e+00   -1.000000000000e+00    -1.000000000000e+00    -1.000000     -1.000000     -0.001000     -0.001000     -1.000000     -0.001000     -0.001000     -0.000001     -0.001000     -0.001000     -1.000000     -1.000000     -1.000000 
238 7 27 75.000000 1.100000 -1.000000 -1.000000 -1.000000 -1.000000 nan nan nan nan -1.000000000000e+00 -1.000000e+00 -1.000000000000e+00  -1.000000000000e+00  -1.000000000000e+00  -1.000000000000e+00   -1.000000000000e+00   -1.000000000000e+00   -1.000000000000e+00    -1.000000000000e+00    -1.000000     -1.000000     -0.001000     -0.001000     -1.000000     -0.001000     -0.001000     -0.000001     -0.001000     -0.001000     -1.000000     -1.000000     -1.000000 
239 7 28 75.000000 1.140000 -1.000000 -1.000000 -1.000000 -1.000000 nan nan nan nan -1.000000000000e+00 -1.000000e+00 -1.000000000000e+00  -1.000000000000e+00  -1.000000000000e+00  -1.000000000000e+00   -1.000000000000e+00   -1.000000000000e+00   -1.000000000000e+00    -1.000000000000e+00    -1.000000     -1.000000     -0.001000     -0.001000     -1.000000     -0.001000     -0.001000     -0.000001     -0.001000     -0.001000     -1.000000     -1.000000     -1.000000 
240 7 29 75.000000 1.180000 -1.000000 -1.000000 -1.000000 -1.000000 nan nan nan nan -1.000000000000e+00 -1.000000e+00 -1.000000000000e+00  -1.000000000000e+00  -1.000000000000e+00  -1.000000000000e+00   -1.000000000000e+00   -1.000000000000e+00   -1.000000000000e+00    -1.000000000000e+00    -1.000000     -1.000000     -0.001000     -0.001000     -1.000000     -0.001000     -0.001000     -0.000001     -0.001000     -0.001000     -1.000000     -1.000000     -1.000000 
241 8 0 85.000000 0.020000 -1.000000 -1.000000 -1.000000 -1.000000 nan nan nan nan -1.000000000000e+00 -1.000000e+00 -1.000000000000e+00  -1.000000000000e+00  -1.000000000000e+00  -1.000000000000e+00   -1.000000000000e+00   -1.000000000000e+00   -1.000000000000e+00    -1.000000000000e+00    -1.000000     -1.000000     -0.001000     -0.001000     -1.000000     -0.001000     -0.001000     -0.000001     -0.001000     -0.001000     -1.000000     -1.000000     -1.000000 
242 8 1 85.000000 0.060000 -1.000000 -1.000000 -1.000000 -1.000000 nan nan nan nan -1.000000000000e+00 -1.000000e+00 -1.000000000000e+00  -1.000000000000e+00  -1.000000000000e+00  -1.000000000000e+00   -1.000000000000e+00   -1.000000000000e+00   -1.000000000000e+00    -1.000000000000e+00    -1.000000     -1.000000     -0.001000     -0.001000     -1.000000     -0.001000     -0.001000     -0.000001     -0.001000     -0.001000     -1.000000     -1.000000     -1.000000 
243 8 2 85.000000 0.100000 -1.000000 -1.000000 -1.000000 -1.000000 nan nan nan nan -1.000000000000e+00 -1.000000e+00 -1.000000000000e+00  -1.000000000000e+00  -1.000000000000e+00  -1.000000000000e+00   -1.000000000000e+00   -1.000000000000e+00   -1.000000000000e+00    -1.000000000000e+00    -1.000000     -1.000000     -0.001000     -0.001000     -1.000000     -0.001000     -0.001000     -0.000001     -0.001000     -0.001000     -1.000000     -1.000000     -1.000000 
244 8 3 85.000000 0.140000 -1.000000 -1.000000 -1.000000 -1.000000 nan nan nan nan -1.000000000000e+00 -1.000000e+00 -1.000000000000e+00  -1.000000000000e+00  -1.000000000000e+00  -1.000000000000e+00   -1.000000000000e+00   -1.000000000000e+00   -1.000000000000e+00    -1.000000000000e+00    -1.000000     -1.000000     -0.001000     -0.001000     -1.000000     -0.001000     -0.001000     -0.000001     -0.001000     -0.001000     -1.000000     -1.000000     -1.000000 
245 8 4 85.000000 0.180000 -1.000000 -1.000000 -1.000000 -1.000000 nan nan nan nan -1.000000000000e+00 -1.000000e+00 -1.000000000000e+00  -1.000000000000e+00  -1.000000000000e+00  -1.000000000000e+00   -1.000000000000e+00   -1.000000000000e+00   -1.000000000000e+00    -1.000000000000e+00    -1.000000     -1.000000     -0.001000     -0.001000     -1.000000     -0.001000     -0.001000     -0.000001     -0.001000     -0.001000     -1.000000     -1.000000     -1.000000 
246 8 5 85.000000 0.220000 -1.000000 -1.000000 -1.000000 -1.000000 nan nan nan nan -1.000000000000e+00 -1.000000e+00 -1.000000000000e+00  -1.000000000000e+00  -1.000000000000e+00  -1.000000000000e+00   -1.000000000000e+00   -1.000000000000e+00   -1.000000000000e+00    -1.000000000000e+00    -1.000000     -1.000000     -0.001000     -0.001000     -1.000000     -0.001000     -0.001000     -0.000001     -0.001000     -0.001000     -1.000000     -1.000000     -1.000000 
247 8 6 85.000000 0.260000 -1.000000 -1.000000 -1.000000 -1.000000 nan nan nan nan -1.000000000000e+00 -1.000000e+00 -1.000000000000e+00  -1.000000000000e+00  -1.000000000000e+00  -1.000000000000e+00   -1.000000000000e+00   -1.000000000000e+00   -1.000000000000e+00    -1.000000000000e+00    -1.000000     -1.000000     -0.001000     -0.001000     -1.000000     -0.001000     -0.001000     -0.000001     -0.001000     -0.001000     -1.000000     -1.000000     -1.000000 
248 8 7 85.000000 0.300000 -1.000000 -1.000000 -1.000000 -1.000000 nan nan nan nan -1.000000000000e+00 -1.000000e+00 -1.000000000000e+00  -1.000000000000e+00  -1.000000000000e+00  -1.000000000000e+00   -1.000000000000e+00   -1.000000000000e+00   -1.000000000000e+00    -1.000000000000e+00    -1.000000     -1.000000     -0.001000     -0.001000     -1.000000     -0.001000     -0.001000     -0.000001     -0.001000     -0.001000     -1.000000     -1.000000     -1.000000 
249 8 8 85.000000 0.340000 -1.000000 -1.000000 -1.000000 -1.000000 nan nan nan nan -1.000000000000e+00 -1.000000e+00 -1.000000000000e+00  -1.000000000000e+00  -1.000000000000e+00  -1.000000000000e+00   -1.000000000000e+00   -1.000000000000e+00   -1.000000000000e+00    -1.000000000000e+00    -1.000000     -1.000000     -0.001000     -0.001000     -1.000000     -0.001000     -0.001000     -0.000001     -0.001000     -0.001000     -1.000000     -1.000000     -1.000000 
250 8 9 85.000000 0.380000 -1.000000 -1.000000 -1.000000 -1.000000 nan nan nan nan -1.000000000000e+00 -1.000000e+00 -1.000000000000e+00  -1.000000000000e+00  -1.000000000000e+00  -1.000000000000e+00   -1.000000000000e+00   -1.000000000000e+00   -1.000000000000e+00    -1.000000000000e+00    -1.000000     -1.000000     -0.001000     -0.001000     -1.000000     -0.001000     -0.001000     -0.000001     -0.001000     -0.001000     -1.000000     -1.000000     -1.000000 
251 8 10 85.000000 0.420000 -1.000000 -1.000000 -1.000000 -1.000000 nan nan nan nan -1.000000000000e+00 -1.000000e+00 -1.000000000000e+00  -1.000000000000e+00  -1.000000000000e+00  -1.000000000000e+00   -1.000000000000e+00   -1.000000000000e+00   -1.000000000000e+00    -1.000000000000e+00    -1.000000     -1.000000     -0.001000     -0.001000     -1.000000     -0.001000     -0.001000     -0.000001     -0.001000     -0.001000     -1.000000     -1.000000     -1.000000 
252 8 11 85.000000 0.460000 -1.000000 -1.000000 -1.000000 -1.000000 nan nan nan nan -1.000000000000e+00 -1.000000e+00 -1.000000000000e+00  -1.000000000000e+00  -1.000000000000e+00  -1.000000000000e+00   -1.000000000000e+00   -1.000000000000e+00   -1.000000000000e+00    -1.000000000000e+00    -1.000000     -1.000000     -0.001000     -0.001000     -1.000000     -0.001000     -0.001000     -0.000001     -0.001000     -0.001000     -1.000000     -1.000000     -1.000000 
253 8 12 85.000000 0.500000 -1.000000 -1.000000 -1.000000 -1.000000 nan nan nan nan -1.000000000000e+00 -1.000000e+00 -1.000000000000e+00  -1.000000000000e+00  -1.000000000000e+00  -1.000000000000e+00   -1.000000000000e+00   -1.000000000000e+00   -1.000000000000e+00    -1.000000000000e+00    -1.000000     -1.000000     -0.001000     -0.001000     -1.000000     -0.001000     -0.001000     -0.000001     -0.001000     -0.001000     -1.000000     -1.000000     -1.000000 
254 8 13 85.000000 0.540000 -1.000000 -1.000000 -1.000000 -1.000000 nan nan nan nan -1.000000000000e+00 -1.000000e+00 -1.000000000000e+00  -1.000000000000e+00  -1.000000000000e+00  -1.000000000000e+00   -1.000000000000e+00   -1.000000000000e+00   -1.000000000000e+00    -1.000000000000e+00    -1.000000     -1.000000     -0.001000     -0.001000     -1.000000     -0.001000     -0.001000     -0.000001     -0.001000     -0.001000     -1.000000     -1.000000     -1.000000 
255 8 14 85.000000 0.580000 -1.000000 -1.000000 -1.000000 -1.000000 nan nan nan nan -1.000000000000e+00 -1.000000e+00 -1.000000000000e+00  -1.000000000000e+00  -1.000000000000e+00  -1.000000000000e+00   -1.000000000000e+00   -1.000000000000e+00   -1.000000000000e+00    -1.000000000000e+00    -1.000000     -1.000000     -0.001000     -0.001000     -1.000000     -0.001000     -0.001000     -0.000001     -0.001000     -0.001000     -1.000000     -1.000000     -1.000000 
256 8 15 85.000000 0.620000 -1.000000 -1.000000 -1.000000 -1.000000 nan nan nan nan -1.000000000000e+00 -1.000000e+00 -1.000000000000e+00  -1.000000000000e+00  -1.000000000000e+00  -1.000000000000e+00   -1.000000000000e+00   -1.000000000000e+00   -1.000000000000e+00    -1.000000000000e+00    -1.000000     -1.000000     -0.001000     -0.001000     -1.000000     -0.001000     -0.001000     -0.000001     -0.001000     -0.001000     -1.000000     -1.000000     -1.000000 
257 8 16 85.000000 0.660000 -1.000000 -1.000000 -1.000000 -1.000000 nan nan nan nan -1.000000000000e+00 -1.000000e+00 -1.000000000000e+00  -1.000000000000e+00  -1.000000000000e+00  -1.000000000000e+00   -1.000000000000e+00   -1.000000000000e+00   -1.000000000000e+00    -1.000000000000e+00    -1.000000     -1.000000     -0.001000     -0.001000     -1.000000     -0.001000     -0.001000     -0.000001     -0.001000     -0.001000     -1.000000     -1.000000     -1.000000 
258 8 17 85.000000 0.700000 -1.000000 -1.000000 -1.000000 -1.000000 nan nan nan nan -1.000000000000e+00 -1.000000e+00 -1.000000000000e+00  -1.000000000000e+00  -1.000000000000e+00  -1.000000000000e+00   -1.000000000000e+00   -1.000000000000e+00   -1.000000000000e+00    -1.000000000000e+00    -1.000000     -1.000000     -0.001000     -0.001000     -1.000000     -0.001000     -0.001000     -0.000001     -0.001000     -0.001000     -1.000000     -1.000000     -1.000000 
259 8 18 85.000000 0.740000 -1.000000 -1.000000 -1.000000 -1.000000 nan nan nan nan -1.000000000000e+00 -1.000000e+00 -1.000000000000e+00  -1.000000000000e+00  -1.000000000000e+00  -1.000000000000e+00   -1.000000000000e+00   -1.000000000000e+00   -1.000000000000e+00    -1.000000000000e+00    -1.000000     -1.000000     -0.001000     -0.001000     -1.000000     -0.001000     -0.001000     -0.000001     -0.001000     -0.001000     -1.000000     -1.000000     -1.000000 
260 8 19 85.000000 0.780000 -1.000000 -1.000000 -1.000000 -1.000000 nan nan nan nan -1.000000000000e+00 -1.000000e+00 -1.000000000000e+00  -1.000000000000e+00  -1.000000000000e+00  -1.000000000000e+00   -1.000000000000e+00   -1.000000000000e+00   -1.000000000000e+00    -1.000000000000e+00    -1.000000     -1.000000     -0.001000     -0.001000     -1.000000     -0.001000     -0.001000     -0.000001     -0.001000     -0.001000     -1.000000     -1.000000     -1.000000 
261 8 20 85.000000 0.820000 -1.000000 -1.000000 -1.000000 -1.000000 nan nan nan nan -1.000000000000e+00 -1.000000e+00 -1.000000000000e+00  -1.000000000000e+00  -1.000000000000e+00  -1.000000000000e+00   -1.000000000000e+00   -1.000000000000e+00   -1.000000000000e+00    -1.000000000000e+00    -1.000000     -1.000000     -0.001000     -0.001000     -1.000000     -0.001000     -0.001000     -0.000001     -0.001000     -0.001000     -1.000000     -1.000000     -1.000000 
262 8 21 85.000000 0.860000 -1.000000 -1.000000 -1.000000 -1.000000 nan nan nan nan -1.000000000000e+00 -1.000000e+00 -1.000000000000e+00  -1.000000000000e+00  -1.000000000000e+00  -1.000000000000e+00   -1.000000000000e+00   -1.000000000000e+00   -1.000000000000e+00    -1.000000000000e+00    -1.000000     -1.000000     -0.001000     -0.001000     -1.000000     -0.001000     -0.001000     -0.000001     -0.001000     -0.001000     -1.000000     -1.000000     -1.000000 
263 8 22 85.000000 0.900000 -1.000000 -1.000000 -1.000000 -1.000000 nan nan nan nan -1.000000000000e+00 -1.000000e+00 -1.000000000000e+00  -1.000000000000e+00  -1.000000000000e+00  -1.000000000000e+00   -1.000000000000e+00   -1.000000000000e+00   -1.000000000000e+00    -1.000000000000e+00    -1.000000     -1.000000     -0.001000     -0.001000     -1.000000     -0.001000     -0.001000     -0.000001     -0.001000     -0.001000     -1.000000     -1.000000     -1.000000 
264 8 23 85.000000 0.940000 -1.000000 -1.000000 -1.000000 -1.000000 nan nan nan nan -1.000000000000e+00 -1.000000e+00 -1.000000000000e+00  -1.000000000000e+00  -1.000000000000e+00  -1.000000000000e+00   -1.000000000000e+00   -1.000000000000e+00   -1.000000000000e+00    -1.000000000000e+00    -1.000000     -1.000000     -0.001000     -0.001000     -1.000000     -0.001000     -0.001000     -0.000001     -0.001000     -0.001000     -1.000000     -1.000000     -1.000000 
265 8 24 85.000000 0.980000 -1.000000 -1.000000 -1.000000 -1.000000 nan nan nan nan -1.000000000000e+00 -1.000000e+00 -1.000000000000e+00  -1.000000000000e+00  -1.000000000000e+00  -1.000000000000e+00   -1.000000000000e+00   -1.000000000000e+00   -1.000000000000e+00    -1.000000000000e+00    -1.000000     -1.000000     -0.001000     -0.001000     -1.000000     -0.001000     -0.001000     -0.000001     -0.001000     -0.001000     -1.000000     -1.000000     -1.000000 
266 8 25 85.000000 1.020000 -1.000000 -1.000000 -1.000000 -1.000000 nan nan nan nan -1.000000000000e+00 -1.000000e+00 -1.000000000000e+00  -1.000000000000e+00  -1.000000000000e+00  -1.000000000000e+00   -1.000000000000e+00   -1.000000000000e+00   -1.000000000000e+00    -1.000000000000e+00    -1.000000     -1.000000     -0.001000     -0.001000     -1.000000     -0.001000     -0.001000     -0.000001     -0.001000     -0.001000     -1.000000     -1.000000     -1.000000 
267 8 26 85.000000 1.060000 -1.000000 -1.000000 -1.000000 -1.000000 nan nan nan nan -1.000000000000e+00 -1.000000e+00 -1.000000000000e+00  -1.000000000000e+00  -1.000000000000e+00  -1.000000000000e+00   -1.000000000000e+00   -1.000000000000e+00   -1.000000000000e+00    -1.000000000000e+00    -1.000000     -1.000000     -0.001000     -0.001000     -1.000000     -0.001000     -0.001000     -0.000001     -0.001000     -0.001000     -1.000000     -1.000000     -1.000000 
268 8 27 85.000000 1.100000 -1.000000 -1.000000 -1.000000 -1.000000 nan nan nan nan -1.000000000000e+00 -1.000000e+00 -1.000000000000e+00  -1.000000000000e+00  -1.000000000000e+00  -1.000000000000e+00   -1.000000000000e+00   -1.000000000000e+00   -1.000000000000e+00    -1.000000000000e+00    -1.000000     -1.000000     -0.001000     -0.001000     -1.000000     -0.001000     -0.001000     -0.000001     -0.001000     -0.001000     -1.000000     -1.000000     -1.000000 
269 8 28 85.000000 1.140000 -1.000000 -1.000000 -1.000000 -1.000000 nan nan nan nan -1.000000000000e+00 -1.000000e+00 -1.000000000000e+00  -1.000000000000e+00  -1.000000000000e+00  -1.000000000000e+00   -1.000000000000e+00   -1.000000000000e+00   -1.000000000000e+00    -1.000000000000e+00    -1.000000     -1.000000     -0.001000     -0.001000     -1.000000     -0.001000     -0.001000     -0.000001     -0.001000     -0.001000     -1.000000     -1.000000     -1.000000 
270 8 29 85.000000 1.180000 -1.000000 -1.000000 -1.000000 -1.000000 nan nan nan nan -1.000000000000e+00 -1.000000e+00 -1.000000000000e+00  -1.000000000000e+00  -1.000000000000e+00  -1.000000000000e+00   -1.000000000000e+00   -1.000000000000e+00   -1.000000000000e+00    -1.000000000000e+00    -1.000000     -1.000000     -0.001000     -0.001000     -1.000000     -0.001000     -0.001000     -0.000001     -0.001000     -0.001000     -1.000000     -1.000000     -1.000000 
271 9 0 95.000000 0.020000 -1.000000 -1.000000 -1.000000 -1.000000 nan nan nan nan -1.000000000000e+00 -1.000000e+00 -1.000000000000e+00  -1.000000000000e+00  -1.000000000000e+00  -1.000000000000e+00   -1.000000000000e+00   -1.000000000000e+00   -1.000000000000e+00    -1.000000000000e+00    -1.000000     -1.000000     -0.001000     -0.001000     -1.000000     -0.001000     -0.001000     -0.000001     -0.001000     -0.001000     -1.000000     -1.000000     -1.000000 
272 9 1 95.000000 0.060000 -1.000000 -1.000000 -1.000000 -1.000000 nan nan nan nan -1.000000000000e+00 -1.000000e+00 -1.000000000000e+00  -1.000000000000e+00  -1.000000000000e+00  -1.000000000000e+00   -1.000000000000e+00   -1.000000000000e+00   -1.000000000000e+00    -1.000000000000e+00    -1.000000     -1.000000     -0.001000     -0.001000     -1.000000     -0.001000     -0.001000     -0.000001     -0.001000     -0.001000     -1.000000     -1.000000     -1.000000 
273 9 2 95.000000 0.100000 -1.000000 -1.000000 -1.000000 -1.000000 nan nan nan nan -1.000000000000e+00 -1.000000e+00 -1.000000000000e+00  -1.000000000000e+00  -1.000000000000e+00  -1.000000000000e+00   -1.000000000000e+00   -1.000000000000e+00   -1.000000000000e+00    -1.000000000000e+00    -1.000000     -1.000000     -0.001000     -0.001000     -1.000000     -0.001000     -0.001000     -0.000001     -0.001000     -0.001000     -1.000000     -1.000000     -1.000000 
274 9 3 95.000000 0.140000 -1.000000 -1.000000 -1.000000 -1.000000 nan nan nan nan -1.000000000000e+00 -1.000000e+00 -1.000000000000e+00  -1.000000000000e+00  -1.000000000000e+00  -1.000000000000e+00   -1.000000000000e+00   -1.000000000000e+00   -1.000000000000e+00    -1.000000000000e+00    -1.000000     -1.000000     -0.001000     -0.001000     -1.000000     -0.001000     -0.001000     -0.000001     -0.001000     -0.001000     -1.000000     -1.000000     -1.000000 
275 9 4 95.000000 0.180000 -1.000000 -1.000000 -1.000000 -1.000000 nan nan nan nan -1.000000000000e+00 -1.000000e+00 -1.000000000000e+00  -1.000000000000e+00  -1.000000000000e+00  -1.000000000000e+00   -1.000000000000e+00   -1.000000000000e+00   -1.000000000000e+00    -1.000000000000e+00    -1.000000     -1.000000     -0.001000     -0.001000     -1.000000     -0.001000     -0.001000     -0.000001     -0.001000     -0.001000     -1.000000     -1.000000     -1.000000 
276 9 5 95.000000 0.220000 -1.000000 -1.000000 -1.000000 -1.000000 nan nan nan nan -1.000000000000e+00 -1.000000e+00 -1.000000000000e+00  -1.000000000000e+00  -1.000000000000e+00  -1.000000000000e+00   -1.000000000000e+00   -1.000000000000e+00   -1.000000000000e+00    -1.000000000000e+00    -1.000000     -1.000000     -0.001000     -0.001000     -1.000000     -0.001000     -0.001000     -0.000001     -0.001000     -0.001000     -1.000000     -1.000000     -1.000000 
277 9 6 95.000000 0.260000 -1.000000 -1.000000 -1.000000 -1.000000 nan nan nan nan -1.000000000000e+00 -1.000000e+00 -1.000000000000e+00  -1.000000000000e+00  -1.000000000000e+00  -1.000000000000e+00   -1.000000000000e+00   -1.000000000000e+00   -1.000000000000e+00    -1.000000000000e+00    -1.000000     -1.000000     -0.001000     -0.001000     -1.000000     -0.001000     -0.001000     -0.000001     -0.001000     -0.001000     -1.000000     -1.000000     -1.000000 
278 9 7 95.000000 0.300000 -1.000000 -1.000000 -1.000000 -1.000000 nan nan nan nan -1.000000000000e+00 -1.000000e+00 -1.000000000000e+00  -1.000000000000e+00  -1.000000000000e+00  -1.000000000000e+00   -1.000000000000e+00   -1.000000000000e+00   -1.000000000000e+00    -1.000000000000e+00    -1.000000     -1.000000     -0.001000     -0.001000     -1.000000     -0.001000     -0.001000     -0.000001     -0.001000     -0.001000     -1.000000     -1.000000     -1.000000 
279 9 8 95.000000 0.340000 -1.000000 -1.000000 -1.000000 -1.000000 nan nan nan nan -1.000000000000e+00 -1.000000e+00 -1.000000000000e+00  -1.000000000000e+00  -1.000000000000e+00  -1.000000000000e+00   -1.000000000000e+00   -1.000000000000e+00   -1.000000000000e+00    -1.000000000000e+00    -1.000000     -1.000000     -0.001000     -0.001000     -1.000000     -0.001000     -0.001000     -0.000001     -0.001000     -0.001000     -1.000000     -1.000000     -1.000000 
280 9 9 95.000000 0.380000 -1.000000 -1.000000 -1.000000 -1.000000 nan nan nan nan -1.000000000000e+00 -1.000000e+00 -1.000000000000e+00  -1.000000000000e+00  -1.000000000000e+00  -1.000000000000e+00   -1.000000000000e+00   -1.000000000000e+00   -1.000000000000e+00    -1.000000000000e+00    -1.000000     -1.000000     -0.001000     -0.001000     -1.000000     -0.001000     -0.001000     -0.000001     -0.001000     -0.001000     -1.000000     -1.000000     -1.000000 
281 9 10 95.000000 0.420000 -1.000000 -1.000000 -1.000000 -1.000000 nan nan nan nan -1.000000000000e+00 -1.000000e+00 -1.000000000000e+00  -1.000000000000e+00  -1.000000000000e+00  -1.000000000000e+00   -1.000000000000e+00   -1.000000000000e+00   -1.000000000000e+00    -1.000000000000e+00    -1.000000     -1.000000     -0.001000     -0.001000     -1.000000     -0.001000     -0.001000     -0.000001     -0.001000     -0.001000     -1.000000     -1.000000     -1.000000 
282 9 11 95.000000 0.460000 -1.000000 -1.000000 -1.000000 -1.000000 nan nan nan nan -1.000000000000e+00 -1.000000e+00 -1.000000000000e+00  -1.000000000000e+00  -1.000000000000e+00  -1.000000000000e+00   -1.000000000000e+00   -1.000000000000e+00   -1.000000000000e+00    -1.000000000000e+00    -1.000000     -1.000000     -0.001000     -0.001000     -1.000000     -0.001000     -0.001000     -0.000001     -0.001000     -0.001000     -1.000000     -1.000000     -1.000000 
283 9 12 95.000000 0.500000 -1.000000 -1.000000 -1.000000 -1.000000 nan nan nan nan -1.000000000000e+00 -1.000000e+00 -1.000000000000e+00  -1.000000000000e+00  -1.000000000000e+00  -1.000000000000e+00   -1.000000000000e+00   -1.000000000000e+00   -1.000000000000e+00    -1.000000000000e+00    -1.000000     -1.000000     -0.001000     -0.001000     -1.000000     -0.001000     -0.001000     -0.000001     -0.001000     -0.001000     -1.000000     -1.000000     -1.000000 
284 9 13 95.000000 0.540000 -1.000000 -1.000000 -1.000000 -1.000000 nan nan nan nan -1.000000000000e+00 -1.000000e+00 -1.000000000000e+00  -1.000000000000e+00  -1.000000000000e+00  -1.000000000000e+00   -1.000000000000e+00   -1.000000000000e+00   -1.000000000000e+00    -1.000000000000e+00    -1.000000     -1.000000     -0.001000     -0.001000     -1.000000     -0.001000     -0.001000     -0.000001     -0.001000     -0.001000     -1.000000     -1.000000     -1.000000 
285 9 14 95.000000 0.580000 -1.000000 -1.000000 -1.000000 -1.000000 nan nan nan nan -1.000000000000e+00 -1.000000e+00 -1.000000000000e+00  -1.000000000000e+00  -1.000000000000e+00  -1.000000000000e+00   -1.000000000000e+00   -1.000000000000e+00   -1.000000000000e+00    -1.000000000000e+00    -1.000000     -1.000000     -0.001000     -0.001000     -1.000000     -0.001000     -0.001000     -0.000001     -0.001000     -0.001000     -1.000000     -1.000000     -1.000000 
286 9 15 95.000000 0.620000 -1.000000 -1.000000 -1.000000 -1.000000 nan nan nan nan -1.000000000000e+00 -1.000000e+00 -1.000000000000e+00  -1.000000000000e+00  -1.000000000000e+00  -1.000000000000e+00   -1.000000000000e+00   -1.000000000000e+00   -1.000000000000e+00    -1.000000000000e+00    -1.000000     -1.000000     -0.001000     -0.001000     -1.000000     -0.001000     -0.001000     -0.000001     -0.001000     -0.001000     -1.000000     -1.000000     -1.000000 
287 9 16 95.000000 0.660000 -1.000000 -1.000000 -1.000000 -1.000000 nan nan nan nan -1.000000000000e+00 -1.000000e+00 -1.000000000000e+00  -1.000000000000e+00  -1.000000000000e+00  -1.000000000000e+00   -1.000000000000e+00   -1.000000000000e+00   -1.000000000000e+00    -1.000000000000e+00    -1.000000     -1.000000     -0.001000     -0.001000     -1.000000     -0.001000     -0.001000     -0.000001     -0.001000     -0.001000     -1.000000     -1.000000     -1.000000 
288 9 17 95.000000 0.700000 -1.000000 -1.000000 -1.000000 -1.000000 nan nan nan nan -1.000000000000e+00 -1.000000e+00 -1.000000000000e+00  -1.000000000000e+00  -1.000000000000e+00  -1.000000000000e+00   -1.000000000000e+00   -1.000000000000e+00   -1.000000000000e+00    -1.000000000000e+00    -1.000000     -1.000000     -0.001000     -0.001000     -1.000000     -0.001000     -0.001000     -0.000001     -0.001000     -0.001000     -1.000000     -1.000000     -1.000000 
289 9 18 95.000000 0.740000 -1.000000 -1.000000 -1.000000 -1.000000 nan nan nan nan -1.000000000000e+00 -1.000000e+00 -1.000000000000e+00  -1.000000000000e+00  -1.000000000000e+00  -1.000000000000e+00   -1.000000000000e+00   -1.000000000000e+00   -1.000000000000e+00    -1.000000000000e+00    -1.000000     -1.000000     -0.001000     -0.001000     -1.000000     -0.001000     -0.001000     -0.000001     -0.001000     -0.001000     -1.000000     -1.000000     -1.000000 
290 9 19 95.000000 0.780000 -1.000000 -1.000000 -1.000000 -1.000000 nan nan nan nan -1.000000000000e+00 -1.000000e+00 -1.000000000000e+00  -1.000000000000e+00  -1.000000000000e+00  -1.000000000000e+00   -1.000000000000e+00   -1.000000000000e+00   -1.000000000000e+00    -1.000000000000e+00    -1.000000     -1.000000     -0.001000     -0.001000     -1.000000     -0.001000     -0.001000     -0.000001     -0.001000     -0.001000     -1.000000     -1.000000     -1.000000 
291 9 20 95.000000 0.820000 -1.000000 -1.000000 -1.000000 -1.000000 nan nan nan nan -1.000000000000e+00 -1.000000e+00 -1.000000000000e+00  -1.000000000000e+00  -1.000000000000e+00  -1.000000000000e+00   -1.000000000000e+00   -1.000000000000e+00   -1.000000000000e+00    -1.000000000000e+00    -1.000000     -1.000000     -0.001000     -0.001000     -1.000000     -0.001000     -0.001000     -0.000001     -0.001000     -0.001000     -1.000000     -1.000000     -1.000000 
292 9 21 95.000000 0.860000 -1.000000 -1.000000 -1.000000 -1.000000 nan nan nan nan -1.000000000000e+00 -1.000000e+00 -1.000000000000e+00  -1.000000000000e+00  -1.000000000000e+00  -1.000000000000e+00   -1.000000000000e+00   -1.000000000000e+00   -1.000000000000e+00    -1.000000000000e+00    -1.000000     -1.000000     -0.001000     -0.001000     -1.000000     -0.001000     -0.001000     -0.000001     -0.001000     -0.001000     -1.000000     -1.000000     -1.000000 
293 9 22 95.000000 0.900000 -1.000000 -1.000000 -1.000000 -1.000000 nan nan nan nan -1.000000000000e+00 -1.000000e+00 -1.000000000000e+00  -1.000000000000e+00  -1.000000000000e+00  -1.000000000000e+00   -1.000000000000e+00   -1.000000000000e+00   -1.000000000000e+00    -1.000000000000e+00    -1.000000     -1.000000     -0.001000     -0.001000     -1.000000     -0.001000     -0.001000     -0.000001     -0.001000     -0.001000     -1.000000     -1.000000     -1.000000 
294 9 23 95.000000 0.940000 -1.000000 -1.000000 -1.000000 -1.000000 nan nan nan nan -1.000000000000e+00 -1.000000e+00 -1.000000000000e+00  -1.000000000000e+00  -1.000000000000e+00  -1.000000000000e+00   -1.000000000000e+00   -1.000000000000e+00   -1.000000000000e+00    -1.000000000000e+00    -1.000000     -1.000000     -0.001000     -0.001000     -1.000000     -0.001000     -0.001000     -0.000001     -0.001000     -0.001000     -1.000000     -1.000000     -1.000000 
295 9 24 95.000000 0.980000 -1.000000 -1.000000 -1.000000 -1.000000 nan nan nan nan -1.000000000000e+00 -1.000000e+00 -1.000000000000e+00  -1.000000000000e+00  -1.000000000000e+00  -1.000000000000e+00   -1.000000000000e+00   -1.000000000000e+00   -1.000000000000e+00    -1.000000000000e+00    -1.000000     -1.000000     -0.001000     -0.001000     -1.000000     -0.001000     -0.001000     -0.000001     -0.001000     -0.001000     -1.000000     -1.000000     -1.000000 
296 9 25 95.000000 1.020000 -1.000000 -1.000000 -1.000000 -1.000000 nan nan nan nan -1.000000000000e+00 -1.000000e+00 -1.000000000000e+00  -1.000000000000e+00  -1.000000000000e+00  -1.000000000000e+00   -1.000000000000e+00   -1.000000000000e+00   -1.000000000000e+00    -1.000000000000e+00    -1.000000     -1.000000     -0.001000     -0.001000     -1.000000     -0.001000     -0.001000     -0.000001     -0.001000     -0.001000     -1.000000     -1.000000     -1.000000 
297 9 26 95.000000 1.060000 -1.000000 -1.000000 -1.000000 -1.000000 nan nan nan nan -1.000000000000e+00 -1.000000e+00 -1.000000000000e+00  -1.000000000000e+00  -1.000000000000e+00  -1.000000000000e+00   -1.000000000000e+00   -1.000000000000e+00   -1.000000000000e+00    -1.000000000000e+00    -1.000000     -1.000000     -0.001000     -0.001000     -1.000000     -0.001000     -0.001000     -0.000001     -0.001000     -0.001000     -1.000000     -1.000000     -1.000000 
298 9 27 95.000000 1.100000 -1.000000 -1.000000 -1.000000 -1.000000 nan nan nan nan -1.000000000000e+00 -1.000000e+00 -1.000000000000e+00  -1.000000000000e+00  -1.000000000000e+00  -1.000000000000e+00   -1.000000000000e+00   -1.000000000000e+00   -1.000000000000e+00    -1.000000000000e+00    -1.000000     -1.000000     -0.001000     -0.001000     -1.000000     -0.001000     -0.001000     -0.000001     -0.001000     -0.001000     -1.000000     -1.000000     -1.000000 
299 9 28 95.000000 1.140000 -1.000000 -1.000000 -1.000000 -1.000000 nan nan nan nan -1.000000000000e+00 -1.000000e+00 -1.000000000000e+00  -1.000000000000e+00  -1.000000000000e+00  -1.000000000000e+00   -1.000000000000e+00   -1.000000000000e+00   -1.000000000000e+00    -1.000000000000e+00    -1.000000     -1.000000     -0.001000     -0.001000     -1.000000     -0.001000     -0.001000     -0.000001     -0.001000     -0.001000     -1.000000     -1.000000     -1.000000 
300 9 29 95.000000 1.180000 -1.000000 -1.000000 -1.000000 -1.000000 nan nan nan nan -1.000000000000e+00 -1.000000e+00 -1.000000000000e+00  -1.000000000000e+00  -1.000000000000e+00  -1.000000000000e+00   -1.000000000000e+00   -1.000000000000e+00   -1.000000000000e+00    -1.000000000000e+00    -1.000000     -1.000000     -0.001000     -0.001000     -1.000000     -0.001000     -0.001000     -0.000001     -0.001000     -0.001000     -1.000000     -1.000000     -1.000000 
301 10 0 105.000000 0.020000 -1.000000 -1.000000 -1.000000 -1.000000 nan nan nan nan -1.000000000000e+00 -1.000000e+00 -1.000000000000e+00  -1.000000000000e+00  -1.000000000000e+00  -1.000000000000e+00   -1.000000000000e+00   -1.000000000000e+00   -1.000000000000e+00    -1.000000000000e+00    -1.000000     -1.000000     -0.001000     -0.001000     -1.000000     -0.001000     -0.001000     -0.000001     -0.001000     -0.001000     -1.000000     -1.000000     -1.000000 
302 10 1 105.000000 0.060000 -1.000000 -1.000000 -1.000000 -1.000000 nan nan nan nan -1.000000000000e+00 -1.000000e+00 -1.000000000000e+00  -1.000000000000e+00  -1.000000000000e+00  -1.000000000000e+00   -1.000000000000e+00   -1.000000000000e+00   -1.000000000000e+00    -1.000000000000e+00    -1.000000     -1.000000     -0.001000     -0.001000     -1.000000     -0.001000     -0.001000     -0.000001     -0.001000     -0.001000     -1.000000     -1.000000     -1.000000 
303 10 2 105.000000 0.100000 -1.000000 -1.000000 -1.000000 -1.000000 nan nan nan nan -1.000000000000e+00 -1.000000e+00 -1.000000000000e+00  -1.000000000000e+00  -1.000000000000e+00  -1.000000000000e+00   -1.000000000000e+00   -1.000000000000e+00   -1.000000000000e+00    -1.000000000000e+00    -1.000000     -1.000000     -0.001000     -0.001000     -1.000000     -0.001000     -0.001000     -0.000001     -0.001000     -0.001000     -1.000000     -1.000000     -1.000000 
304 10 3 105.000000 0.140000 -1.000000 -1.000000 -1.000000 -1.000000 nan nan nan nan -1.000000000000e+00 -1.000000e+00 -1.000000000000e+00  -1.000000000000e+00  -1.000000000000e+00  -1.000000000000e+00   -1.000000000000e+00   -1.000000000000e+00   -1.000000000000e+00    -1.000000000000e+00    -1.000000     -1.000000     -0.001000     -0.001000     -1.000000     -0.001000     -0.001000     -0.000001     -0.001000     -0.001000     -1.000000     -1.000000     -1.000000 
305 10 4 105.000000 0.180000 -1.000000 -1.000000 -1.000000 -1.000000 nan nan nan nan -1.000000000000e+00 -1.000000e+00 -1.000000000000e+00  -1.000000000000e+00  -1.000000000000e+00  -1.000000000000e+00   -1.000000000000e+00   -1.000000000000e+00   -1.000000000000e+00    -1.000000000000e+00    -1.000000     -1.000000     -0.001000     -0.001000     -1.000000     -0.001000     -0.001000     -0.000001     -0.001000     -0.001000     -1.000000     -1.000000     -1.000000 
306 10 5 105.000000 0.220000 -1.000000 -1.000000 -1.000000 -1.000000 nan nan nan nan -1.000000000000e+00 -1.000000e+00 -1.000000000000e+00  -1.000000000000e+00  -1.000000000000e+00  -1.000000000000e+00   -1.000000000000e+00   -1.000000000000e+00   -1.000000000000e+00    -1.000000000000e+00    -1.000000     -1.000000     -0.001000     -0.001000     -1.000000     -0.001000     -0.001000     -0.000001     -0.001000     -0.001000     -1.000000     -1.000000     -1.000000 
307 10 6 105.000000 0.260000 -1.000000 -1.000000 -1.000000 -1.000000 nan nan nan nan -1.000000000000e+00 -1.000000e+00 -1.000000000000e+00  -1.000000000000e+00  -1.000000000000e+00  -1.000000000000e+00   -1.000000000000e+00   -1.000000000000e+00   -1.000000000000e+00    -1.000000000000e+00    -1.000000     -1.000000     -0.001000     -0.001000     -1.000000     -0.001000     -0.001000     -0.000001     -0.001000     -0.001000     -1.000000     -1.000000     -1.000000 
308 10 7 105.000000 0.300000 -1.000000 -1.000000 -1.000000 -1.000000 nan nan nan nan -1.000000000000e+00 -1.000000e+00 -1.000000000000e+00  -1.000000000000e+00  -1.000000000000e+00  -1.000000000000e+00   -1.000000000000e+00   -1.000000000000e+00   -1.000000000000e+00    -1.000000000000e+00    -1.000000     -1.000000     -0.001000     -0.001000     -1.000000     -0.001000     -0.001000     -0.000001     -0.001000     -0.001000     -1.000000     -1.000000     -1.000000 
309 10 8 105.000000 0.340000 -1.000000 -1.000000 -1.000000 -1.000000 nan nan nan nan -1.000000000000e+00 -1.000000e+00 -1.000000000000e+00  -1.000000000000e+00  -1.000000000000e+00  -1.000000000000e+00   -1.000000000000e+00   -1.000000000000e+00   -1.000000000000e+00    -1.000000000000e+00    -1.000000     -1.000000     -0.001000     -0.001000     -1.000000     -0.001000     -0.001000     -0.000001     -0.001000     -0.001000     -1.000000     -1.000000     -1.000000 
310 10 9 105.000000 0.380000 -1.000000 -1.000000 -1.000000 -1.000000 nan nan nan nan -1.000000000000e+00 -1.000000e+00 -1.000000000000e+00  -1.000000000000e+00  -1.000000000000e+00  -1.000000000000e+00   -1.000000000000e+00   -1.000000000000e+00   -1.000000000000e+00    -1.000000000000e+00    -1.000000     -1.000000     -0.001000     -0.001000     -1.000000     -0.001000     -0.001000     -0.000001     -0.001000     -0.001000     -1.000000     -1.000000     -1.000000 
311 10 10 105.000000 0.420000 -1.000000 -1.000000 -1.000000 -1.000000 nan nan nan nan -1.000000000000e+00 -1.000000e+00 -1.000000000000e+00  -1.000000000000e+00  -1.000000000000e+00  -1.000000000000e+00   -1.000000000000e+00   -1.000000000000e+00   -1.000000000000e+00    -1.000000000000e+00    -1.000000     -1.000000     -0.001000     -0.001000     -1.000000     -0.001000     -0.001000     -0.000001     -0.001000     -0.001000     -1.000000     -1.000000     -1.000000 
312 10 11 105.000000 0.460000 -1.000000 -1.000000 -1.000000 -1.000000 nan nan nan nan -1.000000000000e+00 -1.000000e+00 -1.000000000000e+00  -1.000000000000e+00  -1.000000000000e+00  -1.000000000000e+00   -1.000000000000e+00   -1.000000000000e+00   -1.000000000000e+00    -1.000000000000e+00    -1.000000     -1.000000     -0.001000     -0.001000     -1.000000     -0.001000     -0.001000     -0.000001     -0.001000     -0.001000     -1.000000     -1.000000     -1.000000 
313 10 12 105.000000 0.500000 -1.000000 -1.000000 -1.000000 -1.000000 nan nan nan nan -1.000000000000e+00 -1.000000e+00 -1.000000000000e+00  -1.000000000000e+00  -1.000000000000e+00  -1.000000000000e+00   -1.000000000000e+00   -1.000000000000e+00   -1.000000000000e+00    -1.000000000000e+00    -1.000000     -1.000000     -0.001000     -0.001000     -1.000000     -0.001000     -0.001000     -0.000001     -0.001000     -0.001000     -1.000000     -1.000000     -1.000000 
314 10 13 105.000000 0.540000 -1.000000 -1.000000 -1.000000 -1.000000 nan nan nan nan -1.000000000000e+00 -1.000000e+00 -1.000000000000e+00  -1.000000000000e+00  -1.000000000000e+00  -1.000000000000e+00   -1.000000000000e+00   -1.000000000000e+00   -1.000000000000e+00    -1.000000000000e+00    -1.000000     -1.000000     -0.001000     -0.001000     -1.000000     -0.001000     -0.001000     -0.000001     -0.001000     -0.001000     -1.000000     -1.000000     -1.000000 
315 10 14 105.000000 0.580000 -1.000000 -1.000000 -1.000000 -1.000000 nan nan nan nan -1.000000000000e+00 -1.000000e+00 -1.000000000000e+00  -1.000000000000e+00  -1.000000000000e+00  -1.000000000000e+00   -1.000000000000e+00   -1.000000000000e+00   -1.000000000000e+00    -1.000000000000e+00    -1.000000     -1.000000     -0.001000     -0.001000     -1.000000     -0.001000     -0.001000     -0.000001     -0.001000     -0.001000     -1.000000     -1.000000     -1.000000 
316 10 15 105.000000 0.620000 -1.000000 -1.000000 -1.000000 -1.000000 nan nan nan nan -1.000000000000e+00 -1.000000e+00 -1.000000000000e+00  -1.000000000000e+00  -1.000000000000e+00  -1.000000000000e+00   -1.000000000000e+00   -1.000000000000e+00   -1.000000000000e+00    -1.000000000000e+00    -1.000000     -1.000000     -0.001000     -0.001000     -1.000000     -0.001000     -0.001000     -0.000001     -0.001000     -0.001000     -1.000000     -1.000000     -1.000000 
317 10 16 105.000000 0.660000 -1.000000 -1.000000 -1.000000 -1.000000 nan nan nan nan -1.000000000000e+00 -1.000000e+00 -1.000000000000e+00  -1.000000000000e+00  -1.000000000000e+00  -1.000000000000e+00   -1.000000000000e+00   -1.000000000000e+00   -1.000000000000e+00    -1.000000000000e+00    -1.000000     -1.000000     -0.001000     -0.001000     -1.000000     -0.001000     -0.001000     -0.000001     -0.001000     -0.001000     -1.000000     -1.000000     -1.000000 
318 10 17 105.000000 0.700000 -1.000000 -1.000000 -1.000000 -1.000000 nan nan nan nan -1.000000000000e+00 -1.000000e+00 -1.000000000000e+00  -1.000000000000e+00  -1.000000000000e+00  -1.000000000000e+00   -1.000000000000e+00   -1.000000000000e+00   -1.000000000000e+00    -1.000000000000e+00    -1.000000     -1.000000     -0.001000     -0.001000     -1.000000     -0.001000     -0.001000     -0.000001     -0.001000     -0.001000     -1.000000     -1.000000     -1.000000 
319 10 18 105.000000 0.740000 -1.000000 -1.000000 -1.000000 -1.000000 nan nan nan nan -1.000000000000e+00 -1.000000e+00 -1.000000000000e+00  -1.000000000000e+00  -1.000000000000e+00  -1.000000000000e+00   -1.000000000000e+00   -1.000000000000e+00   -1.000000000000e+00    -1.000000000000e+00    -1.000000     -1.000000     -0.001000     -0.001000     -1.000000     -0.001000     -0.001000     -0.000001     -0.001000     -0.001000     -1.000000     -1.000000     -1.000000 
320 10 19 105.000000 0.780000 -1.000000 -1.000000 -1.000000 -1.000000 nan nan nan nan -1.000000000000e+00 -1.000000e+00 -1.000000000000e+00  -1.000000000000e+00  -1.000000000000e+00  -1.000000000000e+00   -1.000000000000e+00   -1.000000000000e+00   -1.000000000000e+00    -1.000000000000e+00    -1.000000     -1.000000     -0.001000     -0.001000     -1.000000     -0.001000     -0.001000     -0.000001     -0.001000     -0.001000     -1.000000     -1.000000     -1.000000 
321 10 20 105.000000 0.820000 -1.000000 -1.000000 -1.000000 -1.000000 nan nan nan nan -1.000000000000e+00 -1.000000e+00 -1.000000000000e+00  -1.000000000000e+00  -1.000000000000e+00  -1.000000000000e+00   -1.000000000000e+00   -1.000000000000e+00   -1.000000000000e+00    -1.000000000000e+00    -1.000000     -1.000000     -0.001000     -0.001000     -1.000000     -0.001000     -0.001000     -0.000001     -0.001000     -0.001000     -1.000000     -1.000000     -1.000000 
322 10 21 105.000000 0.860000 -1.000000 -1.000000 -1.000000 -1.000000 nan nan nan nan -1.000000000000e+00 -1.000000e+00 -1.000000000000e+00  -1.000000000000e+00  -1.000000000000e+00  -1.000000000000e+00   -1.000000000000e+00   -1.000000000000e+00   -1.000000000000e+00    -1.000000000000e+00    -1.000000     -1.000000     -0.001000     -0.001000     -1.000000     -0.001000     -0.001000     -0.000001     -0.001000     -0.001000     -1.000000     -1.000000     -1.000000 
323 10 22 105.000000 0.900000 -1.000000 -1.000000 -1.000000 -1.000000 nan nan nan nan -1.000000000000e+00 -1.000000e+00 -1.000000000000e+00  -1.000000000000e+00  -1.000000000000e+00  -1.000000000000e+00   -1.000000000000e+00   -1.000000000000e+00   -1.000000000000e+00    -1.000000000000e+00    -1.000000     -1.000000     -0.001000     -0.001000     -1.000000     -0.001000     -0.001000     -0.000001     -0.001000     -0.001000     -1.000000     -1.000000     -1.000000 
324 10 23 105.000000 0.940000 -1.000000 -1.000000 -1.000000 -1.000000 nan nan nan nan -1.000000000000e+00 -1.000000e+00 -1.000000000000e+00  -1.000000000000e+00  -1.000000000000e+00  -1.000000000000e+00   -1.000000000000e+00   -1.000000000000e+00   -1.000000000000e+00    -1.000000000000e+00    -1.000000     -1.000000     -0.001000     -0.001000     -1.000000     -0.001000     -0.001000     -0.000001     -0.001000     -0.001000     -1.000000     -1.000000     -1.000000 
325 10 24 105.000000 0.980000 -1.000000 -1.000000 -1.000000 -1.000000 nan nan nan nan -1.000000000000e+00 -1.000000e+00 -1.000000000000e+00  -1.000000000000e+00  -1.000000000000e+00  -1.000000000000e+00   -1.000000000000e+00   -1.000000000000e+00   -1.000000000000e+00    -1.000000000000e+00    -1.000000     -1.000000     -0.001000     -0.001000     -1.000000     -0.001000     -0.001000     -0.000001     -0.001000     -0.001000     -1.000000     -1.000000     -1.000000 
326 10 25 105.000000 1.020000 -1.000000 -1.000000 -1.000000 -1.000000 nan nan nan nan -1.000000000000e+00 -1.000000e+00 -1.000000000000e+00  -1.000000000000e+00  -1.000000000000e+00  -1.000000000000e+00   -1.000000000000e+00   -1.000000000000e+00   -1.000000000000e+00    -1.000000000000e+00    -1.000000     -1.000000     -0.001000     -0.001000     -1.000000     -0.001000     -0.001000     -0.000001     -0.001000     -0.001000     -1.000000     -1.000000     -1.000000 
327 10 26 105.000000 1.060000 -1.000000 -1.000000 -1.000000 -1.000000 nan nan nan nan -1.000000000000e+00 -1.000000e+00 -1.000000000000e+00  -1.000000000000e+00  -1.000000000000e+00  -1.000000000000e+00   -1.000000000000e+00   -1.000000000000e+00   -1.000000000000e+00    -1.000000000000e+00    -1.000000     -1.000000     -0.001000     -0.001000     -1.000000     -0.001000     -0.001000     -0.000001     -0.001000     -0.001000     -1.000000     -1.000000     -1.000000 
328 10 27 105.000000 1.100000 -1.000000 -1.000000 -1.000000 -1.000000 nan nan nan nan -1.000000000000e+00 -1.000000e+00 -1.000000000000e+00  -1.000000000000e+00  -1.000000000000e+00  -1.000000000000e+00   -1.000000000000e+00   -1.000000000000e+00   -1.000000000000e+00    -1.000000000000e+00    -1.000000     -1.000000     -0.001000     -0.001000     -1.000000     -0.001000     -0.001000     -0.000001     -0.001000     -0.001000     -1.000000     -1.000000     -1.000000 
329 10 28 105.000000 1.140000 -1.000000 -1.000000 -1.000000 -1.000000 nan nan nan nan -1.000000000000e+00 -1.000000e+00 -1.000000000000e+00  -1.000000000000e+00  -1.000000000000e+00  -1.000000000000e+00   -1.000000000000e+00   -1.000000000000e+00   -1.000000000000e+00    -1.000000000000e+00    -1.000000     -1.000000     -0.001000     -0.001000     -1.000000     -0.001000     -0.001000     -0.000001     -0.001000     -0.001000     -1.000000     -1.000000     -1.000000 
330 10 29 105.000000 1.180000 -1.000000 -1.000000 -1.000000 -1.000000 nan nan nan nan -1.000000000000e+00 -1.000000e+00 -1.000000000000e+00  -1.000000000000e+00  -1.000000000000e+00  -1.000000000000e+00   -1.000000000000e+00   -1.000000000000e+00   -1.000000000000e+00    -1.000000000000e+00    -1.000000     -1.000000     -0.001000     -0.001000     -1.000000     -0.001000     -0.001000     -0.000001     -0.001000     -0.001000     -1.000000     -1.000000     -1.000000 
331 11 0 115.000000 0.020000 -1.000000 -1.000000 -1.000000 -1.000000 nan nan nan nan -1.000000000000e+00 -1.000000e+00 -1.000000000000e+00  -1.000000000000e+00  -1.000000000000e+00  -1.000000000000e+00   -1.000000000000e+00   -1.000000000000e+00   -1.000000000000e+00    -1.000000000000e+00    -1.000000     -1.000000     -0.001000     -0.001000     -1.000000     -0.001000     -0.001000     -0.000001     -0.001000     -0.001000     -1.000000     -1.000000     -1.000000 
332 11 1 115.000000 0.060000 -1.000000 -1.000000 -1.000000 -1.000000 nan nan nan nan -1.000000000000e+00 -1.000000e+00 -1.000000000000e+00  -1.000000000000e+00  -1.000000000000e+00  -1.000000000000e+00   -1.000000000000e+00   -1.000000000000e+00   -1.000000000000e+00    -1.000000000000e+00    -1.000000     -1.000000     -0.001000     -0.001000     -1.000000     -0.001000     -0.001000     -0.000001     -0.001000     -0.001000     -1.000000     -1.000000     -1.000000 
333 11 2 115.000000 0.100000 -1.000000 -1.000000 -1.000000 -1.000000 nan nan nan nan -1.000000000000e+00 -1.000000e+00 -1.000000000000e+00  -1.000000000000e+00  -1.000000000000e+00  -1.000000000000e+00   -1.000000000000e+00   -1.000000000000e+00   -1.000000000000e+00    -1.000000000000e+00    -1.000000     -1.000000     -0.001000     -0.001000     -1.000000     -0.001000     -0.001000     -0.000001     -0.001000     -0.001000     -1.000000     -1.000000     -1.000000 
334 11 3 115.000000 0.140000 -1.000000 -1.000000 -1.000000 -1.000000 nan nan nan nan -1.000000000000e+00 -1.000000e+00 -1.000000000000e+00  -1.000000000000e+00  -1.000000000000e+00  -1.000000000000e+00   -1.000000000000e+00   -1.000000000000e+00   -1.000000000000e+00    -1.000000000000e+00    -1.000000     -1.000000     -0.001000     -0.001000     -1.000000     -0.001000     -0.001000     -0.000001     -0.001000     -0.001000     -1.000000     -1.000000     -1.000000 
335 11 4 115.000000 0.180000 -1.000000 -1.000000 -1.000000 -1.000000 nan nan nan nan -1.000000000000e+00 -1.000000e+00 -1.000000000000e+00  -1.000000000000e+00  -1.000000000000e+00  -1.000000000000e+00   -1.000000000000e+00   -1.000000000000e+00   -1.000000000000e+00    -1.000000000000e+00    -1.000000     -1.000000     -0.001000     -0.001000     -1.000000     -0.001000     -0.001000     -0.000001     -0.001000     -0.001000     -1.000000     -1.000000     -1.000000 
336 11 5 115.000000 0.220000 -1.000000 -1.000000 -1.000000 -1.000000 nan nan nan nan -1.000000000000e+00 -1.000000e+00 -1.000000000000e+00  -1.000000000000e+00  -1.000000000000e+00  -1.000000000000e+00   -1.000000000000e+00   -1.000000000000e+00   -1.000000000000e+00    -1.000000000000e+00    -1.000000     -1.000000     -0.001000     -0.001000     -1.000000     -0.001000     -0.001000     -0.000001     -0.001000     -0.001000     -1.000000     -1.000000     -1.000000 
337 11 6 115.000000 0.260000 -1.000000 -1.000000 -1.000000 -1.000000 nan nan nan nan -1.000000000000e+00 -1.000000e+00 -1.000000000000e+00  -1.000000000000e+00  -1.000000000000e+00  -1.000000000000e+00   -1.000000000000e+00   -1.000000000000e+00   -1.000000000000e+00    -1.000000000000e+00    -1.000000     -1.000000     -0.001000     -0.001000     -1.000000     -0.001000     -0.001000     -0.000001     -0.001000     -0.001000     -1.000000     -1.000000     -1.000000 
338 11 7 115.000000 0.300000 -1.000000 -1.000000 -1.000000 -1.000000 nan nan nan nan -1.000000000000e+00 -1.000000e+00 -1.000000000000e+00  -1.000000000000e+00  -1.000000000000e+00  -1.000000000000e+00   -1.000000000000e+00   -1.000000000000e+00   -1.000000000000e+00    -1.000000000000e+00    -1.000000     -1.000000     -0.001000     -0.001000     -1.000000     -0.001000     -0.001000     -0.000001     -0.001000     -0.001000     -1.000000     -1.000000     -1.000000 
339 11 8 115.000000 0.340000 -1.000000 -1.000000 -1.000000 -1.000000 nan nan nan nan -1.000000000000e+00 -1.000000e+00 -1.000000000000e+00  -1.000000000000e+00  -1.000000000000e+00  -1.000000000000e+00   -1.000000000000e+00   -1.000000000000e+00   -1.000000000000e+00    -1.000000000000e+00    -1.000000     -1.000000     -0.001000     -0.001000     -1.000000     -0.001000     -0.001000     -0.000001     -0.001000     -0.001000     -1.000000     -1.000000     -1.000000 
340 11 9 115.000000 0.380000 -1.000000 -1.000000 -1.000000 -1.000000 nan nan nan nan -1.000000000000e+00 -1.000000e+00 -1.000000000000e+00  -1.000000000000e+00  -1.000000000000e+00  -1.000000000000e+00   -1.000000000000e+00   -1.000000000000e+00   -1.000000000000e+00    -1.000000000000e+00    -1.000000     -1.000000     -0.001000     -0.001000     -1.000000     -0.001000     -0.001000     -0.000001     -0.001000     -0.001000     -1.000000     -1.000000     -1.000000 
341 11 10 115.000000 0.420000 -1.000000 -1.000000 -1.000000 -1.000000 nan nan nan nan -1.000000000000e+00 -1.000000e+00 -1.000000000000e+00  -1.000000000000e+00  -1.000000000000e+00  -1.000000000000e+00   -1.000000000000e+00   -1.000000000000e+00   -1.000000000000e+00    -1.000000000000e+00    -1.000000     -1.000000     -0.001000     -0.001000     -1.000000     -0.001000     -0.001000     -0.000001     -0.001000     -0.001000     -1.000000     -1.000000     -1.000000 
342 11 11 115.000000 0.460000 -1.000000 -1.000000 -1.000000 -1.000000 nan nan nan nan -1.000000000000e+00 -1.000000e+00 -1.000000000000e+00  -1.000000000000e+00  -1.000000000000e+00  -1.000000000000e+00   -1.000000000000e+00   -1.000000000000e+00   -1.000000000000e+00    -1.000000000000e+00    -1.000000     -1.000000     -0.001000     -0.001000     -1.000000     -0.001000     -0.001000     -0.000001     -0.001000     -0.001000     -1.000000     -1.000000     -1.000000 
343 11 12 115.000000 0.500000 -1.000000 -1.000000 -1.000000 -1.000000 nan nan nan nan -1.000000000000e+00 -1.000000e+00 -1.000000000000e+00  -1.000000000000e+00  -1.000000000000e+00  -1.000000000000e+00   -1.000000000000e+00   -1.000000000000e+00   -1.000000000000e+00    -1.000000000000e+00    -1.000000     -1.000000     -0.001000     -0.001000     -1.000000     -0.001000     -0.001000     -0.000001     -0.001000     -0.001000     -1.000000     -1.000000     -1.000000 
344 11 13 115.000000 0.540000 -1.000000 -1.000000 -1.000000 -1.000000 nan nan nan nan -1.000000000000e+00 -1.000000e+00 -1.000000000000e+00  -1.000000000000e+00  -1.000000000000e+00  -1.000000000000e+00   -1.000000000000e+00   -1.000000000000e+00   -1.000000000000e+00    -1.000000000000e+00    -1.000000     -1.000000     -0.001000     -0.001000     -1.000000     -0.001000     -0.001000     -0.000001     -0.001000     -0.001000     -1.000000     -1.000000     -1.000000 
345 11 14 115.000000 0.580000 -1.000000 -1.000000 -1.000000 -1.000000 nan nan nan nan -1.000000000000e+00 -1.000000e+00 -1.000000000000e+00  -1.000000000000e+00  -1.000000000000e+00  -1.000000000000e+00   -1.000000000000e+00   -1.000000000000e+00   -1.000000000000e+00    -1.000000000000e+00    -1.000000     -1.000000     -0.001000     -0.001000     -1.000000     -0.001000     -0.001000     -0.000001     -0.001000     -0.001000     -1.000000     -1.000000     -1.000000 
346 11 15 115.000000 0.620000 -1.000000 -1.000000 -1.000000 -1.000000 nan nan nan nan -1.000000000000e+00 -1.000000e+00 -1.000000000000e+00  -1.000000000000e+00  -1.000000000000e+00  -1.000000000000e+00   -1.000000000000e+00   -1.000000000000e+00   -1.000000000000e+00    -1.000000000000e+00    -1.000000     -1.000000     -0.001000     -0.001000     -1.000000     -0.001000     -0.001000     -0.000001     -0.001000     -0.001000     -1.000000     -1.000000     -1.000000 
347 11 16 115.000000 0.660000 -1.000000 -1.000000 -1.000000 -1.000000 nan nan nan nan -1.000000000000e+00 -1.000000e+00 -1.000000000000e+00  -1.000000000000e+00  -1.000000000000e+00  -1.000000000000e+00   -1.000000000000e+00   -1.000000000000e+00   -1.000000000000e+00    -1.000000000000e+00    -1.000000     -1.000000     -0.001000     -0.001000     -1.000000     -0.001000     -0.001000     -0.000001     -0.001000     -0.001000     -1.000000     -1.000000     -1.000000 
348 11 17 115.000000 0.700000 -1.000000 -1.000000 -1.000000 -1.000000 nan nan nan nan -1.000000000000e+00 -1.000000e+00 -1.000000000000e+00  -1.000000000000e+00  -1.000000000000e+00  -1.000000000000e+00   -1.000000000000e+00   -1.000000000000e+00   -1.000000000000e+00    -1.000000000000e+00    -1.000000     -1.000000     -0.001000     -0.001000     -1.000000     -0.001000     -0.001000     -0.000001     -0.001000     -0.001000     -1.000000     -1.000000     -1.000000 
349 11 18 115.000000 0.740000 -1.000000 -1.000000 -1.000000 -1.000000 nan nan nan nan -1.000000000000e+00 -1.000000e+00 -1.000000000000e+00  -1.000000000000e+00  -1.000000000000e+00  -1.000000000000e+00   -1.000000000000e+00   -1.000000000000e+00   -1.000000000000e+00    -1.000000000000e+00    -1.000000     -1.000000     -0.001000     -0.001000     -1.000000     -0.001000     -0.001000     -0.000001     -0.001000     -0.001000     -1.000000     -1.000000     -1.000000 
350 11 19 115.000000 0.780000 -1.000000 -1.000000 -1.000000 -1.000000 nan nan nan nan -1.000000000000e+00 -1.000000e+00 -1.000000000000e+00  -1.000000000000e+00  -1.000000000000e+00  -1.000000000000e+00   -1.000000000000e+00   -1.000000000000e+00   -1.000000000000e+00    -1.000000000000e+00    -1.000000     -1.000000     -0.001000     -0.001000     -1.000000     -0.001000     -0.001000     -0.000001     -0.001000     -0.001000     -1.000000     -1.000000     -1.000000 
351 11 20 115.000000 0.820000 -1.000000 -1.000000 -1.000000 -1.000000 nan nan nan nan -1.000000000000e+00 -1.000000e+00 -1.000000000000e+00  -1.000000000000e+00  -1.000000000000e+00  -1.000000000000e+00   -1.000000000000e+00   -1.000000000000e+00   -1.000000000000e+00    -1.000000000000e+00    -1.000000     -1.000000     -0.001000     -0.001000     -1.000000     -0.001000     -0.001000     -0.000001     -0.001000     -0.001000     -1.000000     -1.000000     -1.000000 
352 11 21 115.000000 0.860000 -1.000000 -1.000000 -1.000000 -1.000000 nan nan nan nan -1.000000000000e+00 -1.000000e+00 -1.000000000000e+00  -1.000000000000e+00  -1.000000000000e+00  -1.000000000000e+00   -1.000000000000e+00   -1.000000000000e+00   -1.000000000000e+00    -1.000000000000e+00    -1.000000     -1.000000     -0.001000     -0.001000     -1.000000     -0.001000     -0.001000     -0.000001     -0.001000     -0.001000     -1.000000     -1.000000     -1.000000 
353 11 22 115.000000 0.900000 -1.000000 -1.000000 -1.000000 -1.000000 nan nan nan nan -1.000000000000e+00 -1.000000e+00 -1.000000000000e+00  -1.000000000000e+00  -1.000000000000e+00  -1.000000000000e+00   -1.000000000000e+00   -1.000000000000e+00   -1.000000000000e+00    -1.000000000000e+00    -1.000000     -1.000000     -0.001000     -0.001000     -1.000000     -0.001000     -0.001000     -0.000001     -0.001000     -0.001000     -1.000000     -1.000000     -1.000000 
354 11 23 115.000000 0.940000 -1.000000 -1.000000 -1.000000 -1.000000 nan nan nan nan -1.000000000000e+00 -1.000000e+00 -1.000000000000e+00  -1.000000000000e+00  -1.000000000000e+00  -1.000000000000e+00   -1.000000000000e+00   -1.000000000000e+00   -1.000000000000e+00    -1.000000000000e+00    -1.000000     -1.000000     -0.001000     -0.001000     -1.000000     -0.001000     -0.001000     -0.000001     -0.001000     -0.001000     -1.000000     -1.000000     -1.000000 
355 11 24 115.000000 0.980000 -1.000000 -1.000000 -1.000000 -1.000000 nan nan nan nan -1.000000000000e+00 -1.000000e+00 -1.000000000000e+00  -1.000000000000e+00  -1.000000000000e+00  -1.000000000000e+00   -1.000000000000e+00   -1.000000000000e+00   -1.000000000000e+00    -1.000000000000e+00    -1.000000     -1.000000     -0.001000     -0.001000     -1.000000     -0.001000     -0.001000     -0.000001     -0.001000     -0.001000     -1.000000     -1.000000     -1.000000 
356 11 25 115.000000 1.020000 -1.000000 -1.000000 -1.000000 -1.000000 nan nan nan nan -1.000000000000e+00 -1.000000e+00 -1.000000000000e+00  -1.000000000000e+00  -1.000000000000e+00  -1.000000000000e+00   -1.000000000000e+00   -1.000000000000e+00   -1.000000000000e+00    -1.000000000000e+00    -1.000000     -1.000000     -0.001000     -0.001000     -1.000000     -0.001000     -0.001000     -0.000001     -0.001000     -0.001000     -1.000000     -1.000000     -1.000000 
357 11 26 115.000000 1.060000 -1.000000 -1.000000 -1.000000 -1.000000 nan nan nan nan -1.000000000000e+00 -1.000000e+00 -1.000000000000e+00  -1.000000000000e+00  -1.000000000000e+00  -1.000000000000e+00   -1.000000000000e+00   -1.000000000000e+00   -1.000000000000e+00    -1.000000000000e+00    -1.000000     -1.000000     -0.001000     -0.001000     -1.000000     -0.001000     -0.001000     -0.000001     -0.001000     -0.001000     -1.000000     -1.000000     -1.000000 
358 11 27 115.000000 1.100000 -1.000000 -1.000000 -1.000000 -1.000000 nan nan nan nan -1.000000000000e+00 -1.000000e+00 -1.000000000000e+00  -1.000000000000e+00  -1.000000000000e+00  -1.000000000000e+00   -1.000000000000e+00   -1.000000000000e+00   -1.000000000000e+00    -1.000000000000e+00    -1.000000     -1.000000     -0.001000     -0.001000     -1.000000     -0.001000     -0.001000     -0.000001     -0.001000     -0.001000     -1.000000     -1.000000     -1.000000 
359 11 28 115.000000 1.140000 -1.000000 -1.000000 -1.000000 -1.000000 nan nan nan nan -1.000000000000e+00 -1.000000e+00 -1.000000000000e+00  -1.000000000000e+00  -1.000000000000e+00  -1.000000000000e+00   -1.000000000000e+00   -1.000000000000e+00   -1.000000000000e+00    -1.000000000000e+00    -1.000000     -1.000000     -0.001000     -0.001000     -1.000000     -0.001000     -0.001000     -0.000001     -0.001000     -0.001000     -1.000000     -1.000000     -1.000000 
360 11 29 115.000000 1.180000 -1.000000 -1.000000 -1.000000 -1.000000 nan nan nan nan -1.000000000000e+00 -1.000000e+00 -1.000000000000e+00  -1.000000000000e+00  -1.000000000000e+00  -1.000000000000e+00   -1.000000000000e+00   -1.000000000000e+00   -1.000000000000e+00    -1.000000000000e+00    -1.000000     -1.000000     -0.001000     -0.001000     -1.000000     -0.001000     -0.001000     -0.000001     -0.001000     -0.001000     -1.000000     -1.000000     -1.000000 
361 12 0 125.000000 0.020000 -1.000000 -1.000000 -1.000000 -1.000000 nan nan nan nan -1.000000000000e+00 -1.000000e+00 -1.000000000000e+00  -1.000000000000e+00  -1.000000000000e+00  -1.000000000000e+00   -1.000000000000e+00   -1.000000000000e+00   -1.000000000000e+00    -1.000000000000e+00    -1.000000     -1.000000     -0.001000     -0.001000     -1.000000     -0.001000     -0.001000     -0.000001     -0.001000     -0.001000     -1.000000     -1.000000     -1.000000 
362 12 1 125.000000 0.060000 -1.000000 -1.000000 -1.000000 -1.000000 nan nan nan nan -1.000000000000e+00 -1.000000e+00 -1.000000000000e+00  -1.000000000000e+00  -1.000000000000e+00  -1.000000000000e+00   -1.000000000000e+00   -1.000000000000e+00   -1.000000000000e+00    -1.000000000000e+00    -1.000000     -1.000000     -0.001000     -0.001000     -1.000000     -0.001000     -0.001000     -0.000001     -0.001000     -0.001000     -1.000000     -1.000000     -1.000000 
363 12 2 125.000000 0.100000 -1.000000 -1.000000 -1.000000 -1.000000 nan nan nan nan -1.000000000000e+00 -1.000000e+00 -1.000000000000e+00  -1.000000000000e+00  -1.000000000000e+00  -1.000000000000e+00   -1.000000000000e+00   -1.000000000000e+00   -1.000000000000e+00    -1.000000000000e+00    -1.000000     -1.000000     -0.001000     -0.001000     -1.000000     -0.001000     -0.001000     -0.000001     -0.001000     -0.001000     -1.000000     -1.000000     -1.000000 
364 12 3 125.000000 0.140000 -1.000000 -1.000000 -1.000000 -1.000000 nan nan nan nan -1.000000000000e+00 -1.000000e+00 -1.000000000000e+00  -1.000000000000e+00  -1.000000000000e+00  -1.000000000000e+00   -1.000000000000e+00   -1.000000000000e+00   -1.000000000000e+00    -1.000000000000e+00    -1.000000     -1.000000     -0.001000     -0.001000     -1.000000     -0.001000     -0.001000     -0.000001     -0.001000     -0.001000     -1.000000     -1.000000     -1.000000 
365 12 4 125.000000 0.180000 -1.000000 -1.000000 -1.000000 -1.000000 nan nan nan nan -1.000000000000e+00 -1.000000e+00 -1.000000000000e+00  -1.000000000000e+00  -1.000000000000e+00  -1.000000000000e+00   -1.000000000000e+00   -1.000000000000e+00   -1.000000000000e+00    -1.000000000000e+00    -1.000000     -1.000000     -0.001000     -0.001000     -1.000000     -0.001000     -0.001000     -0.000001     -0.001000     -0.001000     -1.000000     -1.000000     -1.000000 
366 12 5 125.000000 0.220000 -1.000000 -1.000000 -1.000000 -1.000000 nan nan nan nan -1.000000000000e+00 -1.000000e+00 -1.000000000000e+00  -1.000000000000e+00  -1.000000000000e+00  -1.000000000000e+00   -1.000000000000e+00   -1.000000000000e+00   -1.000000000000e+00    -1.000000000000e+00    -1.000000     -1.000000     -0.001000     -0.001000     -1.000000     -0.001000     -0.001000     -0.000001     -0.001000     -0.001000     -1.000000     -1.000000     -1.000000 
367 12 6 125.000000 0.260000 -1.000000 -1.000000 -1.000000 -1.000000 nan nan nan nan -1.000000000000e+00 -1.000000e+00 -1.000000000000e+00  -1.000000000000e+00  -1.000000000000e+00  -1.000000000000e+00   -1.000000000000e+00   -1.000000000000e+00   -1.000000000000e+00    -1.000000000000e+00    -1.000000     -1.000000     -0.001000     -0.001000     -1.000000     -0.001000     -0.001000     -0.000001     -0.001000     -0.001000     -1.000000     -1.000000     -1.000000 
368 12 7 125.000000 0.300000 -1.000000 -1.000000 -1.000000 -1.000000 nan nan nan nan -1.000000000000e+00 -1.000000e+00 -1.000000000000e+00  -1.000000000000e+00  -1.000000000000e+00  -1.000000000000e+00   -1.000000000000e+00   -1.000000000000e+00   -1.000000000000e+00    -1.000000000000e+00    -1.000000     -1.000000     -0.001000     -0.001000     -1.000000     -0.001000     -0.001000     -0.000001     -0.001000     -0.001000     -1.000000     -1.000000     -1.000000 
369 12 8 125.000000 0.340000 -1.000000 -1.000000 -1.000000 -1.000000 nan nan nan nan -1.000000000000e+00 -1.000000e+00 -1.000000000000e+00  -1.000000000000e+00  -1.000000000000e+00  -1.000000000000e+00   -1.000000000000e+00   -1.000000000000e+00   -1.000000000000e+00    -1.000000000000e+00    -1.000000     -1.000000     -0.001000     -0.001000     -1.000000     -0.001000     -0.001000     -0.000001     -0.001000     -0.001000     -1.000000     -1.000000     -1.000000 
370 12 9 125.000000 0.380000 -1.000000 -1.000000 -1.000000 -1.000000 nan nan nan nan -1.000000000000e+00 -1.000000e+00 -1.000000000000e+00  -1.000000000000e+00  -1.000000000000e+00  -1.000000000000e+00   -1.000000000000e+00   -1.000000000000e+00   -1.000000000000e+00    -1.000000000000e+00    -1.000000     -1.000000     -0.001000     -0.001000     -1.000000     -0.001000     -0.001000     -0.000001     -0.001000     -0.001000     -1.000000     -1.000000     -1.000000 
371 12 10 125.000000 0.420000 -1.000000 -1.000000 -1.000000 -1.000000 nan nan nan nan -1.000000000000e+00 -1.000000e+00 -1.000000000000e+00  -1.000000000000e+00  -1.000000000000e+00  -1.000000000000e+00   -1.000000000000e+00   -1.000000000000e+00   -1.000000000000e+00    -1.000000000000e+00    -1.000000     -1.000000     -0.001000     -0.001000     -1.000000     -0.001000     -0.001000     -0.000001     -0.001000     -0.001000     -1.000000     -1.000000     -1.000000 
372 12 11 125.000000 0.460000 -1.000000 -1.000000 -1.000000 -1.000000 nan nan nan nan -1.000000000000e+00 -1.000000e+00 -1.000000000000e+00  -1.000000000000e+00  -1.000000000000e+00  -1.000000000000e+00   -1.000000000000e+00   -1.000000000000e+00   -1.000000000000e+00    -1.000000000000e+00    -1.000000     -1.000000     -0.001000     -0.001000     -1.000000     -0.001000     -0.001000     -0.000001     -0.001000     -0.001000     -1.000000     -1.000000     -1.000000 
373 12 12 125.000000 0.500000 -1.000000 -1.000000 -1.000000 -1.000000 nan nan nan nan -1.000000000000e+00 -1.000000e+00 -1.000000000000e+00  -1.000000000000e+00  -1.000000000000e+00  -1.000000000000e+00   -1.000000000000e+00   -1.000000000000e+00   -1.000000000000e+00    -1.000000000000e+00    -1.000000     -1.000000     -0.001000     -0.001000     -1.000000     -0.001000     -0.001000     -0.000001     -0.001000     -0.001000     -1.000000     -1.000000     -1.000000 
374 12 13 125.000000 0.540000 -1.000000 -1.000000 -1.000000 -1.000000 nan nan nan nan -1.000000000000e+00 -1.000000e+00 -1.000000000000e+00  -1.000000000000e+00  -1.000000000000e+00  -1.000000000000e+00   -1.000000000000e+00   -1.000000000000e+00   -1.000000000000e+00    -1.000000000000e+00    -1.000000     -1.000000     -0.001000     -0.001000     -1.000000     -0.001000     -0.001000     -0.000001     -0.001000     -0.001000     -1.000000     -1.000000     -1.000000 
375 12 14 125.000000 0.580000 -1.000000 -1.000000 -1.000000 -1.000000 nan nan nan nan -1.000000000000e+00 -1.000000e+00 -1.000000000000e+00  -1.000000000000e+00  -1.000000000000e+00  -1.000000000000e+00   -1.000000000000e+00   -1.000000000000e+00   -1.000000000000e+00    -1.000000000000e+00    -1.000000     -1.000000     -0.001000     -0.001000     -1.000000     -0.001000     -0.001000     -0.000001     -0.001000     -0.001000     -1.000000     -1.000000     -1.000000 
376 12 15 125.000000 0.620000 -1.000000 -1.000000 -1.000000 -1.000000 nan nan nan nan -1.000000000000e+00 -1.000000e+00 -1.000000000000e+00  -1.000000000000e+00  -1.000000000000e+00  -1.000000000000e+00   -1.000000000000e+00   -1.000000000000e+00   -1.000000000000e+00    -1.000000000000e+00    -1.000000     -1.000000     -0.001000     -0.001000     -1.000000     -0.001000     -0.001000     -0.000001     -0.001000     -0.001000     -1.000000     -1.000000     -1.000000 
377 12 16 125.000000 0.660000 -1.000000 -1.000000 -1.000000 -1.000000 nan nan nan nan -1.000000000000e+00 -1.000000e+00 -1.000000000000e+00  -1.000000000000e+00  -1.000000000000e+00  -1.000000000000e+00   -1.000000000000e+00   -1.000000000000e+00   -1.000000000000e+00    -1.000000000000e+00    -1.000000     -1.000000     -0.001000     -0.001000     -1.000000     -0.001000     -0.001000     -0.000001     -0.001000     -0.001000     -1.000000     -1.000000     -1.000000 
378 12 17 125.000000 0.700000 -1.000000 -1.000000 -1.000000 -1.000000 nan nan nan nan -1.000000000000e+00 -1.000000e+00 -1.000000000000e+00  -1.000000000000e+00  -1.000000000000e+00  -1.000000000000e+00   -1.000000000000e+00   -1.000000000000e+00   -1.000000000000e+00    -1.000000000000e+00    -1.000000     -1.000000     -0.001000     -0.001000     -1.000000     -0.001000     -0.001000     -0.000001     -0.001000     -0.001000     -1.000000     -1.000000     -1.000000 
379 12 18 125.000000 0.740000 -1.000000 -1.000000 -1.000000 -1.000000 nan nan nan nan -1.000000000000e+00 -1.000000e+00 -1.000000000000e+00  -1.000000000000e+00  -1.000000000000e+00  -1.000000000000e+00   -1.000000000000e+00   -1.000000000000e+00   -1.000000000000e+00    -1.000000000000e+00    -1.000000     -1.000000     -0.001000     -0.001000     -1.000000     -0.001000     -0.001000     -0.000001     -0.001000     -0.001000     -1.000000     -1.000000     -1.000000 
380 12 19 125.000000 0.780000 -1.000000 -1.000000 -1.000000 -1.000000 nan nan nan nan -1.000000000000e+00 -1.000000e+00 -1.000000000000e+00  -1.000000000000e+00  -1.000000000000e+00  -1.000000000000e+00   -1.000000000000e+00   -1.000000000000e+00   -1.000000000000e+00    -1.000000000000e+00    -1.000000     -1.000000     -0.001000     -0.001000     -1.000000     -0.001000     -0.001000     -0.000001     -0.001000     -0.001000     -1.000000     -1.000000     -1.000000 
381 12 20 125.000000 0.820000 -1.000000 -1.000000 -1.000000 -1.000000 nan nan nan nan -1.000000000000e+00 -1.000000e+00 -1.000000000000e+00  -1.000000000000e+00  -1.000000000000e+00  -1.000000000000e+00   -1.000000000000e+00   -1.000000000000e+00   -1.000000000000e+00    -1.000000000000e+00    -1.000000     -1.000000     -0.001000     -0.001000     -1.000000     -0.001000     -0.001000     -0.000001     -0.001000     -0.001000     -1.000000     -1.000000     -1.000000 
382 12 21 125.000000 0.860000 -1.000000 -1.000000 -1.000000 -1.000000 nan nan nan nan -1.000000000000e+00 -1.000000e+00 -1.000000000000e+00  -1.000000000000e+00  -1.000000000000e+00  -1.000000000000e+00   -1.000000000000e+00   -1.000000000000e+00   -1.000000000000e+00    -1.000000000000e+00    -1.000000     -1.000000     -0.001000     -0.001000     -1.000000     -0.001000     -0.001000     -0.000001     -0.001000     -0.001000     -1.000000     -1.000000     -1.000000 
383 12 22 125.000000 0.900000 -1.000000 -1.000000 -1.000000 -1.000000 nan nan nan nan -1.000000000000e+00 -1.000000e+00 -1.000000000000e+00  -1.000000000000e+00  -1.000000000000e+00  -1.000000000000e+00   -1.000000000000e+00   -1.000000000000e+00   -1.000000000000e+00    -1.000000000000e+00    -1.000000     -1.000000     -0.001000     -0.001000     -1.000000     -0.001000     -0.001000     -0.000001     -0.001000     -0.001000     -1.000000     -1.000000     -1.000000 
384 12 23 125.000000 0.940000 -1.000000 -1.000000 -1.000000 -1.000000 nan nan nan nan -1.000000000000e+00 -1.000000e+00 -1.000000000000e+00  -1.000000000000e+00  -1.000000000000e+00  -1.000000000000e+00   -1.000000000000e+00   -1.000000000000e+00   -1.000000000000e+00    -1.000000000000e+00    -1.000000     -1.000000     -0.001000     -0.001000     -1.000000     -0.001000     -0.001000     -0.000001     -0.001000     -0.001000     -1.000000     -1.000000     -1.000000 
385 12 24 125.000000 0.980000 -1.000000 -1.000000 -1.000000 -1.000000 nan nan nan nan -1.000000000000e+00 -1.000000e+00 -1.000000000000e+00  -1.000000000000e+00  -1.000000000000e+00  -1.000000000000e+00   -1.000000000000e+00   -1.000000000000e+00   -1.000000000000e+00    -1.000000000000e+00    -1.000000     -1.000000     -0.001000     -0.001000     -1.000000     -0.001000     -0.001000     -0.000001     -0.001000     -0.001000     -1.000000     -1.000000     -1.000000 
386 12 25 125.000000 1.020000 -1.000000 -1.000000 -1.000000 -1.000000 nan nan nan nan -1.000000000000e+00 -1.000000e+00 -1.000000000000e+00  -1.000000000000e+00  -1.000000000000e+00  -1.000000000000e+00   -1.000000000000e+00   -1.000000000000e+00   -1.000000000000e+00    -1.000000000000e+00    -1.000000     -1.000000     -0.001000     -0.001000     -1.000000     -0.001000     -0.001000     -0.000001     -0.001000     -0.001000     -1.000000     -1.000000     -1.000000 
387 12 26 125.000000 1.060000 -1.000000 -1.000000 -1.000000 -1.000000 nan nan nan nan -1.000000000000e+00 -1.000000e+00 -1.000000000000e+00  -1.000000000000e+00  -1.000000000000e+00  -1.000000000000e+00   -1.000000000000e+00   -1.000000000000e+00   -1.000000000000e+00    -1.000000000000e+00    -1.000000     -1.000000     -0.001000     -0.001000     -1.000000     -0.001000     -0.001000     -0.000001     -0.001000     -0.001000     -1.000000     -1.000000     -1.000000 
388 12 27 125.000000 1.100000 -1.000000 -1.000000 -1.000000 -1.000000 nan nan nan nan -1.000000000000e+00 -1.000000e+00 -1.000000000000e+00  -1.000000000000e+00  -1.000000000000e+00  -1.000000000000e+00   -1.000000000000e+00   -1.000000000000e+00   -1.000000000000e+00    -1.000000000000e+00    -1.000000     -1.000000     -0.001000     -0.001000     -1.000000     -0.001000     -0.001000     -0.000001     -0.001000     -0.001000     -1.000000     -1.000000     -1.000000 
389 12 28 125.000000 1.140000 -1.000000 -1.000000 -1.000000 -1.000000 nan nan nan nan -1.000000000000e+00 -1.000000e+00 -1.000000000000e+00  -1.000000000000e+00  -1.000000000000e+00  -1.000000000000e+00   -1.000000000000e+00   -1.000000000000e+00   -1.000000000000e+00    -1.000000000000e+00    -1.000000     -1.000000     -0.001000     -0.001000     -1.000000     -0.001000     -0.001000     -0.000001     -0.001000     -0.001000     -1.000000     -1.000000     -1.000000 
390 12 29 125.000000 1.180000 -1.000000 -1.000000 -1.000000 -1.000000 nan nan nan nan -1.000000000000e+00 -1.000000e+00 -1.000000000000e+00  -1.000000000000e+00  -1.000000000000e+00  -1.000000000000e+00   -1.000000000000e+00   -1.000000000000e+00   -1.000000000000e+00    -1.000000000000e+00    -1.000000     -1.000000     -0.001000     -0.001000     -1.000000     -0.001000     -0.001000     -0.000001     -0.001000     -0.001000     -1.000000     -1.000000     -1.000000 
391 13 0 135.000000 0.020000 -1.000000 -1.000000 -1.000000 -1.000000 nan nan nan nan -1.000000000000e+00 -1.000000e+00 -1.000000000000e+00  -1.000000000000e+00  -1.000000000000e+00  -1.000000000000e+00   -1.000000000000e+00   -1.000000000000e+00   -1.000000000000e+00    -1.000000000000e+00    -1.000000     -1.000000     -0.001000     -0.001000     -1.000000     -0.001000     -0.001000     -0.000001     -0.001000     -0.001000     -1.000000     -1.000000     -1.000000 
392 13 1 135.000000 0.060000 -1.000000 -1.000000 -1.000000 -1.000000 nan nan nan nan -1.000000000000e+00 -1.000000e+00 -1.000000000000e+00  -1.000000000000e+00  -1.000000000000e+00  -1.000000000000e+00   -1.000000000000e+00   -1.000000000000e+00   -1.000000000000e+00    -1.000000000000e+00    -1.000000     -1.000000     -0.001000     -0.001000     -1.000000     -0.001000     -0.001000     -0.000001     -0.001000     -0.001000     -1.000000     -1.000000     -1.000000 
393 13 2 135.000000 0.100000 -1.000000 -1.000000 -1.000000 -1.000000 nan nan nan nan -1.000000000000e+00 -1.000000e+00 -1.000000000000e+00  -1.000000000000e+00  -1.000000000000e+00  -1.000000000000e+00   -1.000000000000e+00   -1.000000000000e+00   -1.000000000000e+00    -1.000000000000e+00    -1.000000     -1.000000     -0.001000     -0.001000     -1.000000     -0.001000     -0.001000     -0.000001     -0.001000     -0.001000     -1.000000     -1.000000     -1.000000 
394 13 3 135.000000 0.140000 -1.000000 -1.000000 -1.000000 -1.000000 nan nan nan nan -1.000000000000e+00 -1.000000e+00 -1.000000000000e+00  -1.000000000000e+00  -1.000000000000e+00  -1.000000000000e+00   -1.000000000000e+00   -1.000000000000e+00   -1.000000000000e+00    -1.000000000000e+00    -1.000000     -1.000000     -0.001000     -0.001000     -1.000000     -0.001000     -0.001000     -0.000001     -0.001000     -0.001000     -1.000000     -1.000000     -1.000000 
395 13 4 135.000000 0.180000 -1.000000 -1.000000 -1.000000 -1.000000 nan nan nan nan -1.000000000000e+00 -1.000000e+00 -1.000000000000e+00  -1.000000000000e+00  -1.000000000000e+00  -1.000000000000e+00   -1.000000000000e+00   -1.000000000000e+00   -1.000000000000e+00    -1.000000000000e+00    -1.000000     -1.000000     -0.001000     -0.001000     -1.000000     -0.001000     -0.001000     -0.000001     -0.001000     -0.001000     -1.000000     -1.000000     -1.000000 
396 13 5 135.000000 0.220000 -1.000000 -1.000000 -1.000000 -1.000000 nan nan nan nan -1.000000000000e+00 -1.000000e+00 -1.000000000000e+00  -1.000000000000e+00  -1.000000000000e+00  -1.000000000000e+00   -1.000000000000e+00   -1.000000000000e+00   -1.000000000000e+00    -1.000000000000e+00    -1.000000     -1.000000     -0.001000     -0.001000     -1.000000     -0.001000     -0.001000     -0.000001     -0.001000     -0.001000     -1.000000     -1.000000     -1.000000 
397 13 6 135.000000 0.260000 -1.000000 -1.000000 -1.000000 -1.000000 nan nan nan nan -1.000000000000e+00 -1.000000e+00 -1.000000000000e+00  -1.000000000000e+00  -1.000000000000e+00  -1.000000000000e+00   -1.000000000000e+00   -1.000000000000e+00   -1.000000000000e+00    -1.000000000000e+00    -1.000000     -1.000000     -0.001000     -0.001000     -1.000000     -0.001000     -0.001000     -0.000001     -0.001000     -0.001000     -1.000000     -1.000000     -1.000000 
398 13 7 135.000000 0.300000 -1.000000 -1.000000 -1.000000 -1.000000 nan nan nan nan -1.000000000000e+00 -1.000000e+00 -1.000000000000e+00  -1.000000000000e+00  -1.000000000000e+00  -1.000000000000e+00   -1.000000000000e+00   -1.000000000000e+00   -1.000000000000e+00    -1.000000000000e+00    -1.000000     -1.000000     -0.001000     -0.001000     -1.000000     -0.001000     -0.001000     -0.000001     -0.001000     -0.001000     -1.000000     -1.000000     -1.000000 
399 13 8 135.000000 0.340000 -1.000000 -1.000000 -1.000000 -1.000000 nan nan nan nan -1.000000000000e+00 -1.000000e+00 -1.000000000000e+00  -1.000000000000e+00  -1.000000000000e+00  -1.000000000000e+00   -1.000000000000e+00   -1.000000000000e+00   -1.000000000000e+00    -1.000000000000e+00    -1.000000     -1.000000     -0.001000     -0.001000     -1.000000     -0.001000     -0.001000     -0.000001     -0.001000     -0.001000     -1.000000     -1.000000     -1.000000 
400 13 9 135.000000 0.380000 -1.000000 -1.000000 -1.000000 -1.000000 nan nan nan nan -1.000000000000e+00 -1.000000e+00 -1.000000000000e+00  -1.000000000000e+00  -1.000000000000e+00  -1.000000000000e+00   -1.000000000000e+00   -1.000000000000e+00   -1.000000000000e+00    -1.000000000000e+00    -1.000000     -1.000000     -0.001000     -0.001000     -1.000000     -0.001000     -0.001000     -0.000001     -0.001000     -0.001000     -1.000000     -1.000000     -1.000000 
401 13 10 135.000000 0.420000 -1.000000 -1.000000 -1.000000 -1.000000 nan nan nan nan -1.000000000000e+00 -1.000000e+00 -1.000000000000e+00  -1.000000000000e+00  -1.000000000000e+00  -1.000000000000e+00   -1.000000000000e+00   -1.000000000000e+00   -1.000000000000e+00    -1.000000000000e+00    -1.000000     -1.000000     -0.001000     -0.001000     -1.000000     -0.001000     -0.001000     -0.000001     -0.001000     -0.001000     -1.000000     -1.000000     -1.000000 
402 13 11 135.000000 0.460000 -1.000000 -1.000000 -1.000000 -1.000000 nan nan nan nan -1.000000000000e+00 -1.000000e+00 -1.000000000000e+00  -1.000000000000e+00  -1.000000000000e+00  -1.000000000000e+00   -1.000000000000e+00   -1.000000000000e+00   -1.000000000000e+00    -1.000000000000e+00    -1.000000     -1.000000     -0.001000     -0.001000     -1.000000     -0.001000     -0.001000     -0.000001     -0.001000     -0.001000     -1.000000     -1.000000     -1.000000 
403 13 12 135.000000 0.500000 -1.000000 -1.000000 -1.000000 -1.000000 nan nan nan nan -1.000000000000e+00 -1.000000e+00 -1.000000000000e+00  -1.000000000000e+00  -1.000000000000e+00  -1.000000000000e+00   -1.000000000000e+00   -1.000000000000e+00   -1.000000000000e+00    -1.000000000000e+00    -1.000000     -1.000000     -0.001000     -0.001000     -1.000000     -0.001000     -0.001000     -0.000001     -0.001000     -0.001000     -1.000000     -1.000000     -1.000000 
404 13 13 135.000000 0.540000 -1.000000 -1.000000 -1.000000 -1.000000 nan nan nan nan -1.000000000000e+00 -1.000000e+00 -1.000000000000e+00  -1.000000000000e+00  -1.000000000000e+00  -1.000000000000e+00   -1.000000000000e+00   -1.000000000000e+00   -1.000000000000e+00    -1.000000000000e+00    -1.000000     -1.000000     -0.001000     -0.001000     -1.000000     -0.001000     -0.001000     -0.000001     -0.001000     -0.001000     -1.000000     -1.000000     -1.000000 
405 13 14 135.000000 0.580000 -1.000000 -1.000000 -1.000000 -1.000000 nan nan nan nan -1.000000000000e+00 -1.000000e+00 -1.000000000000e+00  -1.000000000000e+00  -1.000000000000e+00  -1.000000000000e+00   -1.000000000000e+00   -1.000000000000e+00   -1.000000000000e+00    -1.000000000000e+00    -1.000000     -1.000000     -0.001000     -0.001000     -1.000000     -0.001000     -0.001000     -0.000001     -0.001000     -0.001000     -1.000000     -1.000000     -1.000000 
406 13 15 135.000000 0.620000 -1.000000 -1.000000 -1.000000 -1.000000 nan nan nan nan -1.000000000000e+00 -1.000000e+00 -1.000000000000e+00  -1.000000000000e+00  -1.000000000000e+00  -1.000000000000e+00   -1.000000000000e+00   -1.000000000000e+00   -1.000000000000e+00    -1.000000000000e+00    -1.000000     -1.000000     -0.001000     -0.001000     -1.000000     -0.001000     -0.001000     -0.000001     -0.001000     -0.001000     -1.000000     -1.000000     -1.000000 
407 13 16 135.000000 0.660000 -1.000000 -1.000000 -1.000000 -1.000000 nan nan nan nan -1.000000000000e+00 -1.000000e+00 -1.000000000000e+00  -1.000000000000e+00  -1.000000000000e+00  -1.000000000000e+00   -1.000000000000e+00   -1.000000000000e+00   -1.000000000000e+00    -1.000000000000e+00    -1.000000     -1.000000     -0.001000     -0.001000     -1.000000     -0.001000     -0.001000     -0.000001     -0.001000     -0.001000     -1.000000     -1.000000     -1.000000 
408 13 17 135.000000 0.700000 -1.000000 -1.000000 -1.000000 -1.000000 nan nan nan nan -1.000000000000e+00 -1.000000e+00 -1.000000000000e+00  -1.000000000000e+00  -1.000000000000e+00  -1.000000000000e+00   -1.000000000000e+00   -1.000000000000e+00   -1.000000000000e+00    -1.000000000000e+00    -1.000000     -1.000000     -0.001000     -0.001000     -1.000000     -0.001000     -0.001000     -0.000001     -0.001000     -0.001000     -1.000000     -1.000000     -1.000000 
409 13 18 135.000000 0.740000 -1.000000 -1.000000 -1.000000 -1.000000 nan nan nan nan -1.000000000000e+00 -1.000000e+00 -1.000000000000e+00  -1.000000000000e+00  -1.000000000000e+00  -1.000000000000e+00   -1.000000000000e+00   -1.000000000000e+00   -1.000000000000e+00    -1.000000000000e+00    -1.000000     -1.000000     -0.001000     -0.001000     -1.000000     -0.001000     -0.001000     -0.000001     -0.001000     -0.001000     -1.000000     -1.000000     -1.000000 
410 13 19 135.000000 0.780000 -1.000000 -1.000000 -1.000000 -1.000000 nan nan nan nan -1.000000000000e+00 -1.000000e+00 -1.000000000000e+00  -1.000000000000e+00  -1.000000000000e+00  -1.000000000000e+00   -1.000000000000e+00   -1.000000000000e+00   -1.000000000000e+00    -1.000000000000e+00    -1.000000     -1.000000     -0.001000     -0.001000     -1.000000     -0.001000     -0.001000     -0.000001     -0.001000     -0.001000     -1.000000     -1.000000     -1.000000 
411 13 20 135.000000 0.820000 -1.000000 -1.000000 -1.000000 -1.000000 nan nan nan nan -1.000000000000e+00 -1.000000e+00 -1.000000000000e+00  -1.000000000000e+00  -1.000000000000e+00  -1.000000000000e+00   -1.000000000000e+00   -1.000000000000e+00   -1.000000000000e+00    -1.000000000000e+00    -1.000000     -1.000000     -0.001000     -0.001000     -1.000000     -0.001000     -0.001000     -0.000001     -0.001000     -0.001000     -1.000000     -1.000000     -1.000000 
412 13 21 135.000000 0.860000 -1.000000 -1.000000 -1.000000 -1.000000 nan nan nan nan -1.000000000000e+00 -1.000000e+00 -1.000000000000e+00  -1.000000000000e+00  -1.000000000000e+00  -1.000000000000e+00   -1.000000000000e+00   -1.000000000000e+00   -1.000000000000e+00    -1.000000000000e+00    -1.000000     -1.000000     -0.001000     -0.001000     -1.000000     -0.001000     -0.001000     -0.000001     -0.001000     -0.001000     -1.000000     -1.000000     -1.000000 
413 13 22 135.000000 0.900000 -1.000000 -1.000000 -1.000000 -1.000000 nan nan nan nan -1.000000000000e+00 -1.000000e+00 -1.000000000000e+00  -1.000000000000e+00  -1.000000000000e+00  -1.000000000000e+00   -1.000000000000e+00   -1.000000000000e+00   -1.000000000000e+00    -1.000000000000e+00    -1.000000     -1.000000     -0.001000     -0.001000     -1.000000     -0.001000     -0.001000     -0.000001     -0.001000     -0.001000     -1.000000     -1.000000     -1.000000 
414 13 23 135.000000 0.940000 -1.000000 -1.000000 -1.000000 -1.000000 nan nan nan nan -1.000000000000e+00 -1.000000e+00 -1.000000000000e+00  -1.000000000000e+00  -1.000000000000e+00  -1.000000000000e+00   -1.000000000000e+00   -1.000000000000e+00   -1.000000000000e+00    -1.000000000000e+00    -1.000000     -1.000000     -0.001000     -0.001000     -1.000000     -0.001000     -0.001000     -0.000001     -0.001000     -0.001000     -1.000000     -1.000000     -1.000000 
415 13 24 135.000000 0.980000 -1.000000 -1.000000 -1.000000 -1.000000 nan nan nan nan -1.000000000000e+00 -1.000000e+00 -1.000000000000e+00  -1.000000000000e+00  -1.000000000000e+00  -1.000000000000e+00   -1.000000000000e+00   -1.000000000000e+00   -1.000000000000e+00    -1.000000000000e+00    -1.000000     -1.000000     -0.001000     -0.001000     -1.000000     -0.001000     -0.001000     -0.000001     -0.001000     -0.001000     -1.000000     -1.000000     -1.000000 
416 13 25 135.000000 1.020000 -1.000000 -1.000000 -1.000000 -1.000000 nan nan nan nan -1.000000000000e+00 -1.000000e+00 -1.000000000000e+00  -1.000000000000e+00  -1.000000000000e+00  -1.000000000000e+00   -1.000000000000e+00   -1.000000000000e+00   -1.000000000000e+00    -1.000000000000e+00    -1.000000     -1.000000     -0.001000     -0.001000     -1.000000     -0.001000     -0.001000     -0.000001     -0.001000     -0.001000     -1.000000     -1.000000     -1.000000 
417 13 26 135.000000 1.060000 -1.000000 -1.000000 -1.000000 -1.000000 nan nan nan nan -1.000000000000e+00 -1.000000e+00 -1.000000000000e+00  -1.000000000000e+00  -1.000000000000e+00  -1.000000000000e+00   -1.000000000000e+00   -1.000000000000e+00   -1.000000000000e+00    -1.000000000000e+00    -1.000000     -1.000000     -0.001000     -0.001000     -1.000000     -0.001000     -0.001000     -0.000001     -0.001000     -0.001000     -1.000000     -1.000000     -1.000000 
418 13 27 135.000000 1.100000 -1.000000 -1.000000 -1.000000 -1.000000 nan nan nan nan -1.000000000000e+00 -1.000000e+00 -1.000000000000e+00  -1.000000000000e+00  -1.000000000000e+00  -1.000000000000e+00   -1.000000000000e+00   -1.000000000000e+00   -1.000000000000e+00    -1.000000000000e+00    -1.000000     -1.000000     -0.001000     -0.001000     -1.000000     -0.001000     -0.001000     -0.000001     -0.001000     -0.001000     -1.000000     -1.000000     -1.000000 
419 13 28 135.000000 1.140000 -1.000000 -1.000000 -1.000000 -1.000000 nan nan nan nan -1.000000000000e+00 -1.000000e+00 -1.000000000000e+00  -1.000000000000e+00  -1.000000000000e+00  -1.000000000000e+00   -1.000000000000e+00   -1.000000000000e+00   -1.000000000000e+00    -1.000000000000e+00    -1.000000     -1.000000     -0.001000     -0.001000     -1.000000     -0.001000     -0.001000     -0.000001     -0.001000     -0.001000     -1.000000     -1.000000     -1.000000 
420 13 29 135.000000 1.180000 -1.000000 -1.000000 -1.000000 -1.000000 nan nan nan nan -1.000000000000e+00 -1.000000e+00 -1.000000000000e+00  -1.000000000000e+00  -1.000000000000e+00  -1.000000000000e+00   -1.000000000000e+00   -1.000000000000e+00   -1.000000000000e+00    -1.000000000000e+00    -1.000000     -1.000000     -0.001000     -0.001000     -1.000000     -0.001000     -0.001000     -0.000001     -0.001000     -0.001000     -1.000000     -1.000000     -1.000000 
421 14 0 145.000000 0.020000 -1.000000 -1.000000 -1.000000 -1.000000 nan nan nan nan -1.000000000000e+00 -1.000000e+00 -1.000000000000e+00  -1.000000000000e+00  -1.000000000000e+00  -1.000000000000e+00   -1.000000000000e+00   -1.000000000000e+00   -1.000000000000e+00    -1.000000000000e+00    -1.000000     -1.000000     -0.001000     -0.001000     -1.000000     -0.001000     -0.001000     -0.000001     -0.001000     -0.001000     -1.000000     -1.000000     -1.000000 
422 14 1 145.000000 0.060000 -1.000000 -1.000000 -1.000000 -1.000000 nan nan nan nan -1.000000000000e+00 -1.000000e+00 -1.000000000000e+00  -1.000000000000e+00  -1.000000000000e+00  -1.000000000000e+00   -1.000000000000e+00   -1.000000000000e+00   -1.000000000000e+00    -1.000000000000e+00    -1.000000     -1.000000     -0.001000     -0.001000     -1.000000     -0.001000     -0.001000     -0.000001     -0.001000     -0.001000     -1.000000     -1.000000     -1.000000 
423 14 2 145.000000 0.100000 -1.000000 -1.000000 -1.000000 -1.000000 nan nan nan nan -1.000000000000e+00 -1.000000e+00 -1.000000000000e+00  -1.000000000000e+00  -1.000000000000e+00  -1.000000000000e+00   -1.000000000000e+00   -1.000000000000e+00   -1.000000000000e+00    -1.000000000000e+00    -1.000000     -1.000000     -0.001000     -0.001000     -1.000000     -0.001000     -0.001000     -0.000001     -0.001000     -0.001000     -1.000000     -1.000000     -1.000000 
424 14 3 145.000000 0.140000 -1.000000 -1.000000 -1.000000 -1.000000 nan nan nan nan -1.000000000000e+00 -1.000000e+00 -1.000000000000e+00  -1.000000000000e+00  -1.000000000000e+00  -1.000000000000e+00   -1.000000000000e+00   -1.000000000000e+00   -1.000000000000e+00    -1.000000000000e+00    -1.000000     -1.000000     -0.001000     -0.001000     -1.000000     -0.001000     -0.001000     -0.000001     -0.001000     -0.001000     -1.000000     -1.000000     -1.000000 
425 14 4 145.000000 0.180000 -1.000000 -1.000000 -1.000000 -1.000000 nan nan nan nan -1.000000000000e+00 -1.000000e+00 -1.000000000000e+00  -1.000000000000e+00  -1.000000000000e+00  -1.000000000000e+00   -1.000000000000e+00   -1.000000000000e+00   -1.000000000000e+00    -1.000000000000e+00    -1.000000     -1.000000     -0.001000     -0.001000     -1.000000     -0.001000     -0.001000     -0.000001     -0.001000     -0.001000     -1.000000     -1.000000     -1.000000 
426 14 5 145.000000 0.220000 -1.000000 -1.000000 -1.000000 -1.000000 nan nan nan nan -1.000000000000e+00 -1.000000e+00 -1.000000000000e+00  -1.000000000000e+00  -1.000000000000e+00  -1.000000000000e+00   -1.000000000000e+00   -1.000000000000e+00   -1.000000000000e+00    -1.000000000000e+00    -1.000000     -1.000000     -0.001000     -0.001000     -1.000000     -0.001000     -0.001000     -0.000001     -0.001000     -0.001000     -1.000000     -1.000000     -1.000000 
427 14 6 145.000000 0.260000 -1.000000 -1.000000 -1.000000 -1.000000 nan nan nan nan -1.000000000000e+00 -1.000000e+00 -1.000000000000e+00  -1.000000000000e+00  -1.000000000000e+00  -1.000000000000e+00   -1.000000000000e+00   -1.000000000000e+00   -1.000000000000e+00    -1.000000000000e+00    -1.000000     -1.000000     -0.001000     -0.001000     -1.000000     -0.001000     -0.001000     -0.000001     -0.001000     -0.001000     -1.000000     -1.000000     -1.000000 
428 14 7 145.000000 0.300000 -1.000000 -1.000000 -1.000000 -1.000000 nan nan nan nan -1.000000000000e+00 -1.000000e+00 -1.000000000000e+00  -1.000000000000e+00  -1.000000000000e+00  -1.000000000000e+00   -1.000000000000e+00   -1.000000000000e+00   -1.000000000000e+00    -1.000000000000e+00    -1.000000     -1.000000     -0.001000     -0.001000     -1.000000     -0.001000     -0.001000     -0.000001     -0.001000     -0.001000     -1.000000     -1.000000     -1.000000 
429 14 8 145.000000 0.340000 -1.000000 -1.000000 -1.000000 -1.000000 nan nan nan nan -1.000000000000e+00 -1.000000e+00 -1.000000000000e+00  -1.000000000000e+00  -1.000000000000e+00  -1.000000000000e+00   -1.000000000000e+00   -1.000000000000e+00   -1.000000000000e+00    -1.000000000000e+00    -1.000000     -1.000000     -0.001000     -0.001000     -1.000000     -0.001000     -0.001000     -0.000001     -0.001000     -0.001000     -1.000000     -1.000000     -1.000000 
430 14 9 145.000000 0.380000 -1.000000 -1.000000 -1.000000 -1.000000 nan nan nan nan -1.000000000000e+00 -1.000000e+00 -1.000000000000e+00  -1.000000000000e+00  -1.000000000000e+00  -1.000000000000e+00   -1.000000000000e+00   -1.000000000000e+00   -1.000000000000e+00    -1.000000000000e+00    -1.000000     -1.000000     -0.001000     -0.001000     -1.000000     -0.001000     -0.001000     -0.000001     -0.001000     -0.001000     -1.000000     -1.000000     -1.000000 
431 14 10 145.000000 0.420000 -1.000000 -1.000000 -1.000000 -1.000000 nan nan nan nan -1.000000000000e+00 -1.000000e+00 -1.000000000000e+00  -1.000000000000e+00  -1.000000000000e+00  -1.000000000000e+00   -1.000000000000e+00   -1.000000000000e+00   -1.000000000000e+00    -1.000000000000e+00    -1.000000     -1.000000     -0.001000     -0.001000     -1.000000     -0.001000     -0.001000     -0.000001     -0.001000     -0.001000     -1.000000     -1.000000     -1.000000 
432 14 11 145.000000 0.460000 -1.000000 -1.000000 -1.000000 -1.000000 nan nan nan nan -1.000000000000e+00 -1.000000e+00 -1.000000000000e+00  -1.000000000000e+00  -1.000000000000e+00  -1.000000000000e+00   -1.000000000000e+00   -1.000000000000e+00   -1.000000000000e+00    -1.000000000000e+00    -1.000000     -1.000000     -0.001000     -0.001000     -1.000000     -0.001000     -0.001000     -0.000001     -0.001000     -0.001000     -1.000000     -1.000000     -1.000000 
433 14 12 145.000000 0.500000 -1.000000 -1.000000 -1.000000 -1.000000 nan nan nan nan -1.000000000000e+00 -1.000000e+00 -1.000000000000e+00  -1.000000000000e+00  -1.000000000000e+00  -1.000000000000e+00   -1.000000000000e+00   -1.000000000000e+00   -1.000000000000e+00    -1.000000000000e+00    -1.000000     -1.000000     -0.001000     -0.001000     -1.000000     -0.001000     -0.001000     -0.000001     -0.001000     -0.001000     -1.000000     -1.000000     -1.000000 
434 14 13 145.000000 0.540000 -1.000000 -1.000000 -1.000000 -1.000000 nan nan nan nan -1.000000000000e+00 -1.000000e+00 -1.000000000000e+00  -1.000000000000e+00  -1.000000000000e+00  -1.000000000000e+00   -1.000000000000e+00   -1.000000000000e+00   -1.000000000000e+00    -1.000000000000e+00    -1.000000     -1.000000     -0.001000     -0.001000     -1.000000     -0.001000     -0.001000     -0.000001     -0.001000     -0.001000     -1.000000     -1.000000     -1.000000 
435 14 14 145.000000 0.580000 -1.000000 -1.000000 -1.000000 -1.000000 nan nan nan nan -1.000000000000e+00 -1.000000e+00 -1.000000000000e+00  -1.000000000000e+00  -1.000000000000e+00  -1.000000000000e+00   -1.000000000000e+00   -1.000000000000e+00   -1.000000000000e+00    -1.000000000000e+00    -1.000000     -1.000000     -0.001000     -0.001000     -1.000000     -0.001000     -0.001000     -0.000001     -0.001000     -0.001000     -1.000000     -1.000000     -1.000000 
436 14 15 145.000000 0.620000 -1.000000 -1.000000 -1.000000 -1.000000 nan nan nan nan -1.000000000000e+00 -1.000000e+00 -1.000000000000e+00  -1.000000000000e+00  -1.000000000000e+00  -1.000000000000e+00   -1.000000000000e+00   -1.000000000000e+00   -1.000000000000e+00    -1.000000000000e+00    -1.000000     -1.000000     -0.001000     -0.001000     -1.000000     -0.001000     -0.001000     -0.000001     -0.001000     -0.001000     -1.000000     -1.000000     -1.000000 
437 14 16 145.000000 0.660000 -1.000000 -1.000000 -1.000000 -1.000000 nan nan nan nan -1.000000000000e+00 -1.000000e+00 -1.000000000000e+00  -1.000000000000e+00  -1.000000000000e+00  -1.000000000000e+00   -1.000000000000e+00   -1.000000000000e+00   -1.000000000000e+00    -1.000000000000e+00    -1.000000     -1.000000     -0.001000     -0.001000     -1.000000     -0.001000     -0.001000     -0.000001     -0.001000     -0.001000     -1.000000     -1.000000     -1.000000 
438 14 17 145.000000 0.700000 -1.000000 -1.000000 -1.000000 -1.000000 nan nan nan nan -1.000000000000e+00 -1.000000e+00 -1.000000000000e+00  -1.000000000000e+00  -1.000000000000e+00  -1.000000000000e+00   -1.000000000000e+00   -1.000000000000e+00   -1.000000000000e+00    -1.000000000000e+00    -1.000000     -1.000000     -0.001000     -0.001000     -1.000000     -0.001000     -0.001000     -0.000001     -0.001000     -0.001000     -1.000000     -1.000000     -1.000000 
439 14 18 145.000000 0.740000 -1.000000 -1.000000 -1.000000 -1.000000 nan nan nan nan -1.000000000000e+00 -1.000000e+00 -1.000000000000e+00  -1.000000000000e+00  -1.000000000000e+00  -1.000000000000e+00   -1.000000000000e+00   -1.000000000000e+00   -1.000000000000e+00    -1.000000000000e+00    -1.000000     -1.000000     -0.001000     -0.001000     -1.000000     -0.001000     -0.001000     -0.000001     -0.001000     -0.001000     -1.000000     -1.000000     -1.000000 
440 14 19 145.000000 0.780000 -1.000000 -1.000000 -1.000000 -1.000000 nan nan nan nan -1.000000000000e+00 -1.000000e+00 -1.000000000000e+00  -1.000000000000e+00  -1.000000000000e+00  -1.000000000000e+00   -1.000000000000e+00   -1.000000000000e+00   -1.000000000000e+00    -1.000000000000e+00    -1.000000     -1.000000     -0.001000     -0.001000     -1.000000     -0.001000     -0.001000     -0.000001     -0.001000     -0.001000     -1.000000     -1.000000     -1.000000 
441 14 20 145.000000 0.820000 -1.000000 -1.000000 -1.000000 -1.000000 nan nan nan nan -1.000000000000e+00 -1.000000e+00 -1.000000000000e+00  -1.000000000000e+00  -1.000000000000e+00  -1.000000000000e+00   -1.000000000000e+00   -1.000000000000e+00   -1.000000000000e+00    -1.000000000000e+00    -1.000000     -1.000000     -0.001000     -0.001000     -1.000000     -0.001000     -0.001000     -0.000001     -0.001000     -0.001000     -1.000000     -1.000000     -1.000000 
442 14 21 145.000000 0.860000 -1.000000 -1.000000 -1.000000 -1.000000 nan nan nan nan -1.000000000000e+00 -1.000000e+00 -1.000000000000e+00  -1.000000000000e+00  -1.000000000000e+00  -1.000000000000e+00   -1.000000000000e+00   -1.000000000000e+00   -1.000000000000e+00    -1.000000000000e+00    -1.000000     -1.000000     -0.001000     -0.001000     -1.000000     -0.001000     -0.001000     -0.000001     -0.001000     -0.001000     -1.000000     -1.000000     -1.000000 
443 14 22 145.000000 0.900000 -1.000000 -1.000000 -1.000000 -1.000000 nan nan nan nan -1.000000000000e+00 -1.000000e+00 -1.000000000000e+00  -1.000000000000e+00  -1.000000000000e+00  -1.000000000000e+00   -1.000000000000e+00   -1.000000000000e+00   -1.000000000000e+00    -1.000000000000e+00    -1.000000     -1.000000     -0.001000     -0.001000     -1.000000     -0.001000     -0.001000     -0.000001     -0.001000     -0.001000     -1.000000     -1.000000     -1.000000 
444 14 23 145.000000 0.940000 -1.000000 -1.000000 -1.000000 -1.000000 nan nan nan nan -1.000000000000e+00 -1.000000e+00 -1.000000000000e+00  -1.000000000000e+00  -1.000000000000e+00  -1.000000000000e+00   -1.000000000000e+00   -1.000000000000e+00   -1.000000000000e+00    -1.000000000000e+00    -1.000000     -1.000000     -0.001000     -0.001000     -1.000000     -0.001000     -0.001000     -0.000001     -0.001000     -0.001000     -1.000000     -1.000000     -1.000000 
445 14 24 145.000000 0.980000 -1.000000 -1.000000 -1.000000 -1.000000 nan nan nan nan -1.000000000000e+00 -1.000000e+00 -1.000000000000e+00  -1.000000000000e+00  -1.000000000000e+00  -1.000000000000e+00   -1.000000000000e+00   -1.000000000000e+00   -1.000000000000e+00    -1.000000000000e+00    -1.000000     -1.000000     -0.001000     -0.001000     -1.000000     -0.001000     -0.001000     -0.000001     -0.001000     -0.001000     -1.000000     -1.000000     -1.000000 
446 14 25 145.000000 1.020000 -1.000000 -1.000000 -1.000000 -1.000000 nan nan nan nan -1.000000000000e+00 -1.000000e+00 -1.000000000000e+00  -1.000000000000e+00  -1.000000000000e+00  -1.000000000000e+00   -1.000000000000e+00   -1.000000000000e+00   -1.000000000000e+00    -1.000000000000e+00    -1.000000     -1.000000     -0.001000     -0.001000     -1.000000     -0.001000     -0.001000     -0.000001     -0.001000     -0.001000     -1.000000     -1.000000     -1.000000 
447 14 26 145.000000 1.060000 -1.000000 -1.000000 -1.000000 -1.000000 nan nan nan nan -1.000000000000e+00 -1.000000e+00 -1.000000000000e+00  -1.000000000000e+00  -1.000000000000e+00  -1.000000000000e+00   -1.000000000000e+00   -1.000000000000e+00   -1.000000000000e+00    -1.000000000000e+00    -1.000000     -1.000000     -0.001000     -0.001000     -1.000000     -0.001000     -0.001000     -0.000001     -0.001000     -0.001000     -1.000000     -1.000000     -1.000000 
448 14 27 145.000000 1.100000 -1.000000 -1.000000 -1.000000 -1.000000 nan nan nan nan -1.000000000000e+00 -1.000000e+00 -1.000000000000e+00  -1.000000000000e+00  -1.000000000000e+00  -1.000000000000e+00   -1.000000000000e+00   -1.000000000000e+00   -1.000000000000e+00    -1.000000000000e+00    -1.000000     -1.000000     -0.001000     -0.001000     -1.000000     -0.001000     -0.001000     -0.000001     -0.001000     -0.001000     -1.000000     -1.000000     -1.000000 
449 14 28 145.000000 1.140000 -1.000000 -1.000000 -1.000000 -1.000000 nan nan nan nan -1.000000000000e+00 -1.000000e+00 -1.000000000000e+00  -1.000000000000e+00  -1.000000000000e+00  -1.000000000000e+00   -1.000000000000e+00   -1.000000000000e+00   -1.000000000000e+00    -1.000000000000e+00    -1.000000     -1.000000     -0.001000     -0.001000     -1.000000     -0.001000     -0.001000     -0.000001     -0.001000     -0.001000     -1.000000     -1.000000     -1.000000 
450 14 29 145.000000 1.180000 -1.000000 -1.000000 -1.000000 -1.000000 nan nan nan nan -1.000000000000e+00 -1.000000e+00 -1.000000000000e+00  -1.000000000000e+00  -1.000000000000e+00  -1.000000000000e+00   -1.000000000000e+00   -1.000000000000e+00   -1.000000000000e+00    -1.000000000000e+00    -1.000000     -1.000000     -0.001000     -0.001000     -1.000000     -0.001000     -0.001000     -0.000001     -0.001000     -0.001000     -1.000000     -1.000000     -1.000000 
451 15 0 155.000000 0.020000 -1.000000 -1.000000 -1.000000 -1.000000 nan nan nan nan -1.000000000000e+00 -1.000000e+00 -1.000000000000e+00  -1.000000000000e+00  -1.000000000000e+00  -1.000000000000e+00   -1.000000000000e+00   -1.000000000000e+00   -1.000000000000e+00    -1.000000000000e+00    -1.000000     -1.000000     -0.001000     -0.001000     -1.000000     -0.001000     -0.001000     -0.000001     -0.001000     -0.001000     -1.000000     -1.000000     -1.000000 
452 15 1 155.000000 0.060000 -1.000000 -1.000000 -1.000000 -1.000000 nan nan nan nan -1.000000000000e+00 -1.000000e+00 -1.000000000000e+00  -1.000000000000e+00  -1.000000000000e+00  -1.000000000000e+00   -1.000000000000e+00   -1.000000000000e+00   -1.000000000000e+00    -1.000000000000e+00    -1.000000     -1.000000     -0.001000     -0.001000     -1.000000     -0.001000     -0.001000     -0.000001     -0.001000     -0.001000     -1.000000     -1.000000     -1.000000 
453 15 2 155.000000 0.100000 -1.000000 -1.000000 -1.000000 -1.000000 nan nan nan nan -1.000000000000e+00 -1.000000e+00 -1.000000000000e+00  -1.000000000000e+00  -1.000000000000e+00  -1.000000000000e+00   -1.000000000000e+00   -1.000000000000e+00   -1.000000000000e+00    -1.000000000000e+00    -1.000000     -1.000000     -0.001000     -0.001000     -1.000000     -0.001000     -0.001000     -0.000001     -0.001000     -0.001000     -1.000000     -1.000000     -1.000000 
454 15 3 155.000000 0.140000 -1.000000 -1.000000 -1.000000 -1.000000 nan nan nan nan -1.000000000000e+00 -1.000000e+00 -1.000000000000e+00  -1.000000000000e+00  -1.000000000000e+00  -1.000000000000e+00   -1.000000000000e+00   -1.000000000000e+00   -1.000000000000e+00    -1.000000000000e+00    -1.000000     -1.000000     -0.001000     -0.001000     -1.000000     -0.001000     -0.001000     -0.000001     -0.001000     -0.001000     -1.000000     -1.000000     -1.000000 
455 15 4 155.000000 0.180000 -1.000000 -1.000000 -1.000000 -1.000000 nan nan nan nan -1.000000000000e+00 -1.000000e+00 -1.000000000000e+00  -1.000000000000e+00  -1.000000000000e+00  -1.000000000000e+00   -1.000000000000e+00   -1.000000000000e+00   -1.000000000000e+00    -1.000000000000e+00    -1.000000     -1.000000     -0.001000     -0.001000     -1.000000     -0.001000     -0.001000     -0.000001     -0.001000     -0.001000     -1.000000     -1.000000     -1.000000 
456 15 5 155.000000 0.220000 -1.000000 -1.000000 -1.000000 -1.000000 nan nan nan nan -1.000000000000e+00 -1.000000e+00 -1.000000000000e+00  -1.000000000000e+00  -1.000000000000e+00  -1.000000000000e+00   -1.000000000000e+00   -1.000000000000e+00   -1.000000000000e+00    -1.000000000000e+00    -1.000000     -1.000000     -0.001000     -0.001000     -1.000000     -0.001000     -0.001000     -0.000001     -0.001000     -0.001000     -1.000000     -1.000000     -1.000000 
457 15 6 155.000000 0.260000 -1.000000 -1.000000 -1.000000 -1.000000 nan nan nan nan -1.000000000000e+00 -1.000000e+00 -1.000000000000e+00  -1.000000000000e+00  -1.000000000000e+00  -1.000000000000e+00   -1.000000000000e+00   -1.000000000000e+00   -1.000000000000e+00    -1.000000000000e+00    -1.000000     -1.000000     -0.001000     -0.001000     -1.000000     -0.001000     -0.001000     -0.000001     -0.001000     -0.001000     -1.000000     -1.000000     -1.000000 
458 15 7 155.000000 0.300000 -1.000000 -1.000000 -1.000000 -1.000000 nan nan nan nan -1.000000000000e+00 -1.000000e+00 -1.000000000000e+00  -1.000000000000e+00  -1.000000000000e+00  -1.000000000000e+00   -1.000000000000e+00   -1.000000000000e+00   -1.000000000000e+00    -1.000000000000e+00    -1.000000     -1.000000     -0.001000     -0.001000     -1.000000     -0.001000     -0.001000     -0.000001     -0.001000     -0.001000     -1.000000     -1.000000     -1.000000 
459 15 8 155.000000 0.340000 -1.000000 -1.000000 -1.000000 -1.000000 nan nan nan nan -1.000000000000e+00 -1.000000e+00 -1.000000000000e+00  -1.000000000000e+00  -1.000000000000e+00  -1.000000000000e+00   -1.000000000000e+00   -1.000000000000e+00   -1.000000000000e+00    -1.000000000000e+00    -1.000000     -1.000000     -0.001000     -0.001000     -1.000000     -0.001000     -0.001000     -0.000001     -0.001000     -0.001000     -1.000000     -1.000000     -1.000000 
460 15 9 155.000000 0.380000 -1.000000 -1.000000 -1.000000 -1.000000 nan nan nan nan -1.000000000000e+00 -1.000000e+00 -1.000000000000e+00  -1.000000000000e+00  -1.000000000000e+00  -1.000000000000e+00   -1.000000000000e+00   -1.000000000000e+00   -1.000000000000e+00    -1.000000000000e+00    -1.000000     -1.000000     -0.001000     -0.001000     -1.000000     -0.001000     -0.001000     -0.000001     -0.001000     -0.001000     -1.000000     -1.000000     -1.000000 
461 15 10 155.000000 0.420000 -1.000000 -1.000000 -1.000000 -1.000000 nan nan nan nan -1.000000000000e+00 -1.000000e+00 -1.000000000000e+00  -1.000000000000e+00  -1.000000000000e+00  -1.000000000000e+00   -1.000000000000e+00   -1.000000000000e+00   -1.000000000000e+00    -1.000000000000e+00    -1.000000     -1.000000     -0.001000     -0.001000     -1.000000     -0.001000     -0.001000     -0.000001     -0.001000     -0.001000     -1.000000     -1.000000     -1.000000 
462 15 11 155.000000 0.460000 -1.000000 -1.000000 -1.000000 -1.000000 nan nan nan nan -1.000000000000e+00 -1.000000e+00 -1.000000000000e+00  -1.000000000000e+00  -1.000000000000e+00  -1.000000000000e+00   -1.000000000000e+00   -1.000000000000e+00   -1.000000000000e+00    -1.000000000000e+00    -1.000000     -1.000000     -0.001000     -0.001000     -1.000000     -0.001000     -0.001000     -0.000001     -0.001000     -0.001000     -1.000000     -1.000000     -1.000000 
463 15 12 155.000000 0.500000 -1.000000 -1.000000 -1.000000 -1.000000 nan nan nan nan -1.000000000000e+00 -1.000000e+00 -1.000000000000e+00  -1.000000000000e+00  -1.000000000000e+00  -1.000000000000e+00   -1.000000000000e+00   -1.000000000000e+00   -1.000000000000e+00    -1.000000000000e+00    -1.000000     -1.000000     -0.001000     -0.001000     -1.000000     -0.001000     -0.001000     -0.000001     -0.001000     -0.001000     -1.000000     -1.000000     -1.000000 
464 15 13 155.000000 0.540000 -1.000000 -1.000000 -1.000000 -1.000000 nan nan nan nan -1.000000000000e+00 -1.000000e+00 -1.000000000000e+00  -1.000000000000e+00  -1.000000000000e+00  -1.000000000000e+00   -1.000000000000e+00   -1.000000000000e+00   -1.000000000000e+00    -1.000000000000e+00    -1.000000     -1.000000     -0.001000     -0.001000     -1.000000     -0.001000     -0.001000     -0.000001     -0.001000     -0.001000     -1.000000     -1.000000     -1.000000 
465 15 14 155.000000 0.580000 -1.000000 -1.000000 -1.000000 -1.000000 nan nan nan nan -1.000000000000e+00 -1.000000e+00 -1.000000000000e+00  -1.000000000000e+00  -1.000000000000e+00  -1.000000000000e+00   -1.000000000000e+00   -1.000000000000e+00   -1.000000000000e+00    -1.000000000000e+00    -1.000000     -1.000000     -0.001000     -0.001000     -1.000000     -0.001000     -0.001000     -0.000001     -0.001000     -0.001000     -1.000000     -1.000000     -1.000000 
466 15 15 155.000000 0.620000 -1.000000 -1.000000 -1.000000 -1.000000 nan nan nan nan -1.000000000000e+00 -1.000000e+00 -1.000000000000e+00  -1.000000000000e+00  -1.000000000000e+00  -1.000000000000e+00   -1.000000000000e+00   -1.000000000000e+00   -1.000000000000e+00    -1.000000000000e+00    -1.000000     -1.000000     -0.001000     -0.001000     -1.000000     -0.001000     -0.001000     -0.000001     -0.001000     -0.001000     -1.000000     -1.000000     -1.000000 
467 15 16 155.000000 0.660000 -1.000000 -1.000000 -1.000000 -1.000000 nan nan nan nan -1.000000000000e+00 -1.000000e+00 -1.000000000000e+00  -1.000000000000e+00  -1.000000000000e+00  -1.000000000000e+00   -1.000000000000e+00   -1.000000000000e+00   -1.000000000000e+00    -1.000000000000e+00    -1.000000     -1.000000     -0.001000     -0.001000     -1.000000     -0.001000     -0.001000     -0.000001     -0.001000     -0.001000     -1.000000     -1.000000     -1.000000 
468 15 17 155.000000 0.700000 -1.000000 -1.000000 -1.000000 -1.000000 nan nan nan nan -1.000000000000e+00 -1.000000e+00 -1.000000000000e+00  -1.000000000000e+00  -1.000000000000e+00  -1.000000000000e+00   -1.000000000000e+00   -1.000000000000e+00   -1.000000000000e+00    -1.000000000000e+00    -1.000000     -1.000000     -0.001000     -0.001000     -1.000000     -0.001000     -0.001000     -0.000001     -0.001000     -0.001000     -1.000000     -1.000000     -1.000000 
469 15 18 155.000000 0.740000 -1.000000 -1.000000 -1.000000 -1.000000 nan nan nan nan -1.000000000000e+00 -1.000000e+00 -1.000000000000e+00  -1.000000000000e+00  -1.000000000000e+00  -1.000000000000e+00   -1.000000000000e+00   -1.000000000000e+00   -1.000000000000e+00    -1.000000000000e+00    -1.000000     -1.000000     -0.001000     -0.001000     -1.000000     -0.001000     -0.001000     -0.000001     -0.001000     -0.001000     -1.000000     -1.000000     -1.000000 
470 15 19 155.000000 0.780000 -1.000000 -1.000000 -1.000000 -1.000000 nan nan nan nan -1.000000000000e+00 -1.000000e+00 -1.000000000000e+00  -1.000000000000e+00  -1.000000000000e+00  -1.000000000000e+00   -1.000000000000e+00   -1.000000000000e+00   -1.000000000000e+00    -1.000000000000e+00    -1.000000     -1.000000     -0.001000     -0.001000     -1.000000     -0.001000     -0.001000     -0.000001     -0.001000     -0.001000     -1.000000     -1.000000     -1.000000 
471 15 20 155.000000 0.820000 -1.000000 -1.000000 -1.000000 -1.000000 nan nan nan nan -1.000000000000e+00 -1.000000e+00 -1.000000000000e+00  -1.000000000000e+00  -1.000000000000e+00  -1.000000000000e+00   -1.000000000000e+00   -1.000000000000e+00   -1.000000000000e+00    -1.000000000000e+00    -1.000000     -1.000000     -0.001000     -0.001000     -1.000000     -0.001000     -0.001000     -0.000001     -0.001000     -0.001000     -1.000000     -1.000000     -1.000000 
472 15 21 155.000000 0.860000 -1.000000 -1.000000 -1.000000 -1.000000 nan nan nan nan -1.000000000000e+00 -1.000000e+00 -1.000000000000e+00  -1.000000000000e+00  -1.000000000000e+00  -1.000000000000e+00   -1.000000000000e+00   -1.000000000000e+00   -1.000000000000e+00    -1.000000000000e+00    -1.000000     -1.000000     -0.001000     -0.001000     -1.000000     -0.001000     -0.001000     -0.000001     -0.001000     -0.001000     -1.000000     -1.000000     -1.000000 
473 15 22 155.000000 0.900000 -1.000000 -1.000000 -1.000000 -1.000000 nan nan nan nan -1.000000000000e+00 -1.000000e+00 -1.000000000000e+00  -1.000000000000e+00  -1.000000000000e+00  -1.000000000000e+00   -1.000000000000e+00   -1.000000000000e+00   -1.000000000000e+00    -1.000000000000e+00    -1.000000     -1.000000     -0.001000     -0.001000     -1.000000     -0.001000     -0.001000     -0.000001     -0.001000     -0.001000     -1.000000     -1.000000     -1.000000 
474 15 23 155.000000 0.940000 -1.000000 -1.000000 -1.000000 -1.000000 nan nan nan nan -1.000000000000e+00 -1.000000e+00 -1.000000000000e+00  -1.000000000000e+00  -1.000000000000e+00  -1.000000000000e+00   -1.000000000000e+00   -1.000000000000e+00   -1.000000000000e+00    -1.000000000000e+00    -1.000000     -1.000000     -0.001000     -0.001000     -1.000000     -0.001000     -0.001000     -0.000001     -0.001000     -0.001000     -1.000000     -1.000000     -1.000000 
475 15 24 155.000000 0.980000 -1.000000 -1.000000 -1.000000 -1.000000 nan nan nan nan -1.000000000000e+00 -1.000000e+00 -1.000000000000e+00  -1.000000000000e+00  -1.000000000000e+00  -1.000000000000e+00   -1.000000000000e+00   -1.000000000000e+00   -1.000000000000e+00    -1.000000000000e+00    -1.000000     -1.000000     -0.001000     -0.001000     -1.000000     -0.001000     -0.001000     -0.000001     -0.001000     -0.001000     -1.000000     -1.000000     -1.000000 
476 15 25 155.000000 1.020000 -1.000000 -1.000000 -1.000000 -1.000000 nan nan nan nan -1.000000000000e+00 -1.000000e+00 -1.000000000000e+00  -1.000000000000e+00  -1.000000000000e+00  -1.000000000000e+00   -1.000000000000e+00   -1.000000000000e+00   -1.000000000000e+00    -1.000000000000e+00    -1.000000     -1.000000     -0.001000     -0.001000     -1.000000     -0.001000     -0.001000     -0.000001     -0.001000     -0.001000     -1.000000     -1.000000     -1.000000 
477 15 26 155.000000 1.060000 -1.000000 -1.000000 -1.000000 -1.000000 nan nan nan nan -1.000000000000e+00 -1.000000e+00 -1.000000000000e+00  -1.000000000000e+00  -1.000000000000e+00  -1.000000000000e+00   -1.000000000000e+00   -1.000000000000e+00   -1.000000000000e+00    -1.000000000000e+00    -1.000000     -1.000000     -0.001000     -0.001000     -1.000000     -0.001000     -0.001000     -0.000001     -0.001000     -0.001000     -1.000000     -1.000000     -1.000000 
478 15 27 155.000000 1.100000 -1.000000 -1.000000 -1.000000 -1.000000 nan nan nan nan -1.000000000000e+00 -1.000000e+00 -1.000000000000e+00  -1.000000000000e+00  -1.000000000000e+00  -1.000000000000e+00   -1.000000000000e+00   -1.000000000000e+00   -1.000000000000e+00    -1.000000000000e+00    -1.000000     -1.000000     -0.001000     -0.001000     -1.000000     -0.001000     -0.001000     -0.000001     -0.001000     -0.001000     -1.000000     -1.000000     -1.000000 
479 15 28 155.000000 1.140000 -1.000000 -1.000000 -1.000000 -1.000000 nan nan nan nan -1.000000000000e+00 -1.000000e+00 -1.000000000000e+00  -1.000000000000e+00  -1.000000000000e+00  -1.000000000000e+00   -1.000000000000e+00   -1.000000000000e+00   -1.000000000000e+00    -1.000000000000e+00    -1.000000     -1.000000     -0.001000     -0.001000     -1.000000     -0.001000     -0.001000     -0.000001     -0.001000     -0.001000     -1.000000     -1.000000     -1.000000 
480 15 29 155.000000 1.180000 -1.000000 -1.000000 -1.000000 -1.000000 nan nan nan nan -1.000000000000e+00 -1.000000e+00 -1.000000000000e+00  -1.000000000000e+00  -1.000000000000e+00  -1.000000000000e+00   -1.000000000000e+00   -1.000000000000e+00   -1.000000000000e+00    -1.000000000000e+00    -1.000000     -1.000000     -0.001000     -0.001000     -1.000000     -0.001000     -0.001000     -0.000001     -0.001000     -0.001000     -1.000000     -1.000000     -1.000000 
481 16 0 165.000000 0.020000 -1.000000 -1.000000 -1.000000 -1.000000 nan nan nan nan -1.000000000000e+00 -1.000000e+00 -1.000000000000e+00  -1.000000000000e+00  -1.000000000000e+00  -1.000000000000e+00   -1.000000000000e+00   -1.000000000000e+00   -1.000000000000e+00    -1.000000000000e+00    -1.000000     -1.000000     -0.001000     -0.001000     -1.000000     -0.001000     -0.001000     -0.000001     -0.001000     -0.001000     -1.000000     -1.000000     -1.000000 
482 16 1 165.000000 0.060000 -1.000000 -1.000000 -1.000000 -1.000000 nan nan nan nan -1.000000000000e+00 -1.000000e+00 -1.000000000000e+00  -1.000000000000e+00  -1.000000000000e+00  -1.000000000000e+00   -1.000000000000e+00   -1.000000000000e+00   -1.000000000000e+00    -1.000000000000e+00    -1.000000     -1.000000     -0.001000     -0.001000     -1.000000     -0.001000     -0.001000     -0.000001     -0.001000     -0.001000     -1.000000     -1.000000     -1.000000 
483 16 2 165.000000 0.100000 -1.000000 -1.000000 -1.000000 -1.000000 nan nan nan nan -1.000000000000e+00 -1.000000e+00 -1.000000000000e+00  -1.000000000000e+00  -1.000000000000e+00  -1.000000000000e+00   -1.000000000000e+00   -1.000000000000e+00   -1.000000000000e+00    -1.000000000000e+00    -1.000000     -1.000000     -0.001000     -0.001000     -1.000000     -0.001000     -0.001000     -0.000001     -0.001000     -0.001000     -1.000000     -1.000000     -1.000000 
484 16 3 165.000000 0.140000 -1.000000 -1.000000 -1.000000 -1.000000 nan nan nan nan -1.000000000000e+00 -1.000000e+00 -1.000000000000e+00  -1.000000000000e+00  -1.000000000000e+00  -1.000000000000e+00   -1.000000000000e+00   -1.000000000000e+00   -1.000000000000e+00    -1.000000000000e+00    -1.000000     -1.000000     -0.001000     -0.001000     -1.000000     -0.001000     -0.001000     -0.000001     -0.001000     -0.001000     -1.000000     -1.000000     -1.000000 
485 16 4 165.000000 0.180000 -1.000000 -1.000000 -1.000000 -1.000000 nan nan nan nan -1.000000000000e+00 -1.000000e+00 -1.000000000000e+00  -1.000000000000e+00  -1.000000000000e+00  -1.000000000000e+00   -1.000000000000e+00   -1.000000000000e+00   -1.000000000000e+00    -1.000000000000e+00    -1.000000     -1.000000     -0.001000     -0.001000     -1.000000     -0.001000     -0.001000     -0.000001     -0.001000     -0.001000     -1.000000     -1.000000     -1.000000 
486 16 5 165.000000 0.220000 -1.000000 -1.000000 -1.000000 -1.000000 nan nan nan nan -1.000000000000e+00 -1.000000e+00 -1.000000000000e+00  -1.000000000000e+00  -1.000000000000e+00  -1.000000000000e+00   -1.000000000000e+00   -1.000000000000e+00   -1.000000000000e+00    -1.000000000000e+00    -1.000000     -1.000000     -0.001000     -0.001000     -1.000000     -0.001000     -0.001000     -0.000001     -0.001000     -0.001000     -1.000000     -1.000000     -1.000000 
487 16 6 165.000000 0.260000 -1.000000 -1.000000 -1.000000 -1.000000 nan nan nan nan -1.000000000000e+00 -1.000000e+00 -1.000000000000e+00  -1.000000000000e+00  -1.000000000000e+00  -1.000000000000e+00   -1.000000000000e+00   -1.000000000000e+00   -1.000000000000e+00    -1.000000000000e+00    -1.000000     -1.000000     -0.001000     -0.001000     -1.000000     -0.001000     -0.001000     -0.000001     -0.001000     -0.001000     -1.000000     -1.000000     -1.000000 
488 16 7 165.000000 0.300000 -1.000000 -1.000000 -1.000000 -1.000000 nan nan nan nan -1.000000000000e+00 -1.000000e+00 -1.000000000000e+00  -1.000000000000e+00  -1.000000000000e+00  -1.000000000000e+00   -1.000000000000e+00   -1.000000000000e+00   -1.000000000000e+00    -1.000000000000e+00    -1.000000     -1.000000     -0.001000     -0.001000     -1.000000     -0.001000     -0.001000     -0.000001     -0.001000     -0.001000     -1.000000     -1.000000     -1.000000 
489 16 8 165.000000 0.340000 -1.000000 -1.000000 -1.000000 -1.000000 nan nan nan nan -1.000000000000e+00 -1.000000e+00 -1.000000000000e+00  -1.000000000000e+00  -1.000000000000e+00  -1.000000000000e+00   -1.000000000000e+00   -1.000000000000e+00   -1.000000000000e+00    -1.000000000000e+00    -1.000000     -1.000000     -0.001000     -0.001000     -1.000000     -0.001000     -0.001000     -0.000001     -0.001000     -0.001000     -1.000000     -1.000000     -1.000000 
490 16 9 165.000000 0.380000 -1.000000 -1.000000 -1.000000 -1.000000 nan nan nan nan -1.000000000000e+00 -1.000000e+00 -1.000000000000e+00  -1.000000000000e+00  -1.000000000000e+00  -1.000000000000e+00   -1.000000000000e+00   -1.000000000000e+00   -1.000000000000e+00    -1.000000000000e+00    -1.000000     -1.000000     -0.001000     -0.001000     -1.000000     -0.001000     -0.001000     -0.000001     -0.001000     -0.001000     -1.000000     -1.000000     -1.000000 
491 16 10 165.000000 0.420000 -1.000000 -1.000000 -1.000000 -1.000000 nan nan nan nan -1.000000000000e+00 -1.000000e+00 -1.000000000000e+00  -1.000000000000e+00  -1.000000000000e+00  -1.000000000000e+00   -1.000000000000e+00   -1.000000000000e+00   -1.000000000000e+00    -1.000000000000e+00    -1.000000     -1.000000     -0.001000     -0.001000     -1.000000     -0.001000     -0.001000     -0.000001     -0.001000     -0.001000     -1.000000     -1.000000     -1.000000 
492 16 11 165.000000 0.460000 -1.000000 -1.000000 -1.000000 -1.000000 nan nan nan nan -1.000000000000e+00 -1.000000e+00 -1.000000000000e+00  -1.000000000000e+00  -1.000000000000e+00  -1.000000000000e+00   -1.000000000000e+00   -1.000000000000e+00   -1.000000000000e+00    -1.000000000000e+00    -1.000000     -1.000000     -0.001000     -0.001000     -1.000000     -0.001000     -0.001000     -0.000001     -0.001000     -0.001000     -1.000000     -1.000000     -1.000000 
493 16 12 165.000000 0.500000 -1.000000 -1.000000 -1.000000 -1.000000 nan nan nan nan -1.000000000000e+00 -1.000000e+00 -1.000000000000e+00  -1.000000000000e+00  -1.000000000000e+00  -1.000000000000e+00   -1.000000000000e+00   -1.000000000000e+00   -1.000000000000e+00    -1.000000000000e+00    -1.000000     -1.000000     -0.001000     -0.001000     -1.000000     -0.001000     -0.001000     -0.000001     -0.001000     -0.001000     -1.000000     -1.000000     -1.000000 
494 16 13 165.000000 0.540000 -1.000000 -1.000000 -1.000000 -1.000000 nan nan nan nan -1.000000000000e+00 -1.000000e+00 -1.000000000000e+00  -1.000000000000e+00  -1.000000000000e+00  -1.000000000000e+00   -1.000000000000e+00   -1.000000000000e+00   -1.000000000000e+00    -1.000000000000e+00    -1.000000     -1.000000     -0.001000     -0.001000     -1.000000     -0.001000     -0.001000     -0.000001     -0.001000     -0.001000     -1.000000     -1.000000     -1.000000 
495 16 14 165.000000 0.580000 -1.000000 -1.000000 -1.000000 -1.000000 nan nan nan nan -1.000000000000e+00 -1.000000e+00 -1.000000000000e+00  -1.000000000000e+00  -1.000000000000e+00  -1.000000000000e+00   -1.000000000000e+00   -1.000000000000e+00   -1.000000000000e+00    -1.000000000000e+00    -1.000000     -1.000000     -0.001000     -0.001000     -1.000000     -0.001000     -0.001000     -0.000001     -0.001000     -0.001000     -1.000000     -1.000000     -1.000000 
496 16 15 165.000000 0.620000 -1.000000 -1.000000 -1.000000 -1.000000 nan nan nan nan -1.000000000000e+00 -1.000000e+00 -1.000000000000e+00  -1.000000000000e+00  -1.000000000000e+00  -1.000000000000e+00   -1.000000000000e+00   -1.000000000000e+00   -1.000000000000e+00    -1.000000000000e+00    -1.000000     -1.000000     -0.001000     -0.001000     -1.000000     -0.001000     -0.001000     -0.000001     -0.001000     -0.001000     -1.000000     -1.000000     -1.000000 
497 16 16 165.000000 0.660000 -1.000000 -1.000000 -1.000000 -1.000000 nan nan nan nan -1.000000000000e+00 -1.000000e+00 -1.000000000000e+00  -1.000000000000e+00  -1.000000000000e+00  -1.000000000000e+00   -1.000000000000e+00   -1.000000000000e+00   -1.000000000000e+00    -1.000000000000e+00    -1.000000     -1.000000     -0.001000     -0.001000     -1.000000     -0.001000     -0.001000     -0.000001     -0.001000     -0.001000     -1.000000     -1.000000     -1.000000 
498 16 17 165.000000 0.700000 -1.000000 -1.000000 -1.000000 -1.000000 nan nan nan nan -1.000000000000e+00 -1.000000e+00 -1.000000000000e+00  -1.000000000000e+00  -1.000000000000e+00  -1.000000000000e+00   -1.000000000000e+00   -1.000000000000e+00   -1.000000000000e+00    -1.000000000000e+00    -1.000000     -1.000000     -0.001000     -0.001000     -1.000000     -0.001000     -0.001000     -0.000001     -0.001000     -0.001000     -1.000000     -1.000000     -1.000000 
499 16 18 165.000000 0.740000 -1.000000 -1.000000 -1.000000 -1.000000 nan nan nan nan -1.000000000000e+00 -1.000000e+00 -1.000000000000e+00  -1.000000000000e+00  -1.000000000000e+00  -1.000000000000e+00   -1.000000000000e+00   -1.000000000000e+00   -1.000000000000e+00    -1.000000000000e+00    -1.000000     -1.000000     -0.001000     -0.001000     -1.000000     -0.001000     -0.001000     -0.000001     -0.001000     -0.001000     -1.000000     -1.000000     -1.000000 
500 16 19 165.000000 0.780000 -1.000000 -1.000000 -1.000000 -1.000000 nan nan nan nan -1.000000000000e+00 -1.000000e+00 -1.000000000000e+00  -1.000000000000e+00  -1.000000000000e+00  -1.000000000000e+00   -1.000000000000e+00   -1.000000000000e+00   -1.000000000000e+00    -1.000000000000e+00    -1.000000     -1.000000     -0.001000     -0.001000     -1.000000     -0.001000     -0.001000     -0.000001     -0.001000     -0.001000     -1.000000     -1.000000     -1.000000 
501 16 20 165.000000 0.820000 -1.000000 -1.000000 -1.000000 -1.000000 nan nan nan nan -1.000000000000e+00 -1.000000e+00 -1.000000000000e+00  -1.000000000000e+00  -1.000000000000e+00  -1.000000000000e+00   -1.000000000000e+00   -1.000000000000e+00   -1.000000000000e+00    -1.000000000000e+00    -1.000000     -1.000000     -0.001000     -0.001000     -1.000000     -0.001000     -0.001000     -0.000001     -0.001000     -0.001000     -1.000000     -1.000000     -1.000000 
502 16 21 165.000000 0.860000 -1.000000 -1.000000 -1.000000 -1.000000 nan nan nan nan -1.000000000000e+00 -1.000000e+00 -1.000000000000e+00  -1.000000000000e+00  -1.000000000000e+00  -1.000000000000e+00   -1.000000000000e+00   -1.000000000000e+00   -1.000000000000e+00    -1.000000000000e+00    -1.000000     -1.000000     -0.001000     -0.001000     -1.000000     -0.001000     -0.001000     -0.000001     -0.001000     -0.001000     -1.000000     -1.000000     -1.000000 
503 16 22 165.000000 0.900000 -1.000000 -1.000000 -1.000000 -1.000000 nan nan nan nan -1.000000000000e+00 -1.000000e+00 -1.000000000000e+00  -1.000000000000e+00  -1.000000000000e+00  -1.000000000000e+00   -1.000000000000e+00   -1.000000000000e+00   -1.000000000000e+00    -1.000000000000e+00    -1.000000     -1.000000     -0.001000     -0.001000     -1.000000     -0.001000     -0.001000     -0.000001     -0.001000     -0.001000     -1.000000     -1.000000     -1.000000 
504 16 23 165.000000 0.940000 -1.000000 -1.000000 -1.000000 -1.000000 nan nan nan nan -1.000000000000e+00 -1.000000e+00 -1.000000000000e+00  -1.000000000000e+00  -1.000000000000e+00  -1.000000000000e+00   -1.000000000000e+00   -1.000000000000e+00   -1.000000000000e+00    -1.000000000000e+00    -1.000000     -1.000000     -0.001000     -0.001000     -1.000000     -0.001000     -0.001000     -0.000001     -0.001000     -0.001000     -1.000000     -1.000000     -1.000000 
505 16 24 165.000000 0.980000 -1.000000 -1.000000 -1.000000 -1.000000 nan nan nan nan -1.000000000000e+00 -1.000000e+00 -1.000000000000e+00  -1.000000000000e+00  -1.000000000000e+00  -1.000000000000e+00   -1.000000000000e+00   -1.000000000000e+00   -1.000000000000e+00    -1.000000000000e+00    -1.000000     -1.000000     -0.001000     -0.001000     -1.000000     -0.001000     -0.001000     -0.000001     -0.001000     -0.001000     -1.000000     -1.000000     -1.000000 
506 16 25 165.000000 1.020000 -1.000000 -1.000000 -1.000000 -1.000000 nan nan nan nan -1.000000000000e+00 -1.000000e+00 -1.000000000000e+00  -1.000000000000e+00  -1.000000000000e+00  -1.000000000000e+00   -1.000000000000e+00   -1.000000000000e+00   -1.000000000000e+00    -1.000000000000e+00    -1.000000     -1.000000     -0.001000     -0.001000     -1.000000     -0.001000     -0.001000     -0.000001     -0.001000     -0.001000     -1.000000     -1.000000     -1.000000 
507 16 26 165.000000 1.060000 -1.000000 -1.000000 -1.000000 -1.000000 nan nan nan nan -1.000000000000e+00 -1.000000e+00 -1.000000000000e+00  -1.000000000000e+00  -1.000000000000e+00  -1.000000000000e+00   -1.000000000000e+00   -1.000000000000e+00   -1.000000000000e+00    -1.000000000000e+00    -1.000000     -1.000000     -0.001000     -0.001000     -1.000000     -0.001000     -0.001000     -0.000001     -0.001000     -0.001000     -1.000000     -1.000000     -1.000000 
508 16 27 165.000000 1.100000 -1.000000 -1.000000 -1.000000 -1.000000 nan nan nan nan -1.000000000000e+00 -1.000000e+00 -1.000000000000e+00  -1.000000000000e+00  -1.000000000000e+00  -1.000000000000e+00   -1.000000000000e+00   -1.000000000000e+00   -1.000000000000e+00    -1.000000000000e+00    -1.000000     -1.000000     -0.001000     -0.001000     -1.000000     -0.001000     -0.001000     -0.000001     -0.001000     -0.001000     -1.000000     -1.000000     -1.000000 
509 16 28 165.000000 1.140000 -1.000000 -1.000000 -1.000000 -1.000000 nan nan nan nan -1.000000000000e+00 -1.000000e+00 -1.000000000000e+00  -1.000000000000e+00  -1.000000000000e+00  -1.000000000000e+00   -1.000000000000e+00   -1.000000000000e+00   -1.000000000000e+00    -1.000000000000e+00    -1.000000     -1.000000     -0.001000     -0.001000     -1.000000     -0.001000     -0.001000     -0.000001     -0.001000     -0.001000     -1.000000     -1.000000     -1.000000 
510 16 29 165.000000 1.180000 -1.000000 -1.000000 -1.000000 -1.000000 nan nan nan nan -1.000000000000e+00 -1.000000e+00 -1.000000000000e+00  -1.000000000000e+00  -1.000000000000e+00  -1.000000000000e+00   -1.000000000000e+00   -1.000000000000e+00   -1.000000000000e+00    -1.000000000000e+00    -1.000000     -1.000000     -0.001000     -0.001000     -1.000000     -0.001000     -0.001000     -0.000001     -0.001000     -0.001000     -1.000000     -1.000000     -1.000000 
511 17 0 175.000000 0.020000 -1.000000 -1.000000 -1.000000 -1.000000 nan nan nan nan -1.000000000000e+00 -1.000000e+00 -1.000000000000e+00  -1.000000000000e+00  -1.000000000000e+00  -1.000000000000e+00   -1.000000000000e+00   -1.000000000000e+00   -1.000000000000e+00    -1.000000000000e+00    -1.000000     -1.000000     -0.001000     -0.001000     -1.000000     -0.001000     -0.001000     -0.000001     -0.001000     -0.001000     -1.000000     -1.000000     -1.000000 
512 17 1 175.000000 0.060000 -1.000000 -1.000000 -1.000000 -1.000000 nan nan nan nan -1.000000000000e+00 -1.000000e+00 -1.000000000000e+00  -1.000000000000e+00  -1.000000000000e+00  -1.000000000000e+00   -1.000000000000e+00   -1.000000000000e+00   -1.000000000000e+00    -1.000000000000e+00    -1.000000     -1.000000     -0.001000     -0.001000     -1.000000     -0.001000     -0.001000     -0.000001     -0.001000     -0.001000     -1.000000     -1.000000     -1.000000 
513 17 2 175.000000 0.100000 -1.000000 -1.000000 -1.000000 -1.000000 nan nan nan nan -1.000000000000e+00 -1.000000e+00 -1.000000000000e+00  -1.000000000000e+00  -1.000000000000e+00  -1.000000000000e+00   -1.000000000000e+00   -1.000000000000e+00   -1.000000000000e+00    -1.000000000000e+00    -1.000000     -1.000000     -0.001000     -0.001000     -1.000000     -0.001000     -0.001000     -0.000001     -0.001000     -0.001000     -1.000000     -1.000000     -1.000000 
514 17 3 175.000000 0.140000 -1.000000 -1.000000 -1.000000 -1.000000 nan nan nan nan -1.000000000000e+00 -1.000000e+00 -1.000000000000e+00  -1.000000000000e+00  -1.000000000000e+00  -1.000000000000e+00   -1.000000000000e+00   -1.000000000000e+00   -1.000000000000e+00    -1.000000000000e+00    -1.000000     -1.000000     -0.001000     -0.001000     -1.000000     -0.001000     -0.001000     -0.000001     -0.001000     -0.001000     -1.000000     -1.000000     -1.000000 
515 17 4 175.000000 0.180000 -1.000000 -1.000000 -1.000000 -1.000000 nan nan nan nan -1.000000000000e+00 -1.000000e+00 -1.000000000000e+00  -1.000000000000e+00  -1.000000000000e+00  -1.000000000000e+00   -1.000000000000e+00   -1.000000000000e+00   -1.000000000000e+00    -1.000000000000e+00    -1.000000     -1.000000     -0.001000     -0.001000     -1.000000     -0.001000     -0.001000     -0.000001     -0.001000     -0.001000     -1.000000     -1.000000     -1.000000 
516 17 5 175.000000 0.220000 -1.000000 -1.000000 -1.000000 -1.000000 nan nan nan nan -1.000000000000e+00 -1.000000e+00 -1.000000000000e+00  -1.000000000000e+00  -1.000000000000e+00  -1.000000000000e+00   -1.000000000000e+00   -1.000000000000e+00   -1.000000000000e+00    -1.000000000000e+00    -1.000000     -1.000000     -0.001000     -0.001000     -1.000000     -0.001000     -0.001000     -0.000001     -0.001000     -0.001000     -1.000000     -1.000000     -1.000000 
517 17 6 175.000000 0.260000 -1.000000 -1.000000 -1.000000 -1.000000 nan nan nan nan -1.000000000000e+00 -1.000000e+00 -1.000000000000e+00  -1.000000000000e+00  -1.000000000000e+00  -1.000000000000e+00   -1.000000000000e+00   -1.000000000000e+00   -1.000000000000e+00    -1.000000000000e+00    -1.000000     -1.000000     -0.001000     -0.001000     -1.000000     -0.001000     -0.001000     -0.000001     -0.001000     -0.001000     -1.000000     -1.000000     -1.000000 
518 17 7 175.000000 0.300000 -1.000000 -1.000000 -1.000000 -1.000000 nan nan nan nan -1.000000000000e+00 -1.000000e+00 -1.000000000000e+00  -1.000000000000e+00  -1.000000000000e+00  -1.000000000000e+00   -1.000000000000e+00   -1.000000000000e+00   -1.000000000000e+00    -1.000000000000e+00    -1.000000     -1.000000     -0.001000     -0.001000     -1.000000     -0.001000     -0.001000     -0.000001     -0.001000     -0.001000     -1.000000     -1.000000     -1.000000 
519 17 8 175.000000 0.340000 -1.000000 -1.000000 -1.000000 -1.000000 nan nan nan nan -1.000000000000e+00 -1.000000e+00 -1.000000000000e+00  -1.000000000000e+00  -1.000000000000e+00  -1.000000000000e+00   -1.000000000000e+00   -1.000000000000e+00   -1.000000000000e+00    -1.000000000000e+00    -1.000000     -1.000000     -0.001000     -0.001000     -1.000000     -0.001000     -0.001000     -0.000001     -0.001000     -0.001000     -1.000000     -1.000000     -1.000000 
520 17 9 175.000000 0.380000 -1.000000 -1.000000 -1.000000 -1.000000 nan nan nan nan -1.000000000000e+00 -1.000000e+00 -1.000000000000e+00  -1.000000000000e+00  -1.000000000000e+00  -1.000000000000e+00   -1.000000000000e+00   -1.000000000000e+00   -1.000000000000e+00    -1.000000000000e+00    -1.000000     -1.000000     -0.001000     -0.001000     -1.000000     -0.001000     -0.001000     -0.000001     -0.001000     -0.001000     -1.000000     -1.000000     -1.000000 
521 17 10 175.000000 0.420000 -1.000000 -1.000000 -1.000000 -1.000000 nan nan nan nan -1.000000000000e+00 -1.000000e+00 -1.000000000000e+00  -1.000000000000e+00  -1.000000000000e+00  -1.000000000000e+00   -1.000000000000e+00   -1.000000000000e+00   -1.000000000000e+00    -1.000000000000e+00    -1.000000     -1.000000     -0.001000     -0.001000     -1.000000     -0.001000     -0.001000     -0.000001     -0.001000     -0.001000     -1.000000     -1.000000     -1.000000 
522 17 11 175.000000 0.460000 -1.000000 -1.000000 -1.000000 -1.000000 nan nan nan nan -1.000000000000e+00 -1.000000e+00 -1.000000000000e+00  -1.000000000000e+00  -1.000000000000e+00  -1.000000000000e+00   -1.000000000000e+00   -1.000000000000e+00   -1.000000000000e+00    -1.000000000000e+00    -1.000000     -1.000000     -0.001000     -0.001000     -1.000000     -0.001000     -0.001000     -0.000001     -0.001000     -0.001000     -1.000000     -1.000000     -1.000000 
523 17 12 175.000000 0.500000 -1.000000 -1.000000 -1.000000 -1.000000 nan nan nan nan -1.000000000000e+00 -1.000000e+00 -1.000000000000e+00  -1.000000000000e+00  -1.000000000000e+00  -1.000000000000e+00   -1.000000000000e+00   -1.000000000000e+00   -1.000000000000e+00    -1.000000000000e+00    -1.000000     -1.000000     -0.001000     -0.001000     -1.000000     -0.001000     -0.001000     -0.000001     -0.001000     -0.001000     -1.000000     -1.000000     -1.000000 
524 17 13 175.000000 0.540000 -1.000000 -1.000000 -1.000000 -1.000000 nan nan nan nan -1.000000000000e+00 -1.000000e+00 -1.000000000000e+00  -1.000000000000e+00  -1.000000000000e+00  -1.000000000000e+00   -1.000000000000e+00   -1.000000000000e+00   -1.000000000000e+00    -1.000000000000e+00    -1.000000     -1.000000     -0.001000     -0.001000     -1.000000     -0.001000     -0.001000     -0.000001     -0.001000     -0.001000     -1.000000     -1.000000     -1.000000 
525 17 14 175.000000 0.580000 -1.000000 -1.000000 -1.000000 -1.000000 nan nan nan nan -1.000000000000e+00 -1.000000e+00 -1.000000000000e+00  -1.000000000000e+00  -1.000000000000e+00  -1.000000000000e+00   -1.000000000000e+00   -1.000000000000e+00   -1.000000000000e+00    -1.000000000000e+00    -1.000000     -1.000000     -0.001000     -0.001000     -1.000000     -0.001000     -0.001000     -0.000001     -0.001000     -0.001000     -1.000000     -1.000000     -1.000000 
526 17 15 175.000000 0.620000 -1.000000 -1.000000 -1.000000 -1.000000 nan nan nan nan -1.000000000000e+00 -1.000000e+00 -1.000000000000e+00  -1.000000000000e+00  -1.000000000000e+00  -1.000000000000e+00   -1.000000000000e+00   -1.000000000000e+00   -1.000000000000e+00    -1.000000000000e+00    -1.000000     -1.000000     -0.001000     -0.001000     -1.000000     -0.001000     -0.001000     -0.000001     -0.001000     -0.001000     -1.000000     -1.000000     -1.000000 
527 17 16 175.000000 0.660000 -1.000000 -1.000000 -1.000000 -1.000000 nan nan nan nan -1.000000000000e+00 -1.000000e+00 -1.000000000000e+00  -1.000000000000e+00  -1.000000000000e+00  -1.000000000000e+00   -1.000000000000e+00   -1.000000000000e+00   -1.000000000000e+00    -1.000000000000e+00    -1.000000     -1.000000     -0.001000     -0.001000     -1.000000     -0.001000     -0.001000     -0.000001     -0.001000     -0.001000     -1.000000     -1.000000     -1.000000 
528 17 17 175.000000 0.700000 -1.000000 -1.000000 -1.000000 -1.000000 nan nan nan nan -1.000000000000e+00 -1.000000e+00 -1.000000000000e+00  -1.000000000000e+00  -1.000000000000e+00  -1.000000000000e+00   -1.000000000000e+00   -1.000000000000e+00   -1.000000000000e+00    -1.000000000000e+00    -1.000000     -1.000000     -0.001000     -0.001000     -1.000000     -0.001000     -0.001000     -0.000001     -0.001000     -0.001000     -1.000000     -1.000000     -1.000000 
529 17 18 175.000000 0.740000 -1.000000 -1.000000 -1.000000 -1.000000 nan nan nan nan -1.000000000000e+00 -1.000000e+00 -1.000000000000e+00  -1.000000000000e+00  -1.000000000000e+00  -1.000000000000e+00   -1.000000000000e+00   -1.000000000000e+00   -1.000000000000e+00    -1.000000000000e+00    -1.000000     -1.000000     -0.001000     -0.001000     -1.000000     -0.001000     -0.001000     -0.000001     -0.001000     -0.001000     -1.000000     -1.000000     -1.000000 
530 17 19 175.000000 0.780000 -1.000000 -1.000000 -1.000000 -1.000000 nan nan nan nan -1.000000000000e+00 -1.000000e+00 -1.000000000000e+00  -1.000000000000e+00  -1.000000000000e+00  -1.000000000000e+00   -1.000000000000e+00   -1.000000000000e+00   -1.000000000000e+00    -1.000000000000e+00    -1.000000     -1.000000     -0.001000     -0.001000     -1.000000     -0.001000     -0.001000     -0.000001     -0.001000     -0.001000     -1.000000     -1.000000     -1.000000 
531 17 20 175.000000 0.820000 -1.000000 -1.000000 -1.000000 -1.000000 nan nan nan nan -1.000000000000e+00 -1.000000e+00 -1.000000000000e+00  -1.000000000000e+00  -1.000000000000e+00  -1.000000000000e+00   -1.000000000000e+00   -1.000000000000e+00   -1.000000000000e+00    -1.000000000000e+00    -1.000000     -1.000000     -0.001000     -0.001000     -1.000000     -0.001000     -0.001000     -0.000001     -0.001000     -0.001000     -1.000000     -1.000000     -1.000000 
532 17 21 175.000000 0.860000 -1.000000 -1.000000 -1.000000 -1.000000 nan nan nan nan -1.000000000000e+00 -1.000000e+00 -1.000000000000e+00  -1.000000000000e+00  -1.000000000000e+00  -1.000000000000e+00   -1.000000000000e+00   -1.000000000000e+00   -1.000000000000e+00    -1.000000000000e+00    -1.000000     -1.000000     -0.001000     -0.001000     -1.000000     -0.001000     -0.001000     -0.000001     -0.001000     -0.001000     -1.000000     -1.000000     -1.000000 
533 17 22 175.000000 0.900000 -1.000000 -1.000000 -1.000000 -1.000000 nan nan nan nan -1.000000000000e+00 -1.000000e+00 -1.000000000000e+00  -1.000000000000e+00  -1.000000000000e+00  -1.000000000000e+00   -1.000000000000e+00   -1.000000000000e+00   -1.000000000000e+00    -1.000000000000e+00    -1.000000     -1.000000     -0.001000     -0.001000     -1.000000     -0.001000     -0.001000     -0.000001     -0.001000     -0.001000     -1.000000     -1.000000     -1.000000 
534 17 23 175.000000 0.940000 -1.000000 -1.000000 -1.000000 -1.000000 nan nan nan nan -1.000000000000e+00 -1.000000e+00 -1.000000000000e+00  -1.000000000000e+00  -1.000000000000e+00  -1.000000000000e+00   -1.000000000000e+00   -1.000000000000e+00   -1.000000000000e+00    -1.000000000000e+00    -1.000000     -1.000000     -0.001000     -0.001000     -1.000000     -0.001000     -0.001000     -0.000001     -0.001000     -0.001000     -1.000000     -1.000000     -1.000000 
535 17 24 175.000000 0.980000 -1.000000 -1.000000 -1.000000 -1.000000 nan nan nan nan -1.000000000000e+00 -1.000000e+00 -1.000000000000e+00  -1.000000000000e+00  -1.000000000000e+00  -1.000000000000e+00   -1.000000000000e+00   -1.000000000000e+00   -1.000000000000e+00    -1.000000000000e+00    -1.000000     -1.000000     -0.001000     -0.001000     -1.000000     -0.001000     -0.001000     -0.000001     -0.001000     -0.001000     -1.000000     -1.000000     -1.000000 
536 17 25 175.000000 1.020000 -1.000000 -1.000000 -1.000000 -1.000000 nan nan nan nan -1.000000000000e+00 -1.000000e+00 -1.000000000000e+00  -1.000000000000e+00  -1.000000000000e+00  -1.000000000000e+00   -1.000000000000e+00   -1.000000000000e+00   -1.000000000000e+00    -1.000000000000e+00    -1.000000     -1.000000     -0.001000     -0.001000     -1.000000     -0.001000     -0.001000     -0.000001     -0.001000     -0.001000     -1.000000     -1.000000     -1.000000 
537 17 26 175.000000 1.060000 -1.000000 -1.000000 -1.000000 -1.000000 nan nan nan nan -1.000000000000e+00 -1.000000e+00 -1.000000000000e+00  -1.000000000000e+00  -1.000000000000e+00  -1.000000000000e+00   -1.000000000000e+00   -1.000000000000e+00   -1.000000000000e+00    -1.000000000000e+00    -1.000000     -1.000000     -0.001000     -0.001000     -1.000000     -0.001000     -0.001000     -0.000001     -0.001000     -0.001000     -1.000000     -1.000000     -1.000000 
538 17 27 175.000000 1.100000 -1.000000 -1.000000 -1.000000 -1.000000 nan nan nan nan -1.000000000000e+00 -1.000000e+00 -1.000000000000e+00  -1.000000000000e+00  -1.000000000000e+00  -1.000000000000e+00   -1.000000000000e+00   -1.000000000000e+00   -1.000000000000e+00    -1.000000000000e+00    -1.000000     -1.000000     -0.001000     -0.001000     -1.000000     -0.001000     -0.001000     -0.000001     -0.001000     -0.001000     -1.000000     -1.000000     -1.000000 
539 17 28 175.000000 1.140000 -1.000000 -1.000000 -1.000000 -1.000000 nan nan nan nan -1.000000000000e+00 -1.000000e+00 -1.000000000000e+00  -1.000000000000e+00  -1.000000000000e+00  -1.000000000000e+00   -1.000000000000e+00   -1.000000000000e+00   -1.000000000000e+00    -1.000000000000e+00    -1.000000     -1.000000     -0.001000     -0.001000     -1.000000     -0.001000     -0.001000     -0.000001     -0.001000     -0.001000     -1.000000     -1.000000     -1.000000 
540 17 29 175.000000 1.180000 -1.000000 -1.000000 -1.000000 -1.000000 nan nan nan nan -1.000000000000e+00 -1.000000e+00 -1.000000000000e+00  -1.000000000000e+00  -1.000000000000e+00  -1.000000000000e+00   -1.000000000000e+00   -1.000000000000e+00   -1.000000000000e+00    -1.000000000000e+00    -1.000000     -1.000000     -0.001000     -0.001000     -1.000000     -0.001000     -0.001000     -0.000001     -0.001000     -0.001000     -1.000000     -1.000000     -1.000000 
541 18 0 185.000000 0.020000 -1.000000 -1.000000 -1.000000 -1.000000 nan nan nan nan -1.000000000000e+00 -1.000000e+00 -1.000000000000e+00  -1.000000000000e+00  -1.000000000000e+00  -1.000000000000e+00   -1.000000000000e+00   -1.000000000000e+00   -1.000000000000e+00    -1.000000000000e+00    -1.000000     -1.000000     -0.001000     -0.001000     -1.000000     -0.001000     -0.001000     -0.000001     -0.001000     -0.001000     -1.000000     -1.000000     -1.000000 
542 18 1 185.000000 0.060000 -1.000000 -1.000000 -1.000000 -1.000000 nan nan nan nan -1.000000000000e+00 -1.000000e+00 -1.000000000000e+00  -1.000000000000e+00  -1.000000000000e+00  -1.000000000000e+00   -1.000000000000e+00   -1.000000000000e+00   -1.000000000000e+00    -1.000000000000e+00    -1.000000     -1.000000     -0.001000     -0.001000     -1.000000     -0.001000     -0.001000     -0.000001     -0.001000     -0.001000     -1.000000     -1.000000     -1.000000 
543 18 2 185.000000 0.100000 -1.000000 -1.000000 -1.000000 -1.000000 nan nan nan nan -1.000000000000e+00 -1.000000e+00 -1.000000000000e+00  -1.000000000000e+00  -1.000000000000e+00  -1.000000000000e+00   -1.000000000000e+00   -1.000000000000e+00   -1.000000000000e+00    -1.000000000000e+00    -1.000000     -1.000000     -0.001000     -0.001000     -1.000000     -0.001000     -0.001000     -0.000001     -0.001000     -0.001000     -1.000000     -1.000000     -1.000000 
544 18 3 185.000000 0.140000 -1.000000 -1.000000 -1.000000 -1.000000 nan nan nan nan -1.000000000000e+00 -1.000000e+00 -1.000000000000e+00  -1.000000000000e+00  -1.000000000000e+00  -1.000000000000e+00   -1.000000000000e+00   -1.000000000000e+00   -1.000000000000e+00    -1.000000000000e+00    -1.000000     -1.000000     -0.001000     -0.001000     -1.000000     -0.001000     -0.001000     -0.000001     -0.001000     -0.001000     -1.000000     -1.000000     -1.000000 
545 18 4 185.000000 0.180000 -1.000000 -1.000000 -1.000000 -1.000000 nan nan nan nan -1.000000000000e+00 -1.000000e+00 -1.000000000000e+00  -1.000000000000e+00  -1.000000000000e+00  -1.000000000000e+00   -1.000000000000e+00   -1.000000000000e+00   -1.000000000000e+00    -1.000000000000e+00    -1.000000     -1.000000     -0.001000     -0.001000     -1.000000     -0.001000     -0.001000     -0.000001     -0.001000     -0.001000     -1.000000     -1.000000     -1.000000 
546 18 5 185.000000 0.220000 -1.000000 -1.000000 -1.000000 -1.000000 nan nan nan nan -1.000000000000e+00 -1.000000e+00 -1.000000000000e+00  -1.000000000000e+00  -1.000000000000e+00  -1.000000000000e+00   -1.000000000000e+00   -1.000000000000e+00   -1.000000000000e+00    -1.000000000000e+00    -1.000000     -1.000000     -0.001000     -0.001000     -1.000000     -0.001000     -0.001000     -0.000001     -0.001000     -0.001000     -1.000000     -1.000000     -1.000000 
547 18 6 185.000000 0.260000 -1.000000 -1.000000 -1.000000 -1.000000 nan nan nan nan -1.000000000000e+00 -1.000000e+00 -1.000000000000e+00  -1.000000000000e+00  -1.000000000000e+00  -1.000000000000e+00   -1.000000000000e+00   -1.000000000000e+00   -1.000000000000e+00    -1.000000000000e+00    -1.000000     -1.000000     -0.001000     -0.001000     -1.000000     -0.001000     -0.001000     -0.000001     -0.001000     -0.001000     -1.000000     -1.000000     -1.000000 
548 18 7 185.000000 0.300000 -1.000000 -1.000000 -1.000000 -1.000000 nan nan nan nan -1.000000000000e+00 -1.000000e+00 -1.000000000000e+00  -1.000000000000e+00  -1.000000000000e+00  -1.000000000000e+00   -1.000000000000e+00   -1.000000000000e+00   -1.000000000000e+00    -1.000000000000e+00    -1.000000     -1.000000     -0.001000     -0.001000     -1.000000     -0.001000     -0.001000     -0.000001     -0.001000     -0.001000     -1.000000     -1.000000     -1.000000 
549 18 8 185.000000 0.340000 -1.000000 -1.000000 -1.000000 -1.000000 nan nan nan nan -1.000000000000e+00 -1.000000e+00 -1.000000000000e+00  -1.000000000000e+00  -1.000000000000e+00  -1.000000000000e+00   -1.000000000000e+00   -1.000000000000e+00   -1.000000000000e+00    -1.000000000000e+00    -1.000000     -1.000000     -0.001000     -0.001000     -1.000000     -0.001000     -0.001000     -0.000001     -0.001000     -0.001000     -1.000000     -1.000000     -1.000000 
550 18 9 185.000000 0.380000 -1.000000 -1.000000 -1.000000 -1.000000 nan nan nan nan -1.000000000000e+00 -1.000000e+00 -1.000000000000e+00  -1.000000000000e+00  -1.000000000000e+00  -1.000000000000e+00   -1.000000000000e+00   -1.000000000000e+00   -1.000000000000e+00    -1.000000000000e+00    -1.000000     -1.000000     -0.001000     -0.001000     -1.000000     -0.001000     -0.001000     -0.000001     -0.001000     -0.001000     -1.000000     -1.000000     -1.000000 
551 18 10 185.000000 0.420000 -1.000000 -1.000000 -1.000000 -1.000000 nan nan nan nan -1.000000000000e+00 -1.000000e+00 -1.000000000000e+00  -1.000000000000e+00  -1.000000000000e+00  -1.000000000000e+00   -1.000000000000e+00   -1.000000000000e+00   -1.000000000000e+00    -1.000000000000e+00    -1.000000     -1.000000     -0.001000     -0.001000     -1.000000     -0.001000     -0.001000     -0.000001     -0.001000     -0.001000     -1.000000     -1.000000     -1.000000 
552 18 11 185.000000 0.460000 -1.000000 -1.000000 -1.000000 -1.000000 nan nan nan nan -1.000000000000e+00 -1.000000e+00 -1.000000000000e+00  -1.000000000000e+00  -1.000000000000e+00  -1.000000000000e+00   -1.000000000000e+00   -1.000000000000e+00   -1.000000000000e+00    -1.000000000000e+00    -1.000000     -1.000000     -0.001000     -0.001000     -1.000000     -0.001000     -0.001000     -0.000001     -0.001000     -0.001000     -1.000000     -1.000000     -1.000000 
553 18 12 185.000000 0.500000 -1.000000 -1.000000 -1.000000 -1.000000 nan nan nan nan -1.000000000000e+00 -1.000000e+00 -1.000000000000e+00  -1.000000000000e+00  -1.000000000000e+00  -1.000000000000e+00   -1.000000000000e+00   -1.000000000000e+00   -1.000000000000e+00    -1.000000000000e+00    -1.000000     -1.000000     -0.001000     -0.001000     -1.000000     -0.001000     -0.001000     -0.000001     -0.001000     -0.001000     -1.000000     -1.000000     -1.000000 
554 18 13 185.000000 0.540000 -1.000000 -1.000000 -1.000000 -1.000000 nan nan nan nan -1.000000000000e+00 -1.000000e+00 -1.000000000000e+00  -1.000000000000e+00  -1.000000000000e+00  -1.000000000000e+00   -1.000000000000e+00   -1.000000000000e+00   -1.000000000000e+00    -1.000000000000e+00    -1.000000     -1.000000     -0.001000     -0.001000     -1.000000     -0.001000     -0.001000     -0.000001     -0.001000     -0.001000     -1.000000     -1.000000     -1.000000 
555 18 14 185.000000 0.580000 -1.000000 -1.000000 -1.000000 -1.000000 nan nan nan nan -1.000000000000e+00 -1.000000e+00 -1.000000000000e+00  -1.000000000000e+00  -1.000000000000e+00  -1.000000000000e+00   -1.000000000000e+00   -1.000000000000e+00   -1.000000000000e+00    -1.000000000000e+00    -1.000000     -1.000000     -0.001000     -0.001000     -1.000000     -0.001000     -0.001000     -0.000001     -0.001000     -0.001000     -1.000000     -1.000000     -1.000000 
556 18 15 185.000000 0.620000 -1.000000 -1.000000 -1.000000 -1.000000 nan nan nan nan -1.000000000000e+00 -1.000000e+00 -1.000000000000e+00  -1.000000000000e+00  -1.000000000000e+00  -1.000000000000e+00   -1.000000000000e+00   -1.000000000000e+00   -1.000000000000e+00    -1.000000000000e+00    -1.000000     -1.000000     -0.001000     -0.001000     -1.000000     -0.001000     -0.001000     -0.000001     -0.001000     -0.001000     -1.000000     -1.000000     -1.000000 
557 18 16 185.000000 0.660000 -1.000000 -1.000000 -1.000000 -1.000000 nan nan nan nan -1.000000000000e+00 -1.000000e+00 -1.000000000000e+00  -1.000000000000e+00  -1.000000000000e+00  -1.000000000000e+00   -1.000000000000e+00   -1.000000000000e+00   -1.000000000000e+00    -1.000000000000e+00    -1.000000     -1.000000     -0.001000     -0.001000     -1.000000     -0.001000     -0.001000     -0.000001     -0.001000     -0.001000     -1.000000     -1.000000     -1.000000 
558 18 17 185.000000 0.700000 -1.000000 -1.000000 -1.000000 -1.000000 nan nan nan nan -1.000000000000e+00 -1.000000e+00 -1.000000000000e+00  -1.000000000000e+00  -1.000000000000e+00  -1.000000000000e+00   -1.000000000000e+00   -1.000000000000e+00   -1.000000000000e+00    -1.000000000000e+00    -1.000000     -1.000000     -0.001000     -0.001000     -1.000000     -0.001000     -0.001000     -0.000001     -0.001000     -0.001000     -1.000000     -1.000000     -1.000000 
559 18 18 185.000000 0.740000 -1.000000 -1.000000 -1.000000 -1.000000 nan nan nan nan -1.000000000000e+00 -1.000000e+00 -1.000000000000e+00  -1.000000000000e+00  -1.000000000000e+00  -1.000000000000e+00   -1.000000000000e+00   -1.000000000000e+00   -1.000000000000e+00    -1.000000000000e+00    -1.000000     -1.000000     -0.001000     -0.001000     -1.000000     -0.001000     -0.001000     -0.000001     -0.001000     -0.001000     -1.000000     -1.000000     -1.000000 
560 18 19 185.000000 0.780000 -1.000000 -1.000000 -1.000000 -1.000000 nan nan nan nan -1.000000000000e+00 -1.000000e+00 -1.000000000000e+00  -1.000000000000e+00  -1.000000000000e+00  -1.000000000000e+00   -1.000000000000e+00   -1.000000000000e+00   -1.000000000000e+00    -1.000000000000e+00    -1.000000     -1.000000     -0.001000     -0.001000     -1.000000     -0.001000     -0.001000     -0.000001     -0.001000     -0.001000     -1.000000     -1.000000     -1.000000 
561 18 20 185.000000 0.820000 -1.000000 -1.000000 -1.000000 -1.000000 nan nan nan nan -1.000000000000e+00 -1.000000e+00 -1.000000000000e+00  -1.000000000000e+00  -1.000000000000e+00  -1.000000000000e+00   -1.000000000000e+00   -1.000000000000e+00   -1.000000000000e+00    -1.000000000000e+00    -1.000000     -1.000000     -0.001000     -0.001000     -1.000000     -0.001000     -0.001000     -0.000001     -0.001000     -0.001000     -1.000000     -1.000000     -1.000000 
562 18 21 185.000000 0.860000 -1.000000 -1.000000 -1.000000 -1.000000 nan nan nan nan -1.000000000000e+00 -1.000000e+00 -1.000000000000e+00  -1.000000000000e+00  -1.000000000000e+00  -1.000000000000e+00   -1.000000000000e+00   -1.000000000000e+00   -1.000000000000e+00    -1.000000000000e+00    -1.000000     -1.000000     -0.001000     -0.001000     -1.000000     -0.001000     -0.001000     -0.000001     -0.001000     -0.001000     -1.000000     -1.000000     -1.000000 
563 18 22 185.000000 0.900000 -1.000000 -1.000000 -1.000000 -1.000000 nan nan nan nan -1.000000000000e+00 -1.000000e+00 -1.000000000000e+00  -1.000000000000e+00  -1.000000000000e+00  -1.000000000000e+00   -1.000000000000e+00   -1.000000000000e+00   -1.000000000000e+00    -1.000000000000e+00    -1.000000     -1.000000     -0.001000     -0.001000     -1.000000     -0.001000     -0.001000     -0.000001     -0.001000     -0.001000     -1.000000     -1.000000     -1.000000 
564 18 23 185.000000 0.940000 -1.000000 -1.000000 -1.000000 -1.000000 nan nan nan nan -1.000000000000e+00 -1.000000e+00 -1.000000000000e+00  -1.000000000000e+00  -1.000000000000e+00  -1.000000000000e+00   -1.000000000000e+00   -1.000000000000e+00   -1.000000000000e+00    -1.000000000000e+00    -1.000000     -1.000000     -0.001000     -0.001000     -1.000000     -0.001000     -0.001000     -0.000001     -0.001000     -0.001000     -1.000000     -1.000000     -1.000000 
565 18 24 185.000000 0.980000 -1.000000 -1.000000 -1.000000 -1.000000 nan nan nan nan -1.000000000000e+00 -1.000000e+00 -1.000000000000e+00  -1.000000000000e+00  -1.000000000000e+00  -1.000000000000e+00   -1.000000000000e+00   -1.000000000000e+00   -1.000000000000e+00    -1.000000000000e+00    -1.000000     -1.000000     -0.001000     -0.001000     -1.000000     -0.001000     -0.001000     -0.000001     -0.001000     -0.001000     -1.000000     -1.000000     -1.000000 
566 18 25 185.000000 1.020000 -1.000000 -1.000000 -1.000000 -1.000000 nan nan nan nan -1.000000000000e+00 -1.000000e+00 -1.000000000000e+00  -1.000000000000e+00  -1.000000000000e+00  -1.000000000000e+00   -1.000000000000e+00   -1.000000000000e+00   -1.000000000000e+00    -1.000000000000e+00    -1.000000     -1.000000     -0.001000     -0.001000     -1.000000     -0.001000     -0.001000     -0.000001     -0.001000     -0.001000     -1.000000     -1.000000     -1.000000 
567 18 26 185.000000 1.060000 -1.000000 -1.000000 -1.000000 -1.000000 nan nan nan nan -1.000000000000e+00 -1.000000e+00 -1.000000000000e+00  -1.000000000000e+00  -1.000000000000e+00  -1.000000000000e+00   -1.000000000000e+00   -1.000000000000e+00   -1.000000000000e+00    -1.000000000000e+00    -1.000000     -1.000000     -0.001000     -0.001000     -1.000000     -0.001000     -0.001000     -0.000001     -0.001000     -0.001000     -1.000000     -1.000000     -1.000000 
568 18 27 185.000000 1.100000 -1.000000 -1.000000 -1.000000 -1.000000 nan nan nan nan -1.000000000000e+00 -1.000000e+00 -1.000000000000e+00  -1.000000000000e+00  -1.000000000000e+00  -1.000000000000e+00   -1.000000000000e+00   -1.000000000000e+00   -1.000000000000e+00    -1.000000000000e+00    -1.000000     -1.000000     -0.001000     -0.001000     -1.000000     -0.001000     -0.001000     -0.000001     -0.001000     -0.001000     -1.000000     -1.000000     -1.000000 
569 18 28 185.000000 1.140000 -1.000000 -1.000000 -1.000000 -1.000000 nan nan nan nan -1.000000000000e+00 -1.000000e+00 -1.000000000000e+00  -1.000000000000e+00  -1.000000000000e+00  -1.000000000000e+00   -1.000000000000e+00   -1.000000000000e+00   -1.000000000000e+00    -1.000000000000e+00    -1.000000     -1.000000     -0.001000     -0.001000     -1.000000     -0.001000     -0.001000     -0.000001     -0.001000     -0.001000     -1.000000     -1.000000     -1.000000 
570 18 29 185.000000 1.180000 -1.000000 -1.000000 -1.000000 -1.000000 nan nan nan nan -1.000000000000e+00 -1.000000e+00 -1.000000000000e+00  -1.000000000000e+00  -1.000000000000e+00  -1.000000000000e+00   -1.000000000000e+00   -1.000000000000e+00   -1.000000000000e+00    -1.000000000000e+00    -1.000000     -1.000000     -0.001000     -0.001000     -1.000000     -0.001000     -0.001000     -0.000001     -0.001000     -0.001000     -1.000000     -1.000000     -1.000000 
