                                            
# averaged kinematics results                                                                              
# averaged kinematic varibles used as input to calculate the averaged                                
# kinematics: Ei, omega, th_e, pf                                                                     
#
#---Useful Header Definitions---
#bc_fact_pwia(fsi):  bin-centering correction factor using PWIA or FSI model
#pwia(fsi)RC_dataXsec: average data Xsec radiative corrected using PWIA(FSI) model --> study rad. corr systematics  __
#fsiRC_dataXsec_pwiabc_corr: data Xsec radiative corrected using FSI model and Bin-Center corrected using PWIA model  | these can be used to study bin-centering corr. systematics from model dependency
#fsiRC_dataXsec_fsibc_corr: data Xsec radiative corrected using FSI model and Bin-Center corrected using FSI model  __| -->We write FSI bin-center corr. cross section to official table
#red_dataXsec: reduced data Xsec radiative corrected and bin-center corrected using FSI model (K_sig_cc1 evaluated at FSI avg. kin is used)
#red_pwiaXsec: reduced theoretical Xsec (K_sig_cc1 evaluated at PWIA avg. kin is used)
#red_fsiXsec: reduced theoretical Xsec (K_sig_cc1 evaluated at FSI avg. kin is used)                    
#i_b = 2D bin id number
#xb = th_nq value at bin center                                                                                                   
#yb = pmiss value at bin center        
#Averaged Kinemtics Definitions
#K_sig_cc1  [ub MeV^2 / sr^2]
#cross sections [ub sr^-2 MeV^-1]
#reduced cross sections   [ub sr^-2 MeV^-1] / [ub MeV^2 / sr^2] = [MeV]^-3                                                             
#Ei_avg : averaged beam energy [GeV]
#kf_avg : averaged final e- momentum [GeV/c]
#the_avg : averaged e- scattering angle [deg]
#nu_avg : averaged energy transfer [GeV]
#q_avg : averaged 3-momentum transfer [GeV/c]
#Q2_avg : averaged 4-momentum transfer [GeV/c]^2
#pf_avg : averaged final proton momentum [GeV/c]
#pm_avg : averaged missing momentum [GeV/c]
#th_pq_cm : averaged center of mass in-plane angle between proton and q-vector [deg]
#cphi_pq_avg : cos(phi_pq), where phi_pq is the averaged out of plane angle between (pf, q) or the scattering and reaction planes [deg]
#xbj_avg : avergaed x-Bjorken scale [unitless]

# current header line:  
#! i_b[i,0]/ i_x[i,1]/ i_y[i,2]/ xb[f,3]/ yb[f,4]/ bc_fact_pwia[f,5]/  bc_fact_pwia_err[f,6]/  bc_fact_fsi[f,7]/  bc_fact_fsi_err[f,8]/  pwiaRC_dataXsec[f,9]/  pwiaRC_dataXsec_err[f,10]/  fsiRC_dataXsec[f,11]/   fsiRC_dataXsec_err[f,12]/    fsiRC_dataXsec_pwiabc_corr[f,13]/   fsiRC_dataXsec_pwiabc_corr_err[f,14]/  fsiRC_dataXsec_fsibc_corr[f,15]/  fsiRC_dataXsec_fsibc_corr_err[f,16]/   pwiaXsec_theory[f,17]/   fsiXsec_theory[f,18]/   red_dataXsec[f,19]/   red_dataXsec_err[f,20]/   red_pwiaXsec[f,21]/   red_fsiXsec[f,22]/   pwia_Ksigcc1[f,23]/   fsi_Ksigcc1[f,24]/  Ei_avg[f,25]/  kf_avg[f,26]/  the_avg[f,27]/  nu_avg[f,28]/  q_avg[f,29]/  Q2_avg[f,30]/   pf_avg[f,31]/   pm_avg[f,32]/   th_pq_cm[f,33]/   cphi_pq_avg[f,34]/   xbj_avg[f,35]/                                                                                                                                                                          
1 0 0 5.000000 0.020000 -1.000000 -1.000000 -1.000000 -1.000000 nan nan nan nan -1.000000000000e+00 -1.000000e+00 -1.000000000000e+00  -1.000000000000e+00  -1.000000000000e+00  -1.000000000000e+00   -1.000000000000e+00   -1.000000000000e+00   -1.000000000000e+00    -1.000000000000e+00    -1.000000     -1.000000     -0.001000     -0.001000     -1.000000     -0.001000     -0.001000     -0.000001     -0.001000     -0.001000     -1.000000     -1.000000     -1.000000 
2 0 1 5.000000 0.060000 -1.000000 -1.000000 -1.000000 -1.000000 nan nan nan nan -1.000000000000e+00 -1.000000e+00 -1.000000000000e+00  -1.000000000000e+00  -1.000000000000e+00  -1.000000000000e+00   -1.000000000000e+00   -1.000000000000e+00   -1.000000000000e+00    -1.000000000000e+00    -1.000000     -1.000000     -0.001000     -0.001000     -1.000000     -0.001000     -0.001000     -0.000001     -0.001000     -0.001000     -1.000000     -1.000000     -1.000000 
3 0 2 5.000000 0.100000 -1.000000 -1.000000 -1.000000 -1.000000 nan nan nan nan -1.000000000000e+00 -1.000000e+00 -1.000000000000e+00  -1.000000000000e+00  -1.000000000000e+00  -1.000000000000e+00   -1.000000000000e+00   -1.000000000000e+00   -1.000000000000e+00    -1.000000000000e+00    -1.000000     -1.000000     -0.001000     -0.001000     -1.000000     -0.001000     -0.001000     -0.000001     -0.001000     -0.001000     -1.000000     -1.000000     -1.000000 
4 0 3 5.000000 0.140000 -1.000000 -1.000000 -1.000000 -1.000000 nan nan nan nan -1.000000000000e+00 -1.000000e+00 -1.000000000000e+00  -1.000000000000e+00  -1.000000000000e+00  -1.000000000000e+00   -1.000000000000e+00   -1.000000000000e+00   -1.000000000000e+00    -1.000000000000e+00    -1.000000     -1.000000     -0.001000     -0.001000     -1.000000     -0.001000     -0.001000     -0.000001     -0.001000     -0.001000     -1.000000     -1.000000     -1.000000 
5 0 4 5.000000 0.180000 -1.000000 -1.000000 -1.000000 -1.000000 nan nan nan nan -1.000000000000e+00 -1.000000e+00 -1.000000000000e+00  -1.000000000000e+00  -1.000000000000e+00  -1.000000000000e+00   -1.000000000000e+00   -1.000000000000e+00   -1.000000000000e+00    -1.000000000000e+00    -1.000000     -1.000000     -0.001000     -0.001000     -1.000000     -0.001000     -0.001000     -0.000001     -0.001000     -0.001000     -1.000000     -1.000000     -1.000000 
6 0 5 5.000000 0.220000 -1.000000 -1.000000 -1.000000 -1.000000 nan nan nan nan -1.000000000000e+00 -1.000000e+00 -1.000000000000e+00  -1.000000000000e+00  -1.000000000000e+00  -1.000000000000e+00   -1.000000000000e+00   -1.000000000000e+00   -1.000000000000e+00    -1.000000000000e+00    -1.000000     -1.000000     -0.001000     -0.001000     -1.000000     -0.001000     -0.001000     -0.000001     -0.001000     -0.001000     -1.000000     -1.000000     -1.000000 
7 0 6 5.000000 0.260000 -1.000000 -1.000000 -1.000000 -1.000000 nan nan nan nan -1.000000000000e+00 -1.000000e+00 -1.000000000000e+00  -1.000000000000e+00  -1.000000000000e+00  -1.000000000000e+00   -1.000000000000e+00   -1.000000000000e+00   -1.000000000000e+00    -1.000000000000e+00    -1.000000     -1.000000     -0.001000     -0.001000     -1.000000     -0.001000     -0.001000     -0.000001     -0.001000     -0.001000     -1.000000     -1.000000     -1.000000 
8 0 7 5.000000 0.300000 -1.000000 -1.000000 -1.000000 -1.000000 nan nan nan nan -1.000000000000e+00 -1.000000e+00 -1.000000000000e+00  -1.000000000000e+00  -1.000000000000e+00  -1.000000000000e+00   -1.000000000000e+00   -1.000000000000e+00   -1.000000000000e+00    -1.000000000000e+00    -1.000000     -1.000000     -0.001000     -0.001000     -1.000000     -0.001000     -0.001000     -0.000001     -0.001000     -0.001000     -1.000000     -1.000000     -1.000000 
9 0 8 5.000000 0.340000 -1.000000 -1.000000 -1.000000 -1.000000 nan nan nan nan -1.000000000000e+00 -1.000000e+00 -1.000000000000e+00  -1.000000000000e+00  -1.000000000000e+00  -1.000000000000e+00   -1.000000000000e+00   -1.000000000000e+00   -1.000000000000e+00    -1.000000000000e+00    -1.000000     -1.000000     -0.001000     -0.001000     -1.000000     -0.001000     -0.001000     -0.000001     -0.001000     -0.001000     -1.000000     -1.000000     -1.000000 
10 0 9 5.000000 0.380000 -1.000000 -1.000000 -1.000000 -1.000000 nan nan nan nan -1.000000000000e+00 -1.000000e+00 -1.000000000000e+00  -1.000000000000e+00  -1.000000000000e+00  -1.000000000000e+00   -1.000000000000e+00   -1.000000000000e+00   -1.000000000000e+00    -1.000000000000e+00    -1.000000     -1.000000     -0.001000     -0.001000     -1.000000     -0.001000     -0.001000     -0.000001     -0.001000     -0.001000     -1.000000     -1.000000     -1.000000 
11 0 10 5.000000 0.420000 -1.000000 -1.000000 -1.000000 -1.000000 nan nan nan nan -1.000000000000e+00 -1.000000e+00 -1.000000000000e+00  -1.000000000000e+00  -1.000000000000e+00  -1.000000000000e+00   -1.000000000000e+00   -1.000000000000e+00   -1.000000000000e+00    -1.000000000000e+00    -1.000000     -1.000000     -0.001000     -0.001000     -1.000000     -0.001000     -0.001000     -0.000001     -0.001000     -0.001000     -1.000000     -1.000000     -1.000000 
12 0 11 5.000000 0.460000 -1.000000 -1.000000 -1.000000 -1.000000 nan nan nan nan -1.000000000000e+00 -1.000000e+00 -1.000000000000e+00  -1.000000000000e+00  -1.000000000000e+00  -1.000000000000e+00   -1.000000000000e+00   -1.000000000000e+00   -1.000000000000e+00    -1.000000000000e+00    -1.000000     -1.000000     -0.001000     -0.001000     -1.000000     -0.001000     -0.001000     -0.000001     -0.001000     -0.001000     -1.000000     -1.000000     -1.000000 
13 0 12 5.000000 0.500000 -1.000000 -1.000000 -1.000000 -1.000000 nan nan nan nan -1.000000000000e+00 -1.000000e+00 -1.000000000000e+00  -1.000000000000e+00  -1.000000000000e+00  -1.000000000000e+00   -1.000000000000e+00   -1.000000000000e+00   -1.000000000000e+00    -1.000000000000e+00    -1.000000     -1.000000     -0.001000     -0.001000     -1.000000     -0.001000     -0.001000     -0.000001     -0.001000     -0.001000     -1.000000     -1.000000     -1.000000 
14 0 13 5.000000 0.540000 -1.000000 -1.000000 -1.000000 -1.000000 nan nan nan nan -1.000000000000e+00 -1.000000e+00 -1.000000000000e+00  -1.000000000000e+00  -1.000000000000e+00  -1.000000000000e+00   -1.000000000000e+00   -1.000000000000e+00   -1.000000000000e+00    -1.000000000000e+00    -1.000000     -1.000000     -0.001000     -0.001000     -1.000000     -0.001000     -0.001000     -0.000001     -0.001000     -0.001000     -1.000000     -1.000000     -1.000000 
15 0 14 5.000000 0.580000 -1.000000 -1.000000 -1.000000 -1.000000 nan nan nan nan -1.000000000000e+00 -1.000000e+00 -1.000000000000e+00  -1.000000000000e+00  -1.000000000000e+00  -1.000000000000e+00   -1.000000000000e+00   -1.000000000000e+00   -1.000000000000e+00    -1.000000000000e+00    -1.000000     -1.000000     -0.001000     -0.001000     -1.000000     -0.001000     -0.001000     -0.000001     -0.001000     -0.001000     -1.000000     -1.000000     -1.000000 
16 0 15 5.000000 0.620000 -1.000000 -1.000000 -1.000000 -1.000000 nan nan nan nan -1.000000000000e+00 -1.000000e+00 -1.000000000000e+00  -1.000000000000e+00  -1.000000000000e+00  -1.000000000000e+00   -1.000000000000e+00   -1.000000000000e+00   -1.000000000000e+00    -1.000000000000e+00    -1.000000     -1.000000     -0.001000     -0.001000     -1.000000     -0.001000     -0.001000     -0.000001     -0.001000     -0.001000     -1.000000     -1.000000     -1.000000 
17 0 16 5.000000 0.660000 -1.000000 -1.000000 -1.000000 -1.000000 nan nan nan nan -1.000000000000e+00 -1.000000e+00 -1.000000000000e+00  -1.000000000000e+00  -1.000000000000e+00  -1.000000000000e+00   -1.000000000000e+00   -1.000000000000e+00   -1.000000000000e+00    -1.000000000000e+00    -1.000000     -1.000000     -0.001000     -0.001000     -1.000000     -0.001000     -0.001000     -0.000001     -0.001000     -0.001000     -1.000000     -1.000000     -1.000000 
18 0 17 5.000000 0.700000 -1.000000 -1.000000 -1.000000 -1.000000 nan nan nan nan -1.000000000000e+00 -1.000000e+00 -1.000000000000e+00  -1.000000000000e+00  -1.000000000000e+00  -1.000000000000e+00   -1.000000000000e+00   -1.000000000000e+00   -1.000000000000e+00    -1.000000000000e+00    -1.000000     -1.000000     -0.001000     -0.001000     -1.000000     -0.001000     -0.001000     -0.000001     -0.001000     -0.001000     -1.000000     -1.000000     -1.000000 
19 0 18 5.000000 0.740000 -1.000000 -1.000000 -1.000000 -1.000000 nan nan nan nan -1.000000000000e+00 -1.000000e+00 -1.000000000000e+00  -1.000000000000e+00  -1.000000000000e+00  -1.000000000000e+00   -1.000000000000e+00   -1.000000000000e+00   -1.000000000000e+00    -1.000000000000e+00    -1.000000     -1.000000     -0.001000     -0.001000     -1.000000     -0.001000     -0.001000     -0.000001     -0.001000     -0.001000     -1.000000     -1.000000     -1.000000 
20 0 19 5.000000 0.780000 -1.000000 -1.000000 -1.000000 -1.000000 nan nan nan nan -1.000000000000e+00 -1.000000e+00 -1.000000000000e+00  -1.000000000000e+00  -1.000000000000e+00  -1.000000000000e+00   -1.000000000000e+00   -1.000000000000e+00   -1.000000000000e+00    -1.000000000000e+00    -1.000000     -1.000000     -0.001000     -0.001000     -1.000000     -0.001000     -0.001000     -0.000001     -0.001000     -0.001000     -1.000000     -1.000000     -1.000000 
21 0 20 5.000000 0.820000 -1.000000 -1.000000 -1.000000 -1.000000 nan nan nan nan -1.000000000000e+00 -1.000000e+00 -1.000000000000e+00  -1.000000000000e+00  -1.000000000000e+00  -1.000000000000e+00   -1.000000000000e+00   -1.000000000000e+00   -1.000000000000e+00    -1.000000000000e+00    -1.000000     -1.000000     -0.001000     -0.001000     -1.000000     -0.001000     -0.001000     -0.000001     -0.001000     -0.001000     -1.000000     -1.000000     -1.000000 
22 0 21 5.000000 0.860000 -1.000000 -1.000000 -1.000000 -1.000000 nan nan nan nan -1.000000000000e+00 -1.000000e+00 -1.000000000000e+00  -1.000000000000e+00  -1.000000000000e+00  -1.000000000000e+00   -1.000000000000e+00   -1.000000000000e+00   -1.000000000000e+00    -1.000000000000e+00    -1.000000     -1.000000     -0.001000     -0.001000     -1.000000     -0.001000     -0.001000     -0.000001     -0.001000     -0.001000     -1.000000     -1.000000     -1.000000 
23 0 22 5.000000 0.900000 -1.000000 -1.000000 -1.000000 -1.000000 nan nan nan nan -1.000000000000e+00 -1.000000e+00 -1.000000000000e+00  -1.000000000000e+00  -1.000000000000e+00  -1.000000000000e+00   -1.000000000000e+00   -1.000000000000e+00   -1.000000000000e+00    -1.000000000000e+00    -1.000000     -1.000000     -0.001000     -0.001000     -1.000000     -0.001000     -0.001000     -0.000001     -0.001000     -0.001000     -1.000000     -1.000000     -1.000000 
24 0 23 5.000000 0.940000 -1.000000 -1.000000 -1.000000 -1.000000 nan nan nan nan -1.000000000000e+00 -1.000000e+00 -1.000000000000e+00  -1.000000000000e+00  -1.000000000000e+00  -1.000000000000e+00   -1.000000000000e+00   -1.000000000000e+00   -1.000000000000e+00    -1.000000000000e+00    -1.000000     -1.000000     -0.001000     -0.001000     -1.000000     -0.001000     -0.001000     -0.000001     -0.001000     -0.001000     -1.000000     -1.000000     -1.000000 
25 0 24 5.000000 0.980000 -1.000000 -1.000000 -1.000000 -1.000000 nan nan nan nan -1.000000000000e+00 -1.000000e+00 -1.000000000000e+00  -1.000000000000e+00  -1.000000000000e+00  -1.000000000000e+00   -1.000000000000e+00   -1.000000000000e+00   -1.000000000000e+00    -1.000000000000e+00    -1.000000     -1.000000     -0.001000     -0.001000     -1.000000     -0.001000     -0.001000     -0.000001     -0.001000     -0.001000     -1.000000     -1.000000     -1.000000 
26 0 25 5.000000 1.020000 -1.000000 -1.000000 -1.000000 -1.000000 nan nan nan nan -1.000000000000e+00 -1.000000e+00 -1.000000000000e+00  -1.000000000000e+00  -1.000000000000e+00  -1.000000000000e+00   -1.000000000000e+00   -1.000000000000e+00   -1.000000000000e+00    -1.000000000000e+00    -1.000000     -1.000000     -0.001000     -0.001000     -1.000000     -0.001000     -0.001000     -0.000001     -0.001000     -0.001000     -1.000000     -1.000000     -1.000000 
27 0 26 5.000000 1.060000 -1.000000 -1.000000 -1.000000 -1.000000 nan nan nan nan -1.000000000000e+00 -1.000000e+00 -1.000000000000e+00  -1.000000000000e+00  -1.000000000000e+00  -1.000000000000e+00   -1.000000000000e+00   -1.000000000000e+00   -1.000000000000e+00    -1.000000000000e+00    -1.000000     -1.000000     -0.001000     -0.001000     -1.000000     -0.001000     -0.001000     -0.000001     -0.001000     -0.001000     -1.000000     -1.000000     -1.000000 
28 0 27 5.000000 1.100000 -1.000000 -1.000000 -1.000000 -1.000000 nan nan nan nan -1.000000000000e+00 -1.000000e+00 -1.000000000000e+00  -1.000000000000e+00  -1.000000000000e+00  -1.000000000000e+00   -1.000000000000e+00   -1.000000000000e+00   -1.000000000000e+00    -1.000000000000e+00    -1.000000     -1.000000     -0.001000     -0.001000     -1.000000     -0.001000     -0.001000     -0.000001     -0.001000     -0.001000     -1.000000     -1.000000     -1.000000 
29 0 28 5.000000 1.140000 -1.000000 -1.000000 -1.000000 -1.000000 nan nan nan nan -1.000000000000e+00 -1.000000e+00 -1.000000000000e+00  -1.000000000000e+00  -1.000000000000e+00  -1.000000000000e+00   -1.000000000000e+00   -1.000000000000e+00   -1.000000000000e+00    -1.000000000000e+00    -1.000000     -1.000000     -0.001000     -0.001000     -1.000000     -0.001000     -0.001000     -0.000001     -0.001000     -0.001000     -1.000000     -1.000000     -1.000000 
30 0 29 5.000000 1.180000 -1.000000 -1.000000 -1.000000 -1.000000 nan nan nan nan -1.000000000000e+00 -1.000000e+00 -1.000000000000e+00  -1.000000000000e+00  -1.000000000000e+00  -1.000000000000e+00   -1.000000000000e+00   -1.000000000000e+00   -1.000000000000e+00    -1.000000000000e+00    -1.000000     -1.000000     -0.001000     -0.001000     -1.000000     -0.001000     -0.001000     -0.000001     -0.001000     -0.001000     -1.000000     -1.000000     -1.000000 
31 1 0 15.000000 0.020000 -1.000000 -1.000000 -1.000000 -1.000000 nan nan nan nan -1.000000000000e+00 -1.000000e+00 -1.000000000000e+00  -1.000000000000e+00  -1.000000000000e+00  -1.000000000000e+00   -1.000000000000e+00   -1.000000000000e+00   -1.000000000000e+00    -1.000000000000e+00    -1.000000     -1.000000     -0.001000     -0.001000     -1.000000     -0.001000     -0.001000     -0.000001     -0.001000     -0.001000     -1.000000     -1.000000     -1.000000 
32 1 1 15.000000 0.060000 -1.000000 -1.000000 -1.000000 -1.000000 nan nan nan nan -1.000000000000e+00 -1.000000e+00 -1.000000000000e+00  -1.000000000000e+00  -1.000000000000e+00  -1.000000000000e+00   -1.000000000000e+00   -1.000000000000e+00   -1.000000000000e+00    -1.000000000000e+00    -1.000000     -1.000000     -0.001000     -0.001000     -1.000000     -0.001000     -0.001000     -0.000001     -0.001000     -0.001000     -1.000000     -1.000000     -1.000000 
33 1 2 15.000000 0.100000 -1.000000 -1.000000 -1.000000 -1.000000 nan nan nan nan -1.000000000000e+00 -1.000000e+00 -1.000000000000e+00  -1.000000000000e+00  -1.000000000000e+00  -1.000000000000e+00   -1.000000000000e+00   -1.000000000000e+00   -1.000000000000e+00    -1.000000000000e+00    -1.000000     -1.000000     -0.001000     -0.001000     -1.000000     -0.001000     -0.001000     -0.000001     -0.001000     -0.001000     -1.000000     -1.000000     -1.000000 
34 1 3 15.000000 0.140000 -1.000000 -1.000000 -1.000000 -1.000000 nan nan nan nan -1.000000000000e+00 -1.000000e+00 -1.000000000000e+00  -1.000000000000e+00  -1.000000000000e+00  -1.000000000000e+00   -1.000000000000e+00   -1.000000000000e+00   -1.000000000000e+00    -1.000000000000e+00    -1.000000     -1.000000     -0.001000     -0.001000     -1.000000     -0.001000     -0.001000     -0.000001     -0.001000     -0.001000     -1.000000     -1.000000     -1.000000 
35 1 4 15.000000 0.180000 -1.000000 -1.000000 -1.000000 -1.000000 nan nan nan nan -1.000000000000e+00 -1.000000e+00 -1.000000000000e+00  -1.000000000000e+00  -1.000000000000e+00  -1.000000000000e+00   -1.000000000000e+00   -1.000000000000e+00   -1.000000000000e+00    -1.000000000000e+00    -1.000000     -1.000000     -0.001000     -0.001000     -1.000000     -0.001000     -0.001000     -0.000001     -0.001000     -0.001000     -1.000000     -1.000000     -1.000000 
36 1 5 15.000000 0.220000 -1.000000 -1.000000 -1.000000 -1.000000 nan nan nan nan -1.000000000000e+00 -1.000000e+00 -1.000000000000e+00  -1.000000000000e+00  -1.000000000000e+00  -1.000000000000e+00   -1.000000000000e+00   -1.000000000000e+00   -1.000000000000e+00    -1.000000000000e+00    -1.000000     -1.000000     -0.001000     -0.001000     -1.000000     -0.001000     -0.001000     -0.000001     -0.001000     -0.001000     -1.000000     -1.000000     -1.000000 
37 1 6 15.000000 0.260000 -1.000000 -1.000000 -1.000000 -1.000000 nan nan nan nan -1.000000000000e+00 -1.000000e+00 -1.000000000000e+00  -1.000000000000e+00  -1.000000000000e+00  -1.000000000000e+00   -1.000000000000e+00   -1.000000000000e+00   -1.000000000000e+00    -1.000000000000e+00    -1.000000     -1.000000     -0.001000     -0.001000     -1.000000     -0.001000     -0.001000     -0.000001     -0.001000     -0.001000     -1.000000     -1.000000     -1.000000 
38 1 7 15.000000 0.300000 -1.000000 -1.000000 -1.000000 -1.000000 nan nan nan nan -1.000000000000e+00 -1.000000e+00 -1.000000000000e+00  -1.000000000000e+00  -1.000000000000e+00  -1.000000000000e+00   -1.000000000000e+00   -1.000000000000e+00   -1.000000000000e+00    -1.000000000000e+00    -1.000000     -1.000000     -0.001000     -0.001000     -1.000000     -0.001000     -0.001000     -0.000001     -0.001000     -0.001000     -1.000000     -1.000000     -1.000000 
39 1 8 15.000000 0.340000 -1.000000 -1.000000 -1.000000 -1.000000 nan nan nan nan -1.000000000000e+00 -1.000000e+00 -1.000000000000e+00  -1.000000000000e+00  -1.000000000000e+00  -1.000000000000e+00   -1.000000000000e+00   -1.000000000000e+00   -1.000000000000e+00    -1.000000000000e+00    -1.000000     -1.000000     -0.001000     -0.001000     -1.000000     -0.001000     -0.001000     -0.000001     -0.001000     -0.001000     -1.000000     -1.000000     -1.000000 
40 1 9 15.000000 0.380000 -1.000000 -1.000000 -1.000000 -1.000000 nan nan nan nan -1.000000000000e+00 -1.000000e+00 -1.000000000000e+00  -1.000000000000e+00  -1.000000000000e+00  -1.000000000000e+00   -1.000000000000e+00   -1.000000000000e+00   -1.000000000000e+00    -1.000000000000e+00    -1.000000     -1.000000     -0.001000     -0.001000     -1.000000     -0.001000     -0.001000     -0.000001     -0.001000     -0.001000     -1.000000     -1.000000     -1.000000 
41 1 10 15.000000 0.420000 -1.000000 -1.000000 -1.000000 -1.000000 nan nan nan nan -1.000000000000e+00 -1.000000e+00 -1.000000000000e+00  -1.000000000000e+00  -1.000000000000e+00  -1.000000000000e+00   -1.000000000000e+00   -1.000000000000e+00   -1.000000000000e+00    -1.000000000000e+00    -1.000000     -1.000000     -0.001000     -0.001000     -1.000000     -0.001000     -0.001000     -0.000001     -0.001000     -0.001000     -1.000000     -1.000000     -1.000000 
42 1 11 15.000000 0.460000 -1.000000 -1.000000 -1.000000 -1.000000 nan nan nan nan -1.000000000000e+00 -1.000000e+00 -1.000000000000e+00  -1.000000000000e+00  -1.000000000000e+00  -1.000000000000e+00   -1.000000000000e+00   -1.000000000000e+00   -1.000000000000e+00    -1.000000000000e+00    -1.000000     -1.000000     -0.001000     -0.001000     -1.000000     -0.001000     -0.001000     -0.000001     -0.001000     -0.001000     -1.000000     -1.000000     -1.000000 
43 1 12 15.000000 0.500000 -1.000000 -1.000000 -1.000000 -1.000000 nan nan nan nan -1.000000000000e+00 -1.000000e+00 -1.000000000000e+00  -1.000000000000e+00  -1.000000000000e+00  -1.000000000000e+00   -1.000000000000e+00   -1.000000000000e+00   -1.000000000000e+00    -1.000000000000e+00    -1.000000     -1.000000     -0.001000     -0.001000     -1.000000     -0.001000     -0.001000     -0.000001     -0.001000     -0.001000     -1.000000     -1.000000     -1.000000 
44 1 13 15.000000 0.540000 -1.000000 -1.000000 -1.000000 -1.000000 nan nan nan nan -1.000000000000e+00 -1.000000e+00 -1.000000000000e+00  -1.000000000000e+00  -1.000000000000e+00  -1.000000000000e+00   -1.000000000000e+00   -1.000000000000e+00   -1.000000000000e+00    -1.000000000000e+00    -1.000000     -1.000000     -0.001000     -0.001000     -1.000000     -0.001000     -0.001000     -0.000001     -0.001000     -0.001000     -1.000000     -1.000000     -1.000000 
45 1 14 15.000000 0.580000 -1.000000 -1.000000 -1.000000 -1.000000 nan nan nan nan -1.000000000000e+00 -1.000000e+00 -1.000000000000e+00  -1.000000000000e+00  -1.000000000000e+00  -1.000000000000e+00   -1.000000000000e+00   -1.000000000000e+00   -1.000000000000e+00    -1.000000000000e+00    -1.000000     -1.000000     -0.001000     -0.001000     -1.000000     -0.001000     -0.001000     -0.000001     -0.001000     -0.001000     -1.000000     -1.000000     -1.000000 
46 1 15 15.000000 0.620000 -1.000000 -1.000000 -1.000000 -1.000000 nan nan nan nan -1.000000000000e+00 -1.000000e+00 -1.000000000000e+00  -1.000000000000e+00  -1.000000000000e+00  -1.000000000000e+00   -1.000000000000e+00   -1.000000000000e+00   -1.000000000000e+00    -1.000000000000e+00    -1.000000     -1.000000     -0.001000     -0.001000     -1.000000     -0.001000     -0.001000     -0.000001     -0.001000     -0.001000     -1.000000     -1.000000     -1.000000 
47 1 16 15.000000 0.660000 -1.000000 -1.000000 -1.000000 -1.000000 nan nan nan nan -1.000000000000e+00 -1.000000e+00 -1.000000000000e+00  -1.000000000000e+00  -1.000000000000e+00  -1.000000000000e+00   -1.000000000000e+00   -1.000000000000e+00   -1.000000000000e+00    -1.000000000000e+00    -1.000000     -1.000000     -0.001000     -0.001000     -1.000000     -0.001000     -0.001000     -0.000001     -0.001000     -0.001000     -1.000000     -1.000000     -1.000000 
48 1 17 15.000000 0.700000 -1.000000 -1.000000 -1.000000 -1.000000 nan nan nan nan -1.000000000000e+00 -1.000000e+00 -1.000000000000e+00  -1.000000000000e+00  -1.000000000000e+00  -1.000000000000e+00   -1.000000000000e+00   -1.000000000000e+00   -1.000000000000e+00    -1.000000000000e+00    -1.000000     -1.000000     -0.001000     -0.001000     -1.000000     -0.001000     -0.001000     -0.000001     -0.001000     -0.001000     -1.000000     -1.000000     -1.000000 
49 1 18 15.000000 0.740000 -1.000000 -1.000000 -1.000000 -1.000000 nan nan nan nan -1.000000000000e+00 -1.000000e+00 -1.000000000000e+00  -1.000000000000e+00  -1.000000000000e+00  -1.000000000000e+00   -1.000000000000e+00   -1.000000000000e+00   -1.000000000000e+00    -1.000000000000e+00    -1.000000     -1.000000     -0.001000     -0.001000     -1.000000     -0.001000     -0.001000     -0.000001     -0.001000     -0.001000     -1.000000     -1.000000     -1.000000 
50 1 19 15.000000 0.780000 -1.000000 -1.000000 -1.000000 -1.000000 nan nan nan nan -1.000000000000e+00 -1.000000e+00 -1.000000000000e+00  -1.000000000000e+00  -1.000000000000e+00  -1.000000000000e+00   -1.000000000000e+00   -1.000000000000e+00   -1.000000000000e+00    -1.000000000000e+00    -1.000000     -1.000000     -0.001000     -0.001000     -1.000000     -0.001000     -0.001000     -0.000001     -0.001000     -0.001000     -1.000000     -1.000000     -1.000000 
51 1 20 15.000000 0.820000 -1.000000 -1.000000 -1.000000 -1.000000 nan nan nan nan -1.000000000000e+00 -1.000000e+00 -1.000000000000e+00  -1.000000000000e+00  -1.000000000000e+00  -1.000000000000e+00   -1.000000000000e+00   -1.000000000000e+00   -1.000000000000e+00    -1.000000000000e+00    -1.000000     -1.000000     -0.001000     -0.001000     -1.000000     -0.001000     -0.001000     -0.000001     -0.001000     -0.001000     -1.000000     -1.000000     -1.000000 
52 1 21 15.000000 0.860000 -1.000000 -1.000000 -1.000000 -1.000000 nan nan nan nan -1.000000000000e+00 -1.000000e+00 -1.000000000000e+00  -1.000000000000e+00  -1.000000000000e+00  -1.000000000000e+00   -1.000000000000e+00   -1.000000000000e+00   -1.000000000000e+00    -1.000000000000e+00    -1.000000     -1.000000     -0.001000     -0.001000     -1.000000     -0.001000     -0.001000     -0.000001     -0.001000     -0.001000     -1.000000     -1.000000     -1.000000 
53 1 22 15.000000 0.900000 -1.000000 -1.000000 -1.000000 -1.000000 nan nan nan nan -1.000000000000e+00 -1.000000e+00 -1.000000000000e+00  -1.000000000000e+00  -1.000000000000e+00  -1.000000000000e+00   -1.000000000000e+00   -1.000000000000e+00   -1.000000000000e+00    -1.000000000000e+00    -1.000000     -1.000000     -0.001000     -0.001000     -1.000000     -0.001000     -0.001000     -0.000001     -0.001000     -0.001000     -1.000000     -1.000000     -1.000000 
54 1 23 15.000000 0.940000 -1.000000 -1.000000 -1.000000 -1.000000 nan nan nan nan -1.000000000000e+00 -1.000000e+00 -1.000000000000e+00  -1.000000000000e+00  -1.000000000000e+00  -1.000000000000e+00   -1.000000000000e+00   -1.000000000000e+00   -1.000000000000e+00    -1.000000000000e+00    -1.000000     -1.000000     -0.001000     -0.001000     -1.000000     -0.001000     -0.001000     -0.000001     -0.001000     -0.001000     -1.000000     -1.000000     -1.000000 
55 1 24 15.000000 0.980000 -1.000000 -1.000000 -1.000000 -1.000000 nan nan nan nan -1.000000000000e+00 -1.000000e+00 -1.000000000000e+00  -1.000000000000e+00  -1.000000000000e+00  -1.000000000000e+00   -1.000000000000e+00   -1.000000000000e+00   -1.000000000000e+00    -1.000000000000e+00    -1.000000     -1.000000     -0.001000     -0.001000     -1.000000     -0.001000     -0.001000     -0.000001     -0.001000     -0.001000     -1.000000     -1.000000     -1.000000 
56 1 25 15.000000 1.020000 -1.000000 -1.000000 -1.000000 -1.000000 nan nan nan nan -1.000000000000e+00 -1.000000e+00 -1.000000000000e+00  -1.000000000000e+00  -1.000000000000e+00  -1.000000000000e+00   -1.000000000000e+00   -1.000000000000e+00   -1.000000000000e+00    -1.000000000000e+00    -1.000000     -1.000000     -0.001000     -0.001000     -1.000000     -0.001000     -0.001000     -0.000001     -0.001000     -0.001000     -1.000000     -1.000000     -1.000000 
57 1 26 15.000000 1.060000 -1.000000 -1.000000 -1.000000 -1.000000 nan nan nan nan -1.000000000000e+00 -1.000000e+00 -1.000000000000e+00  -1.000000000000e+00  -1.000000000000e+00  -1.000000000000e+00   -1.000000000000e+00   -1.000000000000e+00   -1.000000000000e+00    -1.000000000000e+00    -1.000000     -1.000000     -0.001000     -0.001000     -1.000000     -0.001000     -0.001000     -0.000001     -0.001000     -0.001000     -1.000000     -1.000000     -1.000000 
58 1 27 15.000000 1.100000 -1.000000 -1.000000 -1.000000 -1.000000 nan nan nan nan -1.000000000000e+00 -1.000000e+00 -1.000000000000e+00  -1.000000000000e+00  -1.000000000000e+00  -1.000000000000e+00   -1.000000000000e+00   -1.000000000000e+00   -1.000000000000e+00    -1.000000000000e+00    -1.000000     -1.000000     -0.001000     -0.001000     -1.000000     -0.001000     -0.001000     -0.000001     -0.001000     -0.001000     -1.000000     -1.000000     -1.000000 
59 1 28 15.000000 1.140000 -1.000000 -1.000000 -1.000000 -1.000000 nan nan nan nan -1.000000000000e+00 -1.000000e+00 -1.000000000000e+00  -1.000000000000e+00  -1.000000000000e+00  -1.000000000000e+00   -1.000000000000e+00   -1.000000000000e+00   -1.000000000000e+00    -1.000000000000e+00    -1.000000     -1.000000     -0.001000     -0.001000     -1.000000     -0.001000     -0.001000     -0.000001     -0.001000     -0.001000     -1.000000     -1.000000     -1.000000 
60 1 29 15.000000 1.180000 -1.000000 -1.000000 -1.000000 -1.000000 nan nan nan nan -1.000000000000e+00 -1.000000e+00 -1.000000000000e+00  -1.000000000000e+00  -1.000000000000e+00  -1.000000000000e+00   -1.000000000000e+00   -1.000000000000e+00   -1.000000000000e+00    -1.000000000000e+00    -1.000000     -1.000000     -0.001000     -0.001000     -1.000000     -0.001000     -0.001000     -0.000001     -0.001000     -0.001000     -1.000000     -1.000000     -1.000000 
61 2 0 25.000000 0.020000 -1.000000 -1.000000 -1.000000 -1.000000 nan nan nan nan -1.000000000000e+00 -1.000000e+00 -1.000000000000e+00  -1.000000000000e+00  -1.000000000000e+00  -1.000000000000e+00   -1.000000000000e+00   -1.000000000000e+00   -1.000000000000e+00    -1.000000000000e+00    -1.000000     -1.000000     -0.001000     -0.001000     -1.000000     -0.001000     -0.001000     -0.000001     -0.001000     -0.001000     -1.000000     -1.000000     -1.000000 
62 2 1 25.000000 0.060000 -1.000000 -1.000000 -1.000000 -1.000000 nan nan nan nan -1.000000000000e+00 -1.000000e+00 -1.000000000000e+00  -1.000000000000e+00  -1.000000000000e+00  -1.000000000000e+00   -1.000000000000e+00   -1.000000000000e+00   -1.000000000000e+00    -1.000000000000e+00    -1.000000     -1.000000     -0.001000     -0.001000     -1.000000     -0.001000     -0.001000     -0.000001     -0.001000     -0.001000     -1.000000     -1.000000     -1.000000 
63 2 2 25.000000 0.100000 -1.000000 -1.000000 -1.000000 -1.000000 nan nan nan nan -1.000000000000e+00 -1.000000e+00 -1.000000000000e+00  -1.000000000000e+00  -1.000000000000e+00  -1.000000000000e+00   -1.000000000000e+00   -1.000000000000e+00   -1.000000000000e+00    -1.000000000000e+00    -1.000000     -1.000000     -0.001000     -0.001000     -1.000000     -0.001000     -0.001000     -0.000001     -0.001000     -0.001000     -1.000000     -1.000000     -1.000000 
64 2 3 25.000000 0.140000 -1.000000 -1.000000 -1.000000 -1.000000 nan nan nan nan -1.000000000000e+00 -1.000000e+00 -1.000000000000e+00  -1.000000000000e+00  -1.000000000000e+00  -1.000000000000e+00   -1.000000000000e+00   -1.000000000000e+00   -1.000000000000e+00    -1.000000000000e+00    -1.000000     -1.000000     -0.001000     -0.001000     -1.000000     -0.001000     -0.001000     -0.000001     -0.001000     -0.001000     -1.000000     -1.000000     -1.000000 
65 2 4 25.000000 0.180000 -1.000000 -1.000000 -1.000000 -1.000000 nan nan nan nan -1.000000000000e+00 -1.000000e+00 -1.000000000000e+00  -1.000000000000e+00  -1.000000000000e+00  -1.000000000000e+00   -1.000000000000e+00   -1.000000000000e+00   -1.000000000000e+00    -1.000000000000e+00    -1.000000     -1.000000     -0.001000     -0.001000     -1.000000     -0.001000     -0.001000     -0.000001     -0.001000     -0.001000     -1.000000     -1.000000     -1.000000 
66 2 5 25.000000 0.220000 -1.000000 -1.000000 -1.000000 -1.000000 nan nan nan nan -1.000000000000e+00 -1.000000e+00 -1.000000000000e+00  -1.000000000000e+00  -1.000000000000e+00  -1.000000000000e+00   -1.000000000000e+00   -1.000000000000e+00   -1.000000000000e+00    -1.000000000000e+00    -1.000000     -1.000000     -0.001000     -0.001000     -1.000000     -0.001000     -0.001000     -0.000001     -0.001000     -0.001000     -1.000000     -1.000000     -1.000000 
67 2 6 25.000000 0.260000 -1.000000 -1.000000 -1.000000 -1.000000 nan nan nan nan -1.000000000000e+00 -1.000000e+00 -1.000000000000e+00  -1.000000000000e+00  -1.000000000000e+00  -1.000000000000e+00   -1.000000000000e+00   -1.000000000000e+00   -1.000000000000e+00    -1.000000000000e+00    -1.000000     -1.000000     -0.001000     -0.001000     -1.000000     -0.001000     -0.001000     -0.000001     -0.001000     -0.001000     -1.000000     -1.000000     -1.000000 
68 2 7 25.000000 0.300000 -1.000000 -1.000000 -1.000000 -1.000000 nan nan nan nan -1.000000000000e+00 -1.000000e+00 -1.000000000000e+00  -1.000000000000e+00  -1.000000000000e+00  -1.000000000000e+00   -1.000000000000e+00   -1.000000000000e+00   -1.000000000000e+00    -1.000000000000e+00    -1.000000     -1.000000     -0.001000     -0.001000     -1.000000     -0.001000     -0.001000     -0.000001     -0.001000     -0.001000     -1.000000     -1.000000     -1.000000 
69 2 8 25.000000 0.340000 -1.000000 -1.000000 -1.000000 -1.000000 nan nan nan nan -1.000000000000e+00 -1.000000e+00 -1.000000000000e+00  -1.000000000000e+00  -1.000000000000e+00  -1.000000000000e+00   -1.000000000000e+00   -1.000000000000e+00   -1.000000000000e+00    -1.000000000000e+00    -1.000000     -1.000000     -0.001000     -0.001000     -1.000000     -0.001000     -0.001000     -0.000001     -0.001000     -0.001000     -1.000000     -1.000000     -1.000000 
70 2 9 25.000000 0.380000 -1.000000 -1.000000 -1.000000 -1.000000 nan nan nan nan -1.000000000000e+00 -1.000000e+00 -1.000000000000e+00  -1.000000000000e+00  -1.000000000000e+00  -1.000000000000e+00   -1.000000000000e+00   -1.000000000000e+00   -1.000000000000e+00    -1.000000000000e+00    -1.000000     -1.000000     -0.001000     -0.001000     -1.000000     -0.001000     -0.001000     -0.000001     -0.001000     -0.001000     -1.000000     -1.000000     -1.000000 
71 2 10 25.000000 0.420000 -1.000000 -1.000000 -1.000000 -1.000000 nan nan nan nan -1.000000000000e+00 -1.000000e+00 -1.000000000000e+00  -1.000000000000e+00  -1.000000000000e+00  -1.000000000000e+00   -1.000000000000e+00   -1.000000000000e+00   -1.000000000000e+00    -1.000000000000e+00    -1.000000     -1.000000     -0.001000     -0.001000     -1.000000     -0.001000     -0.001000     -0.000001     -0.001000     -0.001000     -1.000000     -1.000000     -1.000000 
72 2 11 25.000000 0.460000 -1.000000 -1.000000 -1.000000 -1.000000 nan nan nan nan -1.000000000000e+00 -1.000000e+00 -1.000000000000e+00  -1.000000000000e+00  -1.000000000000e+00  -1.000000000000e+00   -1.000000000000e+00   -1.000000000000e+00   -1.000000000000e+00    -1.000000000000e+00    -1.000000     -1.000000     -0.001000     -0.001000     -1.000000     -0.001000     -0.001000     -0.000001     -0.001000     -0.001000     -1.000000     -1.000000     -1.000000 
73 2 12 25.000000 0.500000 -1.000000 -1.000000 -1.000000 -1.000000 nan nan nan nan -1.000000000000e+00 -1.000000e+00 -1.000000000000e+00  -1.000000000000e+00  -1.000000000000e+00  -1.000000000000e+00   -1.000000000000e+00   -1.000000000000e+00   -1.000000000000e+00    -1.000000000000e+00    -1.000000     -1.000000     -0.001000     -0.001000     -1.000000     -0.001000     -0.001000     -0.000001     -0.001000     -0.001000     -1.000000     -1.000000     -1.000000 
74 2 13 25.000000 0.540000 -1.000000 -1.000000 -1.000000 -1.000000 nan nan nan nan -1.000000000000e+00 -1.000000e+00 -1.000000000000e+00  -1.000000000000e+00  -1.000000000000e+00  -1.000000000000e+00   -1.000000000000e+00   -1.000000000000e+00   -1.000000000000e+00    -1.000000000000e+00    -1.000000     -1.000000     -0.001000     -0.001000     -1.000000     -0.001000     -0.001000     -0.000001     -0.001000     -0.001000     -1.000000     -1.000000     -1.000000 
75 2 14 25.000000 0.580000 -1.000000 -1.000000 -1.000000 -1.000000 nan nan nan nan -1.000000000000e+00 -1.000000e+00 -1.000000000000e+00  -1.000000000000e+00  -1.000000000000e+00  -1.000000000000e+00   -1.000000000000e+00   -1.000000000000e+00   -1.000000000000e+00    -1.000000000000e+00    -1.000000     -1.000000     -0.001000     -0.001000     -1.000000     -0.001000     -0.001000     -0.000001     -0.001000     -0.001000     -1.000000     -1.000000     -1.000000 
76 2 15 25.000000 0.620000 -1.000000 -1.000000 -1.000000 -1.000000 nan nan nan nan -1.000000000000e+00 -1.000000e+00 -1.000000000000e+00  -1.000000000000e+00  -1.000000000000e+00  -1.000000000000e+00   -1.000000000000e+00   -1.000000000000e+00   -1.000000000000e+00    -1.000000000000e+00    -1.000000     -1.000000     -0.001000     -0.001000     -1.000000     -0.001000     -0.001000     -0.000001     -0.001000     -0.001000     -1.000000     -1.000000     -1.000000 
77 2 16 25.000000 0.660000 0.743736 0.143522 0.618664 0.113300 -1.000000000000e+00 -1.000000000000e+00 -1.000000000000e+00 -1.000000000000e+00 -1.000000000000e+00 -1.000000e+00 -1.000000000000e+00  -1.000000000000e+00  3.012896163905e-08  1.772530655746e-08   -1.000000000000e+00   -1.000000000000e+00   5.251300675717e-12    3.439564029932e-12    5737.428401     5153.358508     10.541581     9.149393     11.782490     1.392187     2.450016     4.064395     1.896199     0.666848     37.392601     0.061879     1.555749 
78 2 17 25.000000 0.700000 0.674785 0.059043 0.646950 0.054734 2.652476287752e-08 2.718896625787e-08 3.882462912192e-08 3.922476361316e-08 2.619825868469e-08 2.656734e-08 2.511760107410e-08  2.546528876505e-08  1.885645059292e-08  1.275777299251e-08   5.049058765048e-12   5.118949817872e-12   3.895630973972e-12    2.564526180676e-12    4840.409864     4974.709593     10.541278     9.125362     11.942134     1.415916     2.483669     4.163793     1.899294     0.702432     39.500570     -0.070426     1.567087 
79 2 18 25.000000 0.740000 0.686766 0.034581 0.632695 0.032864 1.209413837772e-08 1.222884721120e-08 1.063937115625e-08 1.067378466636e-08 7.306762610579e-09 7.339624e-09 6.731473113965e-09  6.762292236998e-09  1.254923562315e-08  8.069314218069e-09   1.511023284248e-12   1.517941296356e-12   2.792738913757e-12    1.811330367810e-12    4493.522671     4454.910248     10.541254     9.096241     12.115375     1.445013     2.521785     4.271338     1.905303     0.741348     41.852046     -0.034295     1.575192 
80 2 19 25.000000 0.780000 0.687966 0.024584 0.649012 0.023229 4.640445878694e-09 4.660993581315e-09 5.417890060316e-09 5.426599473554e-09 3.727325588055e-09 3.735693e-09 3.516275426233e-09  3.524175819482e-09  8.041513525569e-09  5.236851440238e-09   8.560907544776e-13   8.580142254229e-13   1.951365482588e-12    1.274991164547e-12    4120.967393     4107.362926     10.541020     9.066935     12.283954     1.474084     2.559151     4.376330     1.910107     0.780690     44.202433     -0.063366     1.582082 
81 2 20 25.000000 0.820000 0.681857 0.018366 0.656464 0.017616 8.077387284912e-09 4.700020581753e-09 8.781578717547e-09 5.083780702581e-09 5.987780884702e-09 3.470162e-09 5.764792561628e-09  3.340903837985e-09  5.028642230678e-09  3.338011713549e-09   1.544988624120e-12   8.953762635491e-13   1.339726195370e-12    8.946011620507e-13    3753.485039     3731.284795     10.541076     9.036425     12.450939     1.504651     2.597021     4.480544     1.915727     0.820049     46.516094     -0.056310     1.586851 
82 2 21 25.000000 0.860000 0.673359 0.014255 0.669640 0.014222 1.671919678317e-09 1.674835360707e-09 1.715359562262e-09 1.716300680486e-09 1.155053428662e-09 1.155946e-09 1.148673948184e-09  1.149563061191e-09  3.040084699724e-09  2.117061528179e-09   3.370924904714e-13   3.373534116131e-13   8.911884005139e-13    6.212777299803e-13    3411.270499     3407.592814     10.540917     9.005296     12.613335     1.535621     2.634375     4.581802     1.920545     0.860023     48.839667     -0.056875     1.589987 
83 2 22 25.000000 0.900000 0.663025 0.011614 0.697850 0.012229 2.185431225583e-09 1.549174907423e-09 2.289149502256e-09 1.620085278623e-09 1.517762208548e-09 1.074485e-09 1.597483177528e-09  1.130923154903e-09  1.787947572310e-09  1.362991751850e-09   5.112535737531e-13   3.619371475816e-13   5.758978396919e-13    4.362076633618e-13    3104.626288     3124.639630     10.540751     8.974862     12.767685     1.565888     2.670248     4.678219     1.924115     0.899615     51.096433     -0.057074     1.592066 
84 2 23 25.000000 0.940000 0.656979 0.009688 0.725852 0.010802 7.677288244216e-10 7.683624968362e-10 8.154627310464e-10 8.156843639773e-10 5.357421856689e-10 5.359460e-10 5.919054184310e-10  5.921318133462e-10  1.022585060982e-09  8.699255430743e-10   2.083078186943e-13   2.083874933002e-13   3.605126202997e-13    3.061507576406e-13    2836.475073     2841.494007     10.540694     8.942215     12.921110     1.598479     2.707125     4.773394     1.929220     0.939647     53.331255     -0.042355     1.591335 
85 2 24 25.000000 0.980000 0.698719 0.009254 0.845644 0.011223 1.716689341826e-09 9.932399121965e-10 1.700357715961e-09 9.823709591812e-10 1.188072668165e-09 6.865818e-10 1.437896517832e-09  8.309548140135e-10  5.777065042165e-10  5.858844495849e-10   5.399025742569e-13   3.120076011128e-13   2.193244276917e-13    2.199883779015e-13    2634.027182     2663.251828     10.540582     8.913949     13.045393     1.626633     2.737840     4.849833     1.929392     0.978842     55.569973     -0.061101     1.588834 
86 2 25 25.000000 1.020000 0.873453 0.011065 1.140961 0.014414 1.229466585585e-09 7.113440879688e-10 1.277793619679e-09 7.382143265033e-10 1.116092100004e-09 6.449502e-10 1.457912647099e-09  8.424750944511e-10  3.193277179469e-10  4.048612667645e-10   5.883358503777e-13   3.399780515671e-13   1.288508025080e-13    1.633804317020e-13    2478.274964     2478.027892     10.540392     8.888191     13.127645     1.652200     2.761594     4.896636     1.925868     1.018301     57.974333     -0.026533     1.579343 
87 2 26 25.000000 1.060000 1.159722 0.015485 1.613643 0.020939 3.125259803779e-10 3.127984032326e-10 3.518655183322e-10 3.519460017249e-10 4.080660539676e-10 4.081958e-10 5.677852744778e-10  5.679629354652e-10  1.679556479352e-10  2.840581099509e-10   2.403859206028e-13   2.404611377701e-13   7.105561223985e-14    1.202630172613e-13    2363.721072     2361.973917     10.540242     8.863136     13.192129     1.677106     2.782682     4.930637     1.921136     1.057633     60.334461     -0.029974     1.566693 
88 2 27 25.000000 1.100000 1.468752 0.021957 2.251813 0.032961 -1.000000000000e+00 -1.000000000000e+00 -1.000000000000e+00 -1.000000000000e+00 -1.000000000000e+00 -1.000000e+00 -1.000000000000e+00  -1.000000000000e+00  8.170901193819e-11  1.964459308310e-10   -1.000000000000e+00   -1.000000000000e+00   3.631408864757e-14    8.701766624781e-14    2250.063680     2257.540788     10.539976     8.837480     13.247432     1.702496     2.802830     4.957362     1.916004     1.097438     62.633053     -0.033665     1.551693 
89 2 28 25.000000 1.140000 1.966672 0.038239 3.252447 0.059055 2.259804027570e-10 2.265817057419e-10 3.375185739223e-10 3.376832531742e-10 6.637881746171e-10 6.642374e-10 1.097761356607e-09  1.098477820921e-09  3.662309299518e-11  1.376936412746e-10   5.132546455626e-13   5.135896260530e-13   1.694143574214e-14    6.437820080227e-14    2161.746711     2138.824005     10.539540     8.811926     13.297057     1.727614     2.822128     4.979757     1.910473     1.136750     64.794766     -0.015918     1.536041 
90 2 29 25.000000 1.180000 -1.000000 -1.000000 4.753634 0.115211 2.128733417882e-10 2.139524150695e-10 3.732888368485e-10 3.736020602016e-10 -1.000000000000e+00 -1.000000e+00 1.774478415389e-09  1.776488020344e-09  -1.000000000000e+00  9.915956647701e-11   8.761225322013e-13   8.771147449927e-13   -1.000000000000e+00    4.895857268277e-14    -1.000000     2025.376988     10.539578     8.786933     13.339280     1.752645     2.840573     4.997094     1.904433     1.175986     66.857643     0.006466     1.519375 
91 3 0 35.000000 0.020000 -1.000000 -1.000000 -1.000000 -1.000000 nan nan nan nan -1.000000000000e+00 -1.000000e+00 -1.000000000000e+00  -1.000000000000e+00  -1.000000000000e+00  -1.000000000000e+00   -1.000000000000e+00   -1.000000000000e+00   -1.000000000000e+00    -1.000000000000e+00    -1.000000     -1.000000     -0.001000     -0.001000     -1.000000     -0.001000     -0.001000     -0.000001     -0.001000     -0.001000     -1.000000     -1.000000     -1.000000 
92 3 1 35.000000 0.060000 -1.000000 -1.000000 -1.000000 -1.000000 nan nan nan nan -1.000000000000e+00 -1.000000e+00 -1.000000000000e+00  -1.000000000000e+00  -1.000000000000e+00  -1.000000000000e+00   -1.000000000000e+00   -1.000000000000e+00   -1.000000000000e+00    -1.000000000000e+00    -1.000000     -1.000000     -0.001000     -0.001000     -1.000000     -0.001000     -0.001000     -0.000001     -0.001000     -0.001000     -1.000000     -1.000000     -1.000000 
93 3 2 35.000000 0.100000 -1.000000 -1.000000 -1.000000 -1.000000 nan nan nan nan -1.000000000000e+00 -1.000000e+00 -1.000000000000e+00  -1.000000000000e+00  -1.000000000000e+00  -1.000000000000e+00   -1.000000000000e+00   -1.000000000000e+00   -1.000000000000e+00    -1.000000000000e+00    -1.000000     -1.000000     -0.001000     -0.001000     -1.000000     -0.001000     -0.001000     -0.000001     -0.001000     -0.001000     -1.000000     -1.000000     -1.000000 
94 3 3 35.000000 0.140000 -1.000000 -1.000000 -1.000000 -1.000000 nan nan nan nan -1.000000000000e+00 -1.000000e+00 -1.000000000000e+00  -1.000000000000e+00  -1.000000000000e+00  -1.000000000000e+00   -1.000000000000e+00   -1.000000000000e+00   -1.000000000000e+00    -1.000000000000e+00    -1.000000     -1.000000     -0.001000     -0.001000     -1.000000     -0.001000     -0.001000     -0.000001     -0.001000     -0.001000     -1.000000     -1.000000     -1.000000 
95 3 4 35.000000 0.180000 -1.000000 -1.000000 -1.000000 -1.000000 nan nan nan nan -1.000000000000e+00 -1.000000e+00 -1.000000000000e+00  -1.000000000000e+00  -1.000000000000e+00  -1.000000000000e+00   -1.000000000000e+00   -1.000000000000e+00   -1.000000000000e+00    -1.000000000000e+00    -1.000000     -1.000000     -0.001000     -0.001000     -1.000000     -0.001000     -0.001000     -0.000001     -0.001000     -0.001000     -1.000000     -1.000000     -1.000000 
96 3 5 35.000000 0.220000 -1.000000 -1.000000 -1.000000 -1.000000 nan nan nan nan -1.000000000000e+00 -1.000000e+00 -1.000000000000e+00  -1.000000000000e+00  -1.000000000000e+00  -1.000000000000e+00   -1.000000000000e+00   -1.000000000000e+00   -1.000000000000e+00    -1.000000000000e+00    -1.000000     -1.000000     -0.001000     -0.001000     -1.000000     -0.001000     -0.001000     -0.000001     -0.001000     -0.001000     -1.000000     -1.000000     -1.000000 
97 3 6 35.000000 0.260000 -1.000000 -1.000000 -1.000000 -1.000000 nan nan nan nan -1.000000000000e+00 -1.000000e+00 -1.000000000000e+00  -1.000000000000e+00  -1.000000000000e+00  -1.000000000000e+00   -1.000000000000e+00   -1.000000000000e+00   -1.000000000000e+00    -1.000000000000e+00    -1.000000     -1.000000     -0.001000     -0.001000     -1.000000     -0.001000     -0.001000     -0.000001     -0.001000     -0.001000     -1.000000     -1.000000     -1.000000 
98 3 7 35.000000 0.300000 -1.000000 -1.000000 -1.000000 -1.000000 nan nan nan nan -1.000000000000e+00 -1.000000e+00 -1.000000000000e+00  -1.000000000000e+00  -1.000000000000e+00  -1.000000000000e+00   -1.000000000000e+00   -1.000000000000e+00   -1.000000000000e+00    -1.000000000000e+00    -1.000000     -1.000000     -0.001000     -0.001000     -1.000000     -0.001000     -0.001000     -0.000001     -0.001000     -0.001000     -1.000000     -1.000000     -1.000000 
99 3 8 35.000000 0.340000 -1.000000 -1.000000 -1.000000 -1.000000 nan nan nan nan -1.000000000000e+00 -1.000000e+00 -1.000000000000e+00  -1.000000000000e+00  -1.000000000000e+00  -1.000000000000e+00   -1.000000000000e+00   -1.000000000000e+00   -1.000000000000e+00    -1.000000000000e+00    -1.000000     -1.000000     -0.001000     -0.001000     -1.000000     -0.001000     -0.001000     -0.000001     -0.001000     -0.001000     -1.000000     -1.000000     -1.000000 
100 3 9 35.000000 0.380000 -1.000000 -1.000000 -1.000000 -1.000000 nan nan nan nan -1.000000000000e+00 -1.000000e+00 -1.000000000000e+00  -1.000000000000e+00  -1.000000000000e+00  -1.000000000000e+00   -1.000000000000e+00   -1.000000000000e+00   -1.000000000000e+00    -1.000000000000e+00    -1.000000     -1.000000     -0.001000     -0.001000     -1.000000     -0.001000     -0.001000     -0.000001     -0.001000     -0.001000     -1.000000     -1.000000     -1.000000 
101 3 10 35.000000 0.420000 -1.000000 -1.000000 -1.000000 -1.000000 nan nan nan nan -1.000000000000e+00 -1.000000e+00 -1.000000000000e+00  -1.000000000000e+00  -1.000000000000e+00  -1.000000000000e+00   -1.000000000000e+00   -1.000000000000e+00   -1.000000000000e+00    -1.000000000000e+00    -1.000000     -1.000000     -0.001000     -0.001000     -1.000000     -0.001000     -0.001000     -0.000001     -0.001000     -0.001000     -1.000000     -1.000000     -1.000000 
102 3 11 35.000000 0.460000 -1.000000 -1.000000 -1.000000 -1.000000 nan nan nan nan -1.000000000000e+00 -1.000000e+00 -1.000000000000e+00  -1.000000000000e+00  -1.000000000000e+00  -1.000000000000e+00   -1.000000000000e+00   -1.000000000000e+00   -1.000000000000e+00    -1.000000000000e+00    -1.000000     -1.000000     -0.001000     -0.001000     -1.000000     -0.001000     -0.001000     -0.000001     -0.001000     -0.001000     -1.000000     -1.000000     -1.000000 
103 3 12 35.000000 0.500000 -1.000000 -1.000000 -1.000000 -1.000000 nan nan nan nan -1.000000000000e+00 -1.000000e+00 -1.000000000000e+00  -1.000000000000e+00  -1.000000000000e+00  -1.000000000000e+00   -1.000000000000e+00   -1.000000000000e+00   -1.000000000000e+00    -1.000000000000e+00    -1.000000     -1.000000     -0.001000     -0.001000     -1.000000     -0.001000     -0.001000     -0.000001     -0.001000     -0.001000     -1.000000     -1.000000     -1.000000 
104 3 13 35.000000 0.540000 -1.000000 -1.000000 -1.000000 -1.000000 nan nan nan nan -1.000000000000e+00 -1.000000e+00 -1.000000000000e+00  -1.000000000000e+00  -1.000000000000e+00  -1.000000000000e+00   -1.000000000000e+00   -1.000000000000e+00   -1.000000000000e+00    -1.000000000000e+00    -1.000000     -1.000000     -0.001000     -0.001000     -1.000000     -0.001000     -0.001000     -0.000001     -0.001000     -0.001000     -1.000000     -1.000000     -1.000000 
105 3 14 35.000000 0.580000 -1.000000 -1.000000 -1.000000 -1.000000 nan nan nan nan -1.000000000000e+00 -1.000000e+00 -1.000000000000e+00  -1.000000000000e+00  -1.000000000000e+00  -1.000000000000e+00   -1.000000000000e+00   -1.000000000000e+00   -1.000000000000e+00    -1.000000000000e+00    -1.000000     -1.000000     -0.001000     -0.001000     -1.000000     -0.001000     -0.001000     -0.000001     -0.001000     -0.001000     -1.000000     -1.000000     -1.000000 
106 3 15 35.000000 0.620000 -1.000000 -1.000000 0.535563 0.757401 nan nan nan nan -1.000000000000e+00 -1.000000e+00 -1.000000000000e+00  -1.000000000000e+00  -1.000000000000e+00  2.273344615019e-08   -1.000000000000e+00   -1.000000000000e+00   -1.000000000000e+00    4.601415664772e-12    -1.000000     4940.533046     10.542259     9.145502     11.643486     1.396758     2.432877     3.967957     1.919217     0.638655     36.691644     0.293921     1.513865 
107 3 16 35.000000 0.660000 0.684803 0.066841 0.688609 0.068172 -1.000000000000e+00 -1.000000000000e+00 -1.000000000000e+00 -1.000000000000e+00 -1.000000000000e+00 -1.000000e+00 -1.000000000000e+00  -1.000000000000e+00  2.738274108149e-08  2.116883914320e-08   -1.000000000000e+00   -1.000000000000e+00   5.228627126344e-12    3.921923917304e-12    5237.080484     5397.564968     10.541135     9.111785     11.754545     1.429350     2.464031     4.028408     1.935370     0.670271     39.172093     -0.095831     1.501883 
108 3 17 35.000000 0.700000 0.677660 0.019294 0.670615 0.019181 1.618517018936e-08 7.347833226261e-09 1.797265381328e-08 8.081317471225e-09 1.217934541970e-08 5.487352e-09 1.205273720414e-08  5.430408989465e-09  1.975917129353e-08  1.603794363560e-08   2.375334894396e-12   1.070216644157e-12   3.903206462323e-12    3.160733243144e-12    5062.292114     5074.121225     10.541191     9.078840     11.829316     1.462350     2.490658     4.064909     1.949894     0.704020     41.893184     -0.077027     1.481292 
109 3 18 35.000000 0.740000 0.656027 0.010131 0.663287 0.010245 9.223564970678e-09 2.942414120522e-09 9.873938165697e-09 3.131786559543e-09 6.477569893925e-09 2.056970e-09 6.549252369166e-09  2.079733993866e-09  1.327572609225e-08  1.149985163564e-08   1.368000004326e-12   4.344123500264e-13   2.796732027009e-12    2.402075259974e-12    4746.870978     4787.465167     10.540890     9.049350     11.904848     1.491541     2.515552     4.103308     1.956637     0.741923     44.614218     -0.061663     1.466021 
110 3 19 35.000000 0.780000 0.643914 0.006818 0.664503 0.007063 9.208265026747e-09 1.981123119793e-09 9.676410469696e-09 2.069537559502e-09 6.230776354810e-09 1.334237e-09 6.429999469057e-09  1.376910012009e-09  8.770136876687e-09  8.042272252814e-09   1.426785759714e-12   3.055296671478e-13   1.960416445684e-12    1.784541286710e-12    4473.609113     4506.632776     10.540646     9.020009     11.987969     1.520637     2.541525     4.147012     1.961864     0.780655     47.155687     -0.050591     1.453286 
111 3 20 35.000000 0.820000 0.639490 0.005312 0.671588 0.005586 5.939463584400e-09 1.219876147405e-09 5.987710870842e-09 1.224815783782e-09 3.829082663865e-09 7.839032e-10 4.021277751205e-09  8.232518360075e-10  5.657292121451e-09  5.468907991508e-09   9.531696958028e-13   1.951366582080e-13   1.343442852785e-12    1.296303734572e-12    4211.040395     4218.847671     10.540463     8.989572     12.081121     1.550891     2.569523     4.197186     1.967021     0.820137     49.548817     -0.040747     1.442176 
112 3 21 35.000000 0.860000 0.631983 0.004417 0.683452 0.004812 5.348561203969e-09 9.509799278184e-10 5.460651420774e-09 9.672265991787e-10 3.451038434191e-09 6.117464e-10 3.732094989390e-09  6.615754250012e-10  3.533652799911e-09  3.659600071271e-09   9.389098695580e-13   1.664372685466e-13   8.999943782547e-13    9.206718037242e-13    3926.305414     3974.923590     10.540337     8.957916     12.179236     1.582421     2.598916     4.250308     1.972777     0.859651     51.791374     -0.049741     1.431330 
113 3 22 35.000000 0.900000 0.625919 0.003886 0.684001 0.004292 3.715850436511e-09 6.814789067548e-10 3.765392679887e-09 6.885301837114e-10 2.356832215903e-09 4.312127e-10 2.575532473743e-09  4.712325380893e-10  2.128742723925e-09  2.340571338569e-09   7.000639729835e-13   1.280872697887e-13   5.841715992344e-13    6.361984121865e-13    3644.036661     3678.995882     10.540244     8.924399     12.285304     1.615846     2.630421     4.308159     1.979765     0.899328     53.892353     -0.034768     1.420800 
114 3 23 35.000000 0.940000 0.610700 0.003468 0.687415 0.003957 3.616713693529e-09 5.974500720808e-10 3.716796910506e-09 6.120694256777e-10 2.269847615318e-09 3.740129e-10 2.554980946465e-09  4.210024972388e-10  1.218284183523e-09  1.453159595831e-09   7.519615849932e-13   1.239060923518e-13   3.637142811569e-13    4.276823255535e-13    3349.563783     3397.754616     10.540185     8.888303     12.405606     1.651882     2.665246     4.374823     1.988899     0.939054     55.831070     -0.031146     1.411311 
115 3 24 35.000000 0.980000 0.609648 0.003234 0.704367 0.003798 2.988201443204e-09 4.933963648412e-10 3.068962850549e-09 5.052519574656e-10 1.870987562921e-09 3.081858e-10 2.161676838050e-09  3.560737112257e-10  6.874881479291e-10  9.008562888431e-10   6.869390461051e-13   1.131533313523e-13   2.227670022735e-13    2.862746867816e-13    3086.130984     3146.824817     10.540122     8.850533     12.523501     1.689589     2.700699     4.439065     1.999103     0.978918     57.678172     -0.031495     1.400076 
116 3 25 35.000000 1.020000 0.597470 0.003024 0.726165 0.003741 1.929393681617e-09 3.658520249986e-10 1.968852885750e-09 3.724951659660e-10 1.176331146425e-09 2.226345e-10 1.429712249995e-09  2.705932683685e-10  3.612798569128e-10  5.472937411771e-10   4.911310116752e-13   9.295349161818e-14   1.267267015967e-13    1.880049141279e-13    2850.858204     2911.060829     10.540051     8.811382     12.641754     1.728669     2.737008     4.502913     2.010232     1.018735     59.417041     -0.030594     1.388107 
117 3 26 35.000000 1.060000 0.600474 0.002942 0.775137 0.003862 1.233376944185e-09 2.636877457071e-10 1.363439978993e-09 2.909420399922e-10 8.187098371864e-10 1.747491e-10 1.056852782912e-09  2.255814075103e-10  1.847778325675e-10  3.381332996845e-10   3.878824021958e-13   8.279209711191e-14   6.979735928301e-14    1.241004978789e-13    2647.347041     2724.673192     10.539995     8.772204     12.747916     1.767791     2.771868     4.558164     2.020728     1.058659     61.101079     -0.039090     1.374043 
118 3 27 35.000000 1.100000 0.595777 0.002892 0.806259 0.003974 8.861289440446e-10 2.093904102711e-10 1.001954060419e-09 2.363295515372e-10 5.969408267135e-10 1.408294e-10 8.078348438511e-10  1.905845159273e-10  8.783315065704e-11  2.021726680837e-10   3.189041951194e-13   7.523592491294e-14   3.538077564957e-14    7.981051137015e-14    2482.510602     2533.158410     10.539920     8.733477     12.845182     1.806442     2.805435     4.607231     2.030185     1.098540     62.721289     -0.028138     1.359118 
119 3 28 35.000000 1.140000 0.586887 0.002903 0.841375 0.004178 9.637651556987e-10 2.017917314019e-10 1.176913745937e-09 2.456434809305e-10 6.907149945934e-10 1.442054e-10 9.902260799140e-10  2.067368213701e-10  3.820196773146e-11  1.212199074706e-10   4.145618438257e-13   8.655114179714e-14   1.635257661737e-14    5.074916664865e-14    2336.143632     2388.608828     10.539850     8.694513     12.929938     1.845337     2.837672     4.647115     2.039435     1.138368     64.275838     -0.030199     1.341989 
120 3 29 35.000000 1.180000 0.551255 0.002905 0.871405 0.004440 7.589146044546e-10 1.627282581606e-10 1.105837179597e-09 2.360054542743e-10 6.095983203813e-10 1.301388e-10 9.636317245557e-10  2.057148646760e-10  1.432737738585e-11  7.309768399523e-11   4.256318855874e-13   9.086334905147e-14   6.474212677905e-15    3.228692484705e-14    2212.991463     2264.002668     10.539774     8.654586     13.005167     1.885188     2.869395     4.679492     2.049226     1.178226     65.753439     -0.032676     1.322773 
121 4 0 45.000000 0.020000 -1.000000 -1.000000 -1.000000 -1.000000 nan nan nan nan -1.000000000000e+00 -1.000000e+00 -1.000000000000e+00  -1.000000000000e+00  -1.000000000000e+00  -1.000000000000e+00   -1.000000000000e+00   -1.000000000000e+00   -1.000000000000e+00    -1.000000000000e+00    -1.000000     -1.000000     -0.001000     -0.001000     -1.000000     -0.001000     -0.001000     -0.000001     -0.001000     -0.001000     -1.000000     -1.000000     -1.000000 
122 4 1 45.000000 0.060000 -1.000000 -1.000000 -1.000000 -1.000000 nan nan nan nan -1.000000000000e+00 -1.000000e+00 -1.000000000000e+00  -1.000000000000e+00  -1.000000000000e+00  -1.000000000000e+00   -1.000000000000e+00   -1.000000000000e+00   -1.000000000000e+00    -1.000000000000e+00    -1.000000     -1.000000     -0.001000     -0.001000     -1.000000     -0.001000     -0.001000     -0.000001     -0.001000     -0.001000     -1.000000     -1.000000     -1.000000 
123 4 2 45.000000 0.100000 -1.000000 -1.000000 -1.000000 -1.000000 nan nan nan nan -1.000000000000e+00 -1.000000e+00 -1.000000000000e+00  -1.000000000000e+00  -1.000000000000e+00  -1.000000000000e+00   -1.000000000000e+00   -1.000000000000e+00   -1.000000000000e+00    -1.000000000000e+00    -1.000000     -1.000000     -0.001000     -0.001000     -1.000000     -0.001000     -0.001000     -0.000001     -0.001000     -0.001000     -1.000000     -1.000000     -1.000000 
124 4 3 45.000000 0.140000 -1.000000 -1.000000 -1.000000 -1.000000 nan nan nan nan -1.000000000000e+00 -1.000000e+00 -1.000000000000e+00  -1.000000000000e+00  -1.000000000000e+00  -1.000000000000e+00   -1.000000000000e+00   -1.000000000000e+00   -1.000000000000e+00    -1.000000000000e+00    -1.000000     -1.000000     -0.001000     -0.001000     -1.000000     -0.001000     -0.001000     -0.000001     -0.001000     -0.001000     -1.000000     -1.000000     -1.000000 
125 4 4 45.000000 0.180000 -1.000000 -1.000000 -1.000000 -1.000000 nan nan nan nan -1.000000000000e+00 -1.000000e+00 -1.000000000000e+00  -1.000000000000e+00  -1.000000000000e+00  -1.000000000000e+00   -1.000000000000e+00   -1.000000000000e+00   -1.000000000000e+00    -1.000000000000e+00    -1.000000     -1.000000     -0.001000     -0.001000     -1.000000     -0.001000     -0.001000     -0.000001     -0.001000     -0.001000     -1.000000     -1.000000     -1.000000 
126 4 5 45.000000 0.220000 -1.000000 -1.000000 -1.000000 -1.000000 nan nan nan nan -1.000000000000e+00 -1.000000e+00 -1.000000000000e+00  -1.000000000000e+00  -1.000000000000e+00  -1.000000000000e+00   -1.000000000000e+00   -1.000000000000e+00   -1.000000000000e+00    -1.000000000000e+00    -1.000000     -1.000000     -0.001000     -0.001000     -1.000000     -0.001000     -0.001000     -0.000001     -0.001000     -0.001000     -1.000000     -1.000000     -1.000000 
127 4 6 45.000000 0.260000 -1.000000 -1.000000 -1.000000 -1.000000 nan nan nan nan -1.000000000000e+00 -1.000000e+00 -1.000000000000e+00  -1.000000000000e+00  -1.000000000000e+00  -1.000000000000e+00   -1.000000000000e+00   -1.000000000000e+00   -1.000000000000e+00    -1.000000000000e+00    -1.000000     -1.000000     -0.001000     -0.001000     -1.000000     -0.001000     -0.001000     -0.000001     -0.001000     -0.001000     -1.000000     -1.000000     -1.000000 
128 4 7 45.000000 0.300000 -1.000000 -1.000000 -1.000000 -1.000000 nan nan nan nan -1.000000000000e+00 -1.000000e+00 -1.000000000000e+00  -1.000000000000e+00  -1.000000000000e+00  -1.000000000000e+00   -1.000000000000e+00   -1.000000000000e+00   -1.000000000000e+00    -1.000000000000e+00    -1.000000     -1.000000     -0.001000     -0.001000     -1.000000     -0.001000     -0.001000     -0.000001     -0.001000     -0.001000     -1.000000     -1.000000     -1.000000 
129 4 8 45.000000 0.340000 -1.000000 -1.000000 -1.000000 -1.000000 nan nan nan nan -1.000000000000e+00 -1.000000e+00 -1.000000000000e+00  -1.000000000000e+00  -1.000000000000e+00  -1.000000000000e+00   -1.000000000000e+00   -1.000000000000e+00   -1.000000000000e+00    -1.000000000000e+00    -1.000000     -1.000000     -0.001000     -0.001000     -1.000000     -0.001000     -0.001000     -0.000001     -0.001000     -0.001000     -1.000000     -1.000000     -1.000000 
130 4 9 45.000000 0.380000 -1.000000 -1.000000 -1.000000 -1.000000 nan nan nan nan -1.000000000000e+00 -1.000000e+00 -1.000000000000e+00  -1.000000000000e+00  -1.000000000000e+00  -1.000000000000e+00   -1.000000000000e+00   -1.000000000000e+00   -1.000000000000e+00    -1.000000000000e+00    -1.000000     -1.000000     -0.001000     -0.001000     -1.000000     -0.001000     -0.001000     -0.000001     -0.001000     -0.001000     -1.000000     -1.000000     -1.000000 
131 4 10 45.000000 0.420000 -1.000000 -1.000000 -1.000000 -1.000000 nan nan nan nan -1.000000000000e+00 -1.000000e+00 -1.000000000000e+00  -1.000000000000e+00  -1.000000000000e+00  -1.000000000000e+00   -1.000000000000e+00   -1.000000000000e+00   -1.000000000000e+00    -1.000000000000e+00    -1.000000     -1.000000     -0.001000     -0.001000     -1.000000     -0.001000     -0.001000     -0.000001     -0.001000     -0.001000     -1.000000     -1.000000     -1.000000 
132 4 11 45.000000 0.460000 -1.000000 -1.000000 -1.000000 -1.000000 nan nan nan nan -1.000000000000e+00 -1.000000e+00 -1.000000000000e+00  -1.000000000000e+00  -1.000000000000e+00  -1.000000000000e+00   -1.000000000000e+00   -1.000000000000e+00   -1.000000000000e+00    -1.000000000000e+00    -1.000000     -1.000000     -0.001000     -0.001000     -1.000000     -0.001000     -0.001000     -0.000001     -0.001000     -0.001000     -1.000000     -1.000000     -1.000000 
133 4 12 45.000000 0.500000 -1.000000 -1.000000 -1.000000 -1.000000 nan nan nan nan -1.000000000000e+00 -1.000000e+00 -1.000000000000e+00  -1.000000000000e+00  -1.000000000000e+00  -1.000000000000e+00   -1.000000000000e+00   -1.000000000000e+00   -1.000000000000e+00    -1.000000000000e+00    -1.000000     -1.000000     -0.001000     -0.001000     -1.000000     -0.001000     -0.001000     -0.000001     -0.001000     -0.001000     -1.000000     -1.000000     -1.000000 
134 4 13 45.000000 0.540000 -1.000000 -1.000000 -1.000000 -1.000000 nan nan nan nan -1.000000000000e+00 -1.000000e+00 -1.000000000000e+00  -1.000000000000e+00  -1.000000000000e+00  -1.000000000000e+00   -1.000000000000e+00   -1.000000000000e+00   -1.000000000000e+00    -1.000000000000e+00    -1.000000     -1.000000     -0.001000     -0.001000     -1.000000     -0.001000     -0.001000     -0.000001     -0.001000     -0.001000     -1.000000     -1.000000     -1.000000 
135 4 14 45.000000 0.580000 -1.000000 -1.000000 -1.000000 -1.000000 nan nan nan nan -1.000000000000e+00 -1.000000e+00 -1.000000000000e+00  -1.000000000000e+00  -1.000000000000e+00  -1.000000000000e+00   -1.000000000000e+00   -1.000000000000e+00   -1.000000000000e+00    -1.000000000000e+00    -1.000000     -1.000000     -0.001000     -0.001000     -1.000000     -0.001000     -0.001000     -0.000001     -0.001000     -0.001000     -1.000000     -1.000000     -1.000000 
136 4 15 45.000000 0.620000 -1.000000 -1.000000 -1.000000 -1.000000 nan nan nan nan -1.000000000000e+00 -1.000000e+00 -1.000000000000e+00  -1.000000000000e+00  -1.000000000000e+00  -1.000000000000e+00   -1.000000000000e+00   -1.000000000000e+00   -1.000000000000e+00    -1.000000000000e+00    -1.000000     -1.000000     -0.001000     -0.001000     -1.000000     -0.001000     -0.001000     -0.000001     -0.001000     -0.001000     -1.000000     -1.000000     -1.000000 
137 4 16 45.000000 0.660000 -1.000000 -1.000000 -1.000000 -1.000000 nan nan nan nan -1.000000000000e+00 -1.000000e+00 -1.000000000000e+00  -1.000000000000e+00  -1.000000000000e+00  -1.000000000000e+00   -1.000000000000e+00   -1.000000000000e+00   -1.000000000000e+00    -1.000000000000e+00    -1.000000     -1.000000     -0.001000     -0.001000     -1.000000     -0.001000     -0.001000     -0.000001     -0.001000     -0.001000     -1.000000     -1.000000     -1.000000 
138 4 17 45.000000 0.700000 0.660576 0.270073 0.692449 0.245077 -1.000000000000e+00 -1.000000000000e+00 -1.000000000000e+00 -1.000000000000e+00 -1.000000000000e+00 -1.000000e+00 -1.000000000000e+00  -1.000000000000e+00  1.799530060676e-08  1.941320877810e-08   -1.000000000000e+00   -1.000000000000e+00   3.644143547039e-12    3.980320197625e-12    4938.142632     4877.298261     10.541507     8.984592     11.805416     1.556914     2.535869     4.006650     2.048808     0.712367     43.408486     -0.071357     1.371380 
139 4 18 45.000000 0.740000 0.630166 0.041568 0.683831 0.046703 4.731886974811e-08 3.487555681374e-08 4.861320604929e-08 3.481365831202e-08 3.063440005281e-08 2.203126e-08 3.324321263573e-08  2.391467037287e-08  1.262717071860e-08  1.506235400035e-08   7.002191242088e-12   5.037271736557e-12   2.736806878218e-12    3.172662173845e-12    4613.833303     4747.544231     10.541180     8.957729     11.856628     1.583450     2.556652     4.029155     2.056143     0.744786     45.399056     -0.084543     1.355972 
140 4 19 45.000000 0.780000 0.636087 0.018366 0.671022 0.019741 3.128221666891e-08 1.136787605895e-08 3.098340827177e-08 1.105157039493e-08 1.970814887346e-08 7.052756e-09 2.079053600544e-08  7.441022195656e-09  8.842360617993e-09  1.074991572071e-08   4.635800417023e-12   1.659172894276e-12   1.942123621917e-12    2.396978306283e-12    4552.933973     4484.778061     10.540992     8.926714     11.921672     1.614278     2.581674     4.059146     2.063427     0.783147     47.606548     -0.058212     1.339978 
141 4 20 45.000000 0.820000 0.622091 0.010954 0.678259 0.011828 1.286590492307e-08 3.927175114466e-09 1.422047857812e-08 4.306061048177e-09 8.846438837604e-09 2.683289e-09 9.645161079613e-09  2.925461716687e-09  5.837705781009e-09  7.831320462993e-09   2.218282586877e-12   6.728245107714e-13   1.339884006682e-12    1.801118889765e-12    4356.873992     4348.030831     10.540879     8.896266     11.971263     1.644613     2.604537     4.078860     2.069504     0.821345     49.727523     -0.064312     1.321650 
142 4 21 45.000000 0.860000 0.609960 0.007564 0.675584 0.008436 9.695471064409e-09 2.447314781598e-09 9.653813801250e-09 2.421103681962e-09 5.888443737818e-09 1.478582e-09 6.521959576566e-09  1.637684383729e-09  3.722863076944e-09  5.461075785629e-09   1.566952342365e-12   3.934666185848e-13   8.904361259705e-13    1.312066625631e-12    4180.943437     4162.193961     10.540688     8.864113     12.023224     1.676575     2.628721     4.099270     2.075657     0.860864     51.796932     -0.051632     1.302941 
143 4 22 45.000000 0.900000 0.598756 0.005770 0.686671 0.006620 1.145735311474e-08 2.018332081072e-09 1.143147256966e-08 1.997472576591e-09 6.844668020727e-09 1.197817e-09 7.849661198224e-09  1.373692753147e-09  2.316346929901e-09  3.825258857958e-09   1.950829082755e-12   3.413955973305e-13   5.821149471115e-13    9.506685754616e-13    3979.191638     4023.756498     10.540566     8.828957     12.076496     1.711609     2.654938     4.119092     2.084605     0.900172     53.713304     -0.058334     1.282443 
144 4 23 45.000000 0.940000 0.592894 0.004790 0.691521 0.005617 1.094310205690e-08 1.633063898483e-09 1.077439747408e-08 1.594676445198e-09 6.388070842628e-09 9.468811e-10 7.450721192320e-09  1.104411416489e-09  1.405121003666e-09  2.590279167373e-09   1.936620885834e-12   2.870629782700e-13   3.662377350311e-13    6.732755938910e-13    3836.636341     3847.279169     10.540392     8.792818     12.130591     1.747574     2.681953     4.138859     2.093709     0.939710     55.529694     -0.047920     1.262079 
145 4 24 45.000000 0.980000 0.578401 0.004144 0.696304 0.004996 8.881876904400e-09 1.245217875967e-09 9.217752155363e-09 1.282725812484e-09 5.331556778785e-09 7.429124e-10 6.418357277558e-09  8.943532994944e-10  8.094093926434e-10  1.726296818775e-09   1.731484515098e-12   2.412702849242e-13   2.202084294913e-13    4.657042418975e-13    3675.651266     3706.852254     10.540331     8.756281     12.181317     1.784049     2.709037     4.156049     2.102580     0.979428     57.262376     -0.047056     1.241410 
146 4 25 45.000000 1.020000 0.567528 0.003732 0.705371 0.004685 5.868810427280e-09 8.919626332084e-10 6.278789857118e-09 9.489429435909e-10 3.563389521590e-09 5.390612e-10 4.428876045033e-09  6.700029312796e-10  4.491486227276e-10  1.130537075774e-09   1.240567383794e-12   1.876737517917e-13   1.273044955937e-13    3.166734422264e-13    3528.144239     3570.040695     10.540219     8.719752     12.229459     1.820467     2.735950     4.171321     2.110722     1.019208     58.918740     -0.043133     1.221046 
147 4 26 45.000000 1.060000 0.559399 0.003520 0.714744 0.004561 5.569807618306e-09 8.109223291245e-10 5.755546774763e-09 8.329014343661e-10 3.219647418668e-09 4.663645e-10 4.113744154495e-09  5.958900413596e-10  2.376651254203e-10  7.324004551037e-10   1.188253599554e-12   1.721226357284e-13   6.990358215320e-14    2.115536222983e-13    3399.899091     3462.008578     10.540102     8.682723     12.272892     1.857379     2.762763     4.183003     2.118903     1.058892     60.491624     -0.045555     1.200132 
148 4 27 45.000000 1.100000 0.538998 0.003323 0.735522 0.004562 4.206691053496e-09 6.327548993671e-10 4.834489083789e-09 7.224572603912e-10 2.605781082714e-09 3.897344e-10 3.555872300238e-09  5.318405164384e-10  1.147730692475e-10  4.710749882413e-10   1.061520156816e-12   1.587681954644e-13   3.501273738673e-14    1.406281084268e-13    3278.037589     3349.792538     10.540059     8.645001     12.316274     1.895057     2.790239     4.194195     2.127330     1.098639     61.986929     -0.044453     1.179417 
149 4 28 45.000000 1.140000 0.530727 0.003280 0.773704 0.004813 4.583326923483e-09 6.213500262265e-10 5.627825575727e-09 7.542941739682e-10 2.986838181858e-09 4.007495e-10 4.354272937448e-09  5.842289985892e-10  5.193051461776e-11  3.048310889631e-10   1.342079629513e-12   1.800718166364e-13   1.640881626583e-14    9.395543201279e-14    3164.793473     3244.422195     10.539939     8.607802     12.354589     1.932137     2.816944     4.202022     2.134492     1.138505     63.438345     -0.040362     1.158942 
150 4 29 45.000000 1.180000 0.507526 0.003217 0.807444 0.005090 1.947393160119e-09 3.783938966015e-10 2.603979477608e-09 5.019781983709e-10 1.321587605252e-09 2.549047e-10 2.102567227514e-09  4.055358287743e-10  2.046804611657e-11  1.923794608170e-10   6.673058932744e-13   1.287076317626e-13   6.691874896252e-15    6.105676254639e-14    3058.641477     3150.829700     10.539868     8.570407     12.393657     1.969461     2.844102     4.210137     2.141501     1.178300     64.824674     -0.040704     1.139174 
151 5 0 55.000000 0.020000 -1.000000 -1.000000 -1.000000 -1.000000 nan nan nan nan -1.000000000000e+00 -1.000000e+00 -1.000000000000e+00  -1.000000000000e+00  -1.000000000000e+00  -1.000000000000e+00   -1.000000000000e+00   -1.000000000000e+00   -1.000000000000e+00    -1.000000000000e+00    -1.000000     -1.000000     -0.001000     -0.001000     -1.000000     -0.001000     -0.001000     -0.000001     -0.001000     -0.001000     -1.000000     -1.000000     -1.000000 
152 5 1 55.000000 0.060000 -1.000000 -1.000000 -1.000000 -1.000000 nan nan nan nan -1.000000000000e+00 -1.000000e+00 -1.000000000000e+00  -1.000000000000e+00  -1.000000000000e+00  -1.000000000000e+00   -1.000000000000e+00   -1.000000000000e+00   -1.000000000000e+00    -1.000000000000e+00    -1.000000     -1.000000     -0.001000     -0.001000     -1.000000     -0.001000     -0.001000     -0.000001     -0.001000     -0.001000     -1.000000     -1.000000     -1.000000 
153 5 2 55.000000 0.100000 -1.000000 -1.000000 -1.000000 -1.000000 nan nan nan nan -1.000000000000e+00 -1.000000e+00 -1.000000000000e+00  -1.000000000000e+00  -1.000000000000e+00  -1.000000000000e+00   -1.000000000000e+00   -1.000000000000e+00   -1.000000000000e+00    -1.000000000000e+00    -1.000000     -1.000000     -0.001000     -0.001000     -1.000000     -0.001000     -0.001000     -0.000001     -0.001000     -0.001000     -1.000000     -1.000000     -1.000000 
154 5 3 55.000000 0.140000 -1.000000 -1.000000 -1.000000 -1.000000 nan nan nan nan -1.000000000000e+00 -1.000000e+00 -1.000000000000e+00  -1.000000000000e+00  -1.000000000000e+00  -1.000000000000e+00   -1.000000000000e+00   -1.000000000000e+00   -1.000000000000e+00    -1.000000000000e+00    -1.000000     -1.000000     -0.001000     -0.001000     -1.000000     -0.001000     -0.001000     -0.000001     -0.001000     -0.001000     -1.000000     -1.000000     -1.000000 
155 5 4 55.000000 0.180000 -1.000000 -1.000000 -1.000000 -1.000000 nan nan nan nan -1.000000000000e+00 -1.000000e+00 -1.000000000000e+00  -1.000000000000e+00  -1.000000000000e+00  -1.000000000000e+00   -1.000000000000e+00   -1.000000000000e+00   -1.000000000000e+00    -1.000000000000e+00    -1.000000     -1.000000     -0.001000     -0.001000     -1.000000     -0.001000     -0.001000     -0.000001     -0.001000     -0.001000     -1.000000     -1.000000     -1.000000 
156 5 5 55.000000 0.220000 -1.000000 -1.000000 -1.000000 -1.000000 nan nan nan nan -1.000000000000e+00 -1.000000e+00 -1.000000000000e+00  -1.000000000000e+00  -1.000000000000e+00  -1.000000000000e+00   -1.000000000000e+00   -1.000000000000e+00   -1.000000000000e+00    -1.000000000000e+00    -1.000000     -1.000000     -0.001000     -0.001000     -1.000000     -0.001000     -0.001000     -0.000001     -0.001000     -0.001000     -1.000000     -1.000000     -1.000000 
157 5 6 55.000000 0.260000 -1.000000 -1.000000 -1.000000 -1.000000 nan nan nan nan -1.000000000000e+00 -1.000000e+00 -1.000000000000e+00  -1.000000000000e+00  -1.000000000000e+00  -1.000000000000e+00   -1.000000000000e+00   -1.000000000000e+00   -1.000000000000e+00    -1.000000000000e+00    -1.000000     -1.000000     -0.001000     -0.001000     -1.000000     -0.001000     -0.001000     -0.000001     -0.001000     -0.001000     -1.000000     -1.000000     -1.000000 
158 5 7 55.000000 0.300000 -1.000000 -1.000000 -1.000000 -1.000000 nan nan nan nan -1.000000000000e+00 -1.000000e+00 -1.000000000000e+00  -1.000000000000e+00  -1.000000000000e+00  -1.000000000000e+00   -1.000000000000e+00   -1.000000000000e+00   -1.000000000000e+00    -1.000000000000e+00    -1.000000     -1.000000     -0.001000     -0.001000     -1.000000     -0.001000     -0.001000     -0.000001     -0.001000     -0.001000     -1.000000     -1.000000     -1.000000 
159 5 8 55.000000 0.340000 -1.000000 -1.000000 -1.000000 -1.000000 nan nan nan nan -1.000000000000e+00 -1.000000e+00 -1.000000000000e+00  -1.000000000000e+00  -1.000000000000e+00  -1.000000000000e+00   -1.000000000000e+00   -1.000000000000e+00   -1.000000000000e+00    -1.000000000000e+00    -1.000000     -1.000000     -0.001000     -0.001000     -1.000000     -0.001000     -0.001000     -0.000001     -0.001000     -0.001000     -1.000000     -1.000000     -1.000000 
160 5 9 55.000000 0.380000 -1.000000 -1.000000 -1.000000 -1.000000 nan nan nan nan -1.000000000000e+00 -1.000000e+00 -1.000000000000e+00  -1.000000000000e+00  -1.000000000000e+00  -1.000000000000e+00   -1.000000000000e+00   -1.000000000000e+00   -1.000000000000e+00    -1.000000000000e+00    -1.000000     -1.000000     -0.001000     -0.001000     -1.000000     -0.001000     -0.001000     -0.000001     -0.001000     -0.001000     -1.000000     -1.000000     -1.000000 
161 5 10 55.000000 0.420000 -1.000000 -1.000000 -1.000000 -1.000000 nan nan nan nan -1.000000000000e+00 -1.000000e+00 -1.000000000000e+00  -1.000000000000e+00  -1.000000000000e+00  -1.000000000000e+00   -1.000000000000e+00   -1.000000000000e+00   -1.000000000000e+00    -1.000000000000e+00    -1.000000     -1.000000     -0.001000     -0.001000     -1.000000     -0.001000     -0.001000     -0.000001     -0.001000     -0.001000     -1.000000     -1.000000     -1.000000 
162 5 11 55.000000 0.460000 -1.000000 -1.000000 -1.000000 -1.000000 nan nan nan nan -1.000000000000e+00 -1.000000e+00 -1.000000000000e+00  -1.000000000000e+00  -1.000000000000e+00  -1.000000000000e+00   -1.000000000000e+00   -1.000000000000e+00   -1.000000000000e+00    -1.000000000000e+00    -1.000000     -1.000000     -0.001000     -0.001000     -1.000000     -0.001000     -0.001000     -0.000001     -0.001000     -0.001000     -1.000000     -1.000000     -1.000000 
163 5 12 55.000000 0.500000 -1.000000 -1.000000 -1.000000 -1.000000 nan nan nan nan -1.000000000000e+00 -1.000000e+00 -1.000000000000e+00  -1.000000000000e+00  -1.000000000000e+00  -1.000000000000e+00   -1.000000000000e+00   -1.000000000000e+00   -1.000000000000e+00    -1.000000000000e+00    -1.000000     -1.000000     -0.001000     -0.001000     -1.000000     -0.001000     -0.001000     -0.000001     -0.001000     -0.001000     -1.000000     -1.000000     -1.000000 
164 5 13 55.000000 0.540000 -1.000000 -1.000000 -1.000000 -1.000000 nan nan nan nan -1.000000000000e+00 -1.000000e+00 -1.000000000000e+00  -1.000000000000e+00  -1.000000000000e+00  -1.000000000000e+00   -1.000000000000e+00   -1.000000000000e+00   -1.000000000000e+00    -1.000000000000e+00    -1.000000     -1.000000     -0.001000     -0.001000     -1.000000     -0.001000     -0.001000     -0.000001     -0.001000     -0.001000     -1.000000     -1.000000     -1.000000 
165 5 14 55.000000 0.580000 -1.000000 -1.000000 -1.000000 -1.000000 nan nan nan nan -1.000000000000e+00 -1.000000e+00 -1.000000000000e+00  -1.000000000000e+00  -1.000000000000e+00  -1.000000000000e+00   -1.000000000000e+00   -1.000000000000e+00   -1.000000000000e+00    -1.000000000000e+00    -1.000000     -1.000000     -0.001000     -0.001000     -1.000000     -0.001000     -0.001000     -0.000001     -0.001000     -0.001000     -1.000000     -1.000000     -1.000000 
166 5 15 55.000000 0.620000 -1.000000 -1.000000 -1.000000 -1.000000 nan nan nan nan -1.000000000000e+00 -1.000000e+00 -1.000000000000e+00  -1.000000000000e+00  -1.000000000000e+00  -1.000000000000e+00   -1.000000000000e+00   -1.000000000000e+00   -1.000000000000e+00    -1.000000000000e+00    -1.000000     -1.000000     -0.001000     -0.001000     -1.000000     -0.001000     -0.001000     -0.000001     -0.001000     -0.001000     -1.000000     -1.000000     -1.000000 
167 5 16 55.000000 0.660000 -1.000000 -1.000000 -1.000000 -1.000000 nan nan nan nan -1.000000000000e+00 -1.000000e+00 -1.000000000000e+00  -1.000000000000e+00  -1.000000000000e+00  -1.000000000000e+00   -1.000000000000e+00   -1.000000000000e+00   -1.000000000000e+00    -1.000000000000e+00    -1.000000     -1.000000     -0.001000     -0.001000     -1.000000     -0.001000     -0.001000     -0.000001     -0.001000     -0.001000     -1.000000     -1.000000     -1.000000 
168 5 17 55.000000 0.700000 -1.000000 -1.000000 -1.000000 -1.000000 nan nan nan nan -1.000000000000e+00 -1.000000e+00 -1.000000000000e+00  -1.000000000000e+00  -1.000000000000e+00  -1.000000000000e+00   -1.000000000000e+00   -1.000000000000e+00   -1.000000000000e+00    -1.000000000000e+00    -1.000000     -1.000000     -0.001000     -0.001000     -1.000000     -0.001000     -0.001000     -0.000001     -0.001000     -0.001000     -1.000000     -1.000000     -1.000000 
169 5 18 55.000000 0.740000 -1.000000 -1.000000 -1.000000 -1.000000 nan nan nan nan -1.000000000000e+00 -1.000000e+00 -1.000000000000e+00  -1.000000000000e+00  -1.000000000000e+00  -1.000000000000e+00   -1.000000000000e+00   -1.000000000000e+00   -1.000000000000e+00    -1.000000000000e+00    -1.000000     -1.000000     -0.001000     -0.001000     -1.000000     -0.001000     -0.001000     -0.000001     -0.001000     -0.001000     -1.000000     -1.000000     -1.000000 
170 5 19 55.000000 0.780000 -1.000000 -1.000000 -1.000000 -1.000000 nan nan nan nan -1.000000000000e+00 -1.000000e+00 -1.000000000000e+00  -1.000000000000e+00  -1.000000000000e+00  -1.000000000000e+00   -1.000000000000e+00   -1.000000000000e+00   -1.000000000000e+00    -1.000000000000e+00    -1.000000     -1.000000     -0.001000     -0.001000     -1.000000     -0.001000     -0.001000     -0.000001     -0.001000     -0.001000     -1.000000     -1.000000     -1.000000 
171 5 20 55.000000 0.820000 -1.000000 -1.000000 -1.000000 -1.000000 nan nan nan nan -1.000000000000e+00 -1.000000e+00 -1.000000000000e+00  -1.000000000000e+00  -1.000000000000e+00  -1.000000000000e+00   -1.000000000000e+00   -1.000000000000e+00   -1.000000000000e+00    -1.000000000000e+00    -1.000000     -1.000000     -0.001000     -0.001000     -1.000000     -0.001000     -0.001000     -0.000001     -0.001000     -0.001000     -1.000000     -1.000000     -1.000000 
172 5 21 55.000000 0.860000 -1.000000 -1.000000 -1.000000 -1.000000 nan nan nan nan -1.000000000000e+00 -1.000000e+00 -1.000000000000e+00  -1.000000000000e+00  -1.000000000000e+00  -1.000000000000e+00   -1.000000000000e+00   -1.000000000000e+00   -1.000000000000e+00    -1.000000000000e+00    -1.000000     -1.000000     -0.001000     -0.001000     -1.000000     -0.001000     -0.001000     -0.000001     -0.001000     -0.001000     -1.000000     -1.000000     -1.000000 
173 5 22 55.000000 0.900000 -1.000000 -1.000000 -1.000000 -1.000000 nan nan nan nan -1.000000000000e+00 -1.000000e+00 -1.000000000000e+00  -1.000000000000e+00  -1.000000000000e+00  -1.000000000000e+00   -1.000000000000e+00   -1.000000000000e+00   -1.000000000000e+00    -1.000000000000e+00    -1.000000     -1.000000     -0.001000     -0.001000     -1.000000     -0.001000     -0.001000     -0.000001     -0.001000     -0.001000     -1.000000     -1.000000     -1.000000 
174 5 23 55.000000 0.940000 -1.000000 -1.000000 -1.000000 -1.000000 nan nan nan nan -1.000000000000e+00 -1.000000e+00 -1.000000000000e+00  -1.000000000000e+00  -1.000000000000e+00  -1.000000000000e+00   -1.000000000000e+00   -1.000000000000e+00   -1.000000000000e+00    -1.000000000000e+00    -1.000000     -1.000000     -0.001000     -0.001000     -1.000000     -0.001000     -0.001000     -0.000001     -0.001000     -0.001000     -1.000000     -1.000000     -1.000000 
175 5 24 55.000000 0.980000 -1.000000 -1.000000 -1.000000 -1.000000 nan nan nan nan -1.000000000000e+00 -1.000000e+00 -1.000000000000e+00  -1.000000000000e+00  -1.000000000000e+00  -1.000000000000e+00   -1.000000000000e+00   -1.000000000000e+00   -1.000000000000e+00    -1.000000000000e+00    -1.000000     -1.000000     -0.001000     -0.001000     -1.000000     -0.001000     -0.001000     -0.000001     -0.001000     -0.001000     -1.000000     -1.000000     -1.000000 
176 5 25 55.000000 1.020000 -1.000000 -1.000000 -1.000000 -1.000000 nan nan nan nan -1.000000000000e+00 -1.000000e+00 -1.000000000000e+00  -1.000000000000e+00  -1.000000000000e+00  -1.000000000000e+00   -1.000000000000e+00   -1.000000000000e+00   -1.000000000000e+00    -1.000000000000e+00    -1.000000     -1.000000     -0.001000     -0.001000     -1.000000     -0.001000     -0.001000     -0.000001     -0.001000     -0.001000     -1.000000     -1.000000     -1.000000 
177 5 26 55.000000 1.060000 -1.000000 -1.000000 -1.000000 -1.000000 nan nan nan nan -1.000000000000e+00 -1.000000e+00 -1.000000000000e+00  -1.000000000000e+00  -1.000000000000e+00  -1.000000000000e+00   -1.000000000000e+00   -1.000000000000e+00   -1.000000000000e+00    -1.000000000000e+00    -1.000000     -1.000000     -0.001000     -0.001000     -1.000000     -0.001000     -0.001000     -0.000001     -0.001000     -0.001000     -1.000000     -1.000000     -1.000000 
178 5 27 55.000000 1.100000 -1.000000 -1.000000 -1.000000 -1.000000 nan nan nan nan -1.000000000000e+00 -1.000000e+00 -1.000000000000e+00  -1.000000000000e+00  -1.000000000000e+00  -1.000000000000e+00   -1.000000000000e+00   -1.000000000000e+00   -1.000000000000e+00    -1.000000000000e+00    -1.000000     -1.000000     -0.001000     -0.001000     -1.000000     -0.001000     -0.001000     -0.000001     -0.001000     -0.001000     -1.000000     -1.000000     -1.000000 
179 5 28 55.000000 1.140000 -1.000000 -1.000000 -1.000000 -1.000000 nan nan nan nan -1.000000000000e+00 -1.000000e+00 -1.000000000000e+00  -1.000000000000e+00  -1.000000000000e+00  -1.000000000000e+00   -1.000000000000e+00   -1.000000000000e+00   -1.000000000000e+00    -1.000000000000e+00    -1.000000     -1.000000     -0.001000     -0.001000     -1.000000     -0.001000     -0.001000     -0.000001     -0.001000     -0.001000     -1.000000     -1.000000     -1.000000 
180 5 29 55.000000 1.180000 -1.000000 -1.000000 -1.000000 -1.000000 nan nan nan nan -1.000000000000e+00 -1.000000e+00 -1.000000000000e+00  -1.000000000000e+00  -1.000000000000e+00  -1.000000000000e+00   -1.000000000000e+00   -1.000000000000e+00   -1.000000000000e+00    -1.000000000000e+00    -1.000000     -1.000000     -0.001000     -0.001000     -1.000000     -0.001000     -0.001000     -0.000001     -0.001000     -0.001000     -1.000000     -1.000000     -1.000000 
181 6 0 65.000000 0.020000 -1.000000 -1.000000 -1.000000 -1.000000 nan nan nan nan -1.000000000000e+00 -1.000000e+00 -1.000000000000e+00  -1.000000000000e+00  -1.000000000000e+00  -1.000000000000e+00   -1.000000000000e+00   -1.000000000000e+00   -1.000000000000e+00    -1.000000000000e+00    -1.000000     -1.000000     -0.001000     -0.001000     -1.000000     -0.001000     -0.001000     -0.000001     -0.001000     -0.001000     -1.000000     -1.000000     -1.000000 
182 6 1 65.000000 0.060000 -1.000000 -1.000000 -1.000000 -1.000000 nan nan nan nan -1.000000000000e+00 -1.000000e+00 -1.000000000000e+00  -1.000000000000e+00  -1.000000000000e+00  -1.000000000000e+00   -1.000000000000e+00   -1.000000000000e+00   -1.000000000000e+00    -1.000000000000e+00    -1.000000     -1.000000     -0.001000     -0.001000     -1.000000     -0.001000     -0.001000     -0.000001     -0.001000     -0.001000     -1.000000     -1.000000     -1.000000 
183 6 2 65.000000 0.100000 -1.000000 -1.000000 -1.000000 -1.000000 nan nan nan nan -1.000000000000e+00 -1.000000e+00 -1.000000000000e+00  -1.000000000000e+00  -1.000000000000e+00  -1.000000000000e+00   -1.000000000000e+00   -1.000000000000e+00   -1.000000000000e+00    -1.000000000000e+00    -1.000000     -1.000000     -0.001000     -0.001000     -1.000000     -0.001000     -0.001000     -0.000001     -0.001000     -0.001000     -1.000000     -1.000000     -1.000000 
184 6 3 65.000000 0.140000 -1.000000 -1.000000 -1.000000 -1.000000 nan nan nan nan -1.000000000000e+00 -1.000000e+00 -1.000000000000e+00  -1.000000000000e+00  -1.000000000000e+00  -1.000000000000e+00   -1.000000000000e+00   -1.000000000000e+00   -1.000000000000e+00    -1.000000000000e+00    -1.000000     -1.000000     -0.001000     -0.001000     -1.000000     -0.001000     -0.001000     -0.000001     -0.001000     -0.001000     -1.000000     -1.000000     -1.000000 
185 6 4 65.000000 0.180000 -1.000000 -1.000000 -1.000000 -1.000000 nan nan nan nan -1.000000000000e+00 -1.000000e+00 -1.000000000000e+00  -1.000000000000e+00  -1.000000000000e+00  -1.000000000000e+00   -1.000000000000e+00   -1.000000000000e+00   -1.000000000000e+00    -1.000000000000e+00    -1.000000     -1.000000     -0.001000     -0.001000     -1.000000     -0.001000     -0.001000     -0.000001     -0.001000     -0.001000     -1.000000     -1.000000     -1.000000 
186 6 5 65.000000 0.220000 -1.000000 -1.000000 -1.000000 -1.000000 nan nan nan nan -1.000000000000e+00 -1.000000e+00 -1.000000000000e+00  -1.000000000000e+00  -1.000000000000e+00  -1.000000000000e+00   -1.000000000000e+00   -1.000000000000e+00   -1.000000000000e+00    -1.000000000000e+00    -1.000000     -1.000000     -0.001000     -0.001000     -1.000000     -0.001000     -0.001000     -0.000001     -0.001000     -0.001000     -1.000000     -1.000000     -1.000000 
187 6 6 65.000000 0.260000 -1.000000 -1.000000 -1.000000 -1.000000 nan nan nan nan -1.000000000000e+00 -1.000000e+00 -1.000000000000e+00  -1.000000000000e+00  -1.000000000000e+00  -1.000000000000e+00   -1.000000000000e+00   -1.000000000000e+00   -1.000000000000e+00    -1.000000000000e+00    -1.000000     -1.000000     -0.001000     -0.001000     -1.000000     -0.001000     -0.001000     -0.000001     -0.001000     -0.001000     -1.000000     -1.000000     -1.000000 
188 6 7 65.000000 0.300000 -1.000000 -1.000000 -1.000000 -1.000000 nan nan nan nan -1.000000000000e+00 -1.000000e+00 -1.000000000000e+00  -1.000000000000e+00  -1.000000000000e+00  -1.000000000000e+00   -1.000000000000e+00   -1.000000000000e+00   -1.000000000000e+00    -1.000000000000e+00    -1.000000     -1.000000     -0.001000     -0.001000     -1.000000     -0.001000     -0.001000     -0.000001     -0.001000     -0.001000     -1.000000     -1.000000     -1.000000 
189 6 8 65.000000 0.340000 -1.000000 -1.000000 -1.000000 -1.000000 nan nan nan nan -1.000000000000e+00 -1.000000e+00 -1.000000000000e+00  -1.000000000000e+00  -1.000000000000e+00  -1.000000000000e+00   -1.000000000000e+00   -1.000000000000e+00   -1.000000000000e+00    -1.000000000000e+00    -1.000000     -1.000000     -0.001000     -0.001000     -1.000000     -0.001000     -0.001000     -0.000001     -0.001000     -0.001000     -1.000000     -1.000000     -1.000000 
190 6 9 65.000000 0.380000 -1.000000 -1.000000 -1.000000 -1.000000 nan nan nan nan -1.000000000000e+00 -1.000000e+00 -1.000000000000e+00  -1.000000000000e+00  -1.000000000000e+00  -1.000000000000e+00   -1.000000000000e+00   -1.000000000000e+00   -1.000000000000e+00    -1.000000000000e+00    -1.000000     -1.000000     -0.001000     -0.001000     -1.000000     -0.001000     -0.001000     -0.000001     -0.001000     -0.001000     -1.000000     -1.000000     -1.000000 
191 6 10 65.000000 0.420000 -1.000000 -1.000000 -1.000000 -1.000000 nan nan nan nan -1.000000000000e+00 -1.000000e+00 -1.000000000000e+00  -1.000000000000e+00  -1.000000000000e+00  -1.000000000000e+00   -1.000000000000e+00   -1.000000000000e+00   -1.000000000000e+00    -1.000000000000e+00    -1.000000     -1.000000     -0.001000     -0.001000     -1.000000     -0.001000     -0.001000     -0.000001     -0.001000     -0.001000     -1.000000     -1.000000     -1.000000 
192 6 11 65.000000 0.460000 -1.000000 -1.000000 -1.000000 -1.000000 nan nan nan nan -1.000000000000e+00 -1.000000e+00 -1.000000000000e+00  -1.000000000000e+00  -1.000000000000e+00  -1.000000000000e+00   -1.000000000000e+00   -1.000000000000e+00   -1.000000000000e+00    -1.000000000000e+00    -1.000000     -1.000000     -0.001000     -0.001000     -1.000000     -0.001000     -0.001000     -0.000001     -0.001000     -0.001000     -1.000000     -1.000000     -1.000000 
193 6 12 65.000000 0.500000 -1.000000 -1.000000 -1.000000 -1.000000 nan nan nan nan -1.000000000000e+00 -1.000000e+00 -1.000000000000e+00  -1.000000000000e+00  -1.000000000000e+00  -1.000000000000e+00   -1.000000000000e+00   -1.000000000000e+00   -1.000000000000e+00    -1.000000000000e+00    -1.000000     -1.000000     -0.001000     -0.001000     -1.000000     -0.001000     -0.001000     -0.000001     -0.001000     -0.001000     -1.000000     -1.000000     -1.000000 
194 6 13 65.000000 0.540000 -1.000000 -1.000000 -1.000000 -1.000000 nan nan nan nan -1.000000000000e+00 -1.000000e+00 -1.000000000000e+00  -1.000000000000e+00  -1.000000000000e+00  -1.000000000000e+00   -1.000000000000e+00   -1.000000000000e+00   -1.000000000000e+00    -1.000000000000e+00    -1.000000     -1.000000     -0.001000     -0.001000     -1.000000     -0.001000     -0.001000     -0.000001     -0.001000     -0.001000     -1.000000     -1.000000     -1.000000 
195 6 14 65.000000 0.580000 -1.000000 -1.000000 -1.000000 -1.000000 nan nan nan nan -1.000000000000e+00 -1.000000e+00 -1.000000000000e+00  -1.000000000000e+00  -1.000000000000e+00  -1.000000000000e+00   -1.000000000000e+00   -1.000000000000e+00   -1.000000000000e+00    -1.000000000000e+00    -1.000000     -1.000000     -0.001000     -0.001000     -1.000000     -0.001000     -0.001000     -0.000001     -0.001000     -0.001000     -1.000000     -1.000000     -1.000000 
196 6 15 65.000000 0.620000 -1.000000 -1.000000 -1.000000 -1.000000 nan nan nan nan -1.000000000000e+00 -1.000000e+00 -1.000000000000e+00  -1.000000000000e+00  -1.000000000000e+00  -1.000000000000e+00   -1.000000000000e+00   -1.000000000000e+00   -1.000000000000e+00    -1.000000000000e+00    -1.000000     -1.000000     -0.001000     -0.001000     -1.000000     -0.001000     -0.001000     -0.000001     -0.001000     -0.001000     -1.000000     -1.000000     -1.000000 
197 6 16 65.000000 0.660000 -1.000000 -1.000000 -1.000000 -1.000000 nan nan nan nan -1.000000000000e+00 -1.000000e+00 -1.000000000000e+00  -1.000000000000e+00  -1.000000000000e+00  -1.000000000000e+00   -1.000000000000e+00   -1.000000000000e+00   -1.000000000000e+00    -1.000000000000e+00    -1.000000     -1.000000     -0.001000     -0.001000     -1.000000     -0.001000     -0.001000     -0.000001     -0.001000     -0.001000     -1.000000     -1.000000     -1.000000 
198 6 17 65.000000 0.700000 -1.000000 -1.000000 -1.000000 -1.000000 nan nan nan nan -1.000000000000e+00 -1.000000e+00 -1.000000000000e+00  -1.000000000000e+00  -1.000000000000e+00  -1.000000000000e+00   -1.000000000000e+00   -1.000000000000e+00   -1.000000000000e+00    -1.000000000000e+00    -1.000000     -1.000000     -0.001000     -0.001000     -1.000000     -0.001000     -0.001000     -0.000001     -0.001000     -0.001000     -1.000000     -1.000000     -1.000000 
199 6 18 65.000000 0.740000 -1.000000 -1.000000 -1.000000 -1.000000 nan nan nan nan -1.000000000000e+00 -1.000000e+00 -1.000000000000e+00  -1.000000000000e+00  -1.000000000000e+00  -1.000000000000e+00   -1.000000000000e+00   -1.000000000000e+00   -1.000000000000e+00    -1.000000000000e+00    -1.000000     -1.000000     -0.001000     -0.001000     -1.000000     -0.001000     -0.001000     -0.000001     -0.001000     -0.001000     -1.000000     -1.000000     -1.000000 
200 6 19 65.000000 0.780000 -1.000000 -1.000000 -1.000000 -1.000000 nan nan nan nan -1.000000000000e+00 -1.000000e+00 -1.000000000000e+00  -1.000000000000e+00  -1.000000000000e+00  -1.000000000000e+00   -1.000000000000e+00   -1.000000000000e+00   -1.000000000000e+00    -1.000000000000e+00    -1.000000     -1.000000     -0.001000     -0.001000     -1.000000     -0.001000     -0.001000     -0.000001     -0.001000     -0.001000     -1.000000     -1.000000     -1.000000 
201 6 20 65.000000 0.820000 -1.000000 -1.000000 -1.000000 -1.000000 nan nan nan nan -1.000000000000e+00 -1.000000e+00 -1.000000000000e+00  -1.000000000000e+00  -1.000000000000e+00  -1.000000000000e+00   -1.000000000000e+00   -1.000000000000e+00   -1.000000000000e+00    -1.000000000000e+00    -1.000000     -1.000000     -0.001000     -0.001000     -1.000000     -0.001000     -0.001000     -0.000001     -0.001000     -0.001000     -1.000000     -1.000000     -1.000000 
202 6 21 65.000000 0.860000 -1.000000 -1.000000 -1.000000 -1.000000 nan nan nan nan -1.000000000000e+00 -1.000000e+00 -1.000000000000e+00  -1.000000000000e+00  -1.000000000000e+00  -1.000000000000e+00   -1.000000000000e+00   -1.000000000000e+00   -1.000000000000e+00    -1.000000000000e+00    -1.000000     -1.000000     -0.001000     -0.001000     -1.000000     -0.001000     -0.001000     -0.000001     -0.001000     -0.001000     -1.000000     -1.000000     -1.000000 
203 6 22 65.000000 0.900000 -1.000000 -1.000000 -1.000000 -1.000000 nan nan nan nan -1.000000000000e+00 -1.000000e+00 -1.000000000000e+00  -1.000000000000e+00  -1.000000000000e+00  -1.000000000000e+00   -1.000000000000e+00   -1.000000000000e+00   -1.000000000000e+00    -1.000000000000e+00    -1.000000     -1.000000     -0.001000     -0.001000     -1.000000     -0.001000     -0.001000     -0.000001     -0.001000     -0.001000     -1.000000     -1.000000     -1.000000 
204 6 23 65.000000 0.940000 -1.000000 -1.000000 -1.000000 -1.000000 nan nan nan nan -1.000000000000e+00 -1.000000e+00 -1.000000000000e+00  -1.000000000000e+00  -1.000000000000e+00  -1.000000000000e+00   -1.000000000000e+00   -1.000000000000e+00   -1.000000000000e+00    -1.000000000000e+00    -1.000000     -1.000000     -0.001000     -0.001000     -1.000000     -0.001000     -0.001000     -0.000001     -0.001000     -0.001000     -1.000000     -1.000000     -1.000000 
205 6 24 65.000000 0.980000 -1.000000 -1.000000 -1.000000 -1.000000 nan nan nan nan -1.000000000000e+00 -1.000000e+00 -1.000000000000e+00  -1.000000000000e+00  -1.000000000000e+00  -1.000000000000e+00   -1.000000000000e+00   -1.000000000000e+00   -1.000000000000e+00    -1.000000000000e+00    -1.000000     -1.000000     -0.001000     -0.001000     -1.000000     -0.001000     -0.001000     -0.000001     -0.001000     -0.001000     -1.000000     -1.000000     -1.000000 
206 6 25 65.000000 1.020000 -1.000000 -1.000000 -1.000000 -1.000000 nan nan nan nan -1.000000000000e+00 -1.000000e+00 -1.000000000000e+00  -1.000000000000e+00  -1.000000000000e+00  -1.000000000000e+00   -1.000000000000e+00   -1.000000000000e+00   -1.000000000000e+00    -1.000000000000e+00    -1.000000     -1.000000     -0.001000     -0.001000     -1.000000     -0.001000     -0.001000     -0.000001     -0.001000     -0.001000     -1.000000     -1.000000     -1.000000 
207 6 26 65.000000 1.060000 -1.000000 -1.000000 -1.000000 -1.000000 nan nan nan nan -1.000000000000e+00 -1.000000e+00 -1.000000000000e+00  -1.000000000000e+00  -1.000000000000e+00  -1.000000000000e+00   -1.000000000000e+00   -1.000000000000e+00   -1.000000000000e+00    -1.000000000000e+00    -1.000000     -1.000000     -0.001000     -0.001000     -1.000000     -0.001000     -0.001000     -0.000001     -0.001000     -0.001000     -1.000000     -1.000000     -1.000000 
208 6 27 65.000000 1.100000 -1.000000 -1.000000 -1.000000 -1.000000 nan nan nan nan -1.000000000000e+00 -1.000000e+00 -1.000000000000e+00  -1.000000000000e+00  -1.000000000000e+00  -1.000000000000e+00   -1.000000000000e+00   -1.000000000000e+00   -1.000000000000e+00    -1.000000000000e+00    -1.000000     -1.000000     -0.001000     -0.001000     -1.000000     -0.001000     -0.001000     -0.000001     -0.001000     -0.001000     -1.000000     -1.000000     -1.000000 
209 6 28 65.000000 1.140000 -1.000000 -1.000000 -1.000000 -1.000000 nan nan nan nan -1.000000000000e+00 -1.000000e+00 -1.000000000000e+00  -1.000000000000e+00  -1.000000000000e+00  -1.000000000000e+00   -1.000000000000e+00   -1.000000000000e+00   -1.000000000000e+00    -1.000000000000e+00    -1.000000     -1.000000     -0.001000     -0.001000     -1.000000     -0.001000     -0.001000     -0.000001     -0.001000     -0.001000     -1.000000     -1.000000     -1.000000 
210 6 29 65.000000 1.180000 -1.000000 -1.000000 -1.000000 -1.000000 nan nan nan nan -1.000000000000e+00 -1.000000e+00 -1.000000000000e+00  -1.000000000000e+00  -1.000000000000e+00  -1.000000000000e+00   -1.000000000000e+00   -1.000000000000e+00   -1.000000000000e+00    -1.000000000000e+00    -1.000000     -1.000000     -0.001000     -0.001000     -1.000000     -0.001000     -0.001000     -0.000001     -0.001000     -0.001000     -1.000000     -1.000000     -1.000000 
211 7 0 75.000000 0.020000 -1.000000 -1.000000 -1.000000 -1.000000 nan nan nan nan -1.000000000000e+00 -1.000000e+00 -1.000000000000e+00  -1.000000000000e+00  -1.000000000000e+00  -1.000000000000e+00   -1.000000000000e+00   -1.000000000000e+00   -1.000000000000e+00    -1.000000000000e+00    -1.000000     -1.000000     -0.001000     -0.001000     -1.000000     -0.001000     -0.001000     -0.000001     -0.001000     -0.001000     -1.000000     -1.000000     -1.000000 
212 7 1 75.000000 0.060000 -1.000000 -1.000000 -1.000000 -1.000000 nan nan nan nan -1.000000000000e+00 -1.000000e+00 -1.000000000000e+00  -1.000000000000e+00  -1.000000000000e+00  -1.000000000000e+00   -1.000000000000e+00   -1.000000000000e+00   -1.000000000000e+00    -1.000000000000e+00    -1.000000     -1.000000     -0.001000     -0.001000     -1.000000     -0.001000     -0.001000     -0.000001     -0.001000     -0.001000     -1.000000     -1.000000     -1.000000 
213 7 2 75.000000 0.100000 -1.000000 -1.000000 -1.000000 -1.000000 nan nan nan nan -1.000000000000e+00 -1.000000e+00 -1.000000000000e+00  -1.000000000000e+00  -1.000000000000e+00  -1.000000000000e+00   -1.000000000000e+00   -1.000000000000e+00   -1.000000000000e+00    -1.000000000000e+00    -1.000000     -1.000000     -0.001000     -0.001000     -1.000000     -0.001000     -0.001000     -0.000001     -0.001000     -0.001000     -1.000000     -1.000000     -1.000000 
214 7 3 75.000000 0.140000 -1.000000 -1.000000 -1.000000 -1.000000 nan nan nan nan -1.000000000000e+00 -1.000000e+00 -1.000000000000e+00  -1.000000000000e+00  -1.000000000000e+00  -1.000000000000e+00   -1.000000000000e+00   -1.000000000000e+00   -1.000000000000e+00    -1.000000000000e+00    -1.000000     -1.000000     -0.001000     -0.001000     -1.000000     -0.001000     -0.001000     -0.000001     -0.001000     -0.001000     -1.000000     -1.000000     -1.000000 
215 7 4 75.000000 0.180000 -1.000000 -1.000000 -1.000000 -1.000000 nan nan nan nan -1.000000000000e+00 -1.000000e+00 -1.000000000000e+00  -1.000000000000e+00  -1.000000000000e+00  -1.000000000000e+00   -1.000000000000e+00   -1.000000000000e+00   -1.000000000000e+00    -1.000000000000e+00    -1.000000     -1.000000     -0.001000     -0.001000     -1.000000     -0.001000     -0.001000     -0.000001     -0.001000     -0.001000     -1.000000     -1.000000     -1.000000 
216 7 5 75.000000 0.220000 -1.000000 -1.000000 -1.000000 -1.000000 nan nan nan nan -1.000000000000e+00 -1.000000e+00 -1.000000000000e+00  -1.000000000000e+00  -1.000000000000e+00  -1.000000000000e+00   -1.000000000000e+00   -1.000000000000e+00   -1.000000000000e+00    -1.000000000000e+00    -1.000000     -1.000000     -0.001000     -0.001000     -1.000000     -0.001000     -0.001000     -0.000001     -0.001000     -0.001000     -1.000000     -1.000000     -1.000000 
217 7 6 75.000000 0.260000 -1.000000 -1.000000 -1.000000 -1.000000 nan nan nan nan -1.000000000000e+00 -1.000000e+00 -1.000000000000e+00  -1.000000000000e+00  -1.000000000000e+00  -1.000000000000e+00   -1.000000000000e+00   -1.000000000000e+00   -1.000000000000e+00    -1.000000000000e+00    -1.000000     -1.000000     -0.001000     -0.001000     -1.000000     -0.001000     -0.001000     -0.000001     -0.001000     -0.001000     -1.000000     -1.000000     -1.000000 
218 7 7 75.000000 0.300000 -1.000000 -1.000000 -1.000000 -1.000000 nan nan nan nan -1.000000000000e+00 -1.000000e+00 -1.000000000000e+00  -1.000000000000e+00  -1.000000000000e+00  -1.000000000000e+00   -1.000000000000e+00   -1.000000000000e+00   -1.000000000000e+00    -1.000000000000e+00    -1.000000     -1.000000     -0.001000     -0.001000     -1.000000     -0.001000     -0.001000     -0.000001     -0.001000     -0.001000     -1.000000     -1.000000     -1.000000 
219 7 8 75.000000 0.340000 -1.000000 -1.000000 -1.000000 -1.000000 nan nan nan nan -1.000000000000e+00 -1.000000e+00 -1.000000000000e+00  -1.000000000000e+00  -1.000000000000e+00  -1.000000000000e+00   -1.000000000000e+00   -1.000000000000e+00   -1.000000000000e+00    -1.000000000000e+00    -1.000000     -1.000000     -0.001000     -0.001000     -1.000000     -0.001000     -0.001000     -0.000001     -0.001000     -0.001000     -1.000000     -1.000000     -1.000000 
220 7 9 75.000000 0.380000 -1.000000 -1.000000 -1.000000 -1.000000 nan nan nan nan -1.000000000000e+00 -1.000000e+00 -1.000000000000e+00  -1.000000000000e+00  -1.000000000000e+00  -1.000000000000e+00   -1.000000000000e+00   -1.000000000000e+00   -1.000000000000e+00    -1.000000000000e+00    -1.000000     -1.000000     -0.001000     -0.001000     -1.000000     -0.001000     -0.001000     -0.000001     -0.001000     -0.001000     -1.000000     -1.000000     -1.000000 
221 7 10 75.000000 0.420000 -1.000000 -1.000000 -1.000000 -1.000000 nan nan nan nan -1.000000000000e+00 -1.000000e+00 -1.000000000000e+00  -1.000000000000e+00  -1.000000000000e+00  -1.000000000000e+00   -1.000000000000e+00   -1.000000000000e+00   -1.000000000000e+00    -1.000000000000e+00    -1.000000     -1.000000     -0.001000     -0.001000     -1.000000     -0.001000     -0.001000     -0.000001     -0.001000     -0.001000     -1.000000     -1.000000     -1.000000 
222 7 11 75.000000 0.460000 -1.000000 -1.000000 -1.000000 -1.000000 nan nan nan nan -1.000000000000e+00 -1.000000e+00 -1.000000000000e+00  -1.000000000000e+00  -1.000000000000e+00  -1.000000000000e+00   -1.000000000000e+00   -1.000000000000e+00   -1.000000000000e+00    -1.000000000000e+00    -1.000000     -1.000000     -0.001000     -0.001000     -1.000000     -0.001000     -0.001000     -0.000001     -0.001000     -0.001000     -1.000000     -1.000000     -1.000000 
223 7 12 75.000000 0.500000 -1.000000 -1.000000 -1.000000 -1.000000 nan nan nan nan -1.000000000000e+00 -1.000000e+00 -1.000000000000e+00  -1.000000000000e+00  -1.000000000000e+00  -1.000000000000e+00   -1.000000000000e+00   -1.000000000000e+00   -1.000000000000e+00    -1.000000000000e+00    -1.000000     -1.000000     -0.001000     -0.001000     -1.000000     -0.001000     -0.001000     -0.000001     -0.001000     -0.001000     -1.000000     -1.000000     -1.000000 
224 7 13 75.000000 0.540000 -1.000000 -1.000000 -1.000000 -1.000000 nan nan nan nan -1.000000000000e+00 -1.000000e+00 -1.000000000000e+00  -1.000000000000e+00  -1.000000000000e+00  -1.000000000000e+00   -1.000000000000e+00   -1.000000000000e+00   -1.000000000000e+00    -1.000000000000e+00    -1.000000     -1.000000     -0.001000     -0.001000     -1.000000     -0.001000     -0.001000     -0.000001     -0.001000     -0.001000     -1.000000     -1.000000     -1.000000 
225 7 14 75.000000 0.580000 -1.000000 -1.000000 -1.000000 -1.000000 nan nan nan nan -1.000000000000e+00 -1.000000e+00 -1.000000000000e+00  -1.000000000000e+00  -1.000000000000e+00  -1.000000000000e+00   -1.000000000000e+00   -1.000000000000e+00   -1.000000000000e+00    -1.000000000000e+00    -1.000000     -1.000000     -0.001000     -0.001000     -1.000000     -0.001000     -0.001000     -0.000001     -0.001000     -0.001000     -1.000000     -1.000000     -1.000000 
226 7 15 75.000000 0.620000 -1.000000 -1.000000 -1.000000 -1.000000 nan nan nan nan -1.000000000000e+00 -1.000000e+00 -1.000000000000e+00  -1.000000000000e+00  -1.000000000000e+00  -1.000000000000e+00   -1.000000000000e+00   -1.000000000000e+00   -1.000000000000e+00    -1.000000000000e+00    -1.000000     -1.000000     -0.001000     -0.001000     -1.000000     -0.001000     -0.001000     -0.000001     -0.001000     -0.001000     -1.000000     -1.000000     -1.000000 
227 7 16 75.000000 0.660000 -1.000000 -1.000000 -1.000000 -1.000000 nan nan nan nan -1.000000000000e+00 -1.000000e+00 -1.000000000000e+00  -1.000000000000e+00  -1.000000000000e+00  -1.000000000000e+00   -1.000000000000e+00   -1.000000000000e+00   -1.000000000000e+00    -1.000000000000e+00    -1.000000     -1.000000     -0.001000     -0.001000     -1.000000     -0.001000     -0.001000     -0.000001     -0.001000     -0.001000     -1.000000     -1.000000     -1.000000 
228 7 17 75.000000 0.700000 -1.000000 -1.000000 -1.000000 -1.000000 nan nan nan nan -1.000000000000e+00 -1.000000e+00 -1.000000000000e+00  -1.000000000000e+00  -1.000000000000e+00  -1.000000000000e+00   -1.000000000000e+00   -1.000000000000e+00   -1.000000000000e+00    -1.000000000000e+00    -1.000000     -1.000000     -0.001000     -0.001000     -1.000000     -0.001000     -0.001000     -0.000001     -0.001000     -0.001000     -1.000000     -1.000000     -1.000000 
229 7 18 75.000000 0.740000 -1.000000 -1.000000 -1.000000 -1.000000 nan nan nan nan -1.000000000000e+00 -1.000000e+00 -1.000000000000e+00  -1.000000000000e+00  -1.000000000000e+00  -1.000000000000e+00   -1.000000000000e+00   -1.000000000000e+00   -1.000000000000e+00    -1.000000000000e+00    -1.000000     -1.000000     -0.001000     -0.001000     -1.000000     -0.001000     -0.001000     -0.000001     -0.001000     -0.001000     -1.000000     -1.000000     -1.000000 
230 7 19 75.000000 0.780000 -1.000000 -1.000000 -1.000000 -1.000000 nan nan nan nan -1.000000000000e+00 -1.000000e+00 -1.000000000000e+00  -1.000000000000e+00  -1.000000000000e+00  -1.000000000000e+00   -1.000000000000e+00   -1.000000000000e+00   -1.000000000000e+00    -1.000000000000e+00    -1.000000     -1.000000     -0.001000     -0.001000     -1.000000     -0.001000     -0.001000     -0.000001     -0.001000     -0.001000     -1.000000     -1.000000     -1.000000 
231 7 20 75.000000 0.820000 -1.000000 -1.000000 -1.000000 -1.000000 nan nan nan nan -1.000000000000e+00 -1.000000e+00 -1.000000000000e+00  -1.000000000000e+00  -1.000000000000e+00  -1.000000000000e+00   -1.000000000000e+00   -1.000000000000e+00   -1.000000000000e+00    -1.000000000000e+00    -1.000000     -1.000000     -0.001000     -0.001000     -1.000000     -0.001000     -0.001000     -0.000001     -0.001000     -0.001000     -1.000000     -1.000000     -1.000000 
232 7 21 75.000000 0.860000 -1.000000 -1.000000 -1.000000 -1.000000 nan nan nan nan -1.000000000000e+00 -1.000000e+00 -1.000000000000e+00  -1.000000000000e+00  -1.000000000000e+00  -1.000000000000e+00   -1.000000000000e+00   -1.000000000000e+00   -1.000000000000e+00    -1.000000000000e+00    -1.000000     -1.000000     -0.001000     -0.001000     -1.000000     -0.001000     -0.001000     -0.000001     -0.001000     -0.001000     -1.000000     -1.000000     -1.000000 
233 7 22 75.000000 0.900000 -1.000000 -1.000000 -1.000000 -1.000000 nan nan nan nan -1.000000000000e+00 -1.000000e+00 -1.000000000000e+00  -1.000000000000e+00  -1.000000000000e+00  -1.000000000000e+00   -1.000000000000e+00   -1.000000000000e+00   -1.000000000000e+00    -1.000000000000e+00    -1.000000     -1.000000     -0.001000     -0.001000     -1.000000     -0.001000     -0.001000     -0.000001     -0.001000     -0.001000     -1.000000     -1.000000     -1.000000 
234 7 23 75.000000 0.940000 -1.000000 -1.000000 -1.000000 -1.000000 nan nan nan nan -1.000000000000e+00 -1.000000e+00 -1.000000000000e+00  -1.000000000000e+00  -1.000000000000e+00  -1.000000000000e+00   -1.000000000000e+00   -1.000000000000e+00   -1.000000000000e+00    -1.000000000000e+00    -1.000000     -1.000000     -0.001000     -0.001000     -1.000000     -0.001000     -0.001000     -0.000001     -0.001000     -0.001000     -1.000000     -1.000000     -1.000000 
235 7 24 75.000000 0.980000 -1.000000 -1.000000 -1.000000 -1.000000 nan nan nan nan -1.000000000000e+00 -1.000000e+00 -1.000000000000e+00  -1.000000000000e+00  -1.000000000000e+00  -1.000000000000e+00   -1.000000000000e+00   -1.000000000000e+00   -1.000000000000e+00    -1.000000000000e+00    -1.000000     -1.000000     -0.001000     -0.001000     -1.000000     -0.001000     -0.001000     -0.000001     -0.001000     -0.001000     -1.000000     -1.000000     -1.000000 
236 7 25 75.000000 1.020000 -1.000000 -1.000000 -1.000000 -1.000000 nan nan nan nan -1.000000000000e+00 -1.000000e+00 -1.000000000000e+00  -1.000000000000e+00  -1.000000000000e+00  -1.000000000000e+00   -1.000000000000e+00   -1.000000000000e+00   -1.000000000000e+00    -1.000000000000e+00    -1.000000     -1.000000     -0.001000     -0.001000     -1.000000     -0.001000     -0.001000     -0.000001     -0.001000     -0.001000     -1.000000     -1.000000     -1.000000 
237 7 26 75.000000 1.060000 -1.000000 -1.000000 -1.000000 -1.000000 nan nan nan nan -1.000000000000e+00 -1.000000e+00 -1.000000000000e+00  -1.000000000000e+00  -1.000000000000e+00  -1.000000000000e+00   -1.000000000000e+00   -1.000000000000e+00   -1.000000000000e+00    -1.000000000000e+00    -1.000000     -1.000000     -0.001000     -0.001000     -1.000000     -0.001000     -0.001000     -0.000001     -0.001000     -0.001000     -1.000000     -1.000000     -1.000000 
238 7 27 75.000000 1.100000 -1.000000 -1.000000 -1.000000 -1.000000 nan nan nan nan -1.000000000000e+00 -1.000000e+00 -1.000000000000e+00  -1.000000000000e+00  -1.000000000000e+00  -1.000000000000e+00   -1.000000000000e+00   -1.000000000000e+00   -1.000000000000e+00    -1.000000000000e+00    -1.000000     -1.000000     -0.001000     -0.001000     -1.000000     -0.001000     -0.001000     -0.000001     -0.001000     -0.001000     -1.000000     -1.000000     -1.000000 
239 7 28 75.000000 1.140000 -1.000000 -1.000000 -1.000000 -1.000000 nan nan nan nan -1.000000000000e+00 -1.000000e+00 -1.000000000000e+00  -1.000000000000e+00  -1.000000000000e+00  -1.000000000000e+00   -1.000000000000e+00   -1.000000000000e+00   -1.000000000000e+00    -1.000000000000e+00    -1.000000     -1.000000     -0.001000     -0.001000     -1.000000     -0.001000     -0.001000     -0.000001     -0.001000     -0.001000     -1.000000     -1.000000     -1.000000 
240 7 29 75.000000 1.180000 -1.000000 -1.000000 -1.000000 -1.000000 nan nan nan nan -1.000000000000e+00 -1.000000e+00 -1.000000000000e+00  -1.000000000000e+00  -1.000000000000e+00  -1.000000000000e+00   -1.000000000000e+00   -1.000000000000e+00   -1.000000000000e+00    -1.000000000000e+00    -1.000000     -1.000000     -0.001000     -0.001000     -1.000000     -0.001000     -0.001000     -0.000001     -0.001000     -0.001000     -1.000000     -1.000000     -1.000000 
241 8 0 85.000000 0.020000 -1.000000 -1.000000 -1.000000 -1.000000 nan nan nan nan -1.000000000000e+00 -1.000000e+00 -1.000000000000e+00  -1.000000000000e+00  -1.000000000000e+00  -1.000000000000e+00   -1.000000000000e+00   -1.000000000000e+00   -1.000000000000e+00    -1.000000000000e+00    -1.000000     -1.000000     -0.001000     -0.001000     -1.000000     -0.001000     -0.001000     -0.000001     -0.001000     -0.001000     -1.000000     -1.000000     -1.000000 
242 8 1 85.000000 0.060000 -1.000000 -1.000000 -1.000000 -1.000000 nan nan nan nan -1.000000000000e+00 -1.000000e+00 -1.000000000000e+00  -1.000000000000e+00  -1.000000000000e+00  -1.000000000000e+00   -1.000000000000e+00   -1.000000000000e+00   -1.000000000000e+00    -1.000000000000e+00    -1.000000     -1.000000     -0.001000     -0.001000     -1.000000     -0.001000     -0.001000     -0.000001     -0.001000     -0.001000     -1.000000     -1.000000     -1.000000 
243 8 2 85.000000 0.100000 -1.000000 -1.000000 -1.000000 -1.000000 nan nan nan nan -1.000000000000e+00 -1.000000e+00 -1.000000000000e+00  -1.000000000000e+00  -1.000000000000e+00  -1.000000000000e+00   -1.000000000000e+00   -1.000000000000e+00   -1.000000000000e+00    -1.000000000000e+00    -1.000000     -1.000000     -0.001000     -0.001000     -1.000000     -0.001000     -0.001000     -0.000001     -0.001000     -0.001000     -1.000000     -1.000000     -1.000000 
244 8 3 85.000000 0.140000 -1.000000 -1.000000 -1.000000 -1.000000 nan nan nan nan -1.000000000000e+00 -1.000000e+00 -1.000000000000e+00  -1.000000000000e+00  -1.000000000000e+00  -1.000000000000e+00   -1.000000000000e+00   -1.000000000000e+00   -1.000000000000e+00    -1.000000000000e+00    -1.000000     -1.000000     -0.001000     -0.001000     -1.000000     -0.001000     -0.001000     -0.000001     -0.001000     -0.001000     -1.000000     -1.000000     -1.000000 
245 8 4 85.000000 0.180000 -1.000000 -1.000000 -1.000000 -1.000000 nan nan nan nan -1.000000000000e+00 -1.000000e+00 -1.000000000000e+00  -1.000000000000e+00  -1.000000000000e+00  -1.000000000000e+00   -1.000000000000e+00   -1.000000000000e+00   -1.000000000000e+00    -1.000000000000e+00    -1.000000     -1.000000     -0.001000     -0.001000     -1.000000     -0.001000     -0.001000     -0.000001     -0.001000     -0.001000     -1.000000     -1.000000     -1.000000 
246 8 5 85.000000 0.220000 -1.000000 -1.000000 -1.000000 -1.000000 nan nan nan nan -1.000000000000e+00 -1.000000e+00 -1.000000000000e+00  -1.000000000000e+00  -1.000000000000e+00  -1.000000000000e+00   -1.000000000000e+00   -1.000000000000e+00   -1.000000000000e+00    -1.000000000000e+00    -1.000000     -1.000000     -0.001000     -0.001000     -1.000000     -0.001000     -0.001000     -0.000001     -0.001000     -0.001000     -1.000000     -1.000000     -1.000000 
247 8 6 85.000000 0.260000 -1.000000 -1.000000 -1.000000 -1.000000 nan nan nan nan -1.000000000000e+00 -1.000000e+00 -1.000000000000e+00  -1.000000000000e+00  -1.000000000000e+00  -1.000000000000e+00   -1.000000000000e+00   -1.000000000000e+00   -1.000000000000e+00    -1.000000000000e+00    -1.000000     -1.000000     -0.001000     -0.001000     -1.000000     -0.001000     -0.001000     -0.000001     -0.001000     -0.001000     -1.000000     -1.000000     -1.000000 
248 8 7 85.000000 0.300000 -1.000000 -1.000000 -1.000000 -1.000000 nan nan nan nan -1.000000000000e+00 -1.000000e+00 -1.000000000000e+00  -1.000000000000e+00  -1.000000000000e+00  -1.000000000000e+00   -1.000000000000e+00   -1.000000000000e+00   -1.000000000000e+00    -1.000000000000e+00    -1.000000     -1.000000     -0.001000     -0.001000     -1.000000     -0.001000     -0.001000     -0.000001     -0.001000     -0.001000     -1.000000     -1.000000     -1.000000 
249 8 8 85.000000 0.340000 -1.000000 -1.000000 -1.000000 -1.000000 nan nan nan nan -1.000000000000e+00 -1.000000e+00 -1.000000000000e+00  -1.000000000000e+00  -1.000000000000e+00  -1.000000000000e+00   -1.000000000000e+00   -1.000000000000e+00   -1.000000000000e+00    -1.000000000000e+00    -1.000000     -1.000000     -0.001000     -0.001000     -1.000000     -0.001000     -0.001000     -0.000001     -0.001000     -0.001000     -1.000000     -1.000000     -1.000000 
250 8 9 85.000000 0.380000 -1.000000 -1.000000 -1.000000 -1.000000 nan nan nan nan -1.000000000000e+00 -1.000000e+00 -1.000000000000e+00  -1.000000000000e+00  -1.000000000000e+00  -1.000000000000e+00   -1.000000000000e+00   -1.000000000000e+00   -1.000000000000e+00    -1.000000000000e+00    -1.000000     -1.000000     -0.001000     -0.001000     -1.000000     -0.001000     -0.001000     -0.000001     -0.001000     -0.001000     -1.000000     -1.000000     -1.000000 
251 8 10 85.000000 0.420000 -1.000000 -1.000000 -1.000000 -1.000000 nan nan nan nan -1.000000000000e+00 -1.000000e+00 -1.000000000000e+00  -1.000000000000e+00  -1.000000000000e+00  -1.000000000000e+00   -1.000000000000e+00   -1.000000000000e+00   -1.000000000000e+00    -1.000000000000e+00    -1.000000     -1.000000     -0.001000     -0.001000     -1.000000     -0.001000     -0.001000     -0.000001     -0.001000     -0.001000     -1.000000     -1.000000     -1.000000 
252 8 11 85.000000 0.460000 -1.000000 -1.000000 -1.000000 -1.000000 nan nan nan nan -1.000000000000e+00 -1.000000e+00 -1.000000000000e+00  -1.000000000000e+00  -1.000000000000e+00  -1.000000000000e+00   -1.000000000000e+00   -1.000000000000e+00   -1.000000000000e+00    -1.000000000000e+00    -1.000000     -1.000000     -0.001000     -0.001000     -1.000000     -0.001000     -0.001000     -0.000001     -0.001000     -0.001000     -1.000000     -1.000000     -1.000000 
253 8 12 85.000000 0.500000 -1.000000 -1.000000 -1.000000 -1.000000 nan nan nan nan -1.000000000000e+00 -1.000000e+00 -1.000000000000e+00  -1.000000000000e+00  -1.000000000000e+00  -1.000000000000e+00   -1.000000000000e+00   -1.000000000000e+00   -1.000000000000e+00    -1.000000000000e+00    -1.000000     -1.000000     -0.001000     -0.001000     -1.000000     -0.001000     -0.001000     -0.000001     -0.001000     -0.001000     -1.000000     -1.000000     -1.000000 
254 8 13 85.000000 0.540000 -1.000000 -1.000000 -1.000000 -1.000000 nan nan nan nan -1.000000000000e+00 -1.000000e+00 -1.000000000000e+00  -1.000000000000e+00  -1.000000000000e+00  -1.000000000000e+00   -1.000000000000e+00   -1.000000000000e+00   -1.000000000000e+00    -1.000000000000e+00    -1.000000     -1.000000     -0.001000     -0.001000     -1.000000     -0.001000     -0.001000     -0.000001     -0.001000     -0.001000     -1.000000     -1.000000     -1.000000 
255 8 14 85.000000 0.580000 -1.000000 -1.000000 -1.000000 -1.000000 nan nan nan nan -1.000000000000e+00 -1.000000e+00 -1.000000000000e+00  -1.000000000000e+00  -1.000000000000e+00  -1.000000000000e+00   -1.000000000000e+00   -1.000000000000e+00   -1.000000000000e+00    -1.000000000000e+00    -1.000000     -1.000000     -0.001000     -0.001000     -1.000000     -0.001000     -0.001000     -0.000001     -0.001000     -0.001000     -1.000000     -1.000000     -1.000000 
256 8 15 85.000000 0.620000 -1.000000 -1.000000 -1.000000 -1.000000 nan nan nan nan -1.000000000000e+00 -1.000000e+00 -1.000000000000e+00  -1.000000000000e+00  -1.000000000000e+00  -1.000000000000e+00   -1.000000000000e+00   -1.000000000000e+00   -1.000000000000e+00    -1.000000000000e+00    -1.000000     -1.000000     -0.001000     -0.001000     -1.000000     -0.001000     -0.001000     -0.000001     -0.001000     -0.001000     -1.000000     -1.000000     -1.000000 
257 8 16 85.000000 0.660000 -1.000000 -1.000000 -1.000000 -1.000000 nan nan nan nan -1.000000000000e+00 -1.000000e+00 -1.000000000000e+00  -1.000000000000e+00  -1.000000000000e+00  -1.000000000000e+00   -1.000000000000e+00   -1.000000000000e+00   -1.000000000000e+00    -1.000000000000e+00    -1.000000     -1.000000     -0.001000     -0.001000     -1.000000     -0.001000     -0.001000     -0.000001     -0.001000     -0.001000     -1.000000     -1.000000     -1.000000 
258 8 17 85.000000 0.700000 -1.000000 -1.000000 -1.000000 -1.000000 nan nan nan nan -1.000000000000e+00 -1.000000e+00 -1.000000000000e+00  -1.000000000000e+00  -1.000000000000e+00  -1.000000000000e+00   -1.000000000000e+00   -1.000000000000e+00   -1.000000000000e+00    -1.000000000000e+00    -1.000000     -1.000000     -0.001000     -0.001000     -1.000000     -0.001000     -0.001000     -0.000001     -0.001000     -0.001000     -1.000000     -1.000000     -1.000000 
259 8 18 85.000000 0.740000 -1.000000 -1.000000 -1.000000 -1.000000 nan nan nan nan -1.000000000000e+00 -1.000000e+00 -1.000000000000e+00  -1.000000000000e+00  -1.000000000000e+00  -1.000000000000e+00   -1.000000000000e+00   -1.000000000000e+00   -1.000000000000e+00    -1.000000000000e+00    -1.000000     -1.000000     -0.001000     -0.001000     -1.000000     -0.001000     -0.001000     -0.000001     -0.001000     -0.001000     -1.000000     -1.000000     -1.000000 
260 8 19 85.000000 0.780000 -1.000000 -1.000000 -1.000000 -1.000000 nan nan nan nan -1.000000000000e+00 -1.000000e+00 -1.000000000000e+00  -1.000000000000e+00  -1.000000000000e+00  -1.000000000000e+00   -1.000000000000e+00   -1.000000000000e+00   -1.000000000000e+00    -1.000000000000e+00    -1.000000     -1.000000     -0.001000     -0.001000     -1.000000     -0.001000     -0.001000     -0.000001     -0.001000     -0.001000     -1.000000     -1.000000     -1.000000 
261 8 20 85.000000 0.820000 -1.000000 -1.000000 -1.000000 -1.000000 nan nan nan nan -1.000000000000e+00 -1.000000e+00 -1.000000000000e+00  -1.000000000000e+00  -1.000000000000e+00  -1.000000000000e+00   -1.000000000000e+00   -1.000000000000e+00   -1.000000000000e+00    -1.000000000000e+00    -1.000000     -1.000000     -0.001000     -0.001000     -1.000000     -0.001000     -0.001000     -0.000001     -0.001000     -0.001000     -1.000000     -1.000000     -1.000000 
262 8 21 85.000000 0.860000 -1.000000 -1.000000 -1.000000 -1.000000 nan nan nan nan -1.000000000000e+00 -1.000000e+00 -1.000000000000e+00  -1.000000000000e+00  -1.000000000000e+00  -1.000000000000e+00   -1.000000000000e+00   -1.000000000000e+00   -1.000000000000e+00    -1.000000000000e+00    -1.000000     -1.000000     -0.001000     -0.001000     -1.000000     -0.001000     -0.001000     -0.000001     -0.001000     -0.001000     -1.000000     -1.000000     -1.000000 
263 8 22 85.000000 0.900000 -1.000000 -1.000000 -1.000000 -1.000000 nan nan nan nan -1.000000000000e+00 -1.000000e+00 -1.000000000000e+00  -1.000000000000e+00  -1.000000000000e+00  -1.000000000000e+00   -1.000000000000e+00   -1.000000000000e+00   -1.000000000000e+00    -1.000000000000e+00    -1.000000     -1.000000     -0.001000     -0.001000     -1.000000     -0.001000     -0.001000     -0.000001     -0.001000     -0.001000     -1.000000     -1.000000     -1.000000 
264 8 23 85.000000 0.940000 -1.000000 -1.000000 -1.000000 -1.000000 nan nan nan nan -1.000000000000e+00 -1.000000e+00 -1.000000000000e+00  -1.000000000000e+00  -1.000000000000e+00  -1.000000000000e+00   -1.000000000000e+00   -1.000000000000e+00   -1.000000000000e+00    -1.000000000000e+00    -1.000000     -1.000000     -0.001000     -0.001000     -1.000000     -0.001000     -0.001000     -0.000001     -0.001000     -0.001000     -1.000000     -1.000000     -1.000000 
265 8 24 85.000000 0.980000 -1.000000 -1.000000 -1.000000 -1.000000 nan nan nan nan -1.000000000000e+00 -1.000000e+00 -1.000000000000e+00  -1.000000000000e+00  -1.000000000000e+00  -1.000000000000e+00   -1.000000000000e+00   -1.000000000000e+00   -1.000000000000e+00    -1.000000000000e+00    -1.000000     -1.000000     -0.001000     -0.001000     -1.000000     -0.001000     -0.001000     -0.000001     -0.001000     -0.001000     -1.000000     -1.000000     -1.000000 
266 8 25 85.000000 1.020000 -1.000000 -1.000000 -1.000000 -1.000000 nan nan nan nan -1.000000000000e+00 -1.000000e+00 -1.000000000000e+00  -1.000000000000e+00  -1.000000000000e+00  -1.000000000000e+00   -1.000000000000e+00   -1.000000000000e+00   -1.000000000000e+00    -1.000000000000e+00    -1.000000     -1.000000     -0.001000     -0.001000     -1.000000     -0.001000     -0.001000     -0.000001     -0.001000     -0.001000     -1.000000     -1.000000     -1.000000 
267 8 26 85.000000 1.060000 -1.000000 -1.000000 -1.000000 -1.000000 nan nan nan nan -1.000000000000e+00 -1.000000e+00 -1.000000000000e+00  -1.000000000000e+00  -1.000000000000e+00  -1.000000000000e+00   -1.000000000000e+00   -1.000000000000e+00   -1.000000000000e+00    -1.000000000000e+00    -1.000000     -1.000000     -0.001000     -0.001000     -1.000000     -0.001000     -0.001000     -0.000001     -0.001000     -0.001000     -1.000000     -1.000000     -1.000000 
268 8 27 85.000000 1.100000 -1.000000 -1.000000 -1.000000 -1.000000 nan nan nan nan -1.000000000000e+00 -1.000000e+00 -1.000000000000e+00  -1.000000000000e+00  -1.000000000000e+00  -1.000000000000e+00   -1.000000000000e+00   -1.000000000000e+00   -1.000000000000e+00    -1.000000000000e+00    -1.000000     -1.000000     -0.001000     -0.001000     -1.000000     -0.001000     -0.001000     -0.000001     -0.001000     -0.001000     -1.000000     -1.000000     -1.000000 
269 8 28 85.000000 1.140000 -1.000000 -1.000000 -1.000000 -1.000000 nan nan nan nan -1.000000000000e+00 -1.000000e+00 -1.000000000000e+00  -1.000000000000e+00  -1.000000000000e+00  -1.000000000000e+00   -1.000000000000e+00   -1.000000000000e+00   -1.000000000000e+00    -1.000000000000e+00    -1.000000     -1.000000     -0.001000     -0.001000     -1.000000     -0.001000     -0.001000     -0.000001     -0.001000     -0.001000     -1.000000     -1.000000     -1.000000 
270 8 29 85.000000 1.180000 -1.000000 -1.000000 -1.000000 -1.000000 nan nan nan nan -1.000000000000e+00 -1.000000e+00 -1.000000000000e+00  -1.000000000000e+00  -1.000000000000e+00  -1.000000000000e+00   -1.000000000000e+00   -1.000000000000e+00   -1.000000000000e+00    -1.000000000000e+00    -1.000000     -1.000000     -0.001000     -0.001000     -1.000000     -0.001000     -0.001000     -0.000001     -0.001000     -0.001000     -1.000000     -1.000000     -1.000000 
271 9 0 95.000000 0.020000 -1.000000 -1.000000 -1.000000 -1.000000 nan nan nan nan -1.000000000000e+00 -1.000000e+00 -1.000000000000e+00  -1.000000000000e+00  -1.000000000000e+00  -1.000000000000e+00   -1.000000000000e+00   -1.000000000000e+00   -1.000000000000e+00    -1.000000000000e+00    -1.000000     -1.000000     -0.001000     -0.001000     -1.000000     -0.001000     -0.001000     -0.000001     -0.001000     -0.001000     -1.000000     -1.000000     -1.000000 
272 9 1 95.000000 0.060000 -1.000000 -1.000000 -1.000000 -1.000000 nan nan nan nan -1.000000000000e+00 -1.000000e+00 -1.000000000000e+00  -1.000000000000e+00  -1.000000000000e+00  -1.000000000000e+00   -1.000000000000e+00   -1.000000000000e+00   -1.000000000000e+00    -1.000000000000e+00    -1.000000     -1.000000     -0.001000     -0.001000     -1.000000     -0.001000     -0.001000     -0.000001     -0.001000     -0.001000     -1.000000     -1.000000     -1.000000 
273 9 2 95.000000 0.100000 -1.000000 -1.000000 -1.000000 -1.000000 nan nan nan nan -1.000000000000e+00 -1.000000e+00 -1.000000000000e+00  -1.000000000000e+00  -1.000000000000e+00  -1.000000000000e+00   -1.000000000000e+00   -1.000000000000e+00   -1.000000000000e+00    -1.000000000000e+00    -1.000000     -1.000000     -0.001000     -0.001000     -1.000000     -0.001000     -0.001000     -0.000001     -0.001000     -0.001000     -1.000000     -1.000000     -1.000000 
274 9 3 95.000000 0.140000 -1.000000 -1.000000 -1.000000 -1.000000 nan nan nan nan -1.000000000000e+00 -1.000000e+00 -1.000000000000e+00  -1.000000000000e+00  -1.000000000000e+00  -1.000000000000e+00   -1.000000000000e+00   -1.000000000000e+00   -1.000000000000e+00    -1.000000000000e+00    -1.000000     -1.000000     -0.001000     -0.001000     -1.000000     -0.001000     -0.001000     -0.000001     -0.001000     -0.001000     -1.000000     -1.000000     -1.000000 
275 9 4 95.000000 0.180000 -1.000000 -1.000000 -1.000000 -1.000000 nan nan nan nan -1.000000000000e+00 -1.000000e+00 -1.000000000000e+00  -1.000000000000e+00  -1.000000000000e+00  -1.000000000000e+00   -1.000000000000e+00   -1.000000000000e+00   -1.000000000000e+00    -1.000000000000e+00    -1.000000     -1.000000     -0.001000     -0.001000     -1.000000     -0.001000     -0.001000     -0.000001     -0.001000     -0.001000     -1.000000     -1.000000     -1.000000 
276 9 5 95.000000 0.220000 -1.000000 -1.000000 -1.000000 -1.000000 nan nan nan nan -1.000000000000e+00 -1.000000e+00 -1.000000000000e+00  -1.000000000000e+00  -1.000000000000e+00  -1.000000000000e+00   -1.000000000000e+00   -1.000000000000e+00   -1.000000000000e+00    -1.000000000000e+00    -1.000000     -1.000000     -0.001000     -0.001000     -1.000000     -0.001000     -0.001000     -0.000001     -0.001000     -0.001000     -1.000000     -1.000000     -1.000000 
277 9 6 95.000000 0.260000 -1.000000 -1.000000 -1.000000 -1.000000 nan nan nan nan -1.000000000000e+00 -1.000000e+00 -1.000000000000e+00  -1.000000000000e+00  -1.000000000000e+00  -1.000000000000e+00   -1.000000000000e+00   -1.000000000000e+00   -1.000000000000e+00    -1.000000000000e+00    -1.000000     -1.000000     -0.001000     -0.001000     -1.000000     -0.001000     -0.001000     -0.000001     -0.001000     -0.001000     -1.000000     -1.000000     -1.000000 
278 9 7 95.000000 0.300000 -1.000000 -1.000000 -1.000000 -1.000000 nan nan nan nan -1.000000000000e+00 -1.000000e+00 -1.000000000000e+00  -1.000000000000e+00  -1.000000000000e+00  -1.000000000000e+00   -1.000000000000e+00   -1.000000000000e+00   -1.000000000000e+00    -1.000000000000e+00    -1.000000     -1.000000     -0.001000     -0.001000     -1.000000     -0.001000     -0.001000     -0.000001     -0.001000     -0.001000     -1.000000     -1.000000     -1.000000 
279 9 8 95.000000 0.340000 -1.000000 -1.000000 -1.000000 -1.000000 nan nan nan nan -1.000000000000e+00 -1.000000e+00 -1.000000000000e+00  -1.000000000000e+00  -1.000000000000e+00  -1.000000000000e+00   -1.000000000000e+00   -1.000000000000e+00   -1.000000000000e+00    -1.000000000000e+00    -1.000000     -1.000000     -0.001000     -0.001000     -1.000000     -0.001000     -0.001000     -0.000001     -0.001000     -0.001000     -1.000000     -1.000000     -1.000000 
280 9 9 95.000000 0.380000 -1.000000 -1.000000 -1.000000 -1.000000 nan nan nan nan -1.000000000000e+00 -1.000000e+00 -1.000000000000e+00  -1.000000000000e+00  -1.000000000000e+00  -1.000000000000e+00   -1.000000000000e+00   -1.000000000000e+00   -1.000000000000e+00    -1.000000000000e+00    -1.000000     -1.000000     -0.001000     -0.001000     -1.000000     -0.001000     -0.001000     -0.000001     -0.001000     -0.001000     -1.000000     -1.000000     -1.000000 
281 9 10 95.000000 0.420000 -1.000000 -1.000000 -1.000000 -1.000000 nan nan nan nan -1.000000000000e+00 -1.000000e+00 -1.000000000000e+00  -1.000000000000e+00  -1.000000000000e+00  -1.000000000000e+00   -1.000000000000e+00   -1.000000000000e+00   -1.000000000000e+00    -1.000000000000e+00    -1.000000     -1.000000     -0.001000     -0.001000     -1.000000     -0.001000     -0.001000     -0.000001     -0.001000     -0.001000     -1.000000     -1.000000     -1.000000 
282 9 11 95.000000 0.460000 -1.000000 -1.000000 -1.000000 -1.000000 nan nan nan nan -1.000000000000e+00 -1.000000e+00 -1.000000000000e+00  -1.000000000000e+00  -1.000000000000e+00  -1.000000000000e+00   -1.000000000000e+00   -1.000000000000e+00   -1.000000000000e+00    -1.000000000000e+00    -1.000000     -1.000000     -0.001000     -0.001000     -1.000000     -0.001000     -0.001000     -0.000001     -0.001000     -0.001000     -1.000000     -1.000000     -1.000000 
283 9 12 95.000000 0.500000 -1.000000 -1.000000 -1.000000 -1.000000 nan nan nan nan -1.000000000000e+00 -1.000000e+00 -1.000000000000e+00  -1.000000000000e+00  -1.000000000000e+00  -1.000000000000e+00   -1.000000000000e+00   -1.000000000000e+00   -1.000000000000e+00    -1.000000000000e+00    -1.000000     -1.000000     -0.001000     -0.001000     -1.000000     -0.001000     -0.001000     -0.000001     -0.001000     -0.001000     -1.000000     -1.000000     -1.000000 
284 9 13 95.000000 0.540000 -1.000000 -1.000000 -1.000000 -1.000000 nan nan nan nan -1.000000000000e+00 -1.000000e+00 -1.000000000000e+00  -1.000000000000e+00  -1.000000000000e+00  -1.000000000000e+00   -1.000000000000e+00   -1.000000000000e+00   -1.000000000000e+00    -1.000000000000e+00    -1.000000     -1.000000     -0.001000     -0.001000     -1.000000     -0.001000     -0.001000     -0.000001     -0.001000     -0.001000     -1.000000     -1.000000     -1.000000 
285 9 14 95.000000 0.580000 -1.000000 -1.000000 -1.000000 -1.000000 nan nan nan nan -1.000000000000e+00 -1.000000e+00 -1.000000000000e+00  -1.000000000000e+00  -1.000000000000e+00  -1.000000000000e+00   -1.000000000000e+00   -1.000000000000e+00   -1.000000000000e+00    -1.000000000000e+00    -1.000000     -1.000000     -0.001000     -0.001000     -1.000000     -0.001000     -0.001000     -0.000001     -0.001000     -0.001000     -1.000000     -1.000000     -1.000000 
286 9 15 95.000000 0.620000 -1.000000 -1.000000 -1.000000 -1.000000 nan nan nan nan -1.000000000000e+00 -1.000000e+00 -1.000000000000e+00  -1.000000000000e+00  -1.000000000000e+00  -1.000000000000e+00   -1.000000000000e+00   -1.000000000000e+00   -1.000000000000e+00    -1.000000000000e+00    -1.000000     -1.000000     -0.001000     -0.001000     -1.000000     -0.001000     -0.001000     -0.000001     -0.001000     -0.001000     -1.000000     -1.000000     -1.000000 
287 9 16 95.000000 0.660000 -1.000000 -1.000000 -1.000000 -1.000000 nan nan nan nan -1.000000000000e+00 -1.000000e+00 -1.000000000000e+00  -1.000000000000e+00  -1.000000000000e+00  -1.000000000000e+00   -1.000000000000e+00   -1.000000000000e+00   -1.000000000000e+00    -1.000000000000e+00    -1.000000     -1.000000     -0.001000     -0.001000     -1.000000     -0.001000     -0.001000     -0.000001     -0.001000     -0.001000     -1.000000     -1.000000     -1.000000 
288 9 17 95.000000 0.700000 -1.000000 -1.000000 -1.000000 -1.000000 nan nan nan nan -1.000000000000e+00 -1.000000e+00 -1.000000000000e+00  -1.000000000000e+00  -1.000000000000e+00  -1.000000000000e+00   -1.000000000000e+00   -1.000000000000e+00   -1.000000000000e+00    -1.000000000000e+00    -1.000000     -1.000000     -0.001000     -0.001000     -1.000000     -0.001000     -0.001000     -0.000001     -0.001000     -0.001000     -1.000000     -1.000000     -1.000000 
289 9 18 95.000000 0.740000 -1.000000 -1.000000 -1.000000 -1.000000 nan nan nan nan -1.000000000000e+00 -1.000000e+00 -1.000000000000e+00  -1.000000000000e+00  -1.000000000000e+00  -1.000000000000e+00   -1.000000000000e+00   -1.000000000000e+00   -1.000000000000e+00    -1.000000000000e+00    -1.000000     -1.000000     -0.001000     -0.001000     -1.000000     -0.001000     -0.001000     -0.000001     -0.001000     -0.001000     -1.000000     -1.000000     -1.000000 
290 9 19 95.000000 0.780000 -1.000000 -1.000000 -1.000000 -1.000000 nan nan nan nan -1.000000000000e+00 -1.000000e+00 -1.000000000000e+00  -1.000000000000e+00  -1.000000000000e+00  -1.000000000000e+00   -1.000000000000e+00   -1.000000000000e+00   -1.000000000000e+00    -1.000000000000e+00    -1.000000     -1.000000     -0.001000     -0.001000     -1.000000     -0.001000     -0.001000     -0.000001     -0.001000     -0.001000     -1.000000     -1.000000     -1.000000 
291 9 20 95.000000 0.820000 -1.000000 -1.000000 -1.000000 -1.000000 nan nan nan nan -1.000000000000e+00 -1.000000e+00 -1.000000000000e+00  -1.000000000000e+00  -1.000000000000e+00  -1.000000000000e+00   -1.000000000000e+00   -1.000000000000e+00   -1.000000000000e+00    -1.000000000000e+00    -1.000000     -1.000000     -0.001000     -0.001000     -1.000000     -0.001000     -0.001000     -0.000001     -0.001000     -0.001000     -1.000000     -1.000000     -1.000000 
292 9 21 95.000000 0.860000 -1.000000 -1.000000 -1.000000 -1.000000 nan nan nan nan -1.000000000000e+00 -1.000000e+00 -1.000000000000e+00  -1.000000000000e+00  -1.000000000000e+00  -1.000000000000e+00   -1.000000000000e+00   -1.000000000000e+00   -1.000000000000e+00    -1.000000000000e+00    -1.000000     -1.000000     -0.001000     -0.001000     -1.000000     -0.001000     -0.001000     -0.000001     -0.001000     -0.001000     -1.000000     -1.000000     -1.000000 
293 9 22 95.000000 0.900000 -1.000000 -1.000000 -1.000000 -1.000000 nan nan nan nan -1.000000000000e+00 -1.000000e+00 -1.000000000000e+00  -1.000000000000e+00  -1.000000000000e+00  -1.000000000000e+00   -1.000000000000e+00   -1.000000000000e+00   -1.000000000000e+00    -1.000000000000e+00    -1.000000     -1.000000     -0.001000     -0.001000     -1.000000     -0.001000     -0.001000     -0.000001     -0.001000     -0.001000     -1.000000     -1.000000     -1.000000 
294 9 23 95.000000 0.940000 -1.000000 -1.000000 -1.000000 -1.000000 nan nan nan nan -1.000000000000e+00 -1.000000e+00 -1.000000000000e+00  -1.000000000000e+00  -1.000000000000e+00  -1.000000000000e+00   -1.000000000000e+00   -1.000000000000e+00   -1.000000000000e+00    -1.000000000000e+00    -1.000000     -1.000000     -0.001000     -0.001000     -1.000000     -0.001000     -0.001000     -0.000001     -0.001000     -0.001000     -1.000000     -1.000000     -1.000000 
295 9 24 95.000000 0.980000 -1.000000 -1.000000 -1.000000 -1.000000 nan nan nan nan -1.000000000000e+00 -1.000000e+00 -1.000000000000e+00  -1.000000000000e+00  -1.000000000000e+00  -1.000000000000e+00   -1.000000000000e+00   -1.000000000000e+00   -1.000000000000e+00    -1.000000000000e+00    -1.000000     -1.000000     -0.001000     -0.001000     -1.000000     -0.001000     -0.001000     -0.000001     -0.001000     -0.001000     -1.000000     -1.000000     -1.000000 
296 9 25 95.000000 1.020000 -1.000000 -1.000000 -1.000000 -1.000000 nan nan nan nan -1.000000000000e+00 -1.000000e+00 -1.000000000000e+00  -1.000000000000e+00  -1.000000000000e+00  -1.000000000000e+00   -1.000000000000e+00   -1.000000000000e+00   -1.000000000000e+00    -1.000000000000e+00    -1.000000     -1.000000     -0.001000     -0.001000     -1.000000     -0.001000     -0.001000     -0.000001     -0.001000     -0.001000     -1.000000     -1.000000     -1.000000 
297 9 26 95.000000 1.060000 -1.000000 -1.000000 -1.000000 -1.000000 nan nan nan nan -1.000000000000e+00 -1.000000e+00 -1.000000000000e+00  -1.000000000000e+00  -1.000000000000e+00  -1.000000000000e+00   -1.000000000000e+00   -1.000000000000e+00   -1.000000000000e+00    -1.000000000000e+00    -1.000000     -1.000000     -0.001000     -0.001000     -1.000000     -0.001000     -0.001000     -0.000001     -0.001000     -0.001000     -1.000000     -1.000000     -1.000000 
298 9 27 95.000000 1.100000 -1.000000 -1.000000 -1.000000 -1.000000 nan nan nan nan -1.000000000000e+00 -1.000000e+00 -1.000000000000e+00  -1.000000000000e+00  -1.000000000000e+00  -1.000000000000e+00   -1.000000000000e+00   -1.000000000000e+00   -1.000000000000e+00    -1.000000000000e+00    -1.000000     -1.000000     -0.001000     -0.001000     -1.000000     -0.001000     -0.001000     -0.000001     -0.001000     -0.001000     -1.000000     -1.000000     -1.000000 
299 9 28 95.000000 1.140000 -1.000000 -1.000000 -1.000000 -1.000000 nan nan nan nan -1.000000000000e+00 -1.000000e+00 -1.000000000000e+00  -1.000000000000e+00  -1.000000000000e+00  -1.000000000000e+00   -1.000000000000e+00   -1.000000000000e+00   -1.000000000000e+00    -1.000000000000e+00    -1.000000     -1.000000     -0.001000     -0.001000     -1.000000     -0.001000     -0.001000     -0.000001     -0.001000     -0.001000     -1.000000     -1.000000     -1.000000 
300 9 29 95.000000 1.180000 -1.000000 -1.000000 -1.000000 -1.000000 nan nan nan nan -1.000000000000e+00 -1.000000e+00 -1.000000000000e+00  -1.000000000000e+00  -1.000000000000e+00  -1.000000000000e+00   -1.000000000000e+00   -1.000000000000e+00   -1.000000000000e+00    -1.000000000000e+00    -1.000000     -1.000000     -0.001000     -0.001000     -1.000000     -0.001000     -0.001000     -0.000001     -0.001000     -0.001000     -1.000000     -1.000000     -1.000000 
301 10 0 105.000000 0.020000 -1.000000 -1.000000 -1.000000 -1.000000 nan nan nan nan -1.000000000000e+00 -1.000000e+00 -1.000000000000e+00  -1.000000000000e+00  -1.000000000000e+00  -1.000000000000e+00   -1.000000000000e+00   -1.000000000000e+00   -1.000000000000e+00    -1.000000000000e+00    -1.000000     -1.000000     -0.001000     -0.001000     -1.000000     -0.001000     -0.001000     -0.000001     -0.001000     -0.001000     -1.000000     -1.000000     -1.000000 
302 10 1 105.000000 0.060000 -1.000000 -1.000000 -1.000000 -1.000000 nan nan nan nan -1.000000000000e+00 -1.000000e+00 -1.000000000000e+00  -1.000000000000e+00  -1.000000000000e+00  -1.000000000000e+00   -1.000000000000e+00   -1.000000000000e+00   -1.000000000000e+00    -1.000000000000e+00    -1.000000     -1.000000     -0.001000     -0.001000     -1.000000     -0.001000     -0.001000     -0.000001     -0.001000     -0.001000     -1.000000     -1.000000     -1.000000 
303 10 2 105.000000 0.100000 -1.000000 -1.000000 -1.000000 -1.000000 nan nan nan nan -1.000000000000e+00 -1.000000e+00 -1.000000000000e+00  -1.000000000000e+00  -1.000000000000e+00  -1.000000000000e+00   -1.000000000000e+00   -1.000000000000e+00   -1.000000000000e+00    -1.000000000000e+00    -1.000000     -1.000000     -0.001000     -0.001000     -1.000000     -0.001000     -0.001000     -0.000001     -0.001000     -0.001000     -1.000000     -1.000000     -1.000000 
304 10 3 105.000000 0.140000 -1.000000 -1.000000 -1.000000 -1.000000 nan nan nan nan -1.000000000000e+00 -1.000000e+00 -1.000000000000e+00  -1.000000000000e+00  -1.000000000000e+00  -1.000000000000e+00   -1.000000000000e+00   -1.000000000000e+00   -1.000000000000e+00    -1.000000000000e+00    -1.000000     -1.000000     -0.001000     -0.001000     -1.000000     -0.001000     -0.001000     -0.000001     -0.001000     -0.001000     -1.000000     -1.000000     -1.000000 
305 10 4 105.000000 0.180000 -1.000000 -1.000000 -1.000000 -1.000000 nan nan nan nan -1.000000000000e+00 -1.000000e+00 -1.000000000000e+00  -1.000000000000e+00  -1.000000000000e+00  -1.000000000000e+00   -1.000000000000e+00   -1.000000000000e+00   -1.000000000000e+00    -1.000000000000e+00    -1.000000     -1.000000     -0.001000     -0.001000     -1.000000     -0.001000     -0.001000     -0.000001     -0.001000     -0.001000     -1.000000     -1.000000     -1.000000 
306 10 5 105.000000 0.220000 -1.000000 -1.000000 -1.000000 -1.000000 nan nan nan nan -1.000000000000e+00 -1.000000e+00 -1.000000000000e+00  -1.000000000000e+00  -1.000000000000e+00  -1.000000000000e+00   -1.000000000000e+00   -1.000000000000e+00   -1.000000000000e+00    -1.000000000000e+00    -1.000000     -1.000000     -0.001000     -0.001000     -1.000000     -0.001000     -0.001000     -0.000001     -0.001000     -0.001000     -1.000000     -1.000000     -1.000000 
307 10 6 105.000000 0.260000 -1.000000 -1.000000 -1.000000 -1.000000 nan nan nan nan -1.000000000000e+00 -1.000000e+00 -1.000000000000e+00  -1.000000000000e+00  -1.000000000000e+00  -1.000000000000e+00   -1.000000000000e+00   -1.000000000000e+00   -1.000000000000e+00    -1.000000000000e+00    -1.000000     -1.000000     -0.001000     -0.001000     -1.000000     -0.001000     -0.001000     -0.000001     -0.001000     -0.001000     -1.000000     -1.000000     -1.000000 
308 10 7 105.000000 0.300000 -1.000000 -1.000000 -1.000000 -1.000000 nan nan nan nan -1.000000000000e+00 -1.000000e+00 -1.000000000000e+00  -1.000000000000e+00  -1.000000000000e+00  -1.000000000000e+00   -1.000000000000e+00   -1.000000000000e+00   -1.000000000000e+00    -1.000000000000e+00    -1.000000     -1.000000     -0.001000     -0.001000     -1.000000     -0.001000     -0.001000     -0.000001     -0.001000     -0.001000     -1.000000     -1.000000     -1.000000 
309 10 8 105.000000 0.340000 -1.000000 -1.000000 -1.000000 -1.000000 nan nan nan nan -1.000000000000e+00 -1.000000e+00 -1.000000000000e+00  -1.000000000000e+00  -1.000000000000e+00  -1.000000000000e+00   -1.000000000000e+00   -1.000000000000e+00   -1.000000000000e+00    -1.000000000000e+00    -1.000000     -1.000000     -0.001000     -0.001000     -1.000000     -0.001000     -0.001000     -0.000001     -0.001000     -0.001000     -1.000000     -1.000000     -1.000000 
310 10 9 105.000000 0.380000 -1.000000 -1.000000 -1.000000 -1.000000 nan nan nan nan -1.000000000000e+00 -1.000000e+00 -1.000000000000e+00  -1.000000000000e+00  -1.000000000000e+00  -1.000000000000e+00   -1.000000000000e+00   -1.000000000000e+00   -1.000000000000e+00    -1.000000000000e+00    -1.000000     -1.000000     -0.001000     -0.001000     -1.000000     -0.001000     -0.001000     -0.000001     -0.001000     -0.001000     -1.000000     -1.000000     -1.000000 
311 10 10 105.000000 0.420000 -1.000000 -1.000000 -1.000000 -1.000000 nan nan nan nan -1.000000000000e+00 -1.000000e+00 -1.000000000000e+00  -1.000000000000e+00  -1.000000000000e+00  -1.000000000000e+00   -1.000000000000e+00   -1.000000000000e+00   -1.000000000000e+00    -1.000000000000e+00    -1.000000     -1.000000     -0.001000     -0.001000     -1.000000     -0.001000     -0.001000     -0.000001     -0.001000     -0.001000     -1.000000     -1.000000     -1.000000 
312 10 11 105.000000 0.460000 -1.000000 -1.000000 -1.000000 -1.000000 nan nan nan nan -1.000000000000e+00 -1.000000e+00 -1.000000000000e+00  -1.000000000000e+00  -1.000000000000e+00  -1.000000000000e+00   -1.000000000000e+00   -1.000000000000e+00   -1.000000000000e+00    -1.000000000000e+00    -1.000000     -1.000000     -0.001000     -0.001000     -1.000000     -0.001000     -0.001000     -0.000001     -0.001000     -0.001000     -1.000000     -1.000000     -1.000000 
313 10 12 105.000000 0.500000 -1.000000 -1.000000 -1.000000 -1.000000 nan nan nan nan -1.000000000000e+00 -1.000000e+00 -1.000000000000e+00  -1.000000000000e+00  -1.000000000000e+00  -1.000000000000e+00   -1.000000000000e+00   -1.000000000000e+00   -1.000000000000e+00    -1.000000000000e+00    -1.000000     -1.000000     -0.001000     -0.001000     -1.000000     -0.001000     -0.001000     -0.000001     -0.001000     -0.001000     -1.000000     -1.000000     -1.000000 
314 10 13 105.000000 0.540000 -1.000000 -1.000000 -1.000000 -1.000000 nan nan nan nan -1.000000000000e+00 -1.000000e+00 -1.000000000000e+00  -1.000000000000e+00  -1.000000000000e+00  -1.000000000000e+00   -1.000000000000e+00   -1.000000000000e+00   -1.000000000000e+00    -1.000000000000e+00    -1.000000     -1.000000     -0.001000     -0.001000     -1.000000     -0.001000     -0.001000     -0.000001     -0.001000     -0.001000     -1.000000     -1.000000     -1.000000 
315 10 14 105.000000 0.580000 -1.000000 -1.000000 -1.000000 -1.000000 nan nan nan nan -1.000000000000e+00 -1.000000e+00 -1.000000000000e+00  -1.000000000000e+00  -1.000000000000e+00  -1.000000000000e+00   -1.000000000000e+00   -1.000000000000e+00   -1.000000000000e+00    -1.000000000000e+00    -1.000000     -1.000000     -0.001000     -0.001000     -1.000000     -0.001000     -0.001000     -0.000001     -0.001000     -0.001000     -1.000000     -1.000000     -1.000000 
316 10 15 105.000000 0.620000 -1.000000 -1.000000 -1.000000 -1.000000 nan nan nan nan -1.000000000000e+00 -1.000000e+00 -1.000000000000e+00  -1.000000000000e+00  -1.000000000000e+00  -1.000000000000e+00   -1.000000000000e+00   -1.000000000000e+00   -1.000000000000e+00    -1.000000000000e+00    -1.000000     -1.000000     -0.001000     -0.001000     -1.000000     -0.001000     -0.001000     -0.000001     -0.001000     -0.001000     -1.000000     -1.000000     -1.000000 
317 10 16 105.000000 0.660000 -1.000000 -1.000000 -1.000000 -1.000000 nan nan nan nan -1.000000000000e+00 -1.000000e+00 -1.000000000000e+00  -1.000000000000e+00  -1.000000000000e+00  -1.000000000000e+00   -1.000000000000e+00   -1.000000000000e+00   -1.000000000000e+00    -1.000000000000e+00    -1.000000     -1.000000     -0.001000     -0.001000     -1.000000     -0.001000     -0.001000     -0.000001     -0.001000     -0.001000     -1.000000     -1.000000     -1.000000 
318 10 17 105.000000 0.700000 -1.000000 -1.000000 -1.000000 -1.000000 nan nan nan nan -1.000000000000e+00 -1.000000e+00 -1.000000000000e+00  -1.000000000000e+00  -1.000000000000e+00  -1.000000000000e+00   -1.000000000000e+00   -1.000000000000e+00   -1.000000000000e+00    -1.000000000000e+00    -1.000000     -1.000000     -0.001000     -0.001000     -1.000000     -0.001000     -0.001000     -0.000001     -0.001000     -0.001000     -1.000000     -1.000000     -1.000000 
319 10 18 105.000000 0.740000 -1.000000 -1.000000 -1.000000 -1.000000 nan nan nan nan -1.000000000000e+00 -1.000000e+00 -1.000000000000e+00  -1.000000000000e+00  -1.000000000000e+00  -1.000000000000e+00   -1.000000000000e+00   -1.000000000000e+00   -1.000000000000e+00    -1.000000000000e+00    -1.000000     -1.000000     -0.001000     -0.001000     -1.000000     -0.001000     -0.001000     -0.000001     -0.001000     -0.001000     -1.000000     -1.000000     -1.000000 
320 10 19 105.000000 0.780000 -1.000000 -1.000000 -1.000000 -1.000000 nan nan nan nan -1.000000000000e+00 -1.000000e+00 -1.000000000000e+00  -1.000000000000e+00  -1.000000000000e+00  -1.000000000000e+00   -1.000000000000e+00   -1.000000000000e+00   -1.000000000000e+00    -1.000000000000e+00    -1.000000     -1.000000     -0.001000     -0.001000     -1.000000     -0.001000     -0.001000     -0.000001     -0.001000     -0.001000     -1.000000     -1.000000     -1.000000 
321 10 20 105.000000 0.820000 -1.000000 -1.000000 -1.000000 -1.000000 nan nan nan nan -1.000000000000e+00 -1.000000e+00 -1.000000000000e+00  -1.000000000000e+00  -1.000000000000e+00  -1.000000000000e+00   -1.000000000000e+00   -1.000000000000e+00   -1.000000000000e+00    -1.000000000000e+00    -1.000000     -1.000000     -0.001000     -0.001000     -1.000000     -0.001000     -0.001000     -0.000001     -0.001000     -0.001000     -1.000000     -1.000000     -1.000000 
322 10 21 105.000000 0.860000 -1.000000 -1.000000 -1.000000 -1.000000 nan nan nan nan -1.000000000000e+00 -1.000000e+00 -1.000000000000e+00  -1.000000000000e+00  -1.000000000000e+00  -1.000000000000e+00   -1.000000000000e+00   -1.000000000000e+00   -1.000000000000e+00    -1.000000000000e+00    -1.000000     -1.000000     -0.001000     -0.001000     -1.000000     -0.001000     -0.001000     -0.000001     -0.001000     -0.001000     -1.000000     -1.000000     -1.000000 
323 10 22 105.000000 0.900000 -1.000000 -1.000000 -1.000000 -1.000000 nan nan nan nan -1.000000000000e+00 -1.000000e+00 -1.000000000000e+00  -1.000000000000e+00  -1.000000000000e+00  -1.000000000000e+00   -1.000000000000e+00   -1.000000000000e+00   -1.000000000000e+00    -1.000000000000e+00    -1.000000     -1.000000     -0.001000     -0.001000     -1.000000     -0.001000     -0.001000     -0.000001     -0.001000     -0.001000     -1.000000     -1.000000     -1.000000 
324 10 23 105.000000 0.940000 -1.000000 -1.000000 -1.000000 -1.000000 nan nan nan nan -1.000000000000e+00 -1.000000e+00 -1.000000000000e+00  -1.000000000000e+00  -1.000000000000e+00  -1.000000000000e+00   -1.000000000000e+00   -1.000000000000e+00   -1.000000000000e+00    -1.000000000000e+00    -1.000000     -1.000000     -0.001000     -0.001000     -1.000000     -0.001000     -0.001000     -0.000001     -0.001000     -0.001000     -1.000000     -1.000000     -1.000000 
325 10 24 105.000000 0.980000 -1.000000 -1.000000 -1.000000 -1.000000 nan nan nan nan -1.000000000000e+00 -1.000000e+00 -1.000000000000e+00  -1.000000000000e+00  -1.000000000000e+00  -1.000000000000e+00   -1.000000000000e+00   -1.000000000000e+00   -1.000000000000e+00    -1.000000000000e+00    -1.000000     -1.000000     -0.001000     -0.001000     -1.000000     -0.001000     -0.001000     -0.000001     -0.001000     -0.001000     -1.000000     -1.000000     -1.000000 
326 10 25 105.000000 1.020000 -1.000000 -1.000000 -1.000000 -1.000000 nan nan nan nan -1.000000000000e+00 -1.000000e+00 -1.000000000000e+00  -1.000000000000e+00  -1.000000000000e+00  -1.000000000000e+00   -1.000000000000e+00   -1.000000000000e+00   -1.000000000000e+00    -1.000000000000e+00    -1.000000     -1.000000     -0.001000     -0.001000     -1.000000     -0.001000     -0.001000     -0.000001     -0.001000     -0.001000     -1.000000     -1.000000     -1.000000 
327 10 26 105.000000 1.060000 -1.000000 -1.000000 -1.000000 -1.000000 nan nan nan nan -1.000000000000e+00 -1.000000e+00 -1.000000000000e+00  -1.000000000000e+00  -1.000000000000e+00  -1.000000000000e+00   -1.000000000000e+00   -1.000000000000e+00   -1.000000000000e+00    -1.000000000000e+00    -1.000000     -1.000000     -0.001000     -0.001000     -1.000000     -0.001000     -0.001000     -0.000001     -0.001000     -0.001000     -1.000000     -1.000000     -1.000000 
328 10 27 105.000000 1.100000 -1.000000 -1.000000 -1.000000 -1.000000 nan nan nan nan -1.000000000000e+00 -1.000000e+00 -1.000000000000e+00  -1.000000000000e+00  -1.000000000000e+00  -1.000000000000e+00   -1.000000000000e+00   -1.000000000000e+00   -1.000000000000e+00    -1.000000000000e+00    -1.000000     -1.000000     -0.001000     -0.001000     -1.000000     -0.001000     -0.001000     -0.000001     -0.001000     -0.001000     -1.000000     -1.000000     -1.000000 
329 10 28 105.000000 1.140000 -1.000000 -1.000000 -1.000000 -1.000000 nan nan nan nan -1.000000000000e+00 -1.000000e+00 -1.000000000000e+00  -1.000000000000e+00  -1.000000000000e+00  -1.000000000000e+00   -1.000000000000e+00   -1.000000000000e+00   -1.000000000000e+00    -1.000000000000e+00    -1.000000     -1.000000     -0.001000     -0.001000     -1.000000     -0.001000     -0.001000     -0.000001     -0.001000     -0.001000     -1.000000     -1.000000     -1.000000 
330 10 29 105.000000 1.180000 -1.000000 -1.000000 -1.000000 -1.000000 nan nan nan nan -1.000000000000e+00 -1.000000e+00 -1.000000000000e+00  -1.000000000000e+00  -1.000000000000e+00  -1.000000000000e+00   -1.000000000000e+00   -1.000000000000e+00   -1.000000000000e+00    -1.000000000000e+00    -1.000000     -1.000000     -0.001000     -0.001000     -1.000000     -0.001000     -0.001000     -0.000001     -0.001000     -0.001000     -1.000000     -1.000000     -1.000000 
331 11 0 115.000000 0.020000 -1.000000 -1.000000 -1.000000 -1.000000 nan nan nan nan -1.000000000000e+00 -1.000000e+00 -1.000000000000e+00  -1.000000000000e+00  -1.000000000000e+00  -1.000000000000e+00   -1.000000000000e+00   -1.000000000000e+00   -1.000000000000e+00    -1.000000000000e+00    -1.000000     -1.000000     -0.001000     -0.001000     -1.000000     -0.001000     -0.001000     -0.000001     -0.001000     -0.001000     -1.000000     -1.000000     -1.000000 
332 11 1 115.000000 0.060000 -1.000000 -1.000000 -1.000000 -1.000000 nan nan nan nan -1.000000000000e+00 -1.000000e+00 -1.000000000000e+00  -1.000000000000e+00  -1.000000000000e+00  -1.000000000000e+00   -1.000000000000e+00   -1.000000000000e+00   -1.000000000000e+00    -1.000000000000e+00    -1.000000     -1.000000     -0.001000     -0.001000     -1.000000     -0.001000     -0.001000     -0.000001     -0.001000     -0.001000     -1.000000     -1.000000     -1.000000 
333 11 2 115.000000 0.100000 -1.000000 -1.000000 -1.000000 -1.000000 nan nan nan nan -1.000000000000e+00 -1.000000e+00 -1.000000000000e+00  -1.000000000000e+00  -1.000000000000e+00  -1.000000000000e+00   -1.000000000000e+00   -1.000000000000e+00   -1.000000000000e+00    -1.000000000000e+00    -1.000000     -1.000000     -0.001000     -0.001000     -1.000000     -0.001000     -0.001000     -0.000001     -0.001000     -0.001000     -1.000000     -1.000000     -1.000000 
334 11 3 115.000000 0.140000 -1.000000 -1.000000 -1.000000 -1.000000 nan nan nan nan -1.000000000000e+00 -1.000000e+00 -1.000000000000e+00  -1.000000000000e+00  -1.000000000000e+00  -1.000000000000e+00   -1.000000000000e+00   -1.000000000000e+00   -1.000000000000e+00    -1.000000000000e+00    -1.000000     -1.000000     -0.001000     -0.001000     -1.000000     -0.001000     -0.001000     -0.000001     -0.001000     -0.001000     -1.000000     -1.000000     -1.000000 
335 11 4 115.000000 0.180000 -1.000000 -1.000000 -1.000000 -1.000000 nan nan nan nan -1.000000000000e+00 -1.000000e+00 -1.000000000000e+00  -1.000000000000e+00  -1.000000000000e+00  -1.000000000000e+00   -1.000000000000e+00   -1.000000000000e+00   -1.000000000000e+00    -1.000000000000e+00    -1.000000     -1.000000     -0.001000     -0.001000     -1.000000     -0.001000     -0.001000     -0.000001     -0.001000     -0.001000     -1.000000     -1.000000     -1.000000 
336 11 5 115.000000 0.220000 -1.000000 -1.000000 -1.000000 -1.000000 nan nan nan nan -1.000000000000e+00 -1.000000e+00 -1.000000000000e+00  -1.000000000000e+00  -1.000000000000e+00  -1.000000000000e+00   -1.000000000000e+00   -1.000000000000e+00   -1.000000000000e+00    -1.000000000000e+00    -1.000000     -1.000000     -0.001000     -0.001000     -1.000000     -0.001000     -0.001000     -0.000001     -0.001000     -0.001000     -1.000000     -1.000000     -1.000000 
337 11 6 115.000000 0.260000 -1.000000 -1.000000 -1.000000 -1.000000 nan nan nan nan -1.000000000000e+00 -1.000000e+00 -1.000000000000e+00  -1.000000000000e+00  -1.000000000000e+00  -1.000000000000e+00   -1.000000000000e+00   -1.000000000000e+00   -1.000000000000e+00    -1.000000000000e+00    -1.000000     -1.000000     -0.001000     -0.001000     -1.000000     -0.001000     -0.001000     -0.000001     -0.001000     -0.001000     -1.000000     -1.000000     -1.000000 
338 11 7 115.000000 0.300000 -1.000000 -1.000000 -1.000000 -1.000000 nan nan nan nan -1.000000000000e+00 -1.000000e+00 -1.000000000000e+00  -1.000000000000e+00  -1.000000000000e+00  -1.000000000000e+00   -1.000000000000e+00   -1.000000000000e+00   -1.000000000000e+00    -1.000000000000e+00    -1.000000     -1.000000     -0.001000     -0.001000     -1.000000     -0.001000     -0.001000     -0.000001     -0.001000     -0.001000     -1.000000     -1.000000     -1.000000 
339 11 8 115.000000 0.340000 -1.000000 -1.000000 -1.000000 -1.000000 nan nan nan nan -1.000000000000e+00 -1.000000e+00 -1.000000000000e+00  -1.000000000000e+00  -1.000000000000e+00  -1.000000000000e+00   -1.000000000000e+00   -1.000000000000e+00   -1.000000000000e+00    -1.000000000000e+00    -1.000000     -1.000000     -0.001000     -0.001000     -1.000000     -0.001000     -0.001000     -0.000001     -0.001000     -0.001000     -1.000000     -1.000000     -1.000000 
340 11 9 115.000000 0.380000 -1.000000 -1.000000 -1.000000 -1.000000 nan nan nan nan -1.000000000000e+00 -1.000000e+00 -1.000000000000e+00  -1.000000000000e+00  -1.000000000000e+00  -1.000000000000e+00   -1.000000000000e+00   -1.000000000000e+00   -1.000000000000e+00    -1.000000000000e+00    -1.000000     -1.000000     -0.001000     -0.001000     -1.000000     -0.001000     -0.001000     -0.000001     -0.001000     -0.001000     -1.000000     -1.000000     -1.000000 
341 11 10 115.000000 0.420000 -1.000000 -1.000000 -1.000000 -1.000000 nan nan nan nan -1.000000000000e+00 -1.000000e+00 -1.000000000000e+00  -1.000000000000e+00  -1.000000000000e+00  -1.000000000000e+00   -1.000000000000e+00   -1.000000000000e+00   -1.000000000000e+00    -1.000000000000e+00    -1.000000     -1.000000     -0.001000     -0.001000     -1.000000     -0.001000     -0.001000     -0.000001     -0.001000     -0.001000     -1.000000     -1.000000     -1.000000 
342 11 11 115.000000 0.460000 -1.000000 -1.000000 -1.000000 -1.000000 nan nan nan nan -1.000000000000e+00 -1.000000e+00 -1.000000000000e+00  -1.000000000000e+00  -1.000000000000e+00  -1.000000000000e+00   -1.000000000000e+00   -1.000000000000e+00   -1.000000000000e+00    -1.000000000000e+00    -1.000000     -1.000000     -0.001000     -0.001000     -1.000000     -0.001000     -0.001000     -0.000001     -0.001000     -0.001000     -1.000000     -1.000000     -1.000000 
343 11 12 115.000000 0.500000 -1.000000 -1.000000 -1.000000 -1.000000 nan nan nan nan -1.000000000000e+00 -1.000000e+00 -1.000000000000e+00  -1.000000000000e+00  -1.000000000000e+00  -1.000000000000e+00   -1.000000000000e+00   -1.000000000000e+00   -1.000000000000e+00    -1.000000000000e+00    -1.000000     -1.000000     -0.001000     -0.001000     -1.000000     -0.001000     -0.001000     -0.000001     -0.001000     -0.001000     -1.000000     -1.000000     -1.000000 
344 11 13 115.000000 0.540000 -1.000000 -1.000000 -1.000000 -1.000000 nan nan nan nan -1.000000000000e+00 -1.000000e+00 -1.000000000000e+00  -1.000000000000e+00  -1.000000000000e+00  -1.000000000000e+00   -1.000000000000e+00   -1.000000000000e+00   -1.000000000000e+00    -1.000000000000e+00    -1.000000     -1.000000     -0.001000     -0.001000     -1.000000     -0.001000     -0.001000     -0.000001     -0.001000     -0.001000     -1.000000     -1.000000     -1.000000 
345 11 14 115.000000 0.580000 -1.000000 -1.000000 -1.000000 -1.000000 nan nan nan nan -1.000000000000e+00 -1.000000e+00 -1.000000000000e+00  -1.000000000000e+00  -1.000000000000e+00  -1.000000000000e+00   -1.000000000000e+00   -1.000000000000e+00   -1.000000000000e+00    -1.000000000000e+00    -1.000000     -1.000000     -0.001000     -0.001000     -1.000000     -0.001000     -0.001000     -0.000001     -0.001000     -0.001000     -1.000000     -1.000000     -1.000000 
346 11 15 115.000000 0.620000 -1.000000 -1.000000 -1.000000 -1.000000 nan nan nan nan -1.000000000000e+00 -1.000000e+00 -1.000000000000e+00  -1.000000000000e+00  -1.000000000000e+00  -1.000000000000e+00   -1.000000000000e+00   -1.000000000000e+00   -1.000000000000e+00    -1.000000000000e+00    -1.000000     -1.000000     -0.001000     -0.001000     -1.000000     -0.001000     -0.001000     -0.000001     -0.001000     -0.001000     -1.000000     -1.000000     -1.000000 
347 11 16 115.000000 0.660000 -1.000000 -1.000000 -1.000000 -1.000000 nan nan nan nan -1.000000000000e+00 -1.000000e+00 -1.000000000000e+00  -1.000000000000e+00  -1.000000000000e+00  -1.000000000000e+00   -1.000000000000e+00   -1.000000000000e+00   -1.000000000000e+00    -1.000000000000e+00    -1.000000     -1.000000     -0.001000     -0.001000     -1.000000     -0.001000     -0.001000     -0.000001     -0.001000     -0.001000     -1.000000     -1.000000     -1.000000 
348 11 17 115.000000 0.700000 -1.000000 -1.000000 -1.000000 -1.000000 nan nan nan nan -1.000000000000e+00 -1.000000e+00 -1.000000000000e+00  -1.000000000000e+00  -1.000000000000e+00  -1.000000000000e+00   -1.000000000000e+00   -1.000000000000e+00   -1.000000000000e+00    -1.000000000000e+00    -1.000000     -1.000000     -0.001000     -0.001000     -1.000000     -0.001000     -0.001000     -0.000001     -0.001000     -0.001000     -1.000000     -1.000000     -1.000000 
349 11 18 115.000000 0.740000 -1.000000 -1.000000 -1.000000 -1.000000 nan nan nan nan -1.000000000000e+00 -1.000000e+00 -1.000000000000e+00  -1.000000000000e+00  -1.000000000000e+00  -1.000000000000e+00   -1.000000000000e+00   -1.000000000000e+00   -1.000000000000e+00    -1.000000000000e+00    -1.000000     -1.000000     -0.001000     -0.001000     -1.000000     -0.001000     -0.001000     -0.000001     -0.001000     -0.001000     -1.000000     -1.000000     -1.000000 
350 11 19 115.000000 0.780000 -1.000000 -1.000000 -1.000000 -1.000000 nan nan nan nan -1.000000000000e+00 -1.000000e+00 -1.000000000000e+00  -1.000000000000e+00  -1.000000000000e+00  -1.000000000000e+00   -1.000000000000e+00   -1.000000000000e+00   -1.000000000000e+00    -1.000000000000e+00    -1.000000     -1.000000     -0.001000     -0.001000     -1.000000     -0.001000     -0.001000     -0.000001     -0.001000     -0.001000     -1.000000     -1.000000     -1.000000 
351 11 20 115.000000 0.820000 -1.000000 -1.000000 -1.000000 -1.000000 nan nan nan nan -1.000000000000e+00 -1.000000e+00 -1.000000000000e+00  -1.000000000000e+00  -1.000000000000e+00  -1.000000000000e+00   -1.000000000000e+00   -1.000000000000e+00   -1.000000000000e+00    -1.000000000000e+00    -1.000000     -1.000000     -0.001000     -0.001000     -1.000000     -0.001000     -0.001000     -0.000001     -0.001000     -0.001000     -1.000000     -1.000000     -1.000000 
352 11 21 115.000000 0.860000 -1.000000 -1.000000 -1.000000 -1.000000 nan nan nan nan -1.000000000000e+00 -1.000000e+00 -1.000000000000e+00  -1.000000000000e+00  -1.000000000000e+00  -1.000000000000e+00   -1.000000000000e+00   -1.000000000000e+00   -1.000000000000e+00    -1.000000000000e+00    -1.000000     -1.000000     -0.001000     -0.001000     -1.000000     -0.001000     -0.001000     -0.000001     -0.001000     -0.001000     -1.000000     -1.000000     -1.000000 
353 11 22 115.000000 0.900000 -1.000000 -1.000000 -1.000000 -1.000000 nan nan nan nan -1.000000000000e+00 -1.000000e+00 -1.000000000000e+00  -1.000000000000e+00  -1.000000000000e+00  -1.000000000000e+00   -1.000000000000e+00   -1.000000000000e+00   -1.000000000000e+00    -1.000000000000e+00    -1.000000     -1.000000     -0.001000     -0.001000     -1.000000     -0.001000     -0.001000     -0.000001     -0.001000     -0.001000     -1.000000     -1.000000     -1.000000 
354 11 23 115.000000 0.940000 -1.000000 -1.000000 -1.000000 -1.000000 nan nan nan nan -1.000000000000e+00 -1.000000e+00 -1.000000000000e+00  -1.000000000000e+00  -1.000000000000e+00  -1.000000000000e+00   -1.000000000000e+00   -1.000000000000e+00   -1.000000000000e+00    -1.000000000000e+00    -1.000000     -1.000000     -0.001000     -0.001000     -1.000000     -0.001000     -0.001000     -0.000001     -0.001000     -0.001000     -1.000000     -1.000000     -1.000000 
355 11 24 115.000000 0.980000 -1.000000 -1.000000 -1.000000 -1.000000 nan nan nan nan -1.000000000000e+00 -1.000000e+00 -1.000000000000e+00  -1.000000000000e+00  -1.000000000000e+00  -1.000000000000e+00   -1.000000000000e+00   -1.000000000000e+00   -1.000000000000e+00    -1.000000000000e+00    -1.000000     -1.000000     -0.001000     -0.001000     -1.000000     -0.001000     -0.001000     -0.000001     -0.001000     -0.001000     -1.000000     -1.000000     -1.000000 
356 11 25 115.000000 1.020000 -1.000000 -1.000000 -1.000000 -1.000000 nan nan nan nan -1.000000000000e+00 -1.000000e+00 -1.000000000000e+00  -1.000000000000e+00  -1.000000000000e+00  -1.000000000000e+00   -1.000000000000e+00   -1.000000000000e+00   -1.000000000000e+00    -1.000000000000e+00    -1.000000     -1.000000     -0.001000     -0.001000     -1.000000     -0.001000     -0.001000     -0.000001     -0.001000     -0.001000     -1.000000     -1.000000     -1.000000 
357 11 26 115.000000 1.060000 -1.000000 -1.000000 -1.000000 -1.000000 nan nan nan nan -1.000000000000e+00 -1.000000e+00 -1.000000000000e+00  -1.000000000000e+00  -1.000000000000e+00  -1.000000000000e+00   -1.000000000000e+00   -1.000000000000e+00   -1.000000000000e+00    -1.000000000000e+00    -1.000000     -1.000000     -0.001000     -0.001000     -1.000000     -0.001000     -0.001000     -0.000001     -0.001000     -0.001000     -1.000000     -1.000000     -1.000000 
358 11 27 115.000000 1.100000 -1.000000 -1.000000 -1.000000 -1.000000 nan nan nan nan -1.000000000000e+00 -1.000000e+00 -1.000000000000e+00  -1.000000000000e+00  -1.000000000000e+00  -1.000000000000e+00   -1.000000000000e+00   -1.000000000000e+00   -1.000000000000e+00    -1.000000000000e+00    -1.000000     -1.000000     -0.001000     -0.001000     -1.000000     -0.001000     -0.001000     -0.000001     -0.001000     -0.001000     -1.000000     -1.000000     -1.000000 
359 11 28 115.000000 1.140000 -1.000000 -1.000000 -1.000000 -1.000000 nan nan nan nan -1.000000000000e+00 -1.000000e+00 -1.000000000000e+00  -1.000000000000e+00  -1.000000000000e+00  -1.000000000000e+00   -1.000000000000e+00   -1.000000000000e+00   -1.000000000000e+00    -1.000000000000e+00    -1.000000     -1.000000     -0.001000     -0.001000     -1.000000     -0.001000     -0.001000     -0.000001     -0.001000     -0.001000     -1.000000     -1.000000     -1.000000 
360 11 29 115.000000 1.180000 -1.000000 -1.000000 -1.000000 -1.000000 nan nan nan nan -1.000000000000e+00 -1.000000e+00 -1.000000000000e+00  -1.000000000000e+00  -1.000000000000e+00  -1.000000000000e+00   -1.000000000000e+00   -1.000000000000e+00   -1.000000000000e+00    -1.000000000000e+00    -1.000000     -1.000000     -0.001000     -0.001000     -1.000000     -0.001000     -0.001000     -0.000001     -0.001000     -0.001000     -1.000000     -1.000000     -1.000000 
361 12 0 125.000000 0.020000 -1.000000 -1.000000 -1.000000 -1.000000 nan nan nan nan -1.000000000000e+00 -1.000000e+00 -1.000000000000e+00  -1.000000000000e+00  -1.000000000000e+00  -1.000000000000e+00   -1.000000000000e+00   -1.000000000000e+00   -1.000000000000e+00    -1.000000000000e+00    -1.000000     -1.000000     -0.001000     -0.001000     -1.000000     -0.001000     -0.001000     -0.000001     -0.001000     -0.001000     -1.000000     -1.000000     -1.000000 
362 12 1 125.000000 0.060000 -1.000000 -1.000000 -1.000000 -1.000000 nan nan nan nan -1.000000000000e+00 -1.000000e+00 -1.000000000000e+00  -1.000000000000e+00  -1.000000000000e+00  -1.000000000000e+00   -1.000000000000e+00   -1.000000000000e+00   -1.000000000000e+00    -1.000000000000e+00    -1.000000     -1.000000     -0.001000     -0.001000     -1.000000     -0.001000     -0.001000     -0.000001     -0.001000     -0.001000     -1.000000     -1.000000     -1.000000 
363 12 2 125.000000 0.100000 -1.000000 -1.000000 -1.000000 -1.000000 nan nan nan nan -1.000000000000e+00 -1.000000e+00 -1.000000000000e+00  -1.000000000000e+00  -1.000000000000e+00  -1.000000000000e+00   -1.000000000000e+00   -1.000000000000e+00   -1.000000000000e+00    -1.000000000000e+00    -1.000000     -1.000000     -0.001000     -0.001000     -1.000000     -0.001000     -0.001000     -0.000001     -0.001000     -0.001000     -1.000000     -1.000000     -1.000000 
364 12 3 125.000000 0.140000 -1.000000 -1.000000 -1.000000 -1.000000 nan nan nan nan -1.000000000000e+00 -1.000000e+00 -1.000000000000e+00  -1.000000000000e+00  -1.000000000000e+00  -1.000000000000e+00   -1.000000000000e+00   -1.000000000000e+00   -1.000000000000e+00    -1.000000000000e+00    -1.000000     -1.000000     -0.001000     -0.001000     -1.000000     -0.001000     -0.001000     -0.000001     -0.001000     -0.001000     -1.000000     -1.000000     -1.000000 
365 12 4 125.000000 0.180000 -1.000000 -1.000000 -1.000000 -1.000000 nan nan nan nan -1.000000000000e+00 -1.000000e+00 -1.000000000000e+00  -1.000000000000e+00  -1.000000000000e+00  -1.000000000000e+00   -1.000000000000e+00   -1.000000000000e+00   -1.000000000000e+00    -1.000000000000e+00    -1.000000     -1.000000     -0.001000     -0.001000     -1.000000     -0.001000     -0.001000     -0.000001     -0.001000     -0.001000     -1.000000     -1.000000     -1.000000 
366 12 5 125.000000 0.220000 -1.000000 -1.000000 -1.000000 -1.000000 nan nan nan nan -1.000000000000e+00 -1.000000e+00 -1.000000000000e+00  -1.000000000000e+00  -1.000000000000e+00  -1.000000000000e+00   -1.000000000000e+00   -1.000000000000e+00   -1.000000000000e+00    -1.000000000000e+00    -1.000000     -1.000000     -0.001000     -0.001000     -1.000000     -0.001000     -0.001000     -0.000001     -0.001000     -0.001000     -1.000000     -1.000000     -1.000000 
367 12 6 125.000000 0.260000 -1.000000 -1.000000 -1.000000 -1.000000 nan nan nan nan -1.000000000000e+00 -1.000000e+00 -1.000000000000e+00  -1.000000000000e+00  -1.000000000000e+00  -1.000000000000e+00   -1.000000000000e+00   -1.000000000000e+00   -1.000000000000e+00    -1.000000000000e+00    -1.000000     -1.000000     -0.001000     -0.001000     -1.000000     -0.001000     -0.001000     -0.000001     -0.001000     -0.001000     -1.000000     -1.000000     -1.000000 
368 12 7 125.000000 0.300000 -1.000000 -1.000000 -1.000000 -1.000000 nan nan nan nan -1.000000000000e+00 -1.000000e+00 -1.000000000000e+00  -1.000000000000e+00  -1.000000000000e+00  -1.000000000000e+00   -1.000000000000e+00   -1.000000000000e+00   -1.000000000000e+00    -1.000000000000e+00    -1.000000     -1.000000     -0.001000     -0.001000     -1.000000     -0.001000     -0.001000     -0.000001     -0.001000     -0.001000     -1.000000     -1.000000     -1.000000 
369 12 8 125.000000 0.340000 -1.000000 -1.000000 -1.000000 -1.000000 nan nan nan nan -1.000000000000e+00 -1.000000e+00 -1.000000000000e+00  -1.000000000000e+00  -1.000000000000e+00  -1.000000000000e+00   -1.000000000000e+00   -1.000000000000e+00   -1.000000000000e+00    -1.000000000000e+00    -1.000000     -1.000000     -0.001000     -0.001000     -1.000000     -0.001000     -0.001000     -0.000001     -0.001000     -0.001000     -1.000000     -1.000000     -1.000000 
370 12 9 125.000000 0.380000 -1.000000 -1.000000 -1.000000 -1.000000 nan nan nan nan -1.000000000000e+00 -1.000000e+00 -1.000000000000e+00  -1.000000000000e+00  -1.000000000000e+00  -1.000000000000e+00   -1.000000000000e+00   -1.000000000000e+00   -1.000000000000e+00    -1.000000000000e+00    -1.000000     -1.000000     -0.001000     -0.001000     -1.000000     -0.001000     -0.001000     -0.000001     -0.001000     -0.001000     -1.000000     -1.000000     -1.000000 
371 12 10 125.000000 0.420000 -1.000000 -1.000000 -1.000000 -1.000000 nan nan nan nan -1.000000000000e+00 -1.000000e+00 -1.000000000000e+00  -1.000000000000e+00  -1.000000000000e+00  -1.000000000000e+00   -1.000000000000e+00   -1.000000000000e+00   -1.000000000000e+00    -1.000000000000e+00    -1.000000     -1.000000     -0.001000     -0.001000     -1.000000     -0.001000     -0.001000     -0.000001     -0.001000     -0.001000     -1.000000     -1.000000     -1.000000 
372 12 11 125.000000 0.460000 -1.000000 -1.000000 -1.000000 -1.000000 nan nan nan nan -1.000000000000e+00 -1.000000e+00 -1.000000000000e+00  -1.000000000000e+00  -1.000000000000e+00  -1.000000000000e+00   -1.000000000000e+00   -1.000000000000e+00   -1.000000000000e+00    -1.000000000000e+00    -1.000000     -1.000000     -0.001000     -0.001000     -1.000000     -0.001000     -0.001000     -0.000001     -0.001000     -0.001000     -1.000000     -1.000000     -1.000000 
373 12 12 125.000000 0.500000 -1.000000 -1.000000 -1.000000 -1.000000 nan nan nan nan -1.000000000000e+00 -1.000000e+00 -1.000000000000e+00  -1.000000000000e+00  -1.000000000000e+00  -1.000000000000e+00   -1.000000000000e+00   -1.000000000000e+00   -1.000000000000e+00    -1.000000000000e+00    -1.000000     -1.000000     -0.001000     -0.001000     -1.000000     -0.001000     -0.001000     -0.000001     -0.001000     -0.001000     -1.000000     -1.000000     -1.000000 
374 12 13 125.000000 0.540000 -1.000000 -1.000000 -1.000000 -1.000000 nan nan nan nan -1.000000000000e+00 -1.000000e+00 -1.000000000000e+00  -1.000000000000e+00  -1.000000000000e+00  -1.000000000000e+00   -1.000000000000e+00   -1.000000000000e+00   -1.000000000000e+00    -1.000000000000e+00    -1.000000     -1.000000     -0.001000     -0.001000     -1.000000     -0.001000     -0.001000     -0.000001     -0.001000     -0.001000     -1.000000     -1.000000     -1.000000 
375 12 14 125.000000 0.580000 -1.000000 -1.000000 -1.000000 -1.000000 nan nan nan nan -1.000000000000e+00 -1.000000e+00 -1.000000000000e+00  -1.000000000000e+00  -1.000000000000e+00  -1.000000000000e+00   -1.000000000000e+00   -1.000000000000e+00   -1.000000000000e+00    -1.000000000000e+00    -1.000000     -1.000000     -0.001000     -0.001000     -1.000000     -0.001000     -0.001000     -0.000001     -0.001000     -0.001000     -1.000000     -1.000000     -1.000000 
376 12 15 125.000000 0.620000 -1.000000 -1.000000 -1.000000 -1.000000 nan nan nan nan -1.000000000000e+00 -1.000000e+00 -1.000000000000e+00  -1.000000000000e+00  -1.000000000000e+00  -1.000000000000e+00   -1.000000000000e+00   -1.000000000000e+00   -1.000000000000e+00    -1.000000000000e+00    -1.000000     -1.000000     -0.001000     -0.001000     -1.000000     -0.001000     -0.001000     -0.000001     -0.001000     -0.001000     -1.000000     -1.000000     -1.000000 
377 12 16 125.000000 0.660000 -1.000000 -1.000000 -1.000000 -1.000000 nan nan nan nan -1.000000000000e+00 -1.000000e+00 -1.000000000000e+00  -1.000000000000e+00  -1.000000000000e+00  -1.000000000000e+00   -1.000000000000e+00   -1.000000000000e+00   -1.000000000000e+00    -1.000000000000e+00    -1.000000     -1.000000     -0.001000     -0.001000     -1.000000     -0.001000     -0.001000     -0.000001     -0.001000     -0.001000     -1.000000     -1.000000     -1.000000 
378 12 17 125.000000 0.700000 -1.000000 -1.000000 -1.000000 -1.000000 nan nan nan nan -1.000000000000e+00 -1.000000e+00 -1.000000000000e+00  -1.000000000000e+00  -1.000000000000e+00  -1.000000000000e+00   -1.000000000000e+00   -1.000000000000e+00   -1.000000000000e+00    -1.000000000000e+00    -1.000000     -1.000000     -0.001000     -0.001000     -1.000000     -0.001000     -0.001000     -0.000001     -0.001000     -0.001000     -1.000000     -1.000000     -1.000000 
379 12 18 125.000000 0.740000 -1.000000 -1.000000 -1.000000 -1.000000 nan nan nan nan -1.000000000000e+00 -1.000000e+00 -1.000000000000e+00  -1.000000000000e+00  -1.000000000000e+00  -1.000000000000e+00   -1.000000000000e+00   -1.000000000000e+00   -1.000000000000e+00    -1.000000000000e+00    -1.000000     -1.000000     -0.001000     -0.001000     -1.000000     -0.001000     -0.001000     -0.000001     -0.001000     -0.001000     -1.000000     -1.000000     -1.000000 
380 12 19 125.000000 0.780000 -1.000000 -1.000000 -1.000000 -1.000000 nan nan nan nan -1.000000000000e+00 -1.000000e+00 -1.000000000000e+00  -1.000000000000e+00  -1.000000000000e+00  -1.000000000000e+00   -1.000000000000e+00   -1.000000000000e+00   -1.000000000000e+00    -1.000000000000e+00    -1.000000     -1.000000     -0.001000     -0.001000     -1.000000     -0.001000     -0.001000     -0.000001     -0.001000     -0.001000     -1.000000     -1.000000     -1.000000 
381 12 20 125.000000 0.820000 -1.000000 -1.000000 -1.000000 -1.000000 nan nan nan nan -1.000000000000e+00 -1.000000e+00 -1.000000000000e+00  -1.000000000000e+00  -1.000000000000e+00  -1.000000000000e+00   -1.000000000000e+00   -1.000000000000e+00   -1.000000000000e+00    -1.000000000000e+00    -1.000000     -1.000000     -0.001000     -0.001000     -1.000000     -0.001000     -0.001000     -0.000001     -0.001000     -0.001000     -1.000000     -1.000000     -1.000000 
382 12 21 125.000000 0.860000 -1.000000 -1.000000 -1.000000 -1.000000 nan nan nan nan -1.000000000000e+00 -1.000000e+00 -1.000000000000e+00  -1.000000000000e+00  -1.000000000000e+00  -1.000000000000e+00   -1.000000000000e+00   -1.000000000000e+00   -1.000000000000e+00    -1.000000000000e+00    -1.000000     -1.000000     -0.001000     -0.001000     -1.000000     -0.001000     -0.001000     -0.000001     -0.001000     -0.001000     -1.000000     -1.000000     -1.000000 
383 12 22 125.000000 0.900000 -1.000000 -1.000000 -1.000000 -1.000000 nan nan nan nan -1.000000000000e+00 -1.000000e+00 -1.000000000000e+00  -1.000000000000e+00  -1.000000000000e+00  -1.000000000000e+00   -1.000000000000e+00   -1.000000000000e+00   -1.000000000000e+00    -1.000000000000e+00    -1.000000     -1.000000     -0.001000     -0.001000     -1.000000     -0.001000     -0.001000     -0.000001     -0.001000     -0.001000     -1.000000     -1.000000     -1.000000 
384 12 23 125.000000 0.940000 -1.000000 -1.000000 -1.000000 -1.000000 nan nan nan nan -1.000000000000e+00 -1.000000e+00 -1.000000000000e+00  -1.000000000000e+00  -1.000000000000e+00  -1.000000000000e+00   -1.000000000000e+00   -1.000000000000e+00   -1.000000000000e+00    -1.000000000000e+00    -1.000000     -1.000000     -0.001000     -0.001000     -1.000000     -0.001000     -0.001000     -0.000001     -0.001000     -0.001000     -1.000000     -1.000000     -1.000000 
385 12 24 125.000000 0.980000 -1.000000 -1.000000 -1.000000 -1.000000 nan nan nan nan -1.000000000000e+00 -1.000000e+00 -1.000000000000e+00  -1.000000000000e+00  -1.000000000000e+00  -1.000000000000e+00   -1.000000000000e+00   -1.000000000000e+00   -1.000000000000e+00    -1.000000000000e+00    -1.000000     -1.000000     -0.001000     -0.001000     -1.000000     -0.001000     -0.001000     -0.000001     -0.001000     -0.001000     -1.000000     -1.000000     -1.000000 
386 12 25 125.000000 1.020000 -1.000000 -1.000000 -1.000000 -1.000000 nan nan nan nan -1.000000000000e+00 -1.000000e+00 -1.000000000000e+00  -1.000000000000e+00  -1.000000000000e+00  -1.000000000000e+00   -1.000000000000e+00   -1.000000000000e+00   -1.000000000000e+00    -1.000000000000e+00    -1.000000     -1.000000     -0.001000     -0.001000     -1.000000     -0.001000     -0.001000     -0.000001     -0.001000     -0.001000     -1.000000     -1.000000     -1.000000 
387 12 26 125.000000 1.060000 -1.000000 -1.000000 -1.000000 -1.000000 nan nan nan nan -1.000000000000e+00 -1.000000e+00 -1.000000000000e+00  -1.000000000000e+00  -1.000000000000e+00  -1.000000000000e+00   -1.000000000000e+00   -1.000000000000e+00   -1.000000000000e+00    -1.000000000000e+00    -1.000000     -1.000000     -0.001000     -0.001000     -1.000000     -0.001000     -0.001000     -0.000001     -0.001000     -0.001000     -1.000000     -1.000000     -1.000000 
388 12 27 125.000000 1.100000 -1.000000 -1.000000 -1.000000 -1.000000 nan nan nan nan -1.000000000000e+00 -1.000000e+00 -1.000000000000e+00  -1.000000000000e+00  -1.000000000000e+00  -1.000000000000e+00   -1.000000000000e+00   -1.000000000000e+00   -1.000000000000e+00    -1.000000000000e+00    -1.000000     -1.000000     -0.001000     -0.001000     -1.000000     -0.001000     -0.001000     -0.000001     -0.001000     -0.001000     -1.000000     -1.000000     -1.000000 
389 12 28 125.000000 1.140000 -1.000000 -1.000000 -1.000000 -1.000000 nan nan nan nan -1.000000000000e+00 -1.000000e+00 -1.000000000000e+00  -1.000000000000e+00  -1.000000000000e+00  -1.000000000000e+00   -1.000000000000e+00   -1.000000000000e+00   -1.000000000000e+00    -1.000000000000e+00    -1.000000     -1.000000     -0.001000     -0.001000     -1.000000     -0.001000     -0.001000     -0.000001     -0.001000     -0.001000     -1.000000     -1.000000     -1.000000 
390 12 29 125.000000 1.180000 -1.000000 -1.000000 -1.000000 -1.000000 nan nan nan nan -1.000000000000e+00 -1.000000e+00 -1.000000000000e+00  -1.000000000000e+00  -1.000000000000e+00  -1.000000000000e+00   -1.000000000000e+00   -1.000000000000e+00   -1.000000000000e+00    -1.000000000000e+00    -1.000000     -1.000000     -0.001000     -0.001000     -1.000000     -0.001000     -0.001000     -0.000001     -0.001000     -0.001000     -1.000000     -1.000000     -1.000000 
391 13 0 135.000000 0.020000 -1.000000 -1.000000 -1.000000 -1.000000 nan nan nan nan -1.000000000000e+00 -1.000000e+00 -1.000000000000e+00  -1.000000000000e+00  -1.000000000000e+00  -1.000000000000e+00   -1.000000000000e+00   -1.000000000000e+00   -1.000000000000e+00    -1.000000000000e+00    -1.000000     -1.000000     -0.001000     -0.001000     -1.000000     -0.001000     -0.001000     -0.000001     -0.001000     -0.001000     -1.000000     -1.000000     -1.000000 
392 13 1 135.000000 0.060000 -1.000000 -1.000000 -1.000000 -1.000000 nan nan nan nan -1.000000000000e+00 -1.000000e+00 -1.000000000000e+00  -1.000000000000e+00  -1.000000000000e+00  -1.000000000000e+00   -1.000000000000e+00   -1.000000000000e+00   -1.000000000000e+00    -1.000000000000e+00    -1.000000     -1.000000     -0.001000     -0.001000     -1.000000     -0.001000     -0.001000     -0.000001     -0.001000     -0.001000     -1.000000     -1.000000     -1.000000 
393 13 2 135.000000 0.100000 -1.000000 -1.000000 -1.000000 -1.000000 nan nan nan nan -1.000000000000e+00 -1.000000e+00 -1.000000000000e+00  -1.000000000000e+00  -1.000000000000e+00  -1.000000000000e+00   -1.000000000000e+00   -1.000000000000e+00   -1.000000000000e+00    -1.000000000000e+00    -1.000000     -1.000000     -0.001000     -0.001000     -1.000000     -0.001000     -0.001000     -0.000001     -0.001000     -0.001000     -1.000000     -1.000000     -1.000000 
394 13 3 135.000000 0.140000 -1.000000 -1.000000 -1.000000 -1.000000 nan nan nan nan -1.000000000000e+00 -1.000000e+00 -1.000000000000e+00  -1.000000000000e+00  -1.000000000000e+00  -1.000000000000e+00   -1.000000000000e+00   -1.000000000000e+00   -1.000000000000e+00    -1.000000000000e+00    -1.000000     -1.000000     -0.001000     -0.001000     -1.000000     -0.001000     -0.001000     -0.000001     -0.001000     -0.001000     -1.000000     -1.000000     -1.000000 
395 13 4 135.000000 0.180000 -1.000000 -1.000000 -1.000000 -1.000000 nan nan nan nan -1.000000000000e+00 -1.000000e+00 -1.000000000000e+00  -1.000000000000e+00  -1.000000000000e+00  -1.000000000000e+00   -1.000000000000e+00   -1.000000000000e+00   -1.000000000000e+00    -1.000000000000e+00    -1.000000     -1.000000     -0.001000     -0.001000     -1.000000     -0.001000     -0.001000     -0.000001     -0.001000     -0.001000     -1.000000     -1.000000     -1.000000 
396 13 5 135.000000 0.220000 -1.000000 -1.000000 -1.000000 -1.000000 nan nan nan nan -1.000000000000e+00 -1.000000e+00 -1.000000000000e+00  -1.000000000000e+00  -1.000000000000e+00  -1.000000000000e+00   -1.000000000000e+00   -1.000000000000e+00   -1.000000000000e+00    -1.000000000000e+00    -1.000000     -1.000000     -0.001000     -0.001000     -1.000000     -0.001000     -0.001000     -0.000001     -0.001000     -0.001000     -1.000000     -1.000000     -1.000000 
397 13 6 135.000000 0.260000 -1.000000 -1.000000 -1.000000 -1.000000 nan nan nan nan -1.000000000000e+00 -1.000000e+00 -1.000000000000e+00  -1.000000000000e+00  -1.000000000000e+00  -1.000000000000e+00   -1.000000000000e+00   -1.000000000000e+00   -1.000000000000e+00    -1.000000000000e+00    -1.000000     -1.000000     -0.001000     -0.001000     -1.000000     -0.001000     -0.001000     -0.000001     -0.001000     -0.001000     -1.000000     -1.000000     -1.000000 
398 13 7 135.000000 0.300000 -1.000000 -1.000000 -1.000000 -1.000000 nan nan nan nan -1.000000000000e+00 -1.000000e+00 -1.000000000000e+00  -1.000000000000e+00  -1.000000000000e+00  -1.000000000000e+00   -1.000000000000e+00   -1.000000000000e+00   -1.000000000000e+00    -1.000000000000e+00    -1.000000     -1.000000     -0.001000     -0.001000     -1.000000     -0.001000     -0.001000     -0.000001     -0.001000     -0.001000     -1.000000     -1.000000     -1.000000 
399 13 8 135.000000 0.340000 -1.000000 -1.000000 -1.000000 -1.000000 nan nan nan nan -1.000000000000e+00 -1.000000e+00 -1.000000000000e+00  -1.000000000000e+00  -1.000000000000e+00  -1.000000000000e+00   -1.000000000000e+00   -1.000000000000e+00   -1.000000000000e+00    -1.000000000000e+00    -1.000000     -1.000000     -0.001000     -0.001000     -1.000000     -0.001000     -0.001000     -0.000001     -0.001000     -0.001000     -1.000000     -1.000000     -1.000000 
400 13 9 135.000000 0.380000 -1.000000 -1.000000 -1.000000 -1.000000 nan nan nan nan -1.000000000000e+00 -1.000000e+00 -1.000000000000e+00  -1.000000000000e+00  -1.000000000000e+00  -1.000000000000e+00   -1.000000000000e+00   -1.000000000000e+00   -1.000000000000e+00    -1.000000000000e+00    -1.000000     -1.000000     -0.001000     -0.001000     -1.000000     -0.001000     -0.001000     -0.000001     -0.001000     -0.001000     -1.000000     -1.000000     -1.000000 
401 13 10 135.000000 0.420000 -1.000000 -1.000000 -1.000000 -1.000000 nan nan nan nan -1.000000000000e+00 -1.000000e+00 -1.000000000000e+00  -1.000000000000e+00  -1.000000000000e+00  -1.000000000000e+00   -1.000000000000e+00   -1.000000000000e+00   -1.000000000000e+00    -1.000000000000e+00    -1.000000     -1.000000     -0.001000     -0.001000     -1.000000     -0.001000     -0.001000     -0.000001     -0.001000     -0.001000     -1.000000     -1.000000     -1.000000 
402 13 11 135.000000 0.460000 -1.000000 -1.000000 -1.000000 -1.000000 nan nan nan nan -1.000000000000e+00 -1.000000e+00 -1.000000000000e+00  -1.000000000000e+00  -1.000000000000e+00  -1.000000000000e+00   -1.000000000000e+00   -1.000000000000e+00   -1.000000000000e+00    -1.000000000000e+00    -1.000000     -1.000000     -0.001000     -0.001000     -1.000000     -0.001000     -0.001000     -0.000001     -0.001000     -0.001000     -1.000000     -1.000000     -1.000000 
403 13 12 135.000000 0.500000 -1.000000 -1.000000 -1.000000 -1.000000 nan nan nan nan -1.000000000000e+00 -1.000000e+00 -1.000000000000e+00  -1.000000000000e+00  -1.000000000000e+00  -1.000000000000e+00   -1.000000000000e+00   -1.000000000000e+00   -1.000000000000e+00    -1.000000000000e+00    -1.000000     -1.000000     -0.001000     -0.001000     -1.000000     -0.001000     -0.001000     -0.000001     -0.001000     -0.001000     -1.000000     -1.000000     -1.000000 
404 13 13 135.000000 0.540000 -1.000000 -1.000000 -1.000000 -1.000000 nan nan nan nan -1.000000000000e+00 -1.000000e+00 -1.000000000000e+00  -1.000000000000e+00  -1.000000000000e+00  -1.000000000000e+00   -1.000000000000e+00   -1.000000000000e+00   -1.000000000000e+00    -1.000000000000e+00    -1.000000     -1.000000     -0.001000     -0.001000     -1.000000     -0.001000     -0.001000     -0.000001     -0.001000     -0.001000     -1.000000     -1.000000     -1.000000 
405 13 14 135.000000 0.580000 -1.000000 -1.000000 -1.000000 -1.000000 nan nan nan nan -1.000000000000e+00 -1.000000e+00 -1.000000000000e+00  -1.000000000000e+00  -1.000000000000e+00  -1.000000000000e+00   -1.000000000000e+00   -1.000000000000e+00   -1.000000000000e+00    -1.000000000000e+00    -1.000000     -1.000000     -0.001000     -0.001000     -1.000000     -0.001000     -0.001000     -0.000001     -0.001000     -0.001000     -1.000000     -1.000000     -1.000000 
406 13 15 135.000000 0.620000 -1.000000 -1.000000 -1.000000 -1.000000 nan nan nan nan -1.000000000000e+00 -1.000000e+00 -1.000000000000e+00  -1.000000000000e+00  -1.000000000000e+00  -1.000000000000e+00   -1.000000000000e+00   -1.000000000000e+00   -1.000000000000e+00    -1.000000000000e+00    -1.000000     -1.000000     -0.001000     -0.001000     -1.000000     -0.001000     -0.001000     -0.000001     -0.001000     -0.001000     -1.000000     -1.000000     -1.000000 
407 13 16 135.000000 0.660000 -1.000000 -1.000000 -1.000000 -1.000000 nan nan nan nan -1.000000000000e+00 -1.000000e+00 -1.000000000000e+00  -1.000000000000e+00  -1.000000000000e+00  -1.000000000000e+00   -1.000000000000e+00   -1.000000000000e+00   -1.000000000000e+00    -1.000000000000e+00    -1.000000     -1.000000     -0.001000     -0.001000     -1.000000     -0.001000     -0.001000     -0.000001     -0.001000     -0.001000     -1.000000     -1.000000     -1.000000 
408 13 17 135.000000 0.700000 -1.000000 -1.000000 -1.000000 -1.000000 nan nan nan nan -1.000000000000e+00 -1.000000e+00 -1.000000000000e+00  -1.000000000000e+00  -1.000000000000e+00  -1.000000000000e+00   -1.000000000000e+00   -1.000000000000e+00   -1.000000000000e+00    -1.000000000000e+00    -1.000000     -1.000000     -0.001000     -0.001000     -1.000000     -0.001000     -0.001000     -0.000001     -0.001000     -0.001000     -1.000000     -1.000000     -1.000000 
409 13 18 135.000000 0.740000 -1.000000 -1.000000 -1.000000 -1.000000 nan nan nan nan -1.000000000000e+00 -1.000000e+00 -1.000000000000e+00  -1.000000000000e+00  -1.000000000000e+00  -1.000000000000e+00   -1.000000000000e+00   -1.000000000000e+00   -1.000000000000e+00    -1.000000000000e+00    -1.000000     -1.000000     -0.001000     -0.001000     -1.000000     -0.001000     -0.001000     -0.000001     -0.001000     -0.001000     -1.000000     -1.000000     -1.000000 
410 13 19 135.000000 0.780000 -1.000000 -1.000000 -1.000000 -1.000000 nan nan nan nan -1.000000000000e+00 -1.000000e+00 -1.000000000000e+00  -1.000000000000e+00  -1.000000000000e+00  -1.000000000000e+00   -1.000000000000e+00   -1.000000000000e+00   -1.000000000000e+00    -1.000000000000e+00    -1.000000     -1.000000     -0.001000     -0.001000     -1.000000     -0.001000     -0.001000     -0.000001     -0.001000     -0.001000     -1.000000     -1.000000     -1.000000 
411 13 20 135.000000 0.820000 -1.000000 -1.000000 -1.000000 -1.000000 nan nan nan nan -1.000000000000e+00 -1.000000e+00 -1.000000000000e+00  -1.000000000000e+00  -1.000000000000e+00  -1.000000000000e+00   -1.000000000000e+00   -1.000000000000e+00   -1.000000000000e+00    -1.000000000000e+00    -1.000000     -1.000000     -0.001000     -0.001000     -1.000000     -0.001000     -0.001000     -0.000001     -0.001000     -0.001000     -1.000000     -1.000000     -1.000000 
412 13 21 135.000000 0.860000 -1.000000 -1.000000 -1.000000 -1.000000 nan nan nan nan -1.000000000000e+00 -1.000000e+00 -1.000000000000e+00  -1.000000000000e+00  -1.000000000000e+00  -1.000000000000e+00   -1.000000000000e+00   -1.000000000000e+00   -1.000000000000e+00    -1.000000000000e+00    -1.000000     -1.000000     -0.001000     -0.001000     -1.000000     -0.001000     -0.001000     -0.000001     -0.001000     -0.001000     -1.000000     -1.000000     -1.000000 
413 13 22 135.000000 0.900000 -1.000000 -1.000000 -1.000000 -1.000000 nan nan nan nan -1.000000000000e+00 -1.000000e+00 -1.000000000000e+00  -1.000000000000e+00  -1.000000000000e+00  -1.000000000000e+00   -1.000000000000e+00   -1.000000000000e+00   -1.000000000000e+00    -1.000000000000e+00    -1.000000     -1.000000     -0.001000     -0.001000     -1.000000     -0.001000     -0.001000     -0.000001     -0.001000     -0.001000     -1.000000     -1.000000     -1.000000 
414 13 23 135.000000 0.940000 -1.000000 -1.000000 -1.000000 -1.000000 nan nan nan nan -1.000000000000e+00 -1.000000e+00 -1.000000000000e+00  -1.000000000000e+00  -1.000000000000e+00  -1.000000000000e+00   -1.000000000000e+00   -1.000000000000e+00   -1.000000000000e+00    -1.000000000000e+00    -1.000000     -1.000000     -0.001000     -0.001000     -1.000000     -0.001000     -0.001000     -0.000001     -0.001000     -0.001000     -1.000000     -1.000000     -1.000000 
415 13 24 135.000000 0.980000 -1.000000 -1.000000 -1.000000 -1.000000 nan nan nan nan -1.000000000000e+00 -1.000000e+00 -1.000000000000e+00  -1.000000000000e+00  -1.000000000000e+00  -1.000000000000e+00   -1.000000000000e+00   -1.000000000000e+00   -1.000000000000e+00    -1.000000000000e+00    -1.000000     -1.000000     -0.001000     -0.001000     -1.000000     -0.001000     -0.001000     -0.000001     -0.001000     -0.001000     -1.000000     -1.000000     -1.000000 
416 13 25 135.000000 1.020000 -1.000000 -1.000000 -1.000000 -1.000000 nan nan nan nan -1.000000000000e+00 -1.000000e+00 -1.000000000000e+00  -1.000000000000e+00  -1.000000000000e+00  -1.000000000000e+00   -1.000000000000e+00   -1.000000000000e+00   -1.000000000000e+00    -1.000000000000e+00    -1.000000     -1.000000     -0.001000     -0.001000     -1.000000     -0.001000     -0.001000     -0.000001     -0.001000     -0.001000     -1.000000     -1.000000     -1.000000 
417 13 26 135.000000 1.060000 -1.000000 -1.000000 -1.000000 -1.000000 nan nan nan nan -1.000000000000e+00 -1.000000e+00 -1.000000000000e+00  -1.000000000000e+00  -1.000000000000e+00  -1.000000000000e+00   -1.000000000000e+00   -1.000000000000e+00   -1.000000000000e+00    -1.000000000000e+00    -1.000000     -1.000000     -0.001000     -0.001000     -1.000000     -0.001000     -0.001000     -0.000001     -0.001000     -0.001000     -1.000000     -1.000000     -1.000000 
418 13 27 135.000000 1.100000 -1.000000 -1.000000 -1.000000 -1.000000 nan nan nan nan -1.000000000000e+00 -1.000000e+00 -1.000000000000e+00  -1.000000000000e+00  -1.000000000000e+00  -1.000000000000e+00   -1.000000000000e+00   -1.000000000000e+00   -1.000000000000e+00    -1.000000000000e+00    -1.000000     -1.000000     -0.001000     -0.001000     -1.000000     -0.001000     -0.001000     -0.000001     -0.001000     -0.001000     -1.000000     -1.000000     -1.000000 
419 13 28 135.000000 1.140000 -1.000000 -1.000000 -1.000000 -1.000000 nan nan nan nan -1.000000000000e+00 -1.000000e+00 -1.000000000000e+00  -1.000000000000e+00  -1.000000000000e+00  -1.000000000000e+00   -1.000000000000e+00   -1.000000000000e+00   -1.000000000000e+00    -1.000000000000e+00    -1.000000     -1.000000     -0.001000     -0.001000     -1.000000     -0.001000     -0.001000     -0.000001     -0.001000     -0.001000     -1.000000     -1.000000     -1.000000 
420 13 29 135.000000 1.180000 -1.000000 -1.000000 -1.000000 -1.000000 nan nan nan nan -1.000000000000e+00 -1.000000e+00 -1.000000000000e+00  -1.000000000000e+00  -1.000000000000e+00  -1.000000000000e+00   -1.000000000000e+00   -1.000000000000e+00   -1.000000000000e+00    -1.000000000000e+00    -1.000000     -1.000000     -0.001000     -0.001000     -1.000000     -0.001000     -0.001000     -0.000001     -0.001000     -0.001000     -1.000000     -1.000000     -1.000000 
421 14 0 145.000000 0.020000 -1.000000 -1.000000 -1.000000 -1.000000 nan nan nan nan -1.000000000000e+00 -1.000000e+00 -1.000000000000e+00  -1.000000000000e+00  -1.000000000000e+00  -1.000000000000e+00   -1.000000000000e+00   -1.000000000000e+00   -1.000000000000e+00    -1.000000000000e+00    -1.000000     -1.000000     -0.001000     -0.001000     -1.000000     -0.001000     -0.001000     -0.000001     -0.001000     -0.001000     -1.000000     -1.000000     -1.000000 
422 14 1 145.000000 0.060000 -1.000000 -1.000000 -1.000000 -1.000000 nan nan nan nan -1.000000000000e+00 -1.000000e+00 -1.000000000000e+00  -1.000000000000e+00  -1.000000000000e+00  -1.000000000000e+00   -1.000000000000e+00   -1.000000000000e+00   -1.000000000000e+00    -1.000000000000e+00    -1.000000     -1.000000     -0.001000     -0.001000     -1.000000     -0.001000     -0.001000     -0.000001     -0.001000     -0.001000     -1.000000     -1.000000     -1.000000 
423 14 2 145.000000 0.100000 -1.000000 -1.000000 -1.000000 -1.000000 nan nan nan nan -1.000000000000e+00 -1.000000e+00 -1.000000000000e+00  -1.000000000000e+00  -1.000000000000e+00  -1.000000000000e+00   -1.000000000000e+00   -1.000000000000e+00   -1.000000000000e+00    -1.000000000000e+00    -1.000000     -1.000000     -0.001000     -0.001000     -1.000000     -0.001000     -0.001000     -0.000001     -0.001000     -0.001000     -1.000000     -1.000000     -1.000000 
424 14 3 145.000000 0.140000 -1.000000 -1.000000 -1.000000 -1.000000 nan nan nan nan -1.000000000000e+00 -1.000000e+00 -1.000000000000e+00  -1.000000000000e+00  -1.000000000000e+00  -1.000000000000e+00   -1.000000000000e+00   -1.000000000000e+00   -1.000000000000e+00    -1.000000000000e+00    -1.000000     -1.000000     -0.001000     -0.001000     -1.000000     -0.001000     -0.001000     -0.000001     -0.001000     -0.001000     -1.000000     -1.000000     -1.000000 
425 14 4 145.000000 0.180000 -1.000000 -1.000000 -1.000000 -1.000000 nan nan nan nan -1.000000000000e+00 -1.000000e+00 -1.000000000000e+00  -1.000000000000e+00  -1.000000000000e+00  -1.000000000000e+00   -1.000000000000e+00   -1.000000000000e+00   -1.000000000000e+00    -1.000000000000e+00    -1.000000     -1.000000     -0.001000     -0.001000     -1.000000     -0.001000     -0.001000     -0.000001     -0.001000     -0.001000     -1.000000     -1.000000     -1.000000 
426 14 5 145.000000 0.220000 -1.000000 -1.000000 -1.000000 -1.000000 nan nan nan nan -1.000000000000e+00 -1.000000e+00 -1.000000000000e+00  -1.000000000000e+00  -1.000000000000e+00  -1.000000000000e+00   -1.000000000000e+00   -1.000000000000e+00   -1.000000000000e+00    -1.000000000000e+00    -1.000000     -1.000000     -0.001000     -0.001000     -1.000000     -0.001000     -0.001000     -0.000001     -0.001000     -0.001000     -1.000000     -1.000000     -1.000000 
427 14 6 145.000000 0.260000 -1.000000 -1.000000 -1.000000 -1.000000 nan nan nan nan -1.000000000000e+00 -1.000000e+00 -1.000000000000e+00  -1.000000000000e+00  -1.000000000000e+00  -1.000000000000e+00   -1.000000000000e+00   -1.000000000000e+00   -1.000000000000e+00    -1.000000000000e+00    -1.000000     -1.000000     -0.001000     -0.001000     -1.000000     -0.001000     -0.001000     -0.000001     -0.001000     -0.001000     -1.000000     -1.000000     -1.000000 
428 14 7 145.000000 0.300000 -1.000000 -1.000000 -1.000000 -1.000000 nan nan nan nan -1.000000000000e+00 -1.000000e+00 -1.000000000000e+00  -1.000000000000e+00  -1.000000000000e+00  -1.000000000000e+00   -1.000000000000e+00   -1.000000000000e+00   -1.000000000000e+00    -1.000000000000e+00    -1.000000     -1.000000     -0.001000     -0.001000     -1.000000     -0.001000     -0.001000     -0.000001     -0.001000     -0.001000     -1.000000     -1.000000     -1.000000 
429 14 8 145.000000 0.340000 -1.000000 -1.000000 -1.000000 -1.000000 nan nan nan nan -1.000000000000e+00 -1.000000e+00 -1.000000000000e+00  -1.000000000000e+00  -1.000000000000e+00  -1.000000000000e+00   -1.000000000000e+00   -1.000000000000e+00   -1.000000000000e+00    -1.000000000000e+00    -1.000000     -1.000000     -0.001000     -0.001000     -1.000000     -0.001000     -0.001000     -0.000001     -0.001000     -0.001000     -1.000000     -1.000000     -1.000000 
430 14 9 145.000000 0.380000 -1.000000 -1.000000 -1.000000 -1.000000 nan nan nan nan -1.000000000000e+00 -1.000000e+00 -1.000000000000e+00  -1.000000000000e+00  -1.000000000000e+00  -1.000000000000e+00   -1.000000000000e+00   -1.000000000000e+00   -1.000000000000e+00    -1.000000000000e+00    -1.000000     -1.000000     -0.001000     -0.001000     -1.000000     -0.001000     -0.001000     -0.000001     -0.001000     -0.001000     -1.000000     -1.000000     -1.000000 
431 14 10 145.000000 0.420000 -1.000000 -1.000000 -1.000000 -1.000000 nan nan nan nan -1.000000000000e+00 -1.000000e+00 -1.000000000000e+00  -1.000000000000e+00  -1.000000000000e+00  -1.000000000000e+00   -1.000000000000e+00   -1.000000000000e+00   -1.000000000000e+00    -1.000000000000e+00    -1.000000     -1.000000     -0.001000     -0.001000     -1.000000     -0.001000     -0.001000     -0.000001     -0.001000     -0.001000     -1.000000     -1.000000     -1.000000 
432 14 11 145.000000 0.460000 -1.000000 -1.000000 -1.000000 -1.000000 nan nan nan nan -1.000000000000e+00 -1.000000e+00 -1.000000000000e+00  -1.000000000000e+00  -1.000000000000e+00  -1.000000000000e+00   -1.000000000000e+00   -1.000000000000e+00   -1.000000000000e+00    -1.000000000000e+00    -1.000000     -1.000000     -0.001000     -0.001000     -1.000000     -0.001000     -0.001000     -0.000001     -0.001000     -0.001000     -1.000000     -1.000000     -1.000000 
433 14 12 145.000000 0.500000 -1.000000 -1.000000 -1.000000 -1.000000 nan nan nan nan -1.000000000000e+00 -1.000000e+00 -1.000000000000e+00  -1.000000000000e+00  -1.000000000000e+00  -1.000000000000e+00   -1.000000000000e+00   -1.000000000000e+00   -1.000000000000e+00    -1.000000000000e+00    -1.000000     -1.000000     -0.001000     -0.001000     -1.000000     -0.001000     -0.001000     -0.000001     -0.001000     -0.001000     -1.000000     -1.000000     -1.000000 
434 14 13 145.000000 0.540000 -1.000000 -1.000000 -1.000000 -1.000000 nan nan nan nan -1.000000000000e+00 -1.000000e+00 -1.000000000000e+00  -1.000000000000e+00  -1.000000000000e+00  -1.000000000000e+00   -1.000000000000e+00   -1.000000000000e+00   -1.000000000000e+00    -1.000000000000e+00    -1.000000     -1.000000     -0.001000     -0.001000     -1.000000     -0.001000     -0.001000     -0.000001     -0.001000     -0.001000     -1.000000     -1.000000     -1.000000 
435 14 14 145.000000 0.580000 -1.000000 -1.000000 -1.000000 -1.000000 nan nan nan nan -1.000000000000e+00 -1.000000e+00 -1.000000000000e+00  -1.000000000000e+00  -1.000000000000e+00  -1.000000000000e+00   -1.000000000000e+00   -1.000000000000e+00   -1.000000000000e+00    -1.000000000000e+00    -1.000000     -1.000000     -0.001000     -0.001000     -1.000000     -0.001000     -0.001000     -0.000001     -0.001000     -0.001000     -1.000000     -1.000000     -1.000000 
436 14 15 145.000000 0.620000 -1.000000 -1.000000 -1.000000 -1.000000 nan nan nan nan -1.000000000000e+00 -1.000000e+00 -1.000000000000e+00  -1.000000000000e+00  -1.000000000000e+00  -1.000000000000e+00   -1.000000000000e+00   -1.000000000000e+00   -1.000000000000e+00    -1.000000000000e+00    -1.000000     -1.000000     -0.001000     -0.001000     -1.000000     -0.001000     -0.001000     -0.000001     -0.001000     -0.001000     -1.000000     -1.000000     -1.000000 
437 14 16 145.000000 0.660000 -1.000000 -1.000000 -1.000000 -1.000000 nan nan nan nan -1.000000000000e+00 -1.000000e+00 -1.000000000000e+00  -1.000000000000e+00  -1.000000000000e+00  -1.000000000000e+00   -1.000000000000e+00   -1.000000000000e+00   -1.000000000000e+00    -1.000000000000e+00    -1.000000     -1.000000     -0.001000     -0.001000     -1.000000     -0.001000     -0.001000     -0.000001     -0.001000     -0.001000     -1.000000     -1.000000     -1.000000 
438 14 17 145.000000 0.700000 -1.000000 -1.000000 -1.000000 -1.000000 nan nan nan nan -1.000000000000e+00 -1.000000e+00 -1.000000000000e+00  -1.000000000000e+00  -1.000000000000e+00  -1.000000000000e+00   -1.000000000000e+00   -1.000000000000e+00   -1.000000000000e+00    -1.000000000000e+00    -1.000000     -1.000000     -0.001000     -0.001000     -1.000000     -0.001000     -0.001000     -0.000001     -0.001000     -0.001000     -1.000000     -1.000000     -1.000000 
439 14 18 145.000000 0.740000 -1.000000 -1.000000 -1.000000 -1.000000 nan nan nan nan -1.000000000000e+00 -1.000000e+00 -1.000000000000e+00  -1.000000000000e+00  -1.000000000000e+00  -1.000000000000e+00   -1.000000000000e+00   -1.000000000000e+00   -1.000000000000e+00    -1.000000000000e+00    -1.000000     -1.000000     -0.001000     -0.001000     -1.000000     -0.001000     -0.001000     -0.000001     -0.001000     -0.001000     -1.000000     -1.000000     -1.000000 
440 14 19 145.000000 0.780000 -1.000000 -1.000000 -1.000000 -1.000000 nan nan nan nan -1.000000000000e+00 -1.000000e+00 -1.000000000000e+00  -1.000000000000e+00  -1.000000000000e+00  -1.000000000000e+00   -1.000000000000e+00   -1.000000000000e+00   -1.000000000000e+00    -1.000000000000e+00    -1.000000     -1.000000     -0.001000     -0.001000     -1.000000     -0.001000     -0.001000     -0.000001     -0.001000     -0.001000     -1.000000     -1.000000     -1.000000 
441 14 20 145.000000 0.820000 -1.000000 -1.000000 -1.000000 -1.000000 nan nan nan nan -1.000000000000e+00 -1.000000e+00 -1.000000000000e+00  -1.000000000000e+00  -1.000000000000e+00  -1.000000000000e+00   -1.000000000000e+00   -1.000000000000e+00   -1.000000000000e+00    -1.000000000000e+00    -1.000000     -1.000000     -0.001000     -0.001000     -1.000000     -0.001000     -0.001000     -0.000001     -0.001000     -0.001000     -1.000000     -1.000000     -1.000000 
442 14 21 145.000000 0.860000 -1.000000 -1.000000 -1.000000 -1.000000 nan nan nan nan -1.000000000000e+00 -1.000000e+00 -1.000000000000e+00  -1.000000000000e+00  -1.000000000000e+00  -1.000000000000e+00   -1.000000000000e+00   -1.000000000000e+00   -1.000000000000e+00    -1.000000000000e+00    -1.000000     -1.000000     -0.001000     -0.001000     -1.000000     -0.001000     -0.001000     -0.000001     -0.001000     -0.001000     -1.000000     -1.000000     -1.000000 
443 14 22 145.000000 0.900000 -1.000000 -1.000000 -1.000000 -1.000000 nan nan nan nan -1.000000000000e+00 -1.000000e+00 -1.000000000000e+00  -1.000000000000e+00  -1.000000000000e+00  -1.000000000000e+00   -1.000000000000e+00   -1.000000000000e+00   -1.000000000000e+00    -1.000000000000e+00    -1.000000     -1.000000     -0.001000     -0.001000     -1.000000     -0.001000     -0.001000     -0.000001     -0.001000     -0.001000     -1.000000     -1.000000     -1.000000 
444 14 23 145.000000 0.940000 -1.000000 -1.000000 -1.000000 -1.000000 nan nan nan nan -1.000000000000e+00 -1.000000e+00 -1.000000000000e+00  -1.000000000000e+00  -1.000000000000e+00  -1.000000000000e+00   -1.000000000000e+00   -1.000000000000e+00   -1.000000000000e+00    -1.000000000000e+00    -1.000000     -1.000000     -0.001000     -0.001000     -1.000000     -0.001000     -0.001000     -0.000001     -0.001000     -0.001000     -1.000000     -1.000000     -1.000000 
445 14 24 145.000000 0.980000 -1.000000 -1.000000 -1.000000 -1.000000 nan nan nan nan -1.000000000000e+00 -1.000000e+00 -1.000000000000e+00  -1.000000000000e+00  -1.000000000000e+00  -1.000000000000e+00   -1.000000000000e+00   -1.000000000000e+00   -1.000000000000e+00    -1.000000000000e+00    -1.000000     -1.000000     -0.001000     -0.001000     -1.000000     -0.001000     -0.001000     -0.000001     -0.001000     -0.001000     -1.000000     -1.000000     -1.000000 
446 14 25 145.000000 1.020000 -1.000000 -1.000000 -1.000000 -1.000000 nan nan nan nan -1.000000000000e+00 -1.000000e+00 -1.000000000000e+00  -1.000000000000e+00  -1.000000000000e+00  -1.000000000000e+00   -1.000000000000e+00   -1.000000000000e+00   -1.000000000000e+00    -1.000000000000e+00    -1.000000     -1.000000     -0.001000     -0.001000     -1.000000     -0.001000     -0.001000     -0.000001     -0.001000     -0.001000     -1.000000     -1.000000     -1.000000 
447 14 26 145.000000 1.060000 -1.000000 -1.000000 -1.000000 -1.000000 nan nan nan nan -1.000000000000e+00 -1.000000e+00 -1.000000000000e+00  -1.000000000000e+00  -1.000000000000e+00  -1.000000000000e+00   -1.000000000000e+00   -1.000000000000e+00   -1.000000000000e+00    -1.000000000000e+00    -1.000000     -1.000000     -0.001000     -0.001000     -1.000000     -0.001000     -0.001000     -0.000001     -0.001000     -0.001000     -1.000000     -1.000000     -1.000000 
448 14 27 145.000000 1.100000 -1.000000 -1.000000 -1.000000 -1.000000 nan nan nan nan -1.000000000000e+00 -1.000000e+00 -1.000000000000e+00  -1.000000000000e+00  -1.000000000000e+00  -1.000000000000e+00   -1.000000000000e+00   -1.000000000000e+00   -1.000000000000e+00    -1.000000000000e+00    -1.000000     -1.000000     -0.001000     -0.001000     -1.000000     -0.001000     -0.001000     -0.000001     -0.001000     -0.001000     -1.000000     -1.000000     -1.000000 
449 14 28 145.000000 1.140000 -1.000000 -1.000000 -1.000000 -1.000000 nan nan nan nan -1.000000000000e+00 -1.000000e+00 -1.000000000000e+00  -1.000000000000e+00  -1.000000000000e+00  -1.000000000000e+00   -1.000000000000e+00   -1.000000000000e+00   -1.000000000000e+00    -1.000000000000e+00    -1.000000     -1.000000     -0.001000     -0.001000     -1.000000     -0.001000     -0.001000     -0.000001     -0.001000     -0.001000     -1.000000     -1.000000     -1.000000 
450 14 29 145.000000 1.180000 -1.000000 -1.000000 -1.000000 -1.000000 nan nan nan nan -1.000000000000e+00 -1.000000e+00 -1.000000000000e+00  -1.000000000000e+00  -1.000000000000e+00  -1.000000000000e+00   -1.000000000000e+00   -1.000000000000e+00   -1.000000000000e+00    -1.000000000000e+00    -1.000000     -1.000000     -0.001000     -0.001000     -1.000000     -0.001000     -0.001000     -0.000001     -0.001000     -0.001000     -1.000000     -1.000000     -1.000000 
451 15 0 155.000000 0.020000 -1.000000 -1.000000 -1.000000 -1.000000 nan nan nan nan -1.000000000000e+00 -1.000000e+00 -1.000000000000e+00  -1.000000000000e+00  -1.000000000000e+00  -1.000000000000e+00   -1.000000000000e+00   -1.000000000000e+00   -1.000000000000e+00    -1.000000000000e+00    -1.000000     -1.000000     -0.001000     -0.001000     -1.000000     -0.001000     -0.001000     -0.000001     -0.001000     -0.001000     -1.000000     -1.000000     -1.000000 
452 15 1 155.000000 0.060000 -1.000000 -1.000000 -1.000000 -1.000000 nan nan nan nan -1.000000000000e+00 -1.000000e+00 -1.000000000000e+00  -1.000000000000e+00  -1.000000000000e+00  -1.000000000000e+00   -1.000000000000e+00   -1.000000000000e+00   -1.000000000000e+00    -1.000000000000e+00    -1.000000     -1.000000     -0.001000     -0.001000     -1.000000     -0.001000     -0.001000     -0.000001     -0.001000     -0.001000     -1.000000     -1.000000     -1.000000 
453 15 2 155.000000 0.100000 -1.000000 -1.000000 -1.000000 -1.000000 nan nan nan nan -1.000000000000e+00 -1.000000e+00 -1.000000000000e+00  -1.000000000000e+00  -1.000000000000e+00  -1.000000000000e+00   -1.000000000000e+00   -1.000000000000e+00   -1.000000000000e+00    -1.000000000000e+00    -1.000000     -1.000000     -0.001000     -0.001000     -1.000000     -0.001000     -0.001000     -0.000001     -0.001000     -0.001000     -1.000000     -1.000000     -1.000000 
454 15 3 155.000000 0.140000 -1.000000 -1.000000 -1.000000 -1.000000 nan nan nan nan -1.000000000000e+00 -1.000000e+00 -1.000000000000e+00  -1.000000000000e+00  -1.000000000000e+00  -1.000000000000e+00   -1.000000000000e+00   -1.000000000000e+00   -1.000000000000e+00    -1.000000000000e+00    -1.000000     -1.000000     -0.001000     -0.001000     -1.000000     -0.001000     -0.001000     -0.000001     -0.001000     -0.001000     -1.000000     -1.000000     -1.000000 
455 15 4 155.000000 0.180000 -1.000000 -1.000000 -1.000000 -1.000000 nan nan nan nan -1.000000000000e+00 -1.000000e+00 -1.000000000000e+00  -1.000000000000e+00  -1.000000000000e+00  -1.000000000000e+00   -1.000000000000e+00   -1.000000000000e+00   -1.000000000000e+00    -1.000000000000e+00    -1.000000     -1.000000     -0.001000     -0.001000     -1.000000     -0.001000     -0.001000     -0.000001     -0.001000     -0.001000     -1.000000     -1.000000     -1.000000 
456 15 5 155.000000 0.220000 -1.000000 -1.000000 -1.000000 -1.000000 nan nan nan nan -1.000000000000e+00 -1.000000e+00 -1.000000000000e+00  -1.000000000000e+00  -1.000000000000e+00  -1.000000000000e+00   -1.000000000000e+00   -1.000000000000e+00   -1.000000000000e+00    -1.000000000000e+00    -1.000000     -1.000000     -0.001000     -0.001000     -1.000000     -0.001000     -0.001000     -0.000001     -0.001000     -0.001000     -1.000000     -1.000000     -1.000000 
457 15 6 155.000000 0.260000 -1.000000 -1.000000 -1.000000 -1.000000 nan nan nan nan -1.000000000000e+00 -1.000000e+00 -1.000000000000e+00  -1.000000000000e+00  -1.000000000000e+00  -1.000000000000e+00   -1.000000000000e+00   -1.000000000000e+00   -1.000000000000e+00    -1.000000000000e+00    -1.000000     -1.000000     -0.001000     -0.001000     -1.000000     -0.001000     -0.001000     -0.000001     -0.001000     -0.001000     -1.000000     -1.000000     -1.000000 
458 15 7 155.000000 0.300000 -1.000000 -1.000000 -1.000000 -1.000000 nan nan nan nan -1.000000000000e+00 -1.000000e+00 -1.000000000000e+00  -1.000000000000e+00  -1.000000000000e+00  -1.000000000000e+00   -1.000000000000e+00   -1.000000000000e+00   -1.000000000000e+00    -1.000000000000e+00    -1.000000     -1.000000     -0.001000     -0.001000     -1.000000     -0.001000     -0.001000     -0.000001     -0.001000     -0.001000     -1.000000     -1.000000     -1.000000 
459 15 8 155.000000 0.340000 -1.000000 -1.000000 -1.000000 -1.000000 nan nan nan nan -1.000000000000e+00 -1.000000e+00 -1.000000000000e+00  -1.000000000000e+00  -1.000000000000e+00  -1.000000000000e+00   -1.000000000000e+00   -1.000000000000e+00   -1.000000000000e+00    -1.000000000000e+00    -1.000000     -1.000000     -0.001000     -0.001000     -1.000000     -0.001000     -0.001000     -0.000001     -0.001000     -0.001000     -1.000000     -1.000000     -1.000000 
460 15 9 155.000000 0.380000 -1.000000 -1.000000 -1.000000 -1.000000 nan nan nan nan -1.000000000000e+00 -1.000000e+00 -1.000000000000e+00  -1.000000000000e+00  -1.000000000000e+00  -1.000000000000e+00   -1.000000000000e+00   -1.000000000000e+00   -1.000000000000e+00    -1.000000000000e+00    -1.000000     -1.000000     -0.001000     -0.001000     -1.000000     -0.001000     -0.001000     -0.000001     -0.001000     -0.001000     -1.000000     -1.000000     -1.000000 
461 15 10 155.000000 0.420000 -1.000000 -1.000000 -1.000000 -1.000000 nan nan nan nan -1.000000000000e+00 -1.000000e+00 -1.000000000000e+00  -1.000000000000e+00  -1.000000000000e+00  -1.000000000000e+00   -1.000000000000e+00   -1.000000000000e+00   -1.000000000000e+00    -1.000000000000e+00    -1.000000     -1.000000     -0.001000     -0.001000     -1.000000     -0.001000     -0.001000     -0.000001     -0.001000     -0.001000     -1.000000     -1.000000     -1.000000 
462 15 11 155.000000 0.460000 -1.000000 -1.000000 -1.000000 -1.000000 nan nan nan nan -1.000000000000e+00 -1.000000e+00 -1.000000000000e+00  -1.000000000000e+00  -1.000000000000e+00  -1.000000000000e+00   -1.000000000000e+00   -1.000000000000e+00   -1.000000000000e+00    -1.000000000000e+00    -1.000000     -1.000000     -0.001000     -0.001000     -1.000000     -0.001000     -0.001000     -0.000001     -0.001000     -0.001000     -1.000000     -1.000000     -1.000000 
463 15 12 155.000000 0.500000 -1.000000 -1.000000 -1.000000 -1.000000 nan nan nan nan -1.000000000000e+00 -1.000000e+00 -1.000000000000e+00  -1.000000000000e+00  -1.000000000000e+00  -1.000000000000e+00   -1.000000000000e+00   -1.000000000000e+00   -1.000000000000e+00    -1.000000000000e+00    -1.000000     -1.000000     -0.001000     -0.001000     -1.000000     -0.001000     -0.001000     -0.000001     -0.001000     -0.001000     -1.000000     -1.000000     -1.000000 
464 15 13 155.000000 0.540000 -1.000000 -1.000000 -1.000000 -1.000000 nan nan nan nan -1.000000000000e+00 -1.000000e+00 -1.000000000000e+00  -1.000000000000e+00  -1.000000000000e+00  -1.000000000000e+00   -1.000000000000e+00   -1.000000000000e+00   -1.000000000000e+00    -1.000000000000e+00    -1.000000     -1.000000     -0.001000     -0.001000     -1.000000     -0.001000     -0.001000     -0.000001     -0.001000     -0.001000     -1.000000     -1.000000     -1.000000 
465 15 14 155.000000 0.580000 -1.000000 -1.000000 -1.000000 -1.000000 nan nan nan nan -1.000000000000e+00 -1.000000e+00 -1.000000000000e+00  -1.000000000000e+00  -1.000000000000e+00  -1.000000000000e+00   -1.000000000000e+00   -1.000000000000e+00   -1.000000000000e+00    -1.000000000000e+00    -1.000000     -1.000000     -0.001000     -0.001000     -1.000000     -0.001000     -0.001000     -0.000001     -0.001000     -0.001000     -1.000000     -1.000000     -1.000000 
466 15 15 155.000000 0.620000 -1.000000 -1.000000 -1.000000 -1.000000 nan nan nan nan -1.000000000000e+00 -1.000000e+00 -1.000000000000e+00  -1.000000000000e+00  -1.000000000000e+00  -1.000000000000e+00   -1.000000000000e+00   -1.000000000000e+00   -1.000000000000e+00    -1.000000000000e+00    -1.000000     -1.000000     -0.001000     -0.001000     -1.000000     -0.001000     -0.001000     -0.000001     -0.001000     -0.001000     -1.000000     -1.000000     -1.000000 
467 15 16 155.000000 0.660000 -1.000000 -1.000000 -1.000000 -1.000000 nan nan nan nan -1.000000000000e+00 -1.000000e+00 -1.000000000000e+00  -1.000000000000e+00  -1.000000000000e+00  -1.000000000000e+00   -1.000000000000e+00   -1.000000000000e+00   -1.000000000000e+00    -1.000000000000e+00    -1.000000     -1.000000     -0.001000     -0.001000     -1.000000     -0.001000     -0.001000     -0.000001     -0.001000     -0.001000     -1.000000     -1.000000     -1.000000 
468 15 17 155.000000 0.700000 -1.000000 -1.000000 -1.000000 -1.000000 nan nan nan nan -1.000000000000e+00 -1.000000e+00 -1.000000000000e+00  -1.000000000000e+00  -1.000000000000e+00  -1.000000000000e+00   -1.000000000000e+00   -1.000000000000e+00   -1.000000000000e+00    -1.000000000000e+00    -1.000000     -1.000000     -0.001000     -0.001000     -1.000000     -0.001000     -0.001000     -0.000001     -0.001000     -0.001000     -1.000000     -1.000000     -1.000000 
469 15 18 155.000000 0.740000 -1.000000 -1.000000 -1.000000 -1.000000 nan nan nan nan -1.000000000000e+00 -1.000000e+00 -1.000000000000e+00  -1.000000000000e+00  -1.000000000000e+00  -1.000000000000e+00   -1.000000000000e+00   -1.000000000000e+00   -1.000000000000e+00    -1.000000000000e+00    -1.000000     -1.000000     -0.001000     -0.001000     -1.000000     -0.001000     -0.001000     -0.000001     -0.001000     -0.001000     -1.000000     -1.000000     -1.000000 
470 15 19 155.000000 0.780000 -1.000000 -1.000000 -1.000000 -1.000000 nan nan nan nan -1.000000000000e+00 -1.000000e+00 -1.000000000000e+00  -1.000000000000e+00  -1.000000000000e+00  -1.000000000000e+00   -1.000000000000e+00   -1.000000000000e+00   -1.000000000000e+00    -1.000000000000e+00    -1.000000     -1.000000     -0.001000     -0.001000     -1.000000     -0.001000     -0.001000     -0.000001     -0.001000     -0.001000     -1.000000     -1.000000     -1.000000 
471 15 20 155.000000 0.820000 -1.000000 -1.000000 -1.000000 -1.000000 nan nan nan nan -1.000000000000e+00 -1.000000e+00 -1.000000000000e+00  -1.000000000000e+00  -1.000000000000e+00  -1.000000000000e+00   -1.000000000000e+00   -1.000000000000e+00   -1.000000000000e+00    -1.000000000000e+00    -1.000000     -1.000000     -0.001000     -0.001000     -1.000000     -0.001000     -0.001000     -0.000001     -0.001000     -0.001000     -1.000000     -1.000000     -1.000000 
472 15 21 155.000000 0.860000 -1.000000 -1.000000 -1.000000 -1.000000 nan nan nan nan -1.000000000000e+00 -1.000000e+00 -1.000000000000e+00  -1.000000000000e+00  -1.000000000000e+00  -1.000000000000e+00   -1.000000000000e+00   -1.000000000000e+00   -1.000000000000e+00    -1.000000000000e+00    -1.000000     -1.000000     -0.001000     -0.001000     -1.000000     -0.001000     -0.001000     -0.000001     -0.001000     -0.001000     -1.000000     -1.000000     -1.000000 
473 15 22 155.000000 0.900000 -1.000000 -1.000000 -1.000000 -1.000000 nan nan nan nan -1.000000000000e+00 -1.000000e+00 -1.000000000000e+00  -1.000000000000e+00  -1.000000000000e+00  -1.000000000000e+00   -1.000000000000e+00   -1.000000000000e+00   -1.000000000000e+00    -1.000000000000e+00    -1.000000     -1.000000     -0.001000     -0.001000     -1.000000     -0.001000     -0.001000     -0.000001     -0.001000     -0.001000     -1.000000     -1.000000     -1.000000 
474 15 23 155.000000 0.940000 -1.000000 -1.000000 -1.000000 -1.000000 nan nan nan nan -1.000000000000e+00 -1.000000e+00 -1.000000000000e+00  -1.000000000000e+00  -1.000000000000e+00  -1.000000000000e+00   -1.000000000000e+00   -1.000000000000e+00   -1.000000000000e+00    -1.000000000000e+00    -1.000000     -1.000000     -0.001000     -0.001000     -1.000000     -0.001000     -0.001000     -0.000001     -0.001000     -0.001000     -1.000000     -1.000000     -1.000000 
475 15 24 155.000000 0.980000 -1.000000 -1.000000 -1.000000 -1.000000 nan nan nan nan -1.000000000000e+00 -1.000000e+00 -1.000000000000e+00  -1.000000000000e+00  -1.000000000000e+00  -1.000000000000e+00   -1.000000000000e+00   -1.000000000000e+00   -1.000000000000e+00    -1.000000000000e+00    -1.000000     -1.000000     -0.001000     -0.001000     -1.000000     -0.001000     -0.001000     -0.000001     -0.001000     -0.001000     -1.000000     -1.000000     -1.000000 
476 15 25 155.000000 1.020000 -1.000000 -1.000000 -1.000000 -1.000000 nan nan nan nan -1.000000000000e+00 -1.000000e+00 -1.000000000000e+00  -1.000000000000e+00  -1.000000000000e+00  -1.000000000000e+00   -1.000000000000e+00   -1.000000000000e+00   -1.000000000000e+00    -1.000000000000e+00    -1.000000     -1.000000     -0.001000     -0.001000     -1.000000     -0.001000     -0.001000     -0.000001     -0.001000     -0.001000     -1.000000     -1.000000     -1.000000 
477 15 26 155.000000 1.060000 -1.000000 -1.000000 -1.000000 -1.000000 nan nan nan nan -1.000000000000e+00 -1.000000e+00 -1.000000000000e+00  -1.000000000000e+00  -1.000000000000e+00  -1.000000000000e+00   -1.000000000000e+00   -1.000000000000e+00   -1.000000000000e+00    -1.000000000000e+00    -1.000000     -1.000000     -0.001000     -0.001000     -1.000000     -0.001000     -0.001000     -0.000001     -0.001000     -0.001000     -1.000000     -1.000000     -1.000000 
478 15 27 155.000000 1.100000 -1.000000 -1.000000 -1.000000 -1.000000 nan nan nan nan -1.000000000000e+00 -1.000000e+00 -1.000000000000e+00  -1.000000000000e+00  -1.000000000000e+00  -1.000000000000e+00   -1.000000000000e+00   -1.000000000000e+00   -1.000000000000e+00    -1.000000000000e+00    -1.000000     -1.000000     -0.001000     -0.001000     -1.000000     -0.001000     -0.001000     -0.000001     -0.001000     -0.001000     -1.000000     -1.000000     -1.000000 
479 15 28 155.000000 1.140000 -1.000000 -1.000000 -1.000000 -1.000000 nan nan nan nan -1.000000000000e+00 -1.000000e+00 -1.000000000000e+00  -1.000000000000e+00  -1.000000000000e+00  -1.000000000000e+00   -1.000000000000e+00   -1.000000000000e+00   -1.000000000000e+00    -1.000000000000e+00    -1.000000     -1.000000     -0.001000     -0.001000     -1.000000     -0.001000     -0.001000     -0.000001     -0.001000     -0.001000     -1.000000     -1.000000     -1.000000 
480 15 29 155.000000 1.180000 -1.000000 -1.000000 -1.000000 -1.000000 nan nan nan nan -1.000000000000e+00 -1.000000e+00 -1.000000000000e+00  -1.000000000000e+00  -1.000000000000e+00  -1.000000000000e+00   -1.000000000000e+00   -1.000000000000e+00   -1.000000000000e+00    -1.000000000000e+00    -1.000000     -1.000000     -0.001000     -0.001000     -1.000000     -0.001000     -0.001000     -0.000001     -0.001000     -0.001000     -1.000000     -1.000000     -1.000000 
481 16 0 165.000000 0.020000 -1.000000 -1.000000 -1.000000 -1.000000 nan nan nan nan -1.000000000000e+00 -1.000000e+00 -1.000000000000e+00  -1.000000000000e+00  -1.000000000000e+00  -1.000000000000e+00   -1.000000000000e+00   -1.000000000000e+00   -1.000000000000e+00    -1.000000000000e+00    -1.000000     -1.000000     -0.001000     -0.001000     -1.000000     -0.001000     -0.001000     -0.000001     -0.001000     -0.001000     -1.000000     -1.000000     -1.000000 
482 16 1 165.000000 0.060000 -1.000000 -1.000000 -1.000000 -1.000000 nan nan nan nan -1.000000000000e+00 -1.000000e+00 -1.000000000000e+00  -1.000000000000e+00  -1.000000000000e+00  -1.000000000000e+00   -1.000000000000e+00   -1.000000000000e+00   -1.000000000000e+00    -1.000000000000e+00    -1.000000     -1.000000     -0.001000     -0.001000     -1.000000     -0.001000     -0.001000     -0.000001     -0.001000     -0.001000     -1.000000     -1.000000     -1.000000 
483 16 2 165.000000 0.100000 -1.000000 -1.000000 -1.000000 -1.000000 nan nan nan nan -1.000000000000e+00 -1.000000e+00 -1.000000000000e+00  -1.000000000000e+00  -1.000000000000e+00  -1.000000000000e+00   -1.000000000000e+00   -1.000000000000e+00   -1.000000000000e+00    -1.000000000000e+00    -1.000000     -1.000000     -0.001000     -0.001000     -1.000000     -0.001000     -0.001000     -0.000001     -0.001000     -0.001000     -1.000000     -1.000000     -1.000000 
484 16 3 165.000000 0.140000 -1.000000 -1.000000 -1.000000 -1.000000 nan nan nan nan -1.000000000000e+00 -1.000000e+00 -1.000000000000e+00  -1.000000000000e+00  -1.000000000000e+00  -1.000000000000e+00   -1.000000000000e+00   -1.000000000000e+00   -1.000000000000e+00    -1.000000000000e+00    -1.000000     -1.000000     -0.001000     -0.001000     -1.000000     -0.001000     -0.001000     -0.000001     -0.001000     -0.001000     -1.000000     -1.000000     -1.000000 
485 16 4 165.000000 0.180000 -1.000000 -1.000000 -1.000000 -1.000000 nan nan nan nan -1.000000000000e+00 -1.000000e+00 -1.000000000000e+00  -1.000000000000e+00  -1.000000000000e+00  -1.000000000000e+00   -1.000000000000e+00   -1.000000000000e+00   -1.000000000000e+00    -1.000000000000e+00    -1.000000     -1.000000     -0.001000     -0.001000     -1.000000     -0.001000     -0.001000     -0.000001     -0.001000     -0.001000     -1.000000     -1.000000     -1.000000 
486 16 5 165.000000 0.220000 -1.000000 -1.000000 -1.000000 -1.000000 nan nan nan nan -1.000000000000e+00 -1.000000e+00 -1.000000000000e+00  -1.000000000000e+00  -1.000000000000e+00  -1.000000000000e+00   -1.000000000000e+00   -1.000000000000e+00   -1.000000000000e+00    -1.000000000000e+00    -1.000000     -1.000000     -0.001000     -0.001000     -1.000000     -0.001000     -0.001000     -0.000001     -0.001000     -0.001000     -1.000000     -1.000000     -1.000000 
487 16 6 165.000000 0.260000 -1.000000 -1.000000 -1.000000 -1.000000 nan nan nan nan -1.000000000000e+00 -1.000000e+00 -1.000000000000e+00  -1.000000000000e+00  -1.000000000000e+00  -1.000000000000e+00   -1.000000000000e+00   -1.000000000000e+00   -1.000000000000e+00    -1.000000000000e+00    -1.000000     -1.000000     -0.001000     -0.001000     -1.000000     -0.001000     -0.001000     -0.000001     -0.001000     -0.001000     -1.000000     -1.000000     -1.000000 
488 16 7 165.000000 0.300000 -1.000000 -1.000000 -1.000000 -1.000000 nan nan nan nan -1.000000000000e+00 -1.000000e+00 -1.000000000000e+00  -1.000000000000e+00  -1.000000000000e+00  -1.000000000000e+00   -1.000000000000e+00   -1.000000000000e+00   -1.000000000000e+00    -1.000000000000e+00    -1.000000     -1.000000     -0.001000     -0.001000     -1.000000     -0.001000     -0.001000     -0.000001     -0.001000     -0.001000     -1.000000     -1.000000     -1.000000 
489 16 8 165.000000 0.340000 -1.000000 -1.000000 -1.000000 -1.000000 nan nan nan nan -1.000000000000e+00 -1.000000e+00 -1.000000000000e+00  -1.000000000000e+00  -1.000000000000e+00  -1.000000000000e+00   -1.000000000000e+00   -1.000000000000e+00   -1.000000000000e+00    -1.000000000000e+00    -1.000000     -1.000000     -0.001000     -0.001000     -1.000000     -0.001000     -0.001000     -0.000001     -0.001000     -0.001000     -1.000000     -1.000000     -1.000000 
490 16 9 165.000000 0.380000 -1.000000 -1.000000 -1.000000 -1.000000 nan nan nan nan -1.000000000000e+00 -1.000000e+00 -1.000000000000e+00  -1.000000000000e+00  -1.000000000000e+00  -1.000000000000e+00   -1.000000000000e+00   -1.000000000000e+00   -1.000000000000e+00    -1.000000000000e+00    -1.000000     -1.000000     -0.001000     -0.001000     -1.000000     -0.001000     -0.001000     -0.000001     -0.001000     -0.001000     -1.000000     -1.000000     -1.000000 
491 16 10 165.000000 0.420000 -1.000000 -1.000000 -1.000000 -1.000000 nan nan nan nan -1.000000000000e+00 -1.000000e+00 -1.000000000000e+00  -1.000000000000e+00  -1.000000000000e+00  -1.000000000000e+00   -1.000000000000e+00   -1.000000000000e+00   -1.000000000000e+00    -1.000000000000e+00    -1.000000     -1.000000     -0.001000     -0.001000     -1.000000     -0.001000     -0.001000     -0.000001     -0.001000     -0.001000     -1.000000     -1.000000     -1.000000 
492 16 11 165.000000 0.460000 -1.000000 -1.000000 -1.000000 -1.000000 nan nan nan nan -1.000000000000e+00 -1.000000e+00 -1.000000000000e+00  -1.000000000000e+00  -1.000000000000e+00  -1.000000000000e+00   -1.000000000000e+00   -1.000000000000e+00   -1.000000000000e+00    -1.000000000000e+00    -1.000000     -1.000000     -0.001000     -0.001000     -1.000000     -0.001000     -0.001000     -0.000001     -0.001000     -0.001000     -1.000000     -1.000000     -1.000000 
493 16 12 165.000000 0.500000 -1.000000 -1.000000 -1.000000 -1.000000 nan nan nan nan -1.000000000000e+00 -1.000000e+00 -1.000000000000e+00  -1.000000000000e+00  -1.000000000000e+00  -1.000000000000e+00   -1.000000000000e+00   -1.000000000000e+00   -1.000000000000e+00    -1.000000000000e+00    -1.000000     -1.000000     -0.001000     -0.001000     -1.000000     -0.001000     -0.001000     -0.000001     -0.001000     -0.001000     -1.000000     -1.000000     -1.000000 
494 16 13 165.000000 0.540000 -1.000000 -1.000000 -1.000000 -1.000000 nan nan nan nan -1.000000000000e+00 -1.000000e+00 -1.000000000000e+00  -1.000000000000e+00  -1.000000000000e+00  -1.000000000000e+00   -1.000000000000e+00   -1.000000000000e+00   -1.000000000000e+00    -1.000000000000e+00    -1.000000     -1.000000     -0.001000     -0.001000     -1.000000     -0.001000     -0.001000     -0.000001     -0.001000     -0.001000     -1.000000     -1.000000     -1.000000 
495 16 14 165.000000 0.580000 -1.000000 -1.000000 -1.000000 -1.000000 nan nan nan nan -1.000000000000e+00 -1.000000e+00 -1.000000000000e+00  -1.000000000000e+00  -1.000000000000e+00  -1.000000000000e+00   -1.000000000000e+00   -1.000000000000e+00   -1.000000000000e+00    -1.000000000000e+00    -1.000000     -1.000000     -0.001000     -0.001000     -1.000000     -0.001000     -0.001000     -0.000001     -0.001000     -0.001000     -1.000000     -1.000000     -1.000000 
496 16 15 165.000000 0.620000 -1.000000 -1.000000 -1.000000 -1.000000 nan nan nan nan -1.000000000000e+00 -1.000000e+00 -1.000000000000e+00  -1.000000000000e+00  -1.000000000000e+00  -1.000000000000e+00   -1.000000000000e+00   -1.000000000000e+00   -1.000000000000e+00    -1.000000000000e+00    -1.000000     -1.000000     -0.001000     -0.001000     -1.000000     -0.001000     -0.001000     -0.000001     -0.001000     -0.001000     -1.000000     -1.000000     -1.000000 
497 16 16 165.000000 0.660000 -1.000000 -1.000000 -1.000000 -1.000000 nan nan nan nan -1.000000000000e+00 -1.000000e+00 -1.000000000000e+00  -1.000000000000e+00  -1.000000000000e+00  -1.000000000000e+00   -1.000000000000e+00   -1.000000000000e+00   -1.000000000000e+00    -1.000000000000e+00    -1.000000     -1.000000     -0.001000     -0.001000     -1.000000     -0.001000     -0.001000     -0.000001     -0.001000     -0.001000     -1.000000     -1.000000     -1.000000 
498 16 17 165.000000 0.700000 -1.000000 -1.000000 -1.000000 -1.000000 nan nan nan nan -1.000000000000e+00 -1.000000e+00 -1.000000000000e+00  -1.000000000000e+00  -1.000000000000e+00  -1.000000000000e+00   -1.000000000000e+00   -1.000000000000e+00   -1.000000000000e+00    -1.000000000000e+00    -1.000000     -1.000000     -0.001000     -0.001000     -1.000000     -0.001000     -0.001000     -0.000001     -0.001000     -0.001000     -1.000000     -1.000000     -1.000000 
499 16 18 165.000000 0.740000 -1.000000 -1.000000 -1.000000 -1.000000 nan nan nan nan -1.000000000000e+00 -1.000000e+00 -1.000000000000e+00  -1.000000000000e+00  -1.000000000000e+00  -1.000000000000e+00   -1.000000000000e+00   -1.000000000000e+00   -1.000000000000e+00    -1.000000000000e+00    -1.000000     -1.000000     -0.001000     -0.001000     -1.000000     -0.001000     -0.001000     -0.000001     -0.001000     -0.001000     -1.000000     -1.000000     -1.000000 
500 16 19 165.000000 0.780000 -1.000000 -1.000000 -1.000000 -1.000000 nan nan nan nan -1.000000000000e+00 -1.000000e+00 -1.000000000000e+00  -1.000000000000e+00  -1.000000000000e+00  -1.000000000000e+00   -1.000000000000e+00   -1.000000000000e+00   -1.000000000000e+00    -1.000000000000e+00    -1.000000     -1.000000     -0.001000     -0.001000     -1.000000     -0.001000     -0.001000     -0.000001     -0.001000     -0.001000     -1.000000     -1.000000     -1.000000 
501 16 20 165.000000 0.820000 -1.000000 -1.000000 -1.000000 -1.000000 nan nan nan nan -1.000000000000e+00 -1.000000e+00 -1.000000000000e+00  -1.000000000000e+00  -1.000000000000e+00  -1.000000000000e+00   -1.000000000000e+00   -1.000000000000e+00   -1.000000000000e+00    -1.000000000000e+00    -1.000000     -1.000000     -0.001000     -0.001000     -1.000000     -0.001000     -0.001000     -0.000001     -0.001000     -0.001000     -1.000000     -1.000000     -1.000000 
502 16 21 165.000000 0.860000 -1.000000 -1.000000 -1.000000 -1.000000 nan nan nan nan -1.000000000000e+00 -1.000000e+00 -1.000000000000e+00  -1.000000000000e+00  -1.000000000000e+00  -1.000000000000e+00   -1.000000000000e+00   -1.000000000000e+00   -1.000000000000e+00    -1.000000000000e+00    -1.000000     -1.000000     -0.001000     -0.001000     -1.000000     -0.001000     -0.001000     -0.000001     -0.001000     -0.001000     -1.000000     -1.000000     -1.000000 
503 16 22 165.000000 0.900000 -1.000000 -1.000000 -1.000000 -1.000000 nan nan nan nan -1.000000000000e+00 -1.000000e+00 -1.000000000000e+00  -1.000000000000e+00  -1.000000000000e+00  -1.000000000000e+00   -1.000000000000e+00   -1.000000000000e+00   -1.000000000000e+00    -1.000000000000e+00    -1.000000     -1.000000     -0.001000     -0.001000     -1.000000     -0.001000     -0.001000     -0.000001     -0.001000     -0.001000     -1.000000     -1.000000     -1.000000 
504 16 23 165.000000 0.940000 -1.000000 -1.000000 -1.000000 -1.000000 nan nan nan nan -1.000000000000e+00 -1.000000e+00 -1.000000000000e+00  -1.000000000000e+00  -1.000000000000e+00  -1.000000000000e+00   -1.000000000000e+00   -1.000000000000e+00   -1.000000000000e+00    -1.000000000000e+00    -1.000000     -1.000000     -0.001000     -0.001000     -1.000000     -0.001000     -0.001000     -0.000001     -0.001000     -0.001000     -1.000000     -1.000000     -1.000000 
505 16 24 165.000000 0.980000 -1.000000 -1.000000 -1.000000 -1.000000 nan nan nan nan -1.000000000000e+00 -1.000000e+00 -1.000000000000e+00  -1.000000000000e+00  -1.000000000000e+00  -1.000000000000e+00   -1.000000000000e+00   -1.000000000000e+00   -1.000000000000e+00    -1.000000000000e+00    -1.000000     -1.000000     -0.001000     -0.001000     -1.000000     -0.001000     -0.001000     -0.000001     -0.001000     -0.001000     -1.000000     -1.000000     -1.000000 
506 16 25 165.000000 1.020000 -1.000000 -1.000000 -1.000000 -1.000000 nan nan nan nan -1.000000000000e+00 -1.000000e+00 -1.000000000000e+00  -1.000000000000e+00  -1.000000000000e+00  -1.000000000000e+00   -1.000000000000e+00   -1.000000000000e+00   -1.000000000000e+00    -1.000000000000e+00    -1.000000     -1.000000     -0.001000     -0.001000     -1.000000     -0.001000     -0.001000     -0.000001     -0.001000     -0.001000     -1.000000     -1.000000     -1.000000 
507 16 26 165.000000 1.060000 -1.000000 -1.000000 -1.000000 -1.000000 nan nan nan nan -1.000000000000e+00 -1.000000e+00 -1.000000000000e+00  -1.000000000000e+00  -1.000000000000e+00  -1.000000000000e+00   -1.000000000000e+00   -1.000000000000e+00   -1.000000000000e+00    -1.000000000000e+00    -1.000000     -1.000000     -0.001000     -0.001000     -1.000000     -0.001000     -0.001000     -0.000001     -0.001000     -0.001000     -1.000000     -1.000000     -1.000000 
508 16 27 165.000000 1.100000 -1.000000 -1.000000 -1.000000 -1.000000 nan nan nan nan -1.000000000000e+00 -1.000000e+00 -1.000000000000e+00  -1.000000000000e+00  -1.000000000000e+00  -1.000000000000e+00   -1.000000000000e+00   -1.000000000000e+00   -1.000000000000e+00    -1.000000000000e+00    -1.000000     -1.000000     -0.001000     -0.001000     -1.000000     -0.001000     -0.001000     -0.000001     -0.001000     -0.001000     -1.000000     -1.000000     -1.000000 
509 16 28 165.000000 1.140000 -1.000000 -1.000000 -1.000000 -1.000000 nan nan nan nan -1.000000000000e+00 -1.000000e+00 -1.000000000000e+00  -1.000000000000e+00  -1.000000000000e+00  -1.000000000000e+00   -1.000000000000e+00   -1.000000000000e+00   -1.000000000000e+00    -1.000000000000e+00    -1.000000     -1.000000     -0.001000     -0.001000     -1.000000     -0.001000     -0.001000     -0.000001     -0.001000     -0.001000     -1.000000     -1.000000     -1.000000 
510 16 29 165.000000 1.180000 -1.000000 -1.000000 -1.000000 -1.000000 nan nan nan nan -1.000000000000e+00 -1.000000e+00 -1.000000000000e+00  -1.000000000000e+00  -1.000000000000e+00  -1.000000000000e+00   -1.000000000000e+00   -1.000000000000e+00   -1.000000000000e+00    -1.000000000000e+00    -1.000000     -1.000000     -0.001000     -0.001000     -1.000000     -0.001000     -0.001000     -0.000001     -0.001000     -0.001000     -1.000000     -1.000000     -1.000000 
511 17 0 175.000000 0.020000 -1.000000 -1.000000 -1.000000 -1.000000 nan nan nan nan -1.000000000000e+00 -1.000000e+00 -1.000000000000e+00  -1.000000000000e+00  -1.000000000000e+00  -1.000000000000e+00   -1.000000000000e+00   -1.000000000000e+00   -1.000000000000e+00    -1.000000000000e+00    -1.000000     -1.000000     -0.001000     -0.001000     -1.000000     -0.001000     -0.001000     -0.000001     -0.001000     -0.001000     -1.000000     -1.000000     -1.000000 
512 17 1 175.000000 0.060000 -1.000000 -1.000000 -1.000000 -1.000000 nan nan nan nan -1.000000000000e+00 -1.000000e+00 -1.000000000000e+00  -1.000000000000e+00  -1.000000000000e+00  -1.000000000000e+00   -1.000000000000e+00   -1.000000000000e+00   -1.000000000000e+00    -1.000000000000e+00    -1.000000     -1.000000     -0.001000     -0.001000     -1.000000     -0.001000     -0.001000     -0.000001     -0.001000     -0.001000     -1.000000     -1.000000     -1.000000 
513 17 2 175.000000 0.100000 -1.000000 -1.000000 -1.000000 -1.000000 nan nan nan nan -1.000000000000e+00 -1.000000e+00 -1.000000000000e+00  -1.000000000000e+00  -1.000000000000e+00  -1.000000000000e+00   -1.000000000000e+00   -1.000000000000e+00   -1.000000000000e+00    -1.000000000000e+00    -1.000000     -1.000000     -0.001000     -0.001000     -1.000000     -0.001000     -0.001000     -0.000001     -0.001000     -0.001000     -1.000000     -1.000000     -1.000000 
514 17 3 175.000000 0.140000 -1.000000 -1.000000 -1.000000 -1.000000 nan nan nan nan -1.000000000000e+00 -1.000000e+00 -1.000000000000e+00  -1.000000000000e+00  -1.000000000000e+00  -1.000000000000e+00   -1.000000000000e+00   -1.000000000000e+00   -1.000000000000e+00    -1.000000000000e+00    -1.000000     -1.000000     -0.001000     -0.001000     -1.000000     -0.001000     -0.001000     -0.000001     -0.001000     -0.001000     -1.000000     -1.000000     -1.000000 
515 17 4 175.000000 0.180000 -1.000000 -1.000000 -1.000000 -1.000000 nan nan nan nan -1.000000000000e+00 -1.000000e+00 -1.000000000000e+00  -1.000000000000e+00  -1.000000000000e+00  -1.000000000000e+00   -1.000000000000e+00   -1.000000000000e+00   -1.000000000000e+00    -1.000000000000e+00    -1.000000     -1.000000     -0.001000     -0.001000     -1.000000     -0.001000     -0.001000     -0.000001     -0.001000     -0.001000     -1.000000     -1.000000     -1.000000 
516 17 5 175.000000 0.220000 -1.000000 -1.000000 -1.000000 -1.000000 nan nan nan nan -1.000000000000e+00 -1.000000e+00 -1.000000000000e+00  -1.000000000000e+00  -1.000000000000e+00  -1.000000000000e+00   -1.000000000000e+00   -1.000000000000e+00   -1.000000000000e+00    -1.000000000000e+00    -1.000000     -1.000000     -0.001000     -0.001000     -1.000000     -0.001000     -0.001000     -0.000001     -0.001000     -0.001000     -1.000000     -1.000000     -1.000000 
517 17 6 175.000000 0.260000 -1.000000 -1.000000 -1.000000 -1.000000 nan nan nan nan -1.000000000000e+00 -1.000000e+00 -1.000000000000e+00  -1.000000000000e+00  -1.000000000000e+00  -1.000000000000e+00   -1.000000000000e+00   -1.000000000000e+00   -1.000000000000e+00    -1.000000000000e+00    -1.000000     -1.000000     -0.001000     -0.001000     -1.000000     -0.001000     -0.001000     -0.000001     -0.001000     -0.001000     -1.000000     -1.000000     -1.000000 
518 17 7 175.000000 0.300000 -1.000000 -1.000000 -1.000000 -1.000000 nan nan nan nan -1.000000000000e+00 -1.000000e+00 -1.000000000000e+00  -1.000000000000e+00  -1.000000000000e+00  -1.000000000000e+00   -1.000000000000e+00   -1.000000000000e+00   -1.000000000000e+00    -1.000000000000e+00    -1.000000     -1.000000     -0.001000     -0.001000     -1.000000     -0.001000     -0.001000     -0.000001     -0.001000     -0.001000     -1.000000     -1.000000     -1.000000 
519 17 8 175.000000 0.340000 -1.000000 -1.000000 -1.000000 -1.000000 nan nan nan nan -1.000000000000e+00 -1.000000e+00 -1.000000000000e+00  -1.000000000000e+00  -1.000000000000e+00  -1.000000000000e+00   -1.000000000000e+00   -1.000000000000e+00   -1.000000000000e+00    -1.000000000000e+00    -1.000000     -1.000000     -0.001000     -0.001000     -1.000000     -0.001000     -0.001000     -0.000001     -0.001000     -0.001000     -1.000000     -1.000000     -1.000000 
520 17 9 175.000000 0.380000 -1.000000 -1.000000 -1.000000 -1.000000 nan nan nan nan -1.000000000000e+00 -1.000000e+00 -1.000000000000e+00  -1.000000000000e+00  -1.000000000000e+00  -1.000000000000e+00   -1.000000000000e+00   -1.000000000000e+00   -1.000000000000e+00    -1.000000000000e+00    -1.000000     -1.000000     -0.001000     -0.001000     -1.000000     -0.001000     -0.001000     -0.000001     -0.001000     -0.001000     -1.000000     -1.000000     -1.000000 
521 17 10 175.000000 0.420000 -1.000000 -1.000000 -1.000000 -1.000000 nan nan nan nan -1.000000000000e+00 -1.000000e+00 -1.000000000000e+00  -1.000000000000e+00  -1.000000000000e+00  -1.000000000000e+00   -1.000000000000e+00   -1.000000000000e+00   -1.000000000000e+00    -1.000000000000e+00    -1.000000     -1.000000     -0.001000     -0.001000     -1.000000     -0.001000     -0.001000     -0.000001     -0.001000     -0.001000     -1.000000     -1.000000     -1.000000 
522 17 11 175.000000 0.460000 -1.000000 -1.000000 -1.000000 -1.000000 nan nan nan nan -1.000000000000e+00 -1.000000e+00 -1.000000000000e+00  -1.000000000000e+00  -1.000000000000e+00  -1.000000000000e+00   -1.000000000000e+00   -1.000000000000e+00   -1.000000000000e+00    -1.000000000000e+00    -1.000000     -1.000000     -0.001000     -0.001000     -1.000000     -0.001000     -0.001000     -0.000001     -0.001000     -0.001000     -1.000000     -1.000000     -1.000000 
523 17 12 175.000000 0.500000 -1.000000 -1.000000 -1.000000 -1.000000 nan nan nan nan -1.000000000000e+00 -1.000000e+00 -1.000000000000e+00  -1.000000000000e+00  -1.000000000000e+00  -1.000000000000e+00   -1.000000000000e+00   -1.000000000000e+00   -1.000000000000e+00    -1.000000000000e+00    -1.000000     -1.000000     -0.001000     -0.001000     -1.000000     -0.001000     -0.001000     -0.000001     -0.001000     -0.001000     -1.000000     -1.000000     -1.000000 
524 17 13 175.000000 0.540000 -1.000000 -1.000000 -1.000000 -1.000000 nan nan nan nan -1.000000000000e+00 -1.000000e+00 -1.000000000000e+00  -1.000000000000e+00  -1.000000000000e+00  -1.000000000000e+00   -1.000000000000e+00   -1.000000000000e+00   -1.000000000000e+00    -1.000000000000e+00    -1.000000     -1.000000     -0.001000     -0.001000     -1.000000     -0.001000     -0.001000     -0.000001     -0.001000     -0.001000     -1.000000     -1.000000     -1.000000 
525 17 14 175.000000 0.580000 -1.000000 -1.000000 -1.000000 -1.000000 nan nan nan nan -1.000000000000e+00 -1.000000e+00 -1.000000000000e+00  -1.000000000000e+00  -1.000000000000e+00  -1.000000000000e+00   -1.000000000000e+00   -1.000000000000e+00   -1.000000000000e+00    -1.000000000000e+00    -1.000000     -1.000000     -0.001000     -0.001000     -1.000000     -0.001000     -0.001000     -0.000001     -0.001000     -0.001000     -1.000000     -1.000000     -1.000000 
526 17 15 175.000000 0.620000 -1.000000 -1.000000 -1.000000 -1.000000 nan nan nan nan -1.000000000000e+00 -1.000000e+00 -1.000000000000e+00  -1.000000000000e+00  -1.000000000000e+00  -1.000000000000e+00   -1.000000000000e+00   -1.000000000000e+00   -1.000000000000e+00    -1.000000000000e+00    -1.000000     -1.000000     -0.001000     -0.001000     -1.000000     -0.001000     -0.001000     -0.000001     -0.001000     -0.001000     -1.000000     -1.000000     -1.000000 
527 17 16 175.000000 0.660000 -1.000000 -1.000000 -1.000000 -1.000000 nan nan nan nan -1.000000000000e+00 -1.000000e+00 -1.000000000000e+00  -1.000000000000e+00  -1.000000000000e+00  -1.000000000000e+00   -1.000000000000e+00   -1.000000000000e+00   -1.000000000000e+00    -1.000000000000e+00    -1.000000     -1.000000     -0.001000     -0.001000     -1.000000     -0.001000     -0.001000     -0.000001     -0.001000     -0.001000     -1.000000     -1.000000     -1.000000 
528 17 17 175.000000 0.700000 -1.000000 -1.000000 -1.000000 -1.000000 nan nan nan nan -1.000000000000e+00 -1.000000e+00 -1.000000000000e+00  -1.000000000000e+00  -1.000000000000e+00  -1.000000000000e+00   -1.000000000000e+00   -1.000000000000e+00   -1.000000000000e+00    -1.000000000000e+00    -1.000000     -1.000000     -0.001000     -0.001000     -1.000000     -0.001000     -0.001000     -0.000001     -0.001000     -0.001000     -1.000000     -1.000000     -1.000000 
529 17 18 175.000000 0.740000 -1.000000 -1.000000 -1.000000 -1.000000 nan nan nan nan -1.000000000000e+00 -1.000000e+00 -1.000000000000e+00  -1.000000000000e+00  -1.000000000000e+00  -1.000000000000e+00   -1.000000000000e+00   -1.000000000000e+00   -1.000000000000e+00    -1.000000000000e+00    -1.000000     -1.000000     -0.001000     -0.001000     -1.000000     -0.001000     -0.001000     -0.000001     -0.001000     -0.001000     -1.000000     -1.000000     -1.000000 
530 17 19 175.000000 0.780000 -1.000000 -1.000000 -1.000000 -1.000000 nan nan nan nan -1.000000000000e+00 -1.000000e+00 -1.000000000000e+00  -1.000000000000e+00  -1.000000000000e+00  -1.000000000000e+00   -1.000000000000e+00   -1.000000000000e+00   -1.000000000000e+00    -1.000000000000e+00    -1.000000     -1.000000     -0.001000     -0.001000     -1.000000     -0.001000     -0.001000     -0.000001     -0.001000     -0.001000     -1.000000     -1.000000     -1.000000 
531 17 20 175.000000 0.820000 -1.000000 -1.000000 -1.000000 -1.000000 nan nan nan nan -1.000000000000e+00 -1.000000e+00 -1.000000000000e+00  -1.000000000000e+00  -1.000000000000e+00  -1.000000000000e+00   -1.000000000000e+00   -1.000000000000e+00   -1.000000000000e+00    -1.000000000000e+00    -1.000000     -1.000000     -0.001000     -0.001000     -1.000000     -0.001000     -0.001000     -0.000001     -0.001000     -0.001000     -1.000000     -1.000000     -1.000000 
532 17 21 175.000000 0.860000 -1.000000 -1.000000 -1.000000 -1.000000 nan nan nan nan -1.000000000000e+00 -1.000000e+00 -1.000000000000e+00  -1.000000000000e+00  -1.000000000000e+00  -1.000000000000e+00   -1.000000000000e+00   -1.000000000000e+00   -1.000000000000e+00    -1.000000000000e+00    -1.000000     -1.000000     -0.001000     -0.001000     -1.000000     -0.001000     -0.001000     -0.000001     -0.001000     -0.001000     -1.000000     -1.000000     -1.000000 
533 17 22 175.000000 0.900000 -1.000000 -1.000000 -1.000000 -1.000000 nan nan nan nan -1.000000000000e+00 -1.000000e+00 -1.000000000000e+00  -1.000000000000e+00  -1.000000000000e+00  -1.000000000000e+00   -1.000000000000e+00   -1.000000000000e+00   -1.000000000000e+00    -1.000000000000e+00    -1.000000     -1.000000     -0.001000     -0.001000     -1.000000     -0.001000     -0.001000     -0.000001     -0.001000     -0.001000     -1.000000     -1.000000     -1.000000 
534 17 23 175.000000 0.940000 -1.000000 -1.000000 -1.000000 -1.000000 nan nan nan nan -1.000000000000e+00 -1.000000e+00 -1.000000000000e+00  -1.000000000000e+00  -1.000000000000e+00  -1.000000000000e+00   -1.000000000000e+00   -1.000000000000e+00   -1.000000000000e+00    -1.000000000000e+00    -1.000000     -1.000000     -0.001000     -0.001000     -1.000000     -0.001000     -0.001000     -0.000001     -0.001000     -0.001000     -1.000000     -1.000000     -1.000000 
535 17 24 175.000000 0.980000 -1.000000 -1.000000 -1.000000 -1.000000 nan nan nan nan -1.000000000000e+00 -1.000000e+00 -1.000000000000e+00  -1.000000000000e+00  -1.000000000000e+00  -1.000000000000e+00   -1.000000000000e+00   -1.000000000000e+00   -1.000000000000e+00    -1.000000000000e+00    -1.000000     -1.000000     -0.001000     -0.001000     -1.000000     -0.001000     -0.001000     -0.000001     -0.001000     -0.001000     -1.000000     -1.000000     -1.000000 
536 17 25 175.000000 1.020000 -1.000000 -1.000000 -1.000000 -1.000000 nan nan nan nan -1.000000000000e+00 -1.000000e+00 -1.000000000000e+00  -1.000000000000e+00  -1.000000000000e+00  -1.000000000000e+00   -1.000000000000e+00   -1.000000000000e+00   -1.000000000000e+00    -1.000000000000e+00    -1.000000     -1.000000     -0.001000     -0.001000     -1.000000     -0.001000     -0.001000     -0.000001     -0.001000     -0.001000     -1.000000     -1.000000     -1.000000 
537 17 26 175.000000 1.060000 -1.000000 -1.000000 -1.000000 -1.000000 nan nan nan nan -1.000000000000e+00 -1.000000e+00 -1.000000000000e+00  -1.000000000000e+00  -1.000000000000e+00  -1.000000000000e+00   -1.000000000000e+00   -1.000000000000e+00   -1.000000000000e+00    -1.000000000000e+00    -1.000000     -1.000000     -0.001000     -0.001000     -1.000000     -0.001000     -0.001000     -0.000001     -0.001000     -0.001000     -1.000000     -1.000000     -1.000000 
538 17 27 175.000000 1.100000 -1.000000 -1.000000 -1.000000 -1.000000 nan nan nan nan -1.000000000000e+00 -1.000000e+00 -1.000000000000e+00  -1.000000000000e+00  -1.000000000000e+00  -1.000000000000e+00   -1.000000000000e+00   -1.000000000000e+00   -1.000000000000e+00    -1.000000000000e+00    -1.000000     -1.000000     -0.001000     -0.001000     -1.000000     -0.001000     -0.001000     -0.000001     -0.001000     -0.001000     -1.000000     -1.000000     -1.000000 
539 17 28 175.000000 1.140000 -1.000000 -1.000000 -1.000000 -1.000000 nan nan nan nan -1.000000000000e+00 -1.000000e+00 -1.000000000000e+00  -1.000000000000e+00  -1.000000000000e+00  -1.000000000000e+00   -1.000000000000e+00   -1.000000000000e+00   -1.000000000000e+00    -1.000000000000e+00    -1.000000     -1.000000     -0.001000     -0.001000     -1.000000     -0.001000     -0.001000     -0.000001     -0.001000     -0.001000     -1.000000     -1.000000     -1.000000 
540 17 29 175.000000 1.180000 -1.000000 -1.000000 -1.000000 -1.000000 nan nan nan nan -1.000000000000e+00 -1.000000e+00 -1.000000000000e+00  -1.000000000000e+00  -1.000000000000e+00  -1.000000000000e+00   -1.000000000000e+00   -1.000000000000e+00   -1.000000000000e+00    -1.000000000000e+00    -1.000000     -1.000000     -0.001000     -0.001000     -1.000000     -0.001000     -0.001000     -0.000001     -0.001000     -0.001000     -1.000000     -1.000000     -1.000000 
541 18 0 185.000000 0.020000 -1.000000 -1.000000 -1.000000 -1.000000 nan nan nan nan -1.000000000000e+00 -1.000000e+00 -1.000000000000e+00  -1.000000000000e+00  -1.000000000000e+00  -1.000000000000e+00   -1.000000000000e+00   -1.000000000000e+00   -1.000000000000e+00    -1.000000000000e+00    -1.000000     -1.000000     -0.001000     -0.001000     -1.000000     -0.001000     -0.001000     -0.000001     -0.001000     -0.001000     -1.000000     -1.000000     -1.000000 
542 18 1 185.000000 0.060000 -1.000000 -1.000000 -1.000000 -1.000000 nan nan nan nan -1.000000000000e+00 -1.000000e+00 -1.000000000000e+00  -1.000000000000e+00  -1.000000000000e+00  -1.000000000000e+00   -1.000000000000e+00   -1.000000000000e+00   -1.000000000000e+00    -1.000000000000e+00    -1.000000     -1.000000     -0.001000     -0.001000     -1.000000     -0.001000     -0.001000     -0.000001     -0.001000     -0.001000     -1.000000     -1.000000     -1.000000 
543 18 2 185.000000 0.100000 -1.000000 -1.000000 -1.000000 -1.000000 nan nan nan nan -1.000000000000e+00 -1.000000e+00 -1.000000000000e+00  -1.000000000000e+00  -1.000000000000e+00  -1.000000000000e+00   -1.000000000000e+00   -1.000000000000e+00   -1.000000000000e+00    -1.000000000000e+00    -1.000000     -1.000000     -0.001000     -0.001000     -1.000000     -0.001000     -0.001000     -0.000001     -0.001000     -0.001000     -1.000000     -1.000000     -1.000000 
544 18 3 185.000000 0.140000 -1.000000 -1.000000 -1.000000 -1.000000 nan nan nan nan -1.000000000000e+00 -1.000000e+00 -1.000000000000e+00  -1.000000000000e+00  -1.000000000000e+00  -1.000000000000e+00   -1.000000000000e+00   -1.000000000000e+00   -1.000000000000e+00    -1.000000000000e+00    -1.000000     -1.000000     -0.001000     -0.001000     -1.000000     -0.001000     -0.001000     -0.000001     -0.001000     -0.001000     -1.000000     -1.000000     -1.000000 
545 18 4 185.000000 0.180000 -1.000000 -1.000000 -1.000000 -1.000000 nan nan nan nan -1.000000000000e+00 -1.000000e+00 -1.000000000000e+00  -1.000000000000e+00  -1.000000000000e+00  -1.000000000000e+00   -1.000000000000e+00   -1.000000000000e+00   -1.000000000000e+00    -1.000000000000e+00    -1.000000     -1.000000     -0.001000     -0.001000     -1.000000     -0.001000     -0.001000     -0.000001     -0.001000     -0.001000     -1.000000     -1.000000     -1.000000 
546 18 5 185.000000 0.220000 -1.000000 -1.000000 -1.000000 -1.000000 nan nan nan nan -1.000000000000e+00 -1.000000e+00 -1.000000000000e+00  -1.000000000000e+00  -1.000000000000e+00  -1.000000000000e+00   -1.000000000000e+00   -1.000000000000e+00   -1.000000000000e+00    -1.000000000000e+00    -1.000000     -1.000000     -0.001000     -0.001000     -1.000000     -0.001000     -0.001000     -0.000001     -0.001000     -0.001000     -1.000000     -1.000000     -1.000000 
547 18 6 185.000000 0.260000 -1.000000 -1.000000 -1.000000 -1.000000 nan nan nan nan -1.000000000000e+00 -1.000000e+00 -1.000000000000e+00  -1.000000000000e+00  -1.000000000000e+00  -1.000000000000e+00   -1.000000000000e+00   -1.000000000000e+00   -1.000000000000e+00    -1.000000000000e+00    -1.000000     -1.000000     -0.001000     -0.001000     -1.000000     -0.001000     -0.001000     -0.000001     -0.001000     -0.001000     -1.000000     -1.000000     -1.000000 
548 18 7 185.000000 0.300000 -1.000000 -1.000000 -1.000000 -1.000000 nan nan nan nan -1.000000000000e+00 -1.000000e+00 -1.000000000000e+00  -1.000000000000e+00  -1.000000000000e+00  -1.000000000000e+00   -1.000000000000e+00   -1.000000000000e+00   -1.000000000000e+00    -1.000000000000e+00    -1.000000     -1.000000     -0.001000     -0.001000     -1.000000     -0.001000     -0.001000     -0.000001     -0.001000     -0.001000     -1.000000     -1.000000     -1.000000 
549 18 8 185.000000 0.340000 -1.000000 -1.000000 -1.000000 -1.000000 nan nan nan nan -1.000000000000e+00 -1.000000e+00 -1.000000000000e+00  -1.000000000000e+00  -1.000000000000e+00  -1.000000000000e+00   -1.000000000000e+00   -1.000000000000e+00   -1.000000000000e+00    -1.000000000000e+00    -1.000000     -1.000000     -0.001000     -0.001000     -1.000000     -0.001000     -0.001000     -0.000001     -0.001000     -0.001000     -1.000000     -1.000000     -1.000000 
550 18 9 185.000000 0.380000 -1.000000 -1.000000 -1.000000 -1.000000 nan nan nan nan -1.000000000000e+00 -1.000000e+00 -1.000000000000e+00  -1.000000000000e+00  -1.000000000000e+00  -1.000000000000e+00   -1.000000000000e+00   -1.000000000000e+00   -1.000000000000e+00    -1.000000000000e+00    -1.000000     -1.000000     -0.001000     -0.001000     -1.000000     -0.001000     -0.001000     -0.000001     -0.001000     -0.001000     -1.000000     -1.000000     -1.000000 
551 18 10 185.000000 0.420000 -1.000000 -1.000000 -1.000000 -1.000000 nan nan nan nan -1.000000000000e+00 -1.000000e+00 -1.000000000000e+00  -1.000000000000e+00  -1.000000000000e+00  -1.000000000000e+00   -1.000000000000e+00   -1.000000000000e+00   -1.000000000000e+00    -1.000000000000e+00    -1.000000     -1.000000     -0.001000     -0.001000     -1.000000     -0.001000     -0.001000     -0.000001     -0.001000     -0.001000     -1.000000     -1.000000     -1.000000 
552 18 11 185.000000 0.460000 -1.000000 -1.000000 -1.000000 -1.000000 nan nan nan nan -1.000000000000e+00 -1.000000e+00 -1.000000000000e+00  -1.000000000000e+00  -1.000000000000e+00  -1.000000000000e+00   -1.000000000000e+00   -1.000000000000e+00   -1.000000000000e+00    -1.000000000000e+00    -1.000000     -1.000000     -0.001000     -0.001000     -1.000000     -0.001000     -0.001000     -0.000001     -0.001000     -0.001000     -1.000000     -1.000000     -1.000000 
553 18 12 185.000000 0.500000 -1.000000 -1.000000 -1.000000 -1.000000 nan nan nan nan -1.000000000000e+00 -1.000000e+00 -1.000000000000e+00  -1.000000000000e+00  -1.000000000000e+00  -1.000000000000e+00   -1.000000000000e+00   -1.000000000000e+00   -1.000000000000e+00    -1.000000000000e+00    -1.000000     -1.000000     -0.001000     -0.001000     -1.000000     -0.001000     -0.001000     -0.000001     -0.001000     -0.001000     -1.000000     -1.000000     -1.000000 
554 18 13 185.000000 0.540000 -1.000000 -1.000000 -1.000000 -1.000000 nan nan nan nan -1.000000000000e+00 -1.000000e+00 -1.000000000000e+00  -1.000000000000e+00  -1.000000000000e+00  -1.000000000000e+00   -1.000000000000e+00   -1.000000000000e+00   -1.000000000000e+00    -1.000000000000e+00    -1.000000     -1.000000     -0.001000     -0.001000     -1.000000     -0.001000     -0.001000     -0.000001     -0.001000     -0.001000     -1.000000     -1.000000     -1.000000 
555 18 14 185.000000 0.580000 -1.000000 -1.000000 -1.000000 -1.000000 nan nan nan nan -1.000000000000e+00 -1.000000e+00 -1.000000000000e+00  -1.000000000000e+00  -1.000000000000e+00  -1.000000000000e+00   -1.000000000000e+00   -1.000000000000e+00   -1.000000000000e+00    -1.000000000000e+00    -1.000000     -1.000000     -0.001000     -0.001000     -1.000000     -0.001000     -0.001000     -0.000001     -0.001000     -0.001000     -1.000000     -1.000000     -1.000000 
556 18 15 185.000000 0.620000 -1.000000 -1.000000 -1.000000 -1.000000 nan nan nan nan -1.000000000000e+00 -1.000000e+00 -1.000000000000e+00  -1.000000000000e+00  -1.000000000000e+00  -1.000000000000e+00   -1.000000000000e+00   -1.000000000000e+00   -1.000000000000e+00    -1.000000000000e+00    -1.000000     -1.000000     -0.001000     -0.001000     -1.000000     -0.001000     -0.001000     -0.000001     -0.001000     -0.001000     -1.000000     -1.000000     -1.000000 
557 18 16 185.000000 0.660000 -1.000000 -1.000000 -1.000000 -1.000000 nan nan nan nan -1.000000000000e+00 -1.000000e+00 -1.000000000000e+00  -1.000000000000e+00  -1.000000000000e+00  -1.000000000000e+00   -1.000000000000e+00   -1.000000000000e+00   -1.000000000000e+00    -1.000000000000e+00    -1.000000     -1.000000     -0.001000     -0.001000     -1.000000     -0.001000     -0.001000     -0.000001     -0.001000     -0.001000     -1.000000     -1.000000     -1.000000 
558 18 17 185.000000 0.700000 -1.000000 -1.000000 -1.000000 -1.000000 nan nan nan nan -1.000000000000e+00 -1.000000e+00 -1.000000000000e+00  -1.000000000000e+00  -1.000000000000e+00  -1.000000000000e+00   -1.000000000000e+00   -1.000000000000e+00   -1.000000000000e+00    -1.000000000000e+00    -1.000000     -1.000000     -0.001000     -0.001000     -1.000000     -0.001000     -0.001000     -0.000001     -0.001000     -0.001000     -1.000000     -1.000000     -1.000000 
559 18 18 185.000000 0.740000 -1.000000 -1.000000 -1.000000 -1.000000 nan nan nan nan -1.000000000000e+00 -1.000000e+00 -1.000000000000e+00  -1.000000000000e+00  -1.000000000000e+00  -1.000000000000e+00   -1.000000000000e+00   -1.000000000000e+00   -1.000000000000e+00    -1.000000000000e+00    -1.000000     -1.000000     -0.001000     -0.001000     -1.000000     -0.001000     -0.001000     -0.000001     -0.001000     -0.001000     -1.000000     -1.000000     -1.000000 
560 18 19 185.000000 0.780000 -1.000000 -1.000000 -1.000000 -1.000000 nan nan nan nan -1.000000000000e+00 -1.000000e+00 -1.000000000000e+00  -1.000000000000e+00  -1.000000000000e+00  -1.000000000000e+00   -1.000000000000e+00   -1.000000000000e+00   -1.000000000000e+00    -1.000000000000e+00    -1.000000     -1.000000     -0.001000     -0.001000     -1.000000     -0.001000     -0.001000     -0.000001     -0.001000     -0.001000     -1.000000     -1.000000     -1.000000 
561 18 20 185.000000 0.820000 -1.000000 -1.000000 -1.000000 -1.000000 nan nan nan nan -1.000000000000e+00 -1.000000e+00 -1.000000000000e+00  -1.000000000000e+00  -1.000000000000e+00  -1.000000000000e+00   -1.000000000000e+00   -1.000000000000e+00   -1.000000000000e+00    -1.000000000000e+00    -1.000000     -1.000000     -0.001000     -0.001000     -1.000000     -0.001000     -0.001000     -0.000001     -0.001000     -0.001000     -1.000000     -1.000000     -1.000000 
562 18 21 185.000000 0.860000 -1.000000 -1.000000 -1.000000 -1.000000 nan nan nan nan -1.000000000000e+00 -1.000000e+00 -1.000000000000e+00  -1.000000000000e+00  -1.000000000000e+00  -1.000000000000e+00   -1.000000000000e+00   -1.000000000000e+00   -1.000000000000e+00    -1.000000000000e+00    -1.000000     -1.000000     -0.001000     -0.001000     -1.000000     -0.001000     -0.001000     -0.000001     -0.001000     -0.001000     -1.000000     -1.000000     -1.000000 
563 18 22 185.000000 0.900000 -1.000000 -1.000000 -1.000000 -1.000000 nan nan nan nan -1.000000000000e+00 -1.000000e+00 -1.000000000000e+00  -1.000000000000e+00  -1.000000000000e+00  -1.000000000000e+00   -1.000000000000e+00   -1.000000000000e+00   -1.000000000000e+00    -1.000000000000e+00    -1.000000     -1.000000     -0.001000     -0.001000     -1.000000     -0.001000     -0.001000     -0.000001     -0.001000     -0.001000     -1.000000     -1.000000     -1.000000 
564 18 23 185.000000 0.940000 -1.000000 -1.000000 -1.000000 -1.000000 nan nan nan nan -1.000000000000e+00 -1.000000e+00 -1.000000000000e+00  -1.000000000000e+00  -1.000000000000e+00  -1.000000000000e+00   -1.000000000000e+00   -1.000000000000e+00   -1.000000000000e+00    -1.000000000000e+00    -1.000000     -1.000000     -0.001000     -0.001000     -1.000000     -0.001000     -0.001000     -0.000001     -0.001000     -0.001000     -1.000000     -1.000000     -1.000000 
565 18 24 185.000000 0.980000 -1.000000 -1.000000 -1.000000 -1.000000 nan nan nan nan -1.000000000000e+00 -1.000000e+00 -1.000000000000e+00  -1.000000000000e+00  -1.000000000000e+00  -1.000000000000e+00   -1.000000000000e+00   -1.000000000000e+00   -1.000000000000e+00    -1.000000000000e+00    -1.000000     -1.000000     -0.001000     -0.001000     -1.000000     -0.001000     -0.001000     -0.000001     -0.001000     -0.001000     -1.000000     -1.000000     -1.000000 
566 18 25 185.000000 1.020000 -1.000000 -1.000000 -1.000000 -1.000000 nan nan nan nan -1.000000000000e+00 -1.000000e+00 -1.000000000000e+00  -1.000000000000e+00  -1.000000000000e+00  -1.000000000000e+00   -1.000000000000e+00   -1.000000000000e+00   -1.000000000000e+00    -1.000000000000e+00    -1.000000     -1.000000     -0.001000     -0.001000     -1.000000     -0.001000     -0.001000     -0.000001     -0.001000     -0.001000     -1.000000     -1.000000     -1.000000 
567 18 26 185.000000 1.060000 -1.000000 -1.000000 -1.000000 -1.000000 nan nan nan nan -1.000000000000e+00 -1.000000e+00 -1.000000000000e+00  -1.000000000000e+00  -1.000000000000e+00  -1.000000000000e+00   -1.000000000000e+00   -1.000000000000e+00   -1.000000000000e+00    -1.000000000000e+00    -1.000000     -1.000000     -0.001000     -0.001000     -1.000000     -0.001000     -0.001000     -0.000001     -0.001000     -0.001000     -1.000000     -1.000000     -1.000000 
568 18 27 185.000000 1.100000 -1.000000 -1.000000 -1.000000 -1.000000 nan nan nan nan -1.000000000000e+00 -1.000000e+00 -1.000000000000e+00  -1.000000000000e+00  -1.000000000000e+00  -1.000000000000e+00   -1.000000000000e+00   -1.000000000000e+00   -1.000000000000e+00    -1.000000000000e+00    -1.000000     -1.000000     -0.001000     -0.001000     -1.000000     -0.001000     -0.001000     -0.000001     -0.001000     -0.001000     -1.000000     -1.000000     -1.000000 
569 18 28 185.000000 1.140000 -1.000000 -1.000000 -1.000000 -1.000000 nan nan nan nan -1.000000000000e+00 -1.000000e+00 -1.000000000000e+00  -1.000000000000e+00  -1.000000000000e+00  -1.000000000000e+00   -1.000000000000e+00   -1.000000000000e+00   -1.000000000000e+00    -1.000000000000e+00    -1.000000     -1.000000     -0.001000     -0.001000     -1.000000     -0.001000     -0.001000     -0.000001     -0.001000     -0.001000     -1.000000     -1.000000     -1.000000 
570 18 29 185.000000 1.180000 -1.000000 -1.000000 -1.000000 -1.000000 nan nan nan nan -1.000000000000e+00 -1.000000e+00 -1.000000000000e+00  -1.000000000000e+00  -1.000000000000e+00  -1.000000000000e+00   -1.000000000000e+00   -1.000000000000e+00   -1.000000000000e+00    -1.000000000000e+00    -1.000000     -1.000000     -0.001000     -0.001000     -1.000000     -0.001000     -0.001000     -0.000001     -0.001000     -0.001000     -1.000000     -1.000000     -1.000000 
